Index,Open,High,Low,Close,Volume,Adjusted
2010-01-04,131.18,132.97,130.85,132.45,6155300,121.19
2010-01-05,131.68,131.85,130.1,130.85,6841400,119.73
2010-01-06,130.68,131.49,129.81,130,5605300,118.95
2010-01-07,129.87,130.25,128.91,129.55,5840600,118.54
2010-01-08,129.07,130.92,129.05,130.85,4197200,119.73
2010-01-11,131.06,131.06,128.67,129.48,5730400,118.48
2010-01-12,129.03,131.33,129,130.51,8081500,119.42
2010-01-13,130.39,131.12,129.16,130.23,6455400,119.16
2010-01-14,130.55,132.71,129.91,132.31,7111800,121.07
2010-01-15,132.03,132.89,131.09,131.78,8494400,120.58
2010-01-19,131.63,134.25,131.56,134.14,13916200,122.74
2010-01-20,130.46,131.15,128.95,130.25,15197500,119.18
2010-01-21,130.47,130.69,128.06,129,9608600,118.04
2010-01-22,128.67,128.89,125.37,125.5,10088600,114.84
2010-01-25,126.33,126.89,125.71,126.12,5738500,115.4
2010-01-26,125.92,127.75,125.41,125.75,7135300,115.06
2010-01-27,125.82,126.96,125.04,126.33,8719200,115.59
2010-01-28,127.03,127.04,123.05,123.75,9622200,113.23
2010-01-29,124.32,125,121.9,122.39,11571200,111.99
2010-02-01,123.23,124.95,122.78,124.67,7242900,114.08
2010-02-02,124.79,125.81,123.95,125.53,5899900,114.86
2010-02-03,125.16,126.07,125.07,125.66,4177100,114.98
2010-02-04,125.19,125.44,122.9,123,9126900,112.55
2010-02-05,123.04,123.72,121.83,123.52,8617000,113.02
2010-02-08,123.15,123.22,121.74,121.88,5718500,112.02
2010-02-09,122.65,124.2,122.46,123.21,6044500,113.24
2010-02-10,122.94,123.65,122.21,122.81,5219100,112.88
2010-02-11,122.58,124.2,122.06,123.73,5089000,113.72
2010-02-12,123.01,124.05,121.61,124,8017700,113.97
2010-02-16,124.91,125.23,124.11,125.23,6777300,115.1
2010-02-17,125.5,126.53,125.21,126.33,5827400,116.11
2010-02-18,126.13,128,126,127.81,5525900,117.47
2010-02-19,127.35,128.06,126.87,127.19,6303100,116.9
2010-02-22,127.3,127.43,126.31,126.85,3808100,116.59
2010-02-23,126.48,127.66,126,126.46,4591900,116.23
2010-02-24,127.02,128.27,126.81,127.59,4782000,117.27
2010-02-25,126.05,127.24,125.57,127.07,5658700,116.79
2010-02-26,127.01,128,126.74,127.16,4784200,116.87
2010-03-01,127.5,128.83,127.47,128.57,4577700,118.17
2010-03-02,128.7,129.09,127.13,127.42,6013300,117.11
2010-03-03,127.73,128.02,126.68,126.88,6390000,116.62
2010-03-04,127.07,127.07,125.47,126.72,6032300,116.47
2010-03-05,127.17,127.55,127.04,127.25,6140200,116.96
2010-03-08,127.06,127.5,126.36,126.41,6199300,116.19
2010-03-09,126.27,126.29,125.2,125.55,7528800,115.4
2010-03-10,125.99,126.36,125.21,125.62,6916200,115.46
2010-03-11,125.71,127.81,125.71,127.6,7922200,117.28
2010-03-12,127.91,128.37,127.51,127.94,5169500,117.59
2010-03-15,127.4,128.34,127.28,127.83,4497700,117.49
2010-03-16,128,128.88,127.45,128.67,6134900,118.26
2010-03-17,128.9,128.93,127.36,127.76,6348400,117.43
2010-03-18,127.46,128.75,127.45,128.38,4954400,118
2010-03-19,127.71,128.93,126.78,127.71,10744300,117.38
2010-03-22,127.11,128.39,126.57,127.98,5651900,117.63
2010-03-23,127.94,129.43,127.64,129.37,5978500,118.91
2010-03-24,128.63,129.95,128.47,128.53,6669300,118.13
2010-03-25,129.36,130.73,129.13,129.24,7603200,118.79
2010-03-26,128.93,129.78,128.72,129.26,5550800,118.8
2010-03-29,129.3,129.95,128.26,128.59,4643000,118.19
2010-03-30,128.9,129.13,128.25,128.77,3426600,118.35
2010-03-31,128.23,128.75,127.65,128.25,4904800,117.88
2010-04-01,128.95,129.31,127.55,128.25,4980500,117.88
2010-04-05,128.38,129.8,128.14,129.35,4118700,118.89
2010-04-06,128.68,129.3,128.05,128.93,3926300,118.5
2010-04-07,128.53,129.27,128.01,128.48,5157000,118.09
2010-04-08,128.04,128.23,127.2,127.61,6006900,117.29
2010-04-09,127.88,128.87,127.12,128.76,5185100,118.35
2010-04-12,128.57,128.96,128.24,128.36,3992300,117.98
2010-04-13,128.26,129.43,127.84,129.03,6819100,118.59
2010-04-14,129.73,131.42,129.46,131.25,8545800,120.63
2010-04-15,130.53,131.14,130.19,130.89,6425300,120.3
2010-04-16,130.68,132.17,130.25,130.63,9546200,120.06
2010-04-19,130.38,132.28,130.38,132.23,11353700,121.53
2010-04-20,129.2,130.33,128.26,129.69,15216500,119.2
2010-04-21,129.87,130.27,128.5,128.99,7559200,118.56
2010-04-22,128.64,129.36,127.77,129.13,6018500,118.69
2010-04-23,129.08,130.1,128.71,129.99,6197300,119.48
2010-04-26,129.76,131.04,129.54,130.73,5285400,120.16
2010-04-27,129.9,132,128.71,128.82,10916700,118.4
2010-04-28,129.4,130.47,129.03,130.1,7122300,119.58
2010-04-29,130.55,131.21,130.15,130.46,5786900,119.91
2010-04-30,130.43,130.64,128.84,129,6266700,118.57
2010-05-03,129.39,130.14,128.8,129.6,4992100,119.12
2010-05-04,128.89,128.93,126.57,128.12,8285000,117.76
2010-05-05,127.12,128.23,126.87,127.46,6072800,117.15
2010-05-06,126.29,127.93,116,123.92,13168800,114.48
2010-05-07,123.36,124.39,120,122.1,10584800,112.8
2010-05-10,126.27,126.67,125.06,126.27,8463900,116.65
2010-05-11,125.21,128.42,125.15,126.89,6498900,117.22
2010-05-12,127.16,132.85,127.01,132.68,16626900,122.57
2010-05-13,130.93,133.1,130.85,131.48,10497800,121.46
2010-05-14,131.06,131.67,129.41,131.19,9920100,121.2
2010-05-17,130.68,131.76,128.7,130.44,8923400,120.5
2010-05-18,131.26,131.99,129.9,129.95,9330000,120.05
2010-05-19,129.37,130.5,127.82,128.86,8669300,119.04
2010-05-20,127.22,127.96,123.68,123.8,13176500,114.37
2010-05-21,122.16,125.61,121.4,125.42,12639500,115.87
2010-05-24,125.26,126.02,124.04,124.45,6868600,114.97
2010-05-25,121.47,124.95,121.47,124.52,9494800,115.03
2010-05-26,124.89,125.94,123,123.23,9083200,113.84
2010-05-27,125.05,126.39,124.77,126.39,7725900,116.76
2010-05-28,125.96,126.28,124.29,125.26,7421900,115.72
2010-06-01,124.69,126.88,124.2,124.34,7135400,114.87
2010-06-02,124.85,127.5,124.35,127.41,7705300,117.7
2010-06-03,127.75,128.22,126.46,127.96,6645300,118.21
2010-06-04,126.37,127.1,124.67,125.28,9669200,115.74
2010-06-07,125.57,125.86,124.13,124.13,6951400,114.67
2010-06-08,124.26,124.46,122.82,123.72,8399200,114.3
2010-06-09,124.83,125.84,123.58,123.9,7795500,114.46
2010-06-10,125.99,128.22,125.8,127.68,7479700,117.95
2010-06-11,126.73,128.8,126.44,128.45,5820200,118.67
2010-06-14,128.5,129.97,128.49,128.5,6753000,118.71
2010-06-15,128.93,129.95,128.37,129.79,6652500,119.9
2010-06-16,128.34,130.68,128.34,130.35,6401000,120.42
2010-06-17,130.07,131.03,129.86,130.98,5571000,121
2010-06-18,131.02,131.25,130.13,130.15,9581400,120.24
2010-06-21,131.42,131.94,130.22,130.65,6857800,120.7
2010-06-22,130.37,131.47,129.07,129.3,6030200,119.45
2010-06-23,129.25,131.47,129.09,130.11,6855800,120.2
2010-06-24,129.57,129.73,127.7,128.19,5565500,118.43
2010-06-25,128.34,129.1,127.12,127.12,10420400,117.44
2010-06-28,127.65,129.47,127.22,128.98,6335100,119.16
2010-06-29,127.35,128.4,124.12,125.09,9376200,115.56
2010-06-30,124.83,125.22,123,123.48,8018000,114.07
2010-07-01,123.55,124.21,121.61,122.57,9742100,113.23
2010-07-02,123.29,123.29,120.61,121.86,6454500,112.58
2010-07-06,123.58,124.63,122.17,123.46,6348700,114.06
2010-07-07,123.47,127.12,123.47,127,7090300,117.33
2010-07-08,127.37,128.15,126.74,127.97,5439300,118.22
2010-07-09,127.9,128.2,127.29,127.96,3898000,118.21
2010-07-12,127.37,128.83,127.16,128.67,4206900,118.87
2010-07-13,128.97,130.98,128.69,130.48,6687700,120.54
2010-07-14,129.32,131.6,129.14,130.72,6607200,120.76
2010-07-15,129.87,130.92,129.55,130.72,6186800,120.76
2010-07-16,129.96,130.15,127.85,128.03,7002900,118.28
2010-07-19,128.67,130.38,128.37,129.79,8388600,119.9
2010-07-20,122.97,126.56,122.93,126.55,16337400,116.91
2010-07-21,126.44,126.5,124.62,125.27,8615500,115.73
2010-07-22,126.32,127.78,126.05,127.47,6909000,117.76
2010-07-23,127.3,128.8,127,128.38,5078000,118.6
2010-07-26,128.18,128.43,127.14,128.41,5174900,118.63
2010-07-27,128.78,129.17,127.89,128.63,4648200,118.83
2010-07-28,128.67,129.35,127.88,128.43,4248800,118.65
2010-07-29,129.06,129.5,127.14,128.02,8994200,118.27
2010-07-30,127.43,128.98,127.04,128.4,6021000,118.62
2010-08-02,129.25,131.2,129.25,130.76,6437500,120.8
2010-08-03,130.03,131.04,129.33,130.37,5091800,120.44
2010-08-04,130.46,131.5,129.85,131.27,4567500,121.27
2010-08-05,130.73,131.98,130.53,131.83,4520600,121.79
2010-08-06,130.41,130.48,128.76,130.14,6136200,120.82
2010-08-09,130.79,132.34,130.4,132,6131700,122.55
2010-08-10,131.18,132.49,130.77,131.84,5471700,122.4
2010-08-11,130.69,130.69,129.46,129.83,6316100,120.53
2010-08-12,127.69,128.78,127.52,128.3,5132200,119.11
2010-08-13,127.96,128.46,127.33,127.87,4669400,118.72
2010-08-16,127.47,128.23,126.96,127.77,4009200,118.62
2010-08-17,128.83,129.85,127.9,128.45,4298300,119.25
2010-08-18,128.87,130.2,127.8,129.39,4883200,120.13
2010-08-19,128.67,129.59,128.02,128.9,5402400,119.67
2010-08-20,128.72,128.98,126.96,127.5,6246300,118.37
2010-08-23,127.57,128.03,126.44,126.47,4034400,117.42
2010-08-24,125.21,126.02,124.57,124.9,5621200,115.96
2010-08-25,124.57,125.6,124,125.27,5235300,116.3
2010-08-26,125.78,125.78,122.78,122.78,7746600,113.99
2010-08-27,123.83,124.8,122.42,124.73,6214200,115.8
2010-08-30,125.08,125.27,123.4,123.4,3604000,114.57
2010-08-31,123.31,123.99,122.28,123.13,5624200,114.31
2010-09-01,125.31,126.31,124.52,125.77,5623100,116.77
2010-09-02,126.03,126.23,124.65,125.04,5103300,116.09
2010-09-03,126.22,127.6,125.9,127.58,5142900,118.45
2010-09-07,126.99,127.36,125.88,125.95,4353300,116.93
2010-09-08,126.02,126.52,125.39,126.08,4477500,117.05
2010-09-09,127.27,127.57,126.15,126.36,3436700,117.31
2010-09-10,126.99,128.29,126.26,127.99,4418700,118.83
2010-09-13,128.63,130,128.52,129.61,5271300,120.33
2010-09-14,128.43,129.92,128.43,128.85,4850500,119.62
2010-09-15,128.65,129.96,128.54,129.43,4762500,120.16
2010-09-16,129.2,129.95,128.8,129.67,4685000,120.39
2010-09-17,129.92,130.6,129.7,130.19,10397400,120.87
2010-09-20,130.24,132.09,130.11,131.79,7145500,122.35
2010-09-21,131.45,132.8,130.78,131.98,5267900,122.53
2010-09-22,131.61,132.58,131.4,132.57,4922400,123.08
2010-09-23,131.42,132.78,131.22,131.67,3898800,122.24
2010-09-24,132.42,134.15,132.34,134.11,7122400,124.51
2010-09-27,133.51,135,133.51,134.65,6155400,125.01
2010-09-28,134.67,135.14,133.71,134.89,7481300,125.23
2010-09-29,134.4,135.8,134.34,135.48,5151200,125.78
2010-09-30,135.5,136.11,133.67,134.14,6425800,124.54
2010-10-01,135.51,136.28,135.09,135.64,5621200,125.93
2010-10-04,135.23,135.92,134.39,135.25,4059900,125.57
2010-10-05,136.18,137.9,136.12,137.66,6202500,127.8
2010-10-06,136.88,137.96,136.83,137.84,4783000,127.97
2010-10-07,137.92,138.88,137.52,138.72,6440800,128.79
2010-10-08,138.4,139.09,138.06,138.85,4540800,128.91
2010-10-11,138.79,139.94,138.64,139.66,4004300,129.66
2010-10-12,138.4,139.99,138.27,139.85,5637300,129.84
2010-10-13,139.91,141.48,139.78,140.37,8784300,130.32
2010-10-14,140.35,141.5,139.69,141.5,5653100,131.37
2010-10-15,142.1,142.1,140.54,141.06,7220400,130.96
2010-10-18,140.9,143.03,140.84,142.83,10322700,132.6
2010-10-19,137.3,139.34,136.7,138.03,14159100,128.15
2010-10-20,138.28,139.87,138.13,139.07,6945500,129.11
2010-10-21,139.81,140.49,138.4,139.83,6221200,129.82
2010-10-22,140.15,140.75,139.46,139.67,4105300,129.67
2010-10-25,140.42,141.4,139.81,139.84,4870000,129.83
2010-10-26,139.29,142,138.53,140.67,7327100,130.6
2010-10-27,139.52,141.57,139,141.43,6465300,131.3
2010-10-28,141.84,141.95,140.42,140.9,5481600,130.81
2010-10-29,140.9,144,140.75,143.6,8439300,133.32
2010-11-01,143.64,144.26,142.32,143.32,5674600,133.06
2010-11-02,143.85,144.71,143.71,143.84,4626400,133.54
2010-11-03,144.24,144.46,142.63,144.17,5182100,133.85
2010-11-04,144.82,146.84,144.71,146.79,6622500,136.28
2010-11-05,145.94,146.93,145.67,146.92,4995800,136.4
2010-11-08,145.35,146.58,145.25,146.46,4459700,136.58
2010-11-09,146.7,147.53,145.63,146.14,5700600,136.28
2010-11-10,146.09,146.79,145.63,146.55,5172000,136.66
2010-11-11,144.7,145.5,143.35,145.43,4752200,135.62
2010-11-12,144.59,145.77,143.55,143.74,4731500,134.04
2010-11-15,143.89,144.75,143.27,143.64,3827700,133.95
2010-11-16,142.93,143.38,141.18,142.24,6342100,132.64
2010-11-17,142.49,142.49,141.39,141.95,4785900,132.37
2010-11-18,143.04,144.99,142.75,144.36,4236200,134.62
2010-11-19,144.38,145.35,143.99,145.05,5015900,135.26
2010-11-22,144,145.43,143.56,145.39,3730700,135.58
2010-11-23,144.24,144.53,142.33,143.18,4570300,133.52
2010-11-24,143.95,146.44,143.82,145.81,4874100,135.97
2010-11-26,145.3,145.3,143.57,143.9,2081300,134.19
2010-11-29,143.53,143.67,141.5,142.89,5040300,133.25
2010-11-30,142.24,142.76,141.28,141.46,7674800,131.92
2010-12-01,143.61,145.13,143.51,144.41,6822800,134.67
2010-12-02,144.33,145.85,144.3,145.18,5374000,135.38
2010-12-03,144.25,145.68,144.25,145.38,3710600,135.57
2010-12-06,144.54,145.87,144.52,144.99,3321800,135.21
2010-12-07,146.02,146.3,143.87,144.02,4828600,134.3
2010-12-08,144.35,145.65,143.84,144.98,4961400,135.2
2010-12-09,145.94,145.94,143.52,144.3,4405300,134.56
2010-12-10,144.88,144.95,143.73,144.82,3503800,135.05
2010-12-13,145.14,145.4,144.21,144.28,4741000,134.55
2010-12-14,144.26,146.01,144.26,145.82,4800800,135.98
2010-12-15,145.13,145.72,144.31,144.72,4447400,134.96
2010-12-16,144.84,145.32,144.15,144.55,4178600,134.8
2010-12-17,144.69,145.5,144.4,145,10027000,135.22
2010-12-20,145.39,145.54,144.39,144.51,3995000,134.76
2010-12-21,144.99,145.99,144.33,145.74,3777100,135.91
2010-12-22,145.66,146.4,145.58,145.95,3388800,136.1
2010-12-23,145.89,146.33,145.33,145.89,2424500,136.05
2010-12-27,145.12,145.7,145,145.34,2314700,135.53
2010-12-28,145.31,146.15,145.06,145.71,2699600,135.88
2010-12-29,146,147.5,145.71,146.52,3661100,136.63
2010-12-30,146.36,147.11,146.25,146.67,3039100,136.77
2010-12-31,146.73,147.07,145.96,146.76,2969800,136.86
2011-01-03,147.21,148.2,147.14,147.48,4603800,137.53
2011-01-04,147.56,148.22,146.64,147.64,5060100,137.68
2011-01-05,147.34,147.48,146.73,147.05,4657400,137.13
2011-01-06,147.13,148.79,146.82,148.66,5029200,138.63
2011-01-07,148.79,148.86,146.94,147.93,4135700,137.95
2011-01-10,147.58,148.06,147.23,147.64,3633400,137.68
2011-01-11,148.2,148.35,146.75,147.28,4163600,137.34
2011-01-12,147.99,149.29,147.67,149.1,4091500,139.04
2011-01-13,149.24,149.29,148.25,148.82,3445800,138.78
2011-01-14,148.89,150,148.47,150,4544200,139.88
2011-01-18,149.82,151.46,149.38,150.65,9176900,140.49
2011-01-19,153.26,156.13,152.83,155.69,12141000,145.19
2011-01-20,154.53,155.96,154.45,155.8,7439900,145.29
2011-01-21,156.4,156.78,154.96,155.5,7009000,145.01
2011-01-24,155.42,159.79,155.33,159.63,7285100,148.86
2011-01-25,159.21,164.35,159,161.44,8260800,150.55
2011-01-26,161.67,161.9,160.42,161.04,5353100,150.17
2011-01-27,161.43,162.18,160.86,161.07,4878300,150.2
2011-01-28,161.05,161.92,158.67,159.21,6725600,148.47
2011-01-31,159.18,162,158.68,162,7197200,151.07
2011-02-01,162.11,163.94,162,163.56,5831300,152.52
2011-02-02,163.4,163.6,162.61,163.3,3904000,152.28
2011-02-03,163.16,164.2,162.81,163.53,4683400,152.5
2011-02-04,163.48,164.14,163.22,164,3755200,152.94
2011-02-07,164.08,164.99,164.02,164.82,4928100,153.7
2011-02-08,164.82,166.25,164.32,166.05,5612600,155.46
2011-02-09,165.62,165.97,164.1,164.65,4633600,154.15
2011-02-10,163.9,165,163.18,164.09,5737800,153.62
2011-02-11,163.98,165.01,163.31,163.85,5185200,153.4
2011-02-14,164.18,164.38,162.85,163.22,4129800,152.81
2011-02-15,162.89,163.57,162.52,162.84,3768700,152.45
2011-02-16,163.33,163.6,162.75,163.4,3216000,152.98
2011-02-17,163.3,164.67,162.85,164.24,3230500,153.77
2011-02-18,164.46,164.84,164.1,164.84,4245000,154.33
2011-02-22,163.57,164.26,161.78,161.95,5209300,151.62
2011-02-23,161.81,162.68,160.14,160.18,5998100,149.96
2011-02-24,159.63,161.27,159.03,160.77,5707500,150.52
2011-02-25,161.06,162.34,160.86,162.28,4518400,151.93
2011-02-28,162.36,162.99,161.24,161.88,4773000,151.56
2011-03-01,163.15,163.15,159.88,159.97,4382800,149.77
2011-03-02,159.43,161.11,159.41,160.16,3413000,149.95
2011-03-03,161.42,164,161.27,163.48,4057800,153.05
2011-03-04,163.4,164.31,160.65,161.83,4910700,151.51
2011-03-07,161.6,162.98,158.85,159.93,5312000,149.73
2011-03-08,159.7,163.43,159.21,162.28,5384800,151.93
2011-03-09,163.47,167.72,163.28,165.86,9086600,155.28
2011-03-10,164.64,164.67,161.38,162.02,7041400,151.69
2011-03-11,162.4,163.24,160.84,162.43,4271000,152.07
2011-03-14,161.16,161.98,160.09,161.39,4300500,151.1
2011-03-15,157.35,159.64,156.88,159.02,6475800,148.88
2011-03-16,156.52,156.98,151.71,153,12195300,143.24
2011-03-17,154,154.5,152.7,154.18,7376400,144.35
2011-03-18,156.5,156.95,154.32,155.89,11450000,145.95
2011-03-21,157.64,159.63,157.07,157.68,5784000,147.62
2011-03-22,158.56,158.61,157.52,158,4311400,147.92
2011-03-23,158,160.08,157.53,159.53,4782500,149.36
2011-03-24,160.23,160.71,158.84,160.04,5145800,149.83
2011-03-25,160.98,162.74,160.76,162.18,5348100,151.84
2011-03-28,161.54,162.58,161.12,161.37,3972800,151.08
2011-03-29,161.34,163.09,161.15,162.88,3456700,152.49
2011-03-30,163.55,163.99,163.02,163.6,3394100,153.17
2011-03-31,163.4,164.06,163.07,163.07,3860800,152.67
2011-04-01,163.7,164.42,163.04,164.27,4381900,153.79
2011-04-04,164.42,164.73,163.58,164.25,3225100,153.77
2011-04-05,163.81,164.7,163.62,163.99,3612000,153.53
2011-04-06,164.34,164.75,163.81,164.04,3774800,153.58
2011-04-07,164.1,164.55,163.28,164.38,3666700,153.9
2011-04-08,164.35,164.38,163.16,164.05,3324100,153.59
2011-04-11,163.44,164,163.11,163.95,4139000,153.49
2011-04-12,163.36,163.77,162.3,163.25,3860600,152.84
2011-04-13,163.97,164.93,163.66,163.95,4181900,153.49
2011-04-14,163.84,165.36,163.16,164.97,4699100,154.45
2011-04-15,165,166.34,164.87,166.21,5287400,155.61
2011-04-18,164.64,166.16,162.86,165.94,6160700,155.36
2011-04-19,165.71,166.38,164.44,165.4,6547100,154.85
2011-04-20,163.1,165.89,162.19,164.75,10891800,154.24
2011-04-21,165.63,168.45,164.86,168.28,6158400,157.55
2011-04-25,167.65,168.77,167.23,167.67,3583800,156.98
2011-04-26,167.99,169.2,167.4,168.49,7300000,157.74
2011-04-27,168.61,170.59,168.46,170.37,5299700,159.5
2011-04-28,169.99,171.38,169.7,170.78,5087700,159.89
2011-04-29,171.1,173,170.48,170.58,5587700,159.7
2011-05-02,172.11,173.54,171.49,172.15,5396200,161.17
2011-05-03,172,173.48,171.23,172.87,5007700,161.84
2011-05-04,172.36,172.62,169.59,170.62,6890300,159.74
2011-05-05,170.47,170.87,167.5,168.46,7332000,157.72
2011-05-06,169.03,170.15,168.24,168.89,4839400,158.83
2011-05-09,168.39,169.85,168.31,169.1,3594800,159.02
2011-05-10,169.25,170.9,169.22,170.38,4934800,160.23
2011-05-11,170.3,170.52,167.82,169.5,4663200,159.4
2011-05-12,169.65,172.77,168.65,172.24,5138500,161.98
2011-05-13,171.7,172.15,169.44,169.92,5167400,159.79
2011-05-16,169.81,170.64,168.31,168.86,4662200,158.8
2011-05-17,167.85,171.41,166.53,170.5,8773200,160.34
2011-05-18,170.1,171.19,169.46,170.44,4154300,160.28
2011-05-19,170.86,171.4,169.32,170.59,3538300,160.42
2011-05-20,170.4,171.15,169.38,170.16,4869900,160.02
2011-05-23,168.58,168.69,167.07,168.26,5144000,158.23
2011-05-24,168.5,168.67,167.51,167.99,4643600,157.98
2011-05-25,167.63,168.4,167.51,167.75,3882100,157.75
2011-05-26,167.46,167.5,165.9,167.18,5771300,157.22
2011-05-27,167.91,168.47,167,167.5,3277600,157.52
2011-05-31,168.44,169.89,167.82,168.93,9123400,158.86
2011-06-01,168.9,169.58,166.5,166.56,5134600,156.63
2011-06-02,166.44,167.1,165.71,166.09,3854100,156.19
2011-06-03,164.3,165.89,164.13,165.05,5230500,155.21
2011-06-06,164.76,165.58,164.27,164.75,3619700,154.93
2011-06-07,165.11,165.24,163.61,163.69,4187000,153.94
2011-06-08,163.27,164.85,163.26,164.34,3850800,154.55
2011-06-09,165.01,165.96,164.76,164.84,4299800,155.02
2011-06-10,164.57,164.84,162.87,163.18,4683300,153.46
2011-06-13,164.44,164.46,162.73,163.17,5099200,153.45
2011-06-14,163.87,164.57,163.65,164.12,7050000,154.34
2011-06-15,162.75,163.41,161.52,162.33,5225600,152.66
2011-06-16,162.06,163.63,161.78,162.67,4861100,152.98
2011-06-17,164.24,165.1,163.58,164.44,7149700,154.64
2011-06-20,163.7,165.61,163.59,165.02,3956100,155.19
2011-06-21,165.2,166.75,164,166.22,5387300,156.31
2011-06-22,165.59,166.81,165.1,165.68,3960500,155.81
2011-06-23,164.06,166.73,163.8,166.12,5271500,156.22
2011-06-24,165.85,165.94,164.57,165.07,4402600,155.23
2011-06-27,165.74,168.24,165.21,167.62,4446700,157.63
2011-06-28,168.33,170.7,168.01,170.01,4850000,159.88
2011-06-29,170.61,170.86,169.82,170.54,3817100,160.38
2011-06-30,171.11,172.45,170.75,171.55,5105200,161.33
2011-07-01,171.61,174.65,171.49,174.54,5181700,164.14
2011-07-05,173.52,175.43,173.52,175.43,4586500,164.98
2011-07-06,175.19,177.77,175.09,177.71,5885900,167.12
2011-07-07,176.78,177.27,176.12,176.48,5905600,165.96
2011-07-08,175.49,176.49,175.01,176.49,4399900,165.97
2011-07-11,174.9,176.15,174.61,174.99,4766500,164.56
2011-07-12,174.93,175.37,173.89,174.05,5036800,163.68
2011-07-13,174.9,176.32,174,174.32,4074800,163.93
2011-07-14,174.4,176.1,173.84,174.23,4613100,163.85
2011-07-15,175.08,175.94,174.07,175.54,5347100,165.08
2011-07-18,174.73,176.46,173.58,175.28,8879700,164.84
2011-07-19,178.74,185.21,178.65,185.21,13245600,174.17
2011-07-20,183.84,184.42,183,183.65,5901100,172.71
2011-07-21,183.59,185.5,182.9,184.9,4958400,173.88
2011-07-22,184.64,185.63,184.26,185.18,4516100,174.15
2011-07-25,183.89,184.96,183.28,183.7,4987000,172.75
2011-07-26,182.94,184.05,182.65,182.93,4356200,172.03
2011-07-27,182.01,182.91,180.93,181.35,5806800,170.54
2011-07-28,181.06,183.27,180.88,181.8,4478800,170.97
2011-07-29,180.26,183.43,179.73,181.85,6665600,171.01
2011-08-01,182.6,183.69,178.5,180.75,5842700,169.98
2011-08-02,179.95,182.29,177.86,178.05,5770400,167.44
2011-08-03,177.67,179.23,175.41,178.83,6722000,168.17
2011-08-04,176.5,177.92,171.18,171.48,11022300,161.26
2011-08-05,172.1,174.22,166.52,172.98,11871800,162.67
2011-08-08,168.83,172.61,166,166.22,15804900,157
2011-08-09,167.46,171.05,162,170.61,12517600,161.14
2011-08-10,168.18,169.23,161.85,162.54,13993600,153.52
2011-08-11,164.1,168.77,162.94,166.73,9175600,157.48
2011-08-12,168.5,169.38,165.83,168.2,5187000,158.87
2011-08-15,171.32,174,170.39,172.99,7645400,163.39
2011-08-16,172.19,172.19,169,171.24,5585400,161.74
2011-08-17,171.57,172.99,169.89,171.48,5129700,161.96
2011-08-18,166.32,166.46,160.16,163.83,15082600,154.74
2011-08-19,162.17,163.94,157.13,157.54,14068600,148.8
2011-08-22,161.35,161.68,157.62,158.98,7249100,150.16
2011-08-23,160.65,164.59,159.53,164.32,6923300,155.2
2011-08-24,164.13,166.83,163.35,166.76,6427000,157.51
2011-08-25,167.52,168.53,164.85,165.58,6751600,156.39
2011-08-26,164.85,169.33,163.28,169.14,6438200,159.75
2011-08-29,170.58,172.72,170.36,172.62,5293400,163.04
2011-08-30,172.06,173.51,170.88,172.51,4477700,162.94
2011-08-31,173.29,173.72,170.71,171.91,6074200,162.37
2011-09-01,172.71,173.68,170.12,170.33,5463900,160.88
2011-09-02,167.69,168.93,166,166.98,4979100,157.71
2011-09-06,163.06,165.55,162.2,165.11,5761200,155.95
2011-09-07,167.28,167.9,166.16,167.31,6796600,158.03
2011-09-08,167,169.58,165.1,165.25,6027200,156.08
2011-09-09,164.57,165.19,160.81,161.37,6743900,152.41
2011-09-12,160.04,162.44,158.76,162.42,5247200,153.41
2011-09-13,163.64,163.92,161.54,163.43,4723800,154.36
2011-09-14,164.01,169.66,161.99,167.24,6980700,157.96
2011-09-15,168.64,170.16,167.23,170.09,5464400,160.65
2011-09-16,171.33,172.99,169.74,172.99,11048100,163.39
2011-09-19,169.5,173.87,169.43,173.13,4755600,163.52
2011-09-20,173.57,177.43,172.7,174.72,6209600,165.02
2011-09-21,175,177.67,172.62,173.02,7043100,163.42
2011-09-22,168.33,169.97,166.5,168.62,8195600,159.26
2011-09-23,166.99,169.54,165.76,169.34,5586600,159.94
2011-09-26,170.96,174.7,169.86,174.51,6745700,164.83
2011-09-27,176.82,179.62,176.43,177.71,7638800,167.85
2011-09-28,177.97,180.75,177.08,177.55,7732200,167.7
2011-09-29,179.69,180.91,175.53,179.17,6944300,169.23
2011-09-30,176.01,178.27,174.75,174.87,7807400,165.17
2011-10-03,174.36,177.92,173.04,173.29,9042600,163.67
2011-10-04,171.54,175.07,168.88,174.74,9200000,165.04
2011-10-05,174.57,177.3,172.68,176.85,5851700,167.04
2011-10-06,176.81,181.99,175.66,181.69,7180900,171.61
2011-10-07,182.32,183.72,181.64,182.39,6842600,172.27
2011-10-10,183,186.63,182.9,186.62,5784800,176.26
2011-10-11,184.59,186,184.11,185,5330500,174.73
2011-10-12,186.08,188,185.65,186.12,5338200,175.79
2011-10-13,184.97,187.5,184.5,186.82,4399200,176.45
2011-10-14,188.19,190.53,187.73,190.53,5368200,179.96
2011-10-17,189.71,190.16,185.9,186.59,8790300,176.24
2011-10-18,178,179.38,176.25,178.9,15729400,168.97
2011-10-19,179.68,179.81,177.01,177.39,6708300,167.55
2011-10-20,178.13,179.24,176.17,177.25,7513800,167.41
2011-10-21,179.11,181.67,178.75,181.63,8054200,171.55
2011-10-24,181.51,183.39,180.62,182.25,5890600,172.14
2011-10-25,181.66,182.97,180.01,180.36,5373100,170.35
2011-10-26,181.74,182.28,179.03,181.97,5387700,171.87
2011-10-27,184.99,187,183.18,185.88,7057800,175.56
2011-10-28,185.57,188.07,185.28,187.45,5009800,177.05
2011-10-31,185.59,186.91,184.63,184.63,4710000,174.38
2011-11-01,181.55,183.26,180.74,181.35,5881200,171.29
2011-11-02,184,185.25,183.03,183.92,4136600,173.71
2011-11-03,185.13,187.78,184.02,187.3,4953500,176.91
2011-11-04,186.27,187.14,184.74,186.38,3237600,176.04
2011-11-07,186.22,187.73,184.75,187.32,3530800,176.92
2011-11-08,187.48,187.88,185.51,187.25,4330600,177.57
2011-11-09,184.2,185.24,181.16,182.24,5494800,172.82
2011-11-10,183.58,184.77,181.87,183.35,3881600,173.87
2011-11-11,185.27,187.83,185.14,187.38,3665300,177.69
2011-11-14,189.17,189.84,186.85,187.35,6038600,177.66
2011-11-15,187.49,189.97,185.64,188.75,4585300,178.99
2011-11-16,187.82,189.9,186.3,186.62,4616800,176.97
2011-11-17,186.81,188.83,183.39,185.73,5840500,176.13
2011-11-18,186.71,186.97,184.66,185.24,4440900,175.66
2011-11-21,183.37,183.96,180,181.48,5145100,172.1
2011-11-22,182.22,182.98,180.29,181.31,4178600,171.94
2011-11-23,180.67,181.49,177.52,177.95,4800900,168.75
2011-11-25,178.01,179.56,177.06,177.06,2232800,167.91
2011-11-28,182.71,182.93,180.67,182.21,4524200,172.79
2011-11-29,182.02,183.31,180.84,180.94,3661600,171.59
2011-11-30,184.57,188.35,184.21,188,7836800,178.28
2011-12-01,187.01,189.99,186.77,189.45,4858800,179.66
2011-12-02,189.92,191.33,189.45,189.66,4962200,179.85
2011-12-05,191.18,193.61,190.38,190.84,5699400,180.97
2011-12-06,190.65,193.53,190.32,192.94,4144900,182.97
2011-12-07,191.99,194.9,191.28,194.05,5081700,184.02
2011-12-08,192.48,193.8,191.07,191.58,4369000,181.68
2011-12-09,192.91,194.87,192.4,194.56,4847900,184.5
2011-12-12,193.64,193.9,191.22,192.18,3796100,182.24
2011-12-13,193.46,194.3,190.64,191.15,5008400,181.27
2011-12-14,189.84,190.28,188,188.72,5057700,178.96
2011-12-15,190.48,191.2,186.89,187.48,4474500,177.79
2011-12-16,188.01,188.01,181.91,183.57,11849400,174.08
2011-12-19,184.51,184.69,182.25,182.89,5039900,173.43
2011-12-20,185.5,187.33,184.76,187.24,4740100,177.56
2011-12-21,183.22,183.5,179.04,181.47,9282500,172.09
2011-12-22,182.71,182.8,181,182.04,5052000,172.63
2011-12-23,183.11,184.85,181.89,184.75,3052300,175.2
2011-12-27,184.97,185.85,184.39,184.95,2775200,175.39
2011-12-28,185.19,185.4,183.34,183.99,2872000,174.48
2011-12-29,184.07,186.23,184.01,186.18,2941600,176.55
2011-12-30,186.33,186.48,183.85,183.88,3530900,174.37
2012-01-03,186.73,188.71,186,186.3,5646000,176.67
2012-01-04,185.57,186.33,184.94,185.54,4346700,175.95
2012-01-05,184.81,185.03,183.1,184.66,4463100,175.11
2012-01-06,184.39,184.48,182.31,182.54,4897100,173.1
2012-01-09,182.2,182.27,180.27,181.59,5201200,172.2
2012-01-10,183.23,183.72,181.2,181.31,5161000,171.94
2012-01-11,180.73,182.81,180.5,182.32,4110800,172.89
2012-01-12,181.86,181.91,178.38,180.55,6881000,171.22
2012-01-13,179.48,179.61,177.35,179.16,5279200,169.9
2012-01-17,180.36,182,179.32,180,6003400,170.69
2012-01-18,179.83,181.6,179.5,181.07,4600600,171.71
2012-01-19,181.79,182.36,180.35,180.52,8567200,171.19
2012-01-20,185.77,188.97,184.75,188.52,12849700,178.77
2012-01-23,187.91,190.52,187.67,189.98,5751700,180.16
2012-01-24,188.63,192.3,188.52,191.93,5345700,182.01
2012-01-25,191.33,192.24,189.61,191.73,4359700,181.82
2012-01-26,191.79,192.79,190.47,190.98,4004700,181.11
2012-01-27,190.01,191.77,189.81,190.46,3360400,180.61
2012-01-30,189.39,192.73,188.22,192.5,4359000,182.55
2012-01-31,193.09,193.1,191,192.6,4826800,182.64
2012-02-01,193.21,194.81,192.41,192.62,5088800,182.66
2012-02-02,192.72,193.33,191.33,191.53,3907300,181.63
2012-02-03,192.93,194.13,192.54,193.64,4521700,183.63
2012-02-06,192.48,193.76,192,192.82,3639800,182.85
2012-02-07,192.45,194.14,191.97,193.35,3433000,183.35
2012-02-08,192.78,193.58,191.73,192.95,3803800,183.69
2012-02-09,193.03,194.46,192.55,193.13,3876400,183.86
2012-02-10,191.76,192.43,191.28,192.42,3391100,183.18
2012-02-13,193.31,193.69,191.74,192.62,2458800,183.37
2012-02-14,191.76,192.6,190.83,192.22,3398100,182.99
2012-02-15,192.31,193.44,191.26,192.25,4020900,183.02
2012-02-16,192.61,193.25,192,193.02,3525500,183.75
2012-02-17,193.71,193.86,192.3,193.42,3746500,184.13
2012-02-21,193.73,194.24,192.46,193.39,3293600,184.11
2012-02-22,193.03,194.74,192.75,193.87,3275800,184.56
2012-02-23,193.87,199.23,193.28,197.61,8032700,188.12
2012-02-24,198.38,198.56,196.61,197.76,3353200,188.27
2012-02-27,196.78,198.71,196.1,197.53,3758400,188.05
2012-02-28,197.75,198.96,197.43,197.98,3167400,188.48
2012-02-29,197.86,199.17,196.45,196.73,5117100,187.29
2012-03-01,197.23,198.47,196.93,197.53,3560300,188.05
2012-03-02,197.1,198.89,197.06,198.81,3727400,189.27
2012-03-05,198.36,201.19,198.3,200.66,6938000,191.03
2012-03-06,199.14,199.64,196.81,197.26,5214700,187.79
2012-03-07,198.09,198.57,197.31,197.77,3346900,188.28
2012-03-08,199.24,199.99,198.65,199.81,3145800,190.22
2012-03-09,199.98,201.1,199.72,200.62,3178200,190.99
2012-03-12,200.93,201.57,200.23,201,3119700,191.35
2012-03-13,201.72,203.9,201.61,203.78,4866000,194
2012-03-14,203.78,205.15,203.64,204.72,4602300,194.89
2012-03-15,204.94,206.18,204.74,206,3621100,196.11
2012-03-16,207.03,207.52,206.01,206.01,9637000,196.12
2012-03-19,205.71,206.53,204.5,205.72,3763200,195.84
2012-03-20,204.74,205,203.7,204.25,3695100,194.44
2012-03-21,204.32,205.77,204.3,204.69,3329900,194.86
2012-03-22,204,205.99,203.96,205.49,3307800,195.63
2012-03-23,205.89,205.96,204.56,205.48,3036200,195.62
2012-03-26,206.45,207.92,206.32,207.77,3418200,197.8
2012-03-27,208.46,208.66,207,207.18,2704500,197.23
2012-03-28,207.44,208.69,206.27,207.29,3265700,197.34
2012-03-29,206.09,208.5,206.02,208.27,3403700,198.27
2012-03-30,208.74,209.12,208.01,208.65,3215200,198.63
2012-04-02,208.96,209.69,208.09,209.47,3387900,199.41
2012-04-03,209.31,210.69,208.54,209.5,4091500,199.44
2012-04-04,206.22,206.98,205.19,206.05,4404000,196.16
2012-04-05,205.15,205.68,204.46,205.47,3809000,195.61
2012-04-09,204.4,206.17,203.37,204.94,3326900,195.1
2012-04-10,204.94,205.74,202.17,202.33,4132900,192.62
2012-04-11,203.99,204.32,202.46,202.58,3366200,192.86
2012-04-12,202.8,205.56,202.64,205.32,2929600,195.46
2012-04-13,204.32,204.65,202.8,202.8,3767000,193.06
2012-04-16,204.74,205.97,202.72,202.72,3826600,192.99
2012-04-17,204.57,207.64,204.15,207.45,6065500,197.49
2012-04-18,202.43,204.07,200,200.13,10153500,190.52
2012-04-19,200.03,201.26,197.52,199.51,5762900,189.93
2012-04-20,199.83,200.12,199.09,199.6,4758200,190.02
2012-04-23,197.89,199.1,196.79,198.62,3618800,189.09
2012-04-24,199.06,202.48,198.87,200,5626300,190.4
2012-04-25,202.02,203.69,201.8,203.57,4003400,193.8
2012-04-26,203.4,206.21,203.4,205.58,3302700,195.71
2012-04-27,206.47,208.17,205.91,206.81,3496900,196.88
2012-04-30,206.71,207.96,206.32,207.08,2773200,197.14
2012-05-01,207.18,208.93,206.71,208,2715900,198.01
2012-05-02,206.97,208.27,206.91,208.06,2360300,198.07
2012-05-03,208.27,208.92,206.55,207.24,2826600,197.29
2012-05-04,206.47,207.11,204.4,204.99,4023600,195.15
2012-05-07,203.96,204.77,202.9,203.75,3373400,193.97
2012-05-08,202.44,203.06,199.72,201.48,3881500,192.61
2012-05-09,199.99,203,199.06,201.23,3742500,192.37
2012-05-10,201,203.25,200.02,200.6,3830500,191.77
2012-05-11,199.96,202.12,199.95,201.17,2391500,192.32
2012-05-14,199.92,200.71,198.56,199.44,3029200,190.66
2012-05-15,199.44,201.47,198.76,199.04,2987400,190.28
2012-05-16,199.42,201.35,198.18,199.73,5001000,190.94
2012-05-17,199.67,200.79,197.64,197.89,5626300,189.18
2012-05-18,198.78,198.78,195.16,195.88,5737100,187.26
2012-05-21,195.98,197.93,194.63,197.76,3831700,189.06
2012-05-22,198.04,198.26,196.06,196.82,3567100,188.16
2012-05-23,195.53,196.49,193.2,196.12,4100000,187.49
2012-05-24,195.99,196.28,194,196.09,3569300,187.46
2012-05-25,195.11,196,194,194.3,2901900,185.75
2012-05-29,195.22,198.08,195.22,196.46,3618500,187.81
2012-05-30,194.8,195.47,193.77,194.53,3602500,185.97
2012-05-31,194.1,194.93,192,192.9,9287500,184.41
2012-06-01,190.12,191.72,188.6,189.08,5206400,180.76
2012-06-04,188.34,189.38,187,188.54,4624500,180.24
2012-06-05,187.92,189.85,187.56,189.2,3556500,180.87
2012-06-06,190.78,194,190.02,193.99,3641300,185.45
2012-06-07,195.28,195.83,193.94,194.44,3701100,185.88
2012-06-08,193.71,195.14,192.7,195.14,2479200,186.55
2012-06-11,196.6,196.7,192.37,192.51,3273300,184.04
2012-06-12,192.14,194.67,192.14,194.55,3023700,185.99
2012-06-13,194.36,195.19,192.35,193.1,3247700,184.6
2012-06-14,193,195.83,192.74,195.1,3585000,186.51
2012-06-15,196.08,199.27,195.4,199.1,6389000,190.34
2012-06-18,197.57,199.64,197.17,198.29,3378900,189.56
2012-06-19,198.83,199.99,198.8,198.93,3297600,190.17
2012-06-20,198.7,199.74,197.5,198.78,3378200,190.03
2012-06-21,199.07,199.45,193.19,193.39,4316600,184.88
2012-06-22,193.87,194.88,193.22,193.7,8823000,185.17
2012-06-25,192.48,193.39,191.68,192.86,3211600,184.37
2012-06-26,193.54,193.68,190.75,191.95,3435900,183.5
2012-06-27,192.14,193.7,190.9,193,2762700,184.5
2012-06-28,191.23,192.08,188.9,191.4,3967300,182.98
2012-06-29,194.55,195.81,192.41,195.58,5259600,186.97
2012-07-02,196.36,197.2,194.85,195.83,2827000,187.21
2012-07-03,195.46,196.34,194.91,195.93,1450400,187.31
2012-07-05,194.88,196.85,193.63,195.29,2690200,186.69
2012-07-06,193.92,193.94,189.74,191.41,4952900,182.98
2012-07-09,190.76,191,188.05,189.67,3988100,181.32
2012-07-10,190.3,191.14,185.6,186.26,4690300,178.06
2012-07-11,186.22,187.36,183.51,185.25,5456100,177.1
2012-07-12,184.25,184.39,181.85,183.09,4931300,175.03
2012-07-13,183.46,186.33,183.03,186.01,3933000,177.82
2012-07-16,185.58,186.1,184.58,184.79,3144400,176.66
2012-07-17,185.73,186.29,183.2,183.65,5158600,175.57
2012-07-18,184.15,188.59,183.55,188.25,8019500,179.96
2012-07-19,193.4,196.85,192.97,195.34,10395400,186.74
2012-07-20,194.09,194.9,192.17,192.45,4789700,183.98
2012-07-23,189.78,191.3,188.2,190.83,3904500,182.43
2012-07-24,190.92,191.32,188.56,190.34,3597100,181.96
2012-07-25,190.31,192.77,189.32,191.08,3833800,182.67
2012-07-26,193.49,194.95,192.57,193.95,3282900,185.41
2012-07-27,195.1,197.41,193.95,196.39,4177300,187.75
2012-07-30,196.32,197.84,195.92,196.68,2787000,188.02
2012-07-31,196.5,197.58,195.88,195.98,3507000,187.35
2012-08-01,196.96,197.85,194.72,195.18,2559300,186.59
2012-08-02,194.16,196.6,193.02,194.45,2812600,185.89
2012-08-03,196.48,198.95,196.16,198.52,3278100,189.78
2012-08-06,198.76,199.94,198.52,198.76,2337800,190.01
2012-08-07,199.43,200.88,198.8,199.93,3209400,191.13
2012-08-08,198.27,199.69,198.16,199.03,2068300,191.08
2012-08-09,198.62,199.46,197.89,198.42,2160100,190.5
2012-08-10,197.87,199.37,197.24,199.29,2600500,191.33
2012-08-13,198.88,199.98,197.79,199.01,2418300,191.06
2012-08-14,198.88,199.33,197.72,198.29,2562300,190.37
2012-08-15,198.9,199.33,197.92,198.4,2111800,190.48
2012-08-16,198.77,201.32,198.12,200.84,2729500,192.82
2012-08-17,201.08,202,200.66,201.22,2551800,193.18
2012-08-20,200.69,201.13,200.03,200.5,2336000,192.49
2012-08-21,200.99,201,198.37,198.65,3111300,190.72
2012-08-22,198.64,198.65,196.9,197.25,3296100,189.37
2012-08-23,197.04,197.37,195.44,195.7,2757400,187.88
2012-08-24,194.96,198.11,194.2,197.77,2639500,189.87
2012-08-27,197.96,198.3,195.61,195.69,2498800,187.87
2012-08-28,195.56,196.11,194.5,194.87,2539200,187.09
2012-08-29,195.13,196.04,194.9,195.08,2141400,187.29
2012-08-30,194.77,195.47,193.18,193.37,2740900,185.65
2012-08-31,194.31,195.95,193.46,194.85,3193300,187.07
2012-09-04,196.61,197.17,193.25,194.54,4514400,186.77
2012-09-05,194.41,195.85,193.89,195.04,3312500,187.25
2012-09-06,196.26,199.46,196.11,199.1,3931700,191.15
2012-09-07,199.12,199.5,198.08,199.5,3413700,191.53
2012-09-10,199.39,201.82,198.73,200.95,4208000,192.92
2012-09-11,200.55,203.46,200.51,203.27,3910600,195.15
2012-09-12,203.52,204.65,202.96,203.77,3284000,195.63
2012-09-13,204.38,206.81,203.46,206.36,3879600,198.12
2012-09-14,206.24,207.65,206.05,206.81,4057100,198.55
2012-09-17,205.55,207.99,205.55,207.15,3275100,198.88
2012-09-18,206.88,207.88,206.48,207.07,2476100,198.8
2012-09-19,207.55,207.57,206.01,206.43,2605600,198.19
2012-09-20,205.85,206.99,205.3,206.18,3739100,197.95
2012-09-21,207.36,207.94,205.92,205.98,12771500,197.75
2012-09-24,205.02,206.06,204.9,205.29,3511100,197.09
2012-09-25,205.6,207.32,204.95,204.98,3345200,196.79
2012-09-26,205.05,205.98,203.9,204,3423300,195.85
2012-09-27,204.37,206.9,204.14,205.91,2771900,197.69
2012-09-28,205.66,208.32,205.31,207.45,4910900,199.17
2012-10-01,208.01,211.75,207.94,210.47,5456900,202.06
2012-10-02,210.96,211.47,208.5,209.84,3321000,201.46
2012-10-03,209.94,211.3,209.3,210.51,3192300,202.1
2012-10-04,210.28,210.97,208.53,210.39,2957500,201.99
2012-10-05,211.15,211.79,210.06,210.59,2858400,202.18
2012-10-08,210.02,210.64,209.21,209.82,1982600,201.44
2012-10-09,209.95,210.74,207.7,207.99,3580400,199.68
2012-10-10,207.82,208.23,205.05,205.82,4024500,197.6
2012-10-11,206.57,207.27,205.63,205.76,2910000,197.54
2012-10-12,205.64,207.96,205.56,207.8,2712000,199.5
2012-10-15,208.88,209.4,207.82,208.93,3060900,200.59
2012-10-16,209.94,211,209.47,211,5632100,202.57
2012-10-17,201.21,203.41,198.55,200.63,12673900,192.62
2012-10-18,199.91,200.14,194.07,194.96,9295900,187.17
2012-10-19,195.29,196.08,193.18,193.36,6620300,185.64
2012-10-22,193.71,194.68,192.44,194.4,4402500,186.64
2012-10-23,193.53,194,190.94,191.25,4427400,183.61
2012-10-24,192.44,193.29,190.56,190.72,3738000,183.1
2012-10-25,191.41,192.44,190.71,191.6,3249600,183.95
2012-10-26,191.49,193.87,191.47,193.27,4006500,185.55
2012-10-31,194.8,196.41,193.63,194.53,6052300,186.76
2012-11-01,194.68,197.89,194.55,197.15,3758800,189.28
2012-11-02,197.53,198,193.29,193.43,4260100,185.71
2012-11-05,192.36,194.97,192.01,194.14,2736200,186.39
2012-11-06,195.26,196.75,194.68,195.07,3281000,187.28
2012-11-07,193.36,193.68,191.16,191.16,4746200,184.33
2012-11-08,191.4,191.81,190.09,190.1,3542200,183.31
2012-11-09,189.85,191.64,188.88,189.64,3671600,182.86
2012-11-12,190.03,190.77,187.41,189.25,3067400,182.49
2012-11-13,188.39,190.88,188.25,188.32,3406700,181.59
2012-11-14,189.14,189.27,185.28,185.51,4404400,178.88
2012-11-15,185.83,187.2,184.78,185.85,3411700,179.21
2012-11-16,186.33,187.56,185.1,186.94,4660800,180.26
2012-11-19,188.62,190.39,188.3,190.35,3588900,183.55
2012-11-20,189.88,190.11,188.25,189.2,3170200,182.44
2012-11-21,189.3,190.89,188.95,190.29,5189600,183.49
2012-11-23,191,193.49,190.8,193.49,3877600,186.58
2012-11-26,192.45,193.37,191.77,192.88,5210300,185.99
2012-11-27,192.08,193.05,191,191.23,3290900,184.4
2012-11-28,190.98,192.04,189.27,191.98,3603600,185.12
2012-11-29,192.75,192.9,190.2,191.53,4077900,184.69
2012-11-30,191.75,192,189.5,190.07,4936400,183.28
2012-12-03,190.76,191.3,188.36,189.48,3349600,182.71
2012-12-04,189.71,190.75,189.02,189.36,3990700,182.59
2012-12-05,189.01,189.46,186.94,188.65,4202100,181.91
2012-12-06,189.17,190.18,188.41,189.7,3216600,182.92
2012-12-07,190.14,192.2,190.11,191.95,4091300,185.09
2012-12-10,192.17,193.54,191.65,192.62,3438500,185.74
2012-12-11,193.18,194.8,193.15,194.2,4144000,187.26
2012-12-12,194.6,194.75,192.46,192.95,4241900,186.06
2012-12-13,192.18,193.05,191.37,191.99,3623200,185.13
2012-12-14,191.69,193.4,191.26,191.76,3826900,184.91
2012-12-17,191.76,193.91,191.76,193.62,3792400,186.7
2012-12-18,193.85,195.92,193.84,195.69,4125900,188.7
2012-12-19,195.46,196.45,195,195.08,4270500,188.11
2012-12-20,194.47,194.95,193.16,194.77,4184500,187.81
2012-12-21,193.1,194.5,191.57,193.42,8225300,186.51
2012-12-24,193.05,193.83,192.02,192.4,1631200,185.52
2012-12-26,192.21,193.53,190.95,191.95,2776500,185.09
2012-12-27,191.53,193.28,190.7,192.71,3967600,185.82
2012-12-28,191.11,192.22,189.83,189.83,3536600,183.05
2012-12-31,189.23,191.68,188.84,191.55,4684900,184.71
2013-01-02,194.09,196.35,193.8,196.35,4234100,189.33
2013-01-03,195.67,196.29,194.44,195.27,3644700,188.29
2013-01-04,194.19,194.46,192.78,193.99,3380200,187.06
2013-01-07,193.4,193.78,192.34,193.14,2862300,186.24
2013-01-08,192.92,193.3,191.6,192.87,3026900,185.98
2013-01-09,193.48,193.49,191.65,192.32,3212000,185.45
2013-01-10,192.65,192.96,191.28,192.88,3608100,185.99
2013-01-11,194.15,195,192.9,194.45,3880400,187.5
2013-01-14,192.82,193.28,191.75,192.62,4172200,185.74
2013-01-15,191.31,192.73,190.39,192.5,4172100,185.62
2013-01-16,192,193.18,191.35,192.59,2962900,185.71
2013-01-17,193.85,194.46,193.24,193.65,3881600,186.73
2013-01-18,194.03,195,193.8,194.47,4559600,187.52
2013-01-22,194.36,196.08,194.01,196.08,7172300,189.07
2013-01-23,203.5,208.58,203.36,204.72,12530500,197.4
2013-01-24,203.91,205.06,203.08,204.42,4447200,197.12
2013-01-25,204.45,205.18,204.13,204.97,3358900,197.65
2013-01-28,204.85,206.22,204.29,204.93,2823700,197.61
2013-01-29,204.34,205.73,203.64,203.9,3617100,196.61
2013-01-30,203.69,204.88,203.19,203.52,2998400,196.25
2013-01-31,203.32,204.47,202.96,203.07,3091400,195.81
2013-02-01,204.65,205.35,203.84,205.18,3370700,197.85
2013-02-04,204.19,205.02,203.57,203.79,3188800,196.51
2013-02-05,204.31,204.75,202.51,202.79,3636900,195.54
2013-02-06,200.39,201.29,199.56,201.02,3624200,194.65
2013-02-07,200.62,200.91,198.68,199.74,3076700,193.41
2013-02-08,199.97,202.09,199.68,201.68,2893300,195.29
2013-02-11,200.98,201.95,199.75,200.16,2944700,193.82
2013-02-12,200.01,200.74,199.02,200.04,2461800,193.7
2013-02-13,200.65,200.95,199.57,200.09,2169800,193.75
2013-02-14,199.73,200.32,199.26,199.65,3294200,193.33
2013-02-15,199.98,201.25,199.82,200.98,3627800,194.61
2013-02-19,200.6,201.89,200.22,200.32,2998300,193.97
2013-02-20,200.62,201.72,198.86,199.31,3715400,193
2013-02-21,198.63,199.07,198.11,198.33,3922900,192.05
2013-02-22,199.23,201.09,198.84,201.09,3107900,194.72
2013-02-25,201.67,202.49,197.51,197.51,3844800,191.25
2013-02-26,198.63,199.9,197.84,199.14,3391600,192.83
2013-02-27,198.89,202.75,198.6,202.33,4185100,195.92
2013-02-28,202.18,203.12,200.79,200.83,4689200,194.47
2013-03-01,200.65,202.94,199.36,202.91,3308300,196.48
2013-03-04,202.59,205.19,202.55,205.19,3693400,198.69
2013-03-05,205.86,207.7,205.69,206.53,3807800,199.99
2013-03-06,207.03,208.49,206.66,208.38,3594800,201.78
2013-03-07,208.29,209.6,208.24,209.42,3884400,202.79
2013-03-08,209.85,210.74,209.43,210.38,3700500,203.72
2013-03-11,210.04,210.2,209.04,210.08,3049700,203.43
2013-03-12,209.4,210.73,209.09,210.55,3591600,203.88
2013-03-13,210.2,212.36,209.77,212.06,3355900,205.34
2013-03-14,212.15,215.86,212.15,215.8,5505500,208.96
2013-03-15,215.38,215.9,213.41,214.92,7930300,208.11
2013-03-18,212.9,214.5,212.64,213.21,3006000,206.46
2013-03-19,214.13,215.12,211.83,213.44,3198600,206.68
2013-03-20,214.76,215.82,214.3,215.06,3019000,208.25
2013-03-21,212.96,213,210.11,212.26,5830400,205.54
2013-03-22,212.21,213.17,211.62,212.08,3031500,205.36
2013-03-25,212.54,212.81,210.05,210.74,3242500,204.06
2013-03-26,211.77,212.5,211.5,212.36,2300300,205.63
2013-03-27,210.96,212.16,210.1,210.89,3223400,204.21
2013-03-28,209.83,213.44,209.74,213.3,3749900,206.54
2013-04-01,212.8,213.5,211.25,212.38,2144500,205.65
2013-04-02,212.92,214.71,211.57,214.36,3116800,207.57
2013-04-03,214.32,214.89,212.63,212.66,3128800,205.92
2013-04-04,212.77,212.93,210.04,211.31,3709500,204.62
2013-04-05,209.1,209.84,206.34,209.41,4148000,202.78
2013-04-08,209.07,209.32,207.33,209.32,2351200,202.69
2013-04-09,209.56,210,208.61,209.22,2577300,202.59
2013-04-10,211.86,212.51,210.47,212,3524200,205.28
2013-04-11,211.5,213.09,210.85,212.92,3655600,206.18
2013-04-12,210.79,211.49,209.78,211.38,3165400,204.68
2013-04-15,210.44,211.69,209.26,209.26,4218100,202.63
2013-04-16,210.84,212,209.2,212,2859500,205.28
2013-04-17,210.53,211.09,209.5,209.67,3269800,203.03
2013-04-18,210.11,210.25,206.15,207.15,6502000,200.59
2013-04-19,195.74,196.5,189.76,190,18847000,183.98
2013-04-22,191.15,191.38,187.68,187.83,9845400,181.88
2013-04-23,189.27,192.55,188.61,191.61,6296100,185.54
2013-04-24,192.16,192.5,191.09,191.71,3693900,185.64
2013-04-25,192.69,195.17,192.32,193.95,4650900,187.81
2013-04-26,194.16,194.71,193.25,194.31,3490300,188.16
2013-04-29,194.78,199.68,194.65,199.15,5932400,192.84
2013-04-30,199.13,202.59,197.35,202.54,7539900,196.12
2013-05-01,201.87,202.17,199.2,199.63,4899100,193.31
2013-05-02,200.12,202.43,199.75,202.39,3945100,195.98
2013-05-03,203.94,205.32,203.75,204.51,4492700,198.03
2013-05-06,203.79,203.99,201.52,202.78,4826500,196.36
2013-05-07,202.81,203.73,201.65,203.63,3451000,197.18
2013-05-08,202.94,204.85,202.51,204.82,3601700,199.26
2013-05-09,204.69,205,202.72,203.24,3542300,197.72
2013-05-10,203.37,204.53,202.82,204.47,3279200,198.92
2013-05-13,204.18,204.47,202.22,202.47,3648400,196.98
2013-05-14,202.09,203.67,202.08,203.21,3699700,197.7
2013-05-15,202.25,203.68,202.04,203.32,4028100,197.8
2013-05-16,204,206.59,204,204.69,4507000,199.14
2013-05-17,205.25,209.5,204.99,208.44,5704100,202.78
2013-05-20,208.02,209.15,207.42,207.6,3614500,201.97
2013-05-21,207.24,209.48,207,208.65,2982900,202.99
2013-05-22,208.5,210.15,206.12,206.99,5186800,201.37
2013-05-23,205.48,208.61,205.13,206.16,5179100,200.57
2013-05-24,204.69,206.43,204.42,205.72,3295800,200.14
2013-05-28,207.44,208.59,207.16,207.78,4011500,202.14
2013-05-29,206.22,208.42,206.04,207.92,3439400,202.28
2013-05-30,206.97,210.99,206.97,209.36,4399700,203.68
2013-05-31,208.59,211.98,208.02,208.02,4949000,202.38
2013-06-03,208.25,210.05,207.33,208.95,3322000,203.28
2013-06-04,208.6,209,205.08,206.19,3598300,200.59
2013-06-05,205.16,206.29,202.4,202.74,4215400,197.24
2013-06-06,203,204.2,201.47,203.8,3679400,198.27
2013-06-07,204.85,206.35,204.11,206.35,2953400,200.75
2013-06-10,206.97,206.98,204.9,205.02,2652300,199.46
2013-06-11,203.17,205.95,202.51,203.98,2814400,198.44
2013-06-12,204.59,205.23,200.51,201.2,3409800,195.74
2013-06-13,201.01,204.4,200.34,203.77,2899500,198.24
2013-06-14,203.97,204.74,201.81,202.2,2804500,196.71
2013-06-17,203.44,205.17,202.55,203.04,3219900,197.53
2013-06-18,203.02,206.09,202.87,204.87,3277800,199.31
2013-06-19,204.44,205.03,201.93,201.94,2846100,196.46
2013-06-20,200.67,201.7,197.28,197.35,4514800,191.99
2013-06-21,198.5,198.52,193.54,195.46,8914800,190.16
2013-06-24,193.99,194.91,191.34,193.54,4356200,188.29
2013-06-25,195.31,195.59,193.15,194.98,3846200,189.69
2013-06-26,195.97,196.23,194.5,194.86,3320200,189.57
2013-06-27,196.05,196.9,195.29,195.65,3514200,190.34
2013-06-28,191.73,192.66,188.41,191.11,10055800,185.92
2013-07-01,192.15,193.8,191.12,191.28,4442400,186.09
2013-07-02,190.78,193.23,190.26,191.5,3657700,186.3
2013-07-03,190.98,194.22,190.51,193.25,1872600,188.01
2013-07-05,194.49,195.16,192.35,194.93,2405400,189.64
2013-07-08,195.6,195.78,194.61,194.98,2947500,189.69
2013-07-09,191.88,192.8,190.78,191.3,5204200,186.11
2013-07-10,191.51,193.43,191.27,192.25,3892000,187.03
2013-07-11,193.78,194.11,192.61,192.8,4177500,187.57
2013-07-12,193.07,193.7,191.59,192.07,4494700,186.86
2013-07-15,192.42,194.89,191.68,194,5674700,188.74
2013-07-16,194.04,194.58,192.68,193.85,3745300,188.59
2013-07-17,194.72,194.89,193.03,194.55,6868400,189.27
2013-07-18,198.27,200.94,195.99,197.99,8393400,192.62
2013-07-19,197.91,197.99,193.24,193.54,6997600,188.29
2013-07-22,193.4,195.79,193.28,194.09,3398000,188.82
2013-07-23,194.21,196.43,194.1,194.98,2863800,189.69
2013-07-24,195.95,197.3,195.86,196.61,2957900,191.27
2013-07-25,196.3,197.83,195.66,197.22,3014300,191.87
2013-07-26,196.59,197.37,195,197.35,2485100,191.99
2013-07-29,196.83,197.19,195.53,196.21,2113700,190.89
2013-07-30,196.99,197.83,195.81,196.01,2663200,190.69
2013-07-31,194.49,196.91,194.49,195.04,3810000,189.75
2013-08-01,196.65,197.17,195.41,195.81,2877700,190.5
2013-08-02,195.5,195.5,193.22,195.16,3874000,189.86
2013-08-05,195.16,195.88,194.35,195.5,2490900,190.19
2013-08-06,192.26,192.51,190.27,190.99,5938500,185.81
2013-08-07,189.6,189.93,188.05,188.56,3901700,184.36
2013-08-08,189.45,189.87,186.79,187.93,4547600,183.74
2013-08-09,188,189.16,187,187.82,3249600,183.64
2013-08-12,186.97,189.56,186.89,189.09,3026500,184.88
2013-08-13,189.54,189.99,187.56,188.42,3542900,184.22
2013-08-14,188.58,188.93,187.3,187.53,2892300,183.35
2013-08-15,186.23,187,185.45,185.79,3692400,181.65
2013-08-16,185.54,186.46,185.34,185.34,3426400,181.21
2013-08-19,185.3,186.5,183.98,184.23,3248900,180.13
2013-08-20,184.37,185.63,183.17,184.56,3117800,180.45
2013-08-21,184.67,186.57,184.28,184.86,3551000,180.74
2013-08-22,185.65,186.25,184.25,185.19,2354300,181.07
2013-08-23,185.34,185.74,184.57,185.42,2292700,181.29
2013-08-26,185.27,187,184.68,184.74,2170400,180.63
2013-08-27,183.63,184.5,182.57,182.74,3190700,178.67
2013-08-28,182.68,183.47,181.1,182.16,3979200,178.1
2013-08-29,181.96,183.7,181.44,182.64,2980900,178.57
2013-08-30,182.75,182.99,181.51,182.27,2731000,178.21
2013-09-03,183.63,184.32,182.51,183.96,3487200,179.86
2013-09-04,183.58,184.19,182.31,183.13,2597900,179.05
2013-09-05,183.35,185,183.07,184.15,2867600,180.05
2013-09-06,184.65,184.99,182.65,183.03,2903500,178.95
2013-09-09,183.68,185.49,183.31,184.98,3017200,180.86
2013-09-10,187.2,187.65,186.37,186.6,3149600,182.44
2013-09-11,186.83,190.87,186.82,190.7,4962900,186.45
2013-09-12,190.96,191.32,189.85,190.73,3354800,186.48
2013-09-13,191.21,193.1,191,192.17,3710400,187.89
2013-09-16,193.7,194.81,192.61,193.15,3902400,188.85
2013-09-17,193.42,194.15,191.83,192.16,2930900,187.88
2013-09-18,192.6,194.89,192,194.42,3841800,190.09
2013-09-19,194.18,194.89,193.22,193.39,3178100,189.08
2013-09-20,193.96,194.43,190.02,190.02,8525900,185.79
2013-09-23,190.06,192.41,189.33,190.99,3340800,186.74
2013-09-24,190.93,191.56,189.66,189.97,3085300,185.74
2013-09-25,190.14,190.62,188.5,189.47,2654500,185.25
2013-09-26,190.1,191.76,189.46,190.22,2093600,185.98
2013-09-27,188.87,188.94,186.45,186.92,3905500,182.76
2013-09-30,185.56,186.74,184.34,185.18,3978200,181.06
2013-10-01,185.34,186.65,184.65,186.38,2681200,182.23
2013-10-02,185.54,186.31,184.41,184.96,3617100,180.84
2013-10-03,184.7,184.96,183,183.86,3211800,179.76
2013-10-04,184.17,185.13,183.58,184.1,2863600,180
2013-10-07,181.85,183.31,181.85,182.01,3966400,177.96
2013-10-08,181.89,181.99,178.71,178.72,5578300,174.74
2013-10-09,179.37,181.67,179.1,181.32,4423500,177.28
2013-10-10,183.17,184.77,182.36,184.77,3658900,180.65
2013-10-11,185.25,186.23,184.12,186.16,3232600,182.01
2013-10-14,185.41,186.99,184.42,186.97,2663100,182.81
2013-10-15,185.74,185.94,184.22,184.66,3365100,180.55
2013-10-16,185.42,186.73,184.99,186.73,6718000,182.57
2013-10-17,173.84,177,172.57,174.83,22368900,170.94
2013-10-18,174.8,175,173.25,173.78,10548000,169.91
2013-10-21,174.42,174.75,172.63,172.86,7098700,169.01
2013-10-22,173.35,175.57,172.95,174.97,6977300,171.07
2013-10-23,175.09,175.99,174.4,175.77,5409400,171.86
2013-10-24,176.43,177.89,176.25,177.8,5533300,173.84
2013-10-25,178.43,179.1,176.26,176.85,4842800,172.91
2013-10-28,177.04,177.89,176.2,177.35,3712700,173.4
2013-10-29,177.62,182.32,177.5,182.12,8904600,178.06
2013-10-30,181.69,182.18,179.86,180.15,5273700,176.14
2013-10-31,179.65,181.67,179.04,179.21,4318100,175.22
2013-11-01,179.81,180.34,178.88,179.23,3644500,175.24
2013-11-04,179.9,180.8,179.34,180.27,3483300,176.25
2013-11-05,179.54,179.8,177.71,177.85,6096800,173.89
2013-11-06,177.91,179.75,177.78,179.19,4560700,176.14
2013-11-07,179.6,181.39,179.6,180,5219500,176.94
2013-11-08,178.83,180.08,177.35,179.99,6275000,176.93
2013-11-11,180.19,183.39,180.04,182.88,5222300,179.77
2013-11-12,182.53,184.05,182.26,183.07,4258500,179.95
2013-11-13,182.27,183.55,181.59,183.55,4704400,180.43
2013-11-14,180.48,183.2,179.66,182.21,6321500,179.11
2013-11-15,182.38,183.28,181.16,183.19,5176100,180.07
2013-11-18,183.52,184.99,183.27,184.47,5344900,181.33
2013-11-19,184.63,186.2,184.15,185.25,4577000,182.1
2013-11-20,185.22,186.24,184.65,185.19,3645800,182.04
2013-11-21,185.54,185.75,183.41,184.13,4459500,181
2013-11-22,183.5,184.99,179.92,181.3,7610200,178.21
2013-11-25,180.25,180.75,177.82,178.94,7161900,175.89
2013-11-26,178.67,178.94,177.31,177.31,5756000,174.29
2013-11-27,177.83,180.18,177.82,178.97,4596500,175.92
2013-11-29,179.21,180.76,179,179.68,2870500,176.62
2013-12-02,179.46,179.59,177.12,177.48,4560000,174.46
2013-12-03,177,178.23,175.64,176.08,5864000,173.08
2013-12-04,175.37,177.5,175.16,175.74,5267400,172.75
2013-12-05,176.15,176.86,175.28,176.08,4384900,173.08
2013-12-06,176.7,178,176.01,177.67,4739800,174.65
2013-12-09,177.99,178.15,176.83,177.46,3796600,174.44
2013-12-10,176.9,177.67,176.06,177.12,4127800,174.1
2013-12-11,177,177.76,175.1,175.2,4090400,172.22
2013-12-12,175.06,175.8,173.3,173.37,5671600,170.42
2013-12-13,173.52,174.38,172.73,172.8,4184400,169.86
2013-12-16,173.22,178.35,172.73,177.85,7517000,174.82
2013-12-17,177.36,177.49,175.12,175.76,5471900,172.77
2013-12-18,176.45,178.74,174.85,178.7,5697700,175.66
2013-12-19,177.88,180.54,177.88,180.22,5927000,177.15
2013-12-20,180.12,182,180.02,180.02,7653500,176.96
2013-12-23,181.05,182.93,180.61,182.23,4079900,179.13
2013-12-24,181.96,183.5,181.91,183.22,1613600,180.1
2013-12-26,183.56,185.56,183.51,185.35,3325700,182.19
2013-12-27,185.84,186.5,184.56,185.08,3381600,181.93
2013-12-30,185.32,186.7,184.67,186.41,3018600,183.24
2013-12-31,186.49,187.79,186.3,187.57,3619700,184.38
2014-01-02,187.21,187.4,185.2,185.53,4546500,182.37
2014-01-03,185.83,187.35,185.3,186.64,4063200,183.46
2014-01-06,187.15,187.36,185.3,186,4067800,182.83
2014-01-07,186.39,190.35,186.38,189.71,5932300,186.48
2014-01-08,189.33,189.42,187.26,187.97,4603700,184.77
2014-01-09,189.02,189.5,186.55,187.38,4321300,184.19
2014-01-10,188.31,188.57,186.28,187.26,4022400,184.07
2014-01-13,186.26,186.95,183.86,184.16,5784700,181.03
2014-01-14,185.06,186.43,183.88,185.92,4619200,182.76
2014-01-15,185.82,188.65,185.49,187.74,4816500,184.54
2014-01-16,187.53,188.99,186.8,188.76,4770300,185.55
2014-01-17,188.04,190.81,187.86,190.09,7644600,186.85
2014-01-21,190.23,190.39,186.79,188.43,11076300,185.22
2014-01-22,181.28,183.5,179.67,182.25,13796100,179.15
2014-01-23,181.43,183.72,180.71,182.73,6973900,179.62
2014-01-24,181.25,182.81,179.64,179.64,6890600,176.58
2014-01-27,179.61,179.65,177.66,177.9,5208600,174.87
2014-01-28,178.05,178.45,176.16,176.85,5333300,173.84
2014-01-29,175.98,178.53,175.89,176.4,4970900,173.4
2014-01-30,177.17,177.86,176.36,177.36,4853700,174.34
2014-01-31,176.11,177.84,175.34,176.68,5193400,173.67
2014-02-03,176.02,176.02,172.72,172.9,7186800,169.96
2014-02-04,173.53,173.75,172.36,172.84,4349800,169.9
2014-02-05,172.19,174.97,172.19,174.24,4712300,171.27
2014-02-06,173.97,174.85,173.79,174.67,4292200,172.64
2014-02-07,175.64,177.56,175.07,177.25,4692900,175.19
2014-02-10,176.97,177.65,176.25,177.14,3540400,175.08
2014-02-11,176.81,180.39,176.8,179.7,4647300,177.61
2014-02-12,179.52,181.25,179.26,180.24,3983000,178.14
2014-02-13,178.22,182.36,177.86,181.84,4482000,179.72
2014-02-14,181.26,184.43,180.99,183.69,4659900,181.55
2014-02-18,183.18,184,182.32,183.19,4435200,181.06
2014-02-19,182.74,185.65,182.41,182.95,4671500,180.82
2014-02-20,182.96,184.86,182.79,184.26,4968200,182.12
2014-02-21,184.25,185.71,182.62,182.79,5699300,180.66
2014-02-24,182.82,185.16,182.82,183.45,4595300,181.32
2014-02-25,183.52,184.6,182.88,183.23,3902300,181.1
2014-02-26,183.94,185.28,183.56,184.06,3740700,181.92
2014-02-27,183.83,185.95,183.81,185.27,3827800,183.11
2014-02-28,185.38,186.12,183.65,185.17,4667900,183.02
2014-03-03,183.33,184.64,182.82,184.26,3950100,182.12
2014-03-04,185.81,187.16,185.68,186.44,4733000,184.27
2014-03-05,186.57,187.95,186.4,187.14,3485200,184.96
2014-03-06,187.37,188.39,186.9,187.64,3817300,185.46
2014-03-07,188.35,188.92,187.18,187.68,4117800,185.5
2014-03-10,187.55,188.37,185.85,186.39,4591200,184.22
2014-03-11,187.41,188.45,186.04,186.76,4229500,184.59
2014-03-12,186.01,187.45,185.89,186.22,4833000,184.05
2014-03-13,186.41,187,183.71,183.9,4913200,181.76
2014-03-14,183.89,184.29,182.21,182.21,5490300,180.09
2014-03-17,182.66,186.35,182.66,185.81,4938100,183.65
2014-03-18,185.99,187.9,185.54,186.81,3961300,184.64
2014-03-19,185.6,186.7,183.5,184.71,4323900,182.56
2014-03-20,184.47,188.26,184.17,187.9,5062600,185.71
2014-03-21,188.5,188.7,186.4,186.67,12535200,184.5
2014-03-24,187.43,189.44,187.37,188.25,5738500,186.06
2014-03-25,188.76,195.4,188.7,195.04,10912700,192.77
2014-03-26,194.98,195.63,191.96,192.62,6851700,190.38
2014-03-27,191.91,192.67,189.32,189.83,6767700,187.62
2014-03-28,189.94,192.62,189.11,190.45,5194400,188.23
2014-03-31,191.64,193.77,191.4,192.49,8537300,190.25
2014-04-01,193.12,195.13,192.78,194.5,5394100,192.24
2014-04-02,194.24,194.5,192.49,193.55,4924100,191.3
2014-04-03,193.2,193.38,192.35,192.69,4091100,190.45
2014-04-04,193.12,193.97,191.28,191.77,6089900,189.54
2014-04-07,191.72,195.31,191.57,194.52,6740500,192.26
2014-04-08,193.89,194.17,192.69,193.29,5125000,191.04
2014-04-09,193.88,197,193.6,196.64,5480100,194.35
2014-04-10,196.06,199.21,195.66,195.68,8417900,193.4
2014-04-11,195.04,197,194.27,195.19,4835000,192.92
2014-04-14,196.24,198.24,195.88,197.77,5431100,195.47
2014-04-15,195.98,197.41,195.42,197.02,5351300,194.73
2014-04-16,198.05,198.71,195,196.4,8527300,194.12
2014-04-17,187.25,190.7,187.01,190.01,11255500,187.8
2014-04-21,189.8,192.81,189.74,192.27,5419700,190.03
2014-04-22,192.01,193,191.2,192.15,3878600,189.91
2014-04-23,191.79,192.41,190.11,191.73,4736400,189.5
2014-04-24,192.22,192.22,190.03,190.22,4407100,188.01
2014-04-25,190.54,190.67,189.11,189.63,3871000,187.42
2014-04-28,191.14,193.99,190.58,193.14,5638300,190.89
2014-04-29,193.59,195.94,193.41,195.11,4626300,192.84
2014-04-30,194.38,196.86,194.35,196.47,4206800,194.18
2014-05-01,196.31,196.74,193.15,193.53,3674000,191.28
2014-05-02,193.75,193.84,191.25,191.44,3049900,189.21
2014-05-05,191.05,191.49,189.8,191.26,2222100,189.03
2014-05-06,190.93,190.95,189.25,190.03,3188700,187.82
2014-05-07,189.34,190.3,186.93,189.3,3821000,188.19
2014-05-08,189.16,190.57,188.23,188.91,2431900,187.8
2014-05-09,188.98,190.59,188.37,190.08,2261600,188.96
2014-05-12,191.12,193.02,190.94,192.57,3777400,191.44
2014-05-13,192.79,193.03,191.76,192.19,2226600,191.06
2014-05-14,191.91,191.99,188.17,188.72,5251500,187.61
2014-05-15,189.07,189.08,186.18,186.46,4202200,185.36
2014-05-16,186.27,187.41,185.93,187.06,3949500,185.96
2014-05-19,186.61,187.13,186.04,187,3270700,185.9
2014-05-20,186.25,186.7,184.7,184.89,3026500,183.8
2014-05-21,185.85,187.16,184.95,186.39,2988000,185.29
2014-05-22,186.45,186.45,185.03,185.68,2218000,184.59
2014-05-23,185.84,186.14,185.31,185.94,2562900,184.85
2014-05-27,184.8,185.65,183.93,184.78,4793800,183.69
2014-05-28,184.48,184.88,182.94,183.08,3721600,182
2014-05-29,183.64,183.78,182.33,183.76,2759900,182.68
2014-05-30,183.38,184.57,182.49,184.36,4620500,183.28
2014-06-02,184.76,186.28,184.67,185.69,3200500,184.6
2014-06-03,185.55,185.76,184.12,184.37,2517100,183.29
2014-06-04,184.71,185.45,184.2,184.51,2376800,183.43
2014-06-05,184.66,186.09,183.92,185.98,2852200,184.89
2014-06-06,186.47,187.65,185.9,186.37,3296700,185.27
2014-06-09,186.22,187.64,185.96,186.22,2728400,185.13
2014-06-10,186.2,186.22,183.82,184.29,4154900,183.21
2014-06-11,183.61,184.2,182.01,182.25,4061700,181.18
2014-06-12,182.48,182.55,180.91,181.22,4425300,180.15
2014-06-13,182,183,181.52,182.56,2773600,181.49
2014-06-16,182.4,182.71,181.24,182.35,3556200,181.28
2014-06-17,181.9,182.81,181.56,182.26,2460900,181.19
2014-06-18,182.04,183.61,181.79,183.6,3931800,182.52
2014-06-19,184.12,184.47,182.36,182.82,3551100,181.75
2014-06-20,182.59,182.67,181.4,181.55,10686800,180.48
2014-06-23,181.92,182.25,181,182.14,3231700,181.07
2014-06-24,181.5,183,180.65,180.88,3875400,179.82
2014-06-25,180.25,180.97,180.06,180.72,2762800,179.66
2014-06-26,180.87,181.37,179.27,180.37,3258500,179.31
2014-06-27,179.77,182.46,179.66,181.71,4575500,180.64
2014-06-30,181.33,181.93,180.26,181.27,4223800,180.2
2014-07-01,181.7,187.27,181.7,186.35,6643100,185.25
2014-07-02,186.34,188.99,186.17,188.39,5093000,187.28
2014-07-03,188.39,188.81,187.35,188.53,2422400,187.42
2014-07-07,187.61,188.27,187.44,188.04,2958700,186.93
2014-07-08,187.65,188.08,186.37,187.22,3135100,186.12
2014-07-09,187.68,188.9,186.89,188.42,3309600,187.31
2014-07-10,186.44,188.05,186.21,187.7,3177800,186.6
2014-07-11,187.73,188.35,186.71,188,2402500,186.89
2014-07-14,188.55,190.44,188.53,189.86,4501100,188.74
2014-07-15,189.54,190.08,188.21,188.49,4864700,187.38
2014-07-16,192.24,193.36,190.76,192.36,7812600,191.23
2014-07-17,192.36,195.95,192,192.49,8872300,191.36
2014-07-18,191.96,193.44,190,192.5,8166400,191.37
2014-07-21,191.3,191.7,189.25,190.85,4154400,189.73
2014-07-22,191.59,194.72,191.56,194.09,4853000,192.95
2014-07-23,194.11,194.9,193.57,193.63,3584200,192.49
2014-07-24,193.95,195.62,193.75,195.24,3612700,194.09
2014-07-25,195.3,195.9,193.79,194.4,3376400,193.26
2014-07-28,194.3,196.4,193.65,195.78,3242400,194.63
2014-07-29,195.3,195.89,194.54,194.57,3264100,193.43
2014-07-30,195.2,195.99,192.9,194,3943800,192.86
2014-07-31,192.84,194.29,191.54,191.67,4207500,190.54
2014-08-01,190.5,191.5,188.86,189.15,5181100,188.04
2014-08-04,189.35,189.95,188.6,189.64,2125900,188.53
2014-08-05,188.75,189.2,186.44,187.1,3307900,186
2014-08-06,185.36,186.88,184.44,185.97,3847000,185.97
2014-08-07,186.64,186.68,183.58,184.3,2708600,184.3
2014-08-08,184.4,186.67,183.58,186.63,2781500,186.63
2014-08-11,187.81,188.36,186.28,187.47,2527200,187.47
2014-08-12,187.45,188.69,186.81,187.34,1858600,187.34
2014-08-13,188,188.48,187.37,187.95,1795000,187.95
