Date,1M ,2M,3M
7/9/2014,3.16,3.45,3.57
7/8/2014,3.15,3.45,3.57
7/7/2014,3.15,3.45,3.56
7/4/2014,3.15,3.45,3.56
7/3/2014,3.15,3.45,3.56
7/2/2014,3.15,3.44,3.56
7/1/2014,3.15,3.44,3.55
6/30/2014,3.15,3.44,3.55
6/27/2014,3.15,3.43,3.54
6/26/2014,3.15,3.42,3.54
6/25/2014,3.15,3.42,3.54
6/24/2014,3.15,3.42,3.53
6/23/2014,3.15,3.42,3.53
6/20/2014,3.15,3.41,3.52
6/19/2014,3.15,3.41,3.52
6/18/2014,3.15,3.41,3.52
6/17/2014,3.15,3.41,3.52
6/16/2014,3.15,3.41,3.52
6/13/2014,3.15,3.4,3.52
6/12/2014,3.15,3.4,3.51
6/11/2014,3.15,3.4,3.51
6/10/2014,3.15,3.39,3.51
6/9/2014,3.15,3.39,3.5
6/6/2014,3.15,3.38,3.49
6/5/2014,3.15,3.38,3.49
6/4/2014,3.15,3.38,3.49
6/3/2014,3.15,3.37,3.49
6/2/2014,3.15,3.36,3.48
5/30/2014,3.15,3.36,3.48
5/29/2014,3.15,3.35,3.47
5/28/2014,3.15,3.34,3.46
5/27/2014,3.15,3.32,3.45
5/26/2014,3.15,3.32,3.44
5/23/2014,3.15,3.32,3.44
5/22/2014,3.15,3.31,3.43
5/21/2014,3.15,3.31,3.43
5/20/2014,3.15,3.3,3.42
5/19/2014,3.15,3.3,3.41
5/16/2014,3.14,3.3,3.4
5/15/2014,3.15,3.3,3.4
5/14/2014,3.15,3.3,3.4
5/13/2014,3.15,3.3,3.39
5/12/2014,3.15,3.3,3.39
5/9/2014,3.15,3.3,3.39
5/8/2014,3.15,3.3,3.38
5/7/2014,3.15,3.3,3.38
5/6/2014,3.15,3.3,3.38
5/5/2014,3.15,3.29,3.38
5/2/2014,3.15,3.29,3.38
5/1/2014,3.15,3.29,3.38
4/30/2014,3.15,3.29,3.38
4/29/2014,3.15,3.29,3.37
4/28/2014,3.15,3.29,3.37
4/25/2014,3.15,3.29,3.37
4/24/2014,3.15,3.29,3.36
4/23/2014,3.15,3.29,3.36
4/22/2014,3.15,3.29,3.36
4/21/2014,3.15,3.29,3.36
4/18/2014,3.15,3.29,3.35
4/17/2014,3.15,3.29,3.35
4/16/2014,3.15,3.29,3.35
4/15/2014,3.15,3.29,3.34
4/14/2014,3.15,3.28,3.34
4/11/2014,3.15,3.28,3.34
4/10/2014,3.15,3.28,3.34
4/9/2014,3.15,3.28,3.33
4/8/2014,3.15,3.28,3.33
4/7/2014,3.15,3.28,3.33
4/4/2014,3.15,3.28,3.33
4/3/2014,3.15,3.28,3.33
4/2/2014,3.15,3.27,3.33
4/1/2014,3.15,3.27,3.33
3/31/2014,3.15,3.27,3.33
3/28/2014,3.15,3.27,3.33
3/27/2014,3.15,3.27,3.33
3/26/2014,3.15,3.27,3.33
3/25/2014,3.15,3.27,3.32
3/24/2014,3.15,3.27,3.32
3/21/2014,3.15,3.27,3.32
3/20/2014,3.15,3.27,3.32
3/19/2014,3.15,3.27,3.32
3/18/2014,3.15,3.27,3.32
3/17/2014,3.15,3.26,3.31
3/14/2014,3.15,3.26,3.31
3/13/2014,3.15,3.26,3.31
3/12/2014,3.15,3.26,3.31
3/11/2014,3.15,3.26,3.31
3/10/2014,3.15,3.26,3.31
3/7/2014,3.15,3.26,3.31
3/6/2014,3.15,3.26,3.31
3/5/2014,3.15,3.26,3.31
3/4/2014,3.15,3.26,3.31
3/3/2014,3.15,3.26,3.31
2/28/2014,3.15,3.26,3.31
2/27/2014,3.14,3.26,3.31
2/26/2014,3.14,3.26,3.31
2/25/2014,3.14,3.26,3.3
2/24/2014,3.14,3.26,3.3
2/21/2014,3.14,3.26,3.3
2/20/2014,3.14,3.26,3.3
2/19/2014,3.14,3.26,3.29
2/18/2014,3.14,3.26,3.29
2/17/2014,3.14,3.26,3.29
2/14/2014,3.14,3.26,3.29
2/13/2014,3.14,3.26,3.29
2/12/2014,3.14,3.26,3.29
2/11/2014,3.14,3.26,3.29
2/10/2014,3.14,3.26,3.29
2/7/2014,3.14,3.26,3.29
2/6/2014,3.14,3.26,3.29
2/5/2014,3.14,3.26,3.29
2/4/2014,3.15,3.26,3.29
2/3/2014,3.15,3.26,3.29
1/31/2014,3.15,3.26,3.29
1/30/2014,3.15,3.26,3.29
1/29/2014,3.15,3.26,3.29
1/28/2014,3.15,3.26,3.29
1/27/2014,3.15,3.26,3.29
1/24/2014,3.15,3.26,3.29
1/23/2014,3.15,3.26,3.29
1/22/2014,3.15,3.26,3.29
1/21/2014,3.15,3.26,3.29
1/20/2014,3.15,3.26,3.29
1/17/2014,3.15,3.26,3.29
1/16/2014,3.15,3.26,3.29
1/15/2014,3.15,3.26,3.29
1/14/2014,3.15,3.26,3.29
1/13/2014,3.15,3.26,3.29
1/10/2014,3.15,3.27,3.29
1/9/2014,3.15,3.27,3.29
1/8/2014,3.15,3.27,3.29
1/7/2014,3.15,3.27,3.29
1/6/2014,3.15,3.27,3.3
1/3/2014,3.15,3.27,3.3
1/2/2014,3.15,3.28,3.31
1/1/2014,3.16,3.29,3.32
12/31/2013,3.16,3.29,3.32
12/30/2013,3.16,3.28,3.31
12/27/2013,3.15,3.27,3.3
12/26/2013,3.15,3.25,3.29
12/25/2013,3.14,3.24,3.27
12/24/2013,3.14,3.24,3.27
12/23/2013,3.13,3.23,3.26
12/20/2013,3.13,3.22,3.25
12/19/2013,3.11,3.21,3.24
12/18/2013,3.11,3.2,3.24
12/17/2013,3.1,3.19,3.24
12/16/2013,3.1,3.19,3.23
12/13/2013,3.1,3.19,3.23
12/12/2013,3.1,3.18,3.23
12/11/2013,3.1,3.18,3.23
12/10/2013,3.1,3.18,3.22
12/9/2013,3.1,3.18,3.22
12/6/2013,3.1,3.18,3.22
12/5/2013,3.1,3.18,3.22
12/4/2013,3.1,3.18,3.22
12/3/2013,3.1,3.18,3.22
12/2/2013,3.1,3.18,3.22
11/29/2013,3.1,3.18,3.22
11/28/2013,3.1,3.18,3.22
11/27/2013,3.1,3.18,3.21
11/26/2013,3.1,3.18,3.21
11/25/2013,3.1,3.18,3.21
11/22/2013,3.1,3.18,3.21
11/21/2013,3.1,3.18,3.21
11/20/2013,3.1,3.18,3.21
11/19/2013,3.1,3.18,3.21
11/18/2013,3.1,3.18,3.21
11/15/2013,3.1,3.18,3.21
11/14/2013,3.1,3.18,3.21
11/13/2013,3.1,3.18,3.21
11/12/2013,3.1,3.18,3.21
11/11/2013,3.1,3.18,3.21
11/8/2013,3.1,3.18,3.21
11/7/2013,3.1,3.18,3.21
11/6/2013,3.1,3.18,3.21
11/5/2013,3.1,3.18,3.21
11/4/2013,3.1,3.18,3.21
11/1/2013,3.1,3.18,3.21
10/31/2013,3.1,3.18,3.21
10/30/2013,3.1,3.18,3.21
10/29/2013,3.1,3.18,3.21
10/28/2013,3.1,3.18,3.21
10/25/2013,3.1,3.18,3.21
10/24/2013,3.1,3.18,3.21
10/23/2013,3.1,3.18,3.21
10/22/2013,3.1,3.18,3.21
10/21/2013,3.1,3.18,3.21
10/18/2013,3.1,3.18,3.21
10/17/2013,3.1,3.18,3.21
10/16/2013,3.1,3.18,3.21
10/15/2013,3.1,3.18,3.21
10/14/2013,3.1,3.18,3.21
10/11/2013,3.1,3.18,3.21
10/10/2013,3.1,3.18,3.21
10/9/2013,3.1,3.17,3.21
10/8/2013,3.1,3.17,3.21
10/7/2013,3.1,3.17,3.21
10/4/2013,3.1,3.17,3.21
10/3/2013,3.1,3.17,3.21
10/2/2013,3.1,3.17,3.21
10/1/2013,3.1,3.17,3.21
9/30/2013,3.1,3.17,3.21
9/27/2013,3.1,3.17,3.21
9/26/2013,3.1,3.17,3.21
9/25/2013,3.1,3.17,3.2
9/24/2013,3.1,3.17,3.2
9/23/2013,3.1,3.17,3.2
9/20/2013,3.1,3.17,3.2
9/19/2013,3.1,3.17,3.2
9/18/2013,3.1,3.17,3.2
9/17/2013,3.1,3.17,3.2
9/16/2013,3.1,3.17,3.2
9/13/2013,3.1,3.17,3.2
9/12/2013,3.1,3.17,3.2
9/11/2013,3.1,3.17,3.2
9/10/2013,3.1,3.17,3.2
9/9/2013,3.1,3.17,3.2
9/6/2013,3.1,3.17,3.2
9/5/2013,3.1,3.17,3.2
9/4/2013,3.1,3.17,3.2
9/3/2013,3.1,3.17,3.2
9/2/2013,3.1,3.17,3.2
8/30/2013,3.1,3.17,3.2
8/29/2013,3.1,3.17,3.2
8/28/2013,3.1,3.17,3.2
8/27/2013,3.1,3.17,3.2
8/26/2013,3.1,3.17,3.2
8/23/2013,3.1,3.17,3.2
8/22/2013,3.1,3.17,3.2
8/21/2013,3.1,3.17,3.2
8/20/2013,3.1,3.17,3.2
8/19/2013,3.1,3.17,3.2
8/16/2013,3.1,3.17,3.2
8/15/2013,3.1,3.17,3.2
8/14/2013,3.1,3.17,3.2
8/13/2013,3.1,3.17,3.2
8/12/2013,3.1,3.17,3.2
8/9/2013,3.1,3.17,3.2
8/8/2013,3.1,3.17,3.2
8/7/2013,3.1,3.17,3.2
8/6/2013,3.1,3.17,3.2
8/5/2013,3.1,3.17,3.2
8/2/2013,3.1,3.17,3.2
8/1/2013,3.1,3.17,3.2
7/31/2013,3.1,3.17,3.2
7/30/2013,3.1,3.17,3.2
7/29/2013,3.1,3.17,3.2
7/26/2013,3.1,3.17,3.2
7/25/2013,3.1,3.17,3.2
7/24/2013,3.1,3.17,3.2
7/23/2013,3.1,3.17,3.2
7/22/2013,3.1,3.17,3.2
7/19/2013,3.1,3.17,3.2
7/18/2013,3.1,3.17,3.2
7/17/2013,3.1,3.17,3.2
7/16/2013,3.1,3.17,3.2
7/15/2013,3.1,3.17,3.2
7/12/2013,3.1,3.17,3.2
7/11/2013,3.1,3.17,3.2
7/10/2013,3.1,3.17,3.2
7/9/2013,3.1,3.17,3.2
7/8/2013,3.1,3.17,3.2
7/5/2013,3.1,3.17,3.2
7/4/2013,3.1,3.17,3.2
7/3/2013,3.1,3.17,3.2
7/2/2013,3.1,3.17,3.2
7/1/2013,3.1,3.17,3.2
6/28/2013,3.1,3.17,3.2
6/27/2013,3.1,3.17,3.2
6/26/2013,3.1,3.17,3.2
6/25/2013,3.1,3.17,3.2
6/24/2013,3.1,3.17,3.2
6/21/2013,3.1,3.17,3.2
6/20/2013,3.1,3.17,3.2
6/19/2013,3.1,3.17,3.2
6/18/2013,3.1,3.17,3.2
6/17/2013,3.1,3.17,3.2
6/14/2013,3.1,3.17,3.2
6/13/2013,3.1,3.17,3.21
6/12/2013,3.1,3.18,3.21
6/11/2013,3.1,3.18,3.21
6/10/2013,3.1,3.18,3.21
6/7/2013,3.1,3.18,3.21
6/6/2013,3.1,3.18,3.21
6/5/2013,3.1,3.18,3.21
6/4/2013,3.1,3.18,3.21
6/3/2013,3.1,3.18,3.21
5/31/2013,3.1,3.18,3.21
5/30/2013,3.1,3.18,3.21
5/29/2013,3.1,3.18,3.21
5/28/2013,3.1,3.18,3.21
5/27/2013,3.1,3.18,3.21
5/24/2013,3.1,3.18,3.21
5/23/2013,3.1,3.18,3.21
5/22/2013,3.1,3.18,3.21
5/21/2013,3.1,3.18,3.21
5/20/2013,3.1,3.18,3.21
5/17/2013,3.1,3.18,3.21
5/16/2013,3.1,3.18,3.21
5/15/2013,3.1,3.18,3.21
5/14/2013,3.1,3.18,3.21
5/13/2013,3.1,3.18,3.21
5/10/2013,3.1,3.18,3.21
5/9/2013,3.1,3.18,3.21
5/8/2013,3.1,3.18,3.21
5/7/2013,3.1,3.18,3.21
5/6/2013,3.1,3.18,3.21
5/3/2013,3.1,3.18,3.21
5/2/2013,3.1,3.18,3.21
5/1/2013,3.1,3.18,3.21
4/30/2013,3.1,3.18,3.21
4/29/2013,3.1,3.18,3.21
4/26/2013,3.1,3.18,3.21
4/25/2013,3.1,3.18,3.21
4/24/2013,3.1,3.18,3.21
4/23/2013,3.1,3.18,3.21
4/22/2013,3.1,3.18,3.21
4/19/2013,3.1,3.18,3.21
4/18/2013,3.1,3.18,3.21
4/17/2013,3.1,3.18,3.21
4/16/2013,3.1,3.18,3.21
4/15/2013,3.1,3.18,3.21
4/12/2013,3.1,3.18,3.21
4/11/2013,3.1,3.18,3.21
4/10/2013,3.1,3.18,3.21
4/9/2013,3.1,3.18,3.21
4/8/2013,3.1,3.18,3.21
4/5/2013,3.1,3.18,3.21
4/4/2013,3.1,3.18,3.21
4/3/2013,3.1,3.18,3.21
4/2/2013,3.1,3.18,3.21
4/1/2013,3.1,3.18,3.21
3/29/2013,3.1,3.18,3.21
3/28/2013,3.1,3.18,3.21
3/27/2013,3.1,3.18,3.21
3/26/2013,3.1,3.18,3.21
3/25/2013,3.1,3.18,3.21
3/22/2013,3.1,3.18,3.21
3/21/2013,3.1,3.18,3.21
3/20/2013,3.1,3.18,3.21
3/19/2013,3.1,3.18,3.21
3/18/2013,3.1,3.18,3.21
3/15/2013,3.1,3.18,3.21
3/14/2013,3.1,3.18,3.21
3/13/2013,3.1,3.18,3.21
3/12/2013,3.1,3.18,3.21
3/11/2013,3.1,3.18,3.21
3/8/2013,3.1,3.18,3.21
3/7/2013,3.1,3.18,3.21
3/6/2013,3.1,3.18,3.21
3/5/2013,3.1,3.18,3.21
3/4/2013,3.1,3.18,3.21
3/1/2013,3.1,3.18,3.21
2/28/2013,3.1,3.18,3.21
2/27/2013,3.1,3.18,3.21
2/26/2013,3.1,3.18,3.21
2/25/2013,3.1,3.18,3.21
2/22/2013,3.1,3.18,3.21
2/21/2013,3.1,3.18,3.21
2/20/2013,3.1,3.18,3.21
2/19/2013,3.1,3.18,3.21
2/18/2013,3.1,3.18,3.21
2/15/2013,3.1,3.18,3.21
2/14/2013,3.1,3.18,3.21
2/13/2013,3.1,3.18,3.21
2/12/2013,3.1,3.18,3.21
2/11/2013,3.1,3.18,3.21
2/8/2013,3.1,3.18,3.21
2/7/2013,3.1,3.18,3.21
2/6/2013,3.1,3.18,3.21
2/5/2013,3.1,3.18,3.21
2/4/2013,3.1,3.18,3.21
2/1/2013,3.1,3.18,3.21
1/31/2013,3.1,3.18,3.21
1/30/2013,3.1,3.18,3.21
1/29/2013,3.1,3.18,3.21
1/28/2013,3.1,3.18,3.21
1/25/2013,3.1,3.18,3.21
1/24/2013,3.1,3.18,3.21
1/23/2013,3.1,3.18,3.21
1/22/2013,3.1,3.18,3.21
1/21/2013,3.1,3.18,3.21
1/18/2013,3.1,3.18,3.21
1/17/2013,3.1,3.18,3.21
1/16/2013,3.1,3.18,3.21
1/15/2013,3.1,3.18,3.21
1/14/2013,3.1,3.18,3.21
1/11/2013,3.1,3.18,3.21
1/10/2013,3.1,3.18,3.21
1/9/2013,3.1,3.18,3.21
1/8/2013,3.1,3.18,3.21
1/7/2013,3.1,3.18,3.21
1/4/2013,3.1,3.18,3.21
1/3/2013,3.1,3.18,3.21
1/2/2013,3.1,3.18,3.21
1/1/2013,3.1,3.18,3.21
12/31/2012,3.1,3.18,3.21
12/28/2012,3.1,3.18,3.21
12/27/2012,3.1,3.18,3.21
12/26/2012,3.1,3.18,3.21
12/25/2012,3.1,3.18,3.21
12/24/2012,3.1,3.18,3.21
12/21/2012,3.1,3.17,3.21
12/20/2012,3.1,3.17,3.21
12/19/2012,3.1,3.17,3.21
12/18/2012,3.1,3.17,3.21
12/17/2012,3.1,3.17,3.21
12/14/2012,3.1,3.17,3.21
12/13/2012,3.1,3.17,3.21
12/12/2012,3.1,3.17,3.21
12/11/2012,3.1,3.17,3.21
12/10/2012,3.1,3.17,3.21
12/7/2012,3.1,3.17,3.21
12/6/2012,3.1,3.17,3.21
12/5/2012,3.1,3.17,3.21
12/4/2012,3.1,3.17,3.21
12/3/2012,3.1,3.17,3.21
11/30/2012,3.1,3.17,3.21
11/29/2012,3.1,3.17,3.21
11/28/2012,3.1,3.17,3.21
11/27/2012,3.1,3.17,3.21
11/26/2012,3.1,3.17,3.21
11/23/2012,3.1,3.17,3.21
11/22/2012,3.1,3.17,3.21
11/21/2012,3.1,3.17,3.21
11/20/2012,3.1,3.17,3.21
11/19/2012,3.1,3.17,3.21
11/16/2012,3.1,3.17,3.21
11/15/2012,3.1,3.17,3.21
11/14/2012,3.1,3.17,3.21
11/13/2012,3.1,3.17,3.21
11/12/2012,3.1,3.17,3.21
11/9/2012,3.1,3.17,3.21
11/8/2012,3.1,3.17,3.21
11/7/2012,3.1,3.17,3.21
11/6/2012,3.1,3.17,3.21
11/5/2012,3.1,3.17,3.21
11/2/2012,3.1,3.17,3.21
11/1/2012,3.1,3.17,3.21
10/31/2012,3.1,3.17,3.21
10/30/2012,3.1,3.17,3.21
10/29/2012,3.1,3.17,3.21
10/26/2012,3.1,3.17,3.21
10/25/2012,3.1,3.17,3.21
10/24/2012,3.1,3.17,3.21
10/23/2012,3.1,3.17,3.21
10/22/2012,3.1,3.17,3.21
10/19/2012,3.1,3.17,3.2
10/18/2012,3.1,3.17,3.2
10/17/2012,3.1,3.17,3.2
10/16/2012,3.1,3.17,3.2
10/15/2012,3.1,3.17,3.2
10/12/2012,3.1,3.17,3.2
10/11/2012,3.1,3.17,3.2
10/10/2012,3.1,3.17,3.2
10/9/2012,3.1,3.17,3.2
10/8/2012,3.1,3.17,3.2
10/5/2012,3.1,3.17,3.2
10/4/2012,3.1,3.17,3.2
10/3/2012,3.1,3.17,3.2
10/2/2012,3.1,3.17,3.2
10/1/2012,3.1,3.17,3.2
9/28/2012,3.09,3.17,3.2
9/27/2012,3.09,3.17,3.2
9/26/2012,3.09,3.17,3.2
9/25/2012,3.09,3.17,3.2
9/24/2012,3.09,3.17,3.2
9/21/2012,3.09,3.17,3.2
9/20/2012,3.09,3.17,3.2
9/19/2012,3.09,3.17,3.2
9/18/2012,3.09,3.17,3.2
9/17/2012,3.09,3.17,3.2
9/14/2012,3.09,3.17,3.2
9/13/2012,3.09,3.17,3.2
9/12/2012,3.09,3.17,3.2
9/11/2012,3.09,3.17,3.2
9/10/2012,3.09,3.17,3.2
9/7/2012,3.09,3.16,3.2
9/6/2012,3.09,3.16,3.2
9/5/2012,3.09,3.16,3.2
9/4/2012,3.09,3.16,3.2
9/3/2012,3.09,3.16,3.2
8/31/2012,3.09,3.16,3.2
8/30/2012,3.09,3.16,3.2
8/29/2012,3.09,3.16,3.2
8/28/2012,3.09,3.16,3.2
8/27/2012,3.09,3.16,3.2
8/24/2012,3.09,3.16,3.2
8/23/2012,3.09,3.16,3.2
8/22/2012,3.09,3.16,3.2
8/21/2012,3.09,3.16,3.2
8/20/2012,3.09,3.16,3.2
8/17/2012,3.09,3.16,3.2
8/16/2012,3.09,3.16,3.2
8/15/2012,3.09,3.16,3.2
8/14/2012,3.09,3.16,3.2
8/13/2012,3.09,3.16,3.2
8/10/2012,3.09,3.16,3.2
8/9/2012,3.09,3.16,3.2
8/8/2012,3.09,3.16,3.2
8/7/2012,3.09,3.16,3.2
8/6/2012,3.09,3.16,3.2
8/3/2012,3.09,3.16,3.2
8/2/2012,3.09,3.16,3.2
8/1/2012,3.09,3.16,3.2
7/31/2012,3.09,3.16,3.2
7/30/2012,3.09,3.15,3.2
7/27/2012,3.09,3.15,3.2
7/26/2012,3.09,3.15,3.2
7/25/2012,3.09,3.15,3.2
7/24/2012,3.09,3.15,3.2
7/23/2012,3.09,3.15,3.2
7/20/2012,3.09,3.15,3.2
7/19/2012,3.09,3.15,3.19
7/18/2012,3.09,3.15,3.19
7/17/2012,3.09,3.15,3.19
7/16/2012,3.09,3.15,3.19
7/13/2012,3.08,3.15,3.19
7/12/2012,3.09,3.15,3.19
7/11/2012,3.08,3.15,3.19
7/10/2012,3.08,3.15,3.19
7/9/2012,3.08,3.15,3.19
7/6/2012,3.08,3.15,3.19
7/5/2012,3.08,3.15,3.19
7/4/2012,3.08,3.15,3.19
7/3/2012,3.08,3.15,3.19
7/2/2012,3.08,3.15,3.19
6/29/2012,3.08,3.15,3.19
6/28/2012,3.08,3.15,3.19
6/27/2012,3.08,3.15,3.19
6/26/2012,3.08,3.15,3.19
6/25/2012,3.08,3.15,3.19
6/22/2012,3.08,3.15,3.19
6/21/2012,3.08,3.15,3.19
6/20/2012,3.08,3.15,3.19
6/19/2012,3.08,3.15,3.19
6/18/2012,3.08,3.15,3.19
6/15/2012,3.08,3.15,3.19
6/14/2012,3.08,3.15,3.19
6/13/2012,3.08,3.15,3.19
6/12/2012,3.08,3.15,3.19
6/11/2012,3.08,3.15,3.19
6/8/2012,3.08,3.15,3.19
6/7/2012,3.08,3.15,3.19
6/6/2012,3.08,3.15,3.19
6/5/2012,3.08,3.15,3.19
6/4/2012,3.08,3.15,3.19
6/1/2012,3.08,3.15,3.19
5/31/2012,3.08,3.15,3.19
5/30/2012,3.08,3.15,3.19
5/29/2012,3.08,3.15,3.19
5/28/2012,3.08,3.15,3.19
5/25/2012,3.08,3.15,3.19
5/24/2012,3.08,3.15,3.19
5/23/2012,3.08,3.15,3.19
5/22/2012,3.08,3.15,3.19
5/21/2012,3.08,3.15,3.19
5/18/2012,3.08,3.15,3.19
5/17/2012,3.08,3.15,3.19
5/16/2012,3.08,3.15,3.19
5/15/2012,3.08,3.15,3.19
5/14/2012,3.08,3.15,3.19
5/11/2012,3.08,3.15,3.19
5/10/2012,3.08,3.15,3.19
5/9/2012,3.08,3.15,3.19
5/8/2012,3.08,3.15,3.19
5/7/2012,3.08,3.15,3.19
5/4/2012,3.08,3.15,3.19
5/3/2012,3.08,3.15,3.19
5/2/2012,3.09,3.15,3.19
5/1/2012,3.08,3.15,3.19
4/30/2012,3.08,3.15,3.19
4/27/2012,3.08,3.15,3.19
4/26/2012,3.08,3.15,3.19
4/25/2012,3.08,3.15,3.19
4/24/2012,3.08,3.15,3.19
4/23/2012,3.08,3.15,3.19
4/20/2012,3.08,3.15,3.19
4/19/2012,3.08,3.15,3.19
4/18/2012,3.08,3.15,3.19
4/17/2012,3.08,3.15,3.19
4/16/2012,3.08,3.15,3.19
4/13/2012,3.08,3.15,3.19
4/12/2012,3.08,3.15,3.19
4/11/2012,3.08,3.15,3.19
4/10/2012,3.08,3.15,3.19
4/9/2012,3.08,3.15,3.19
4/6/2012,3.08,3.15,3.19
4/5/2012,3.08,3.15,3.19
4/4/2012,3.08,3.15,3.19
4/3/2012,3.08,3.15,3.19
4/2/2012,3.08,3.15,3.19
3/30/2012,3.08,3.15,3.19
3/29/2012,3.08,3.15,3.19
3/28/2012,3.08,3.15,3.19
3/27/2012,3.08,3.15,3.19
3/26/2012,3.08,3.15,3.19
3/23/2012,3.08,3.15,3.19
3/22/2012,3.08,3.15,3.19
3/21/2012,3.08,3.15,3.19
3/20/2012,3.08,3.15,3.19
3/19/2012,3.08,3.15,3.19
3/16/2012,3.08,3.15,3.19
3/15/2012,3.08,3.15,3.19
3/14/2012,3.08,3.15,3.19
3/13/2012,3.08,3.15,3.19
3/12/2012,3.09,3.15,3.19
3/9/2012,3.09,3.15,3.19
3/8/2012,3.09,3.15,3.19
3/7/2012,3.09,3.15,3.19
3/6/2012,3.09,3.15,3.19
3/5/2012,3.09,3.15,3.19
3/2/2012,3.09,3.15,3.19
3/1/2012,3.09,3.15,3.19
2/29/2012,3.09,3.15,3.19
2/28/2012,3.09,3.15,3.19
2/27/2012,3.09,3.15,3.19
2/24/2012,3.09,3.15,3.19
2/23/2012,3.09,3.15,3.19
2/22/2012,3.09,3.15,3.19
2/21/2012,3.09,3.15,3.19
2/20/2012,3.09,3.15,3.19
2/17/2012,3.09,3.15,3.19
2/16/2012,3.09,3.16,3.19
2/15/2012,3.09,3.16,3.2
2/14/2012,3.09,3.16,3.2
2/13/2012,3.09,3.17,3.2
2/10/2012,3.09,3.17,3.21
2/9/2012,3.09,3.17,3.21
2/8/2012,3.09,3.17,3.21
2/7/2012,3.09,3.18,3.22
2/6/2012,3.09,3.18,3.22
2/3/2012,3.09,3.18,3.22
2/2/2012,3.09,3.18,3.22
2/1/2012,3.09,3.18,3.22
1/31/2012,3.09,3.18,3.22
1/30/2012,3.09,3.18,3.22
1/27/2012,3.09,3.18,3.22
1/26/2012,3.09,3.18,3.22
1/25/2012,3.09,3.18,3.22
1/24/2012,3.09,3.18,3.22
1/23/2012,3.09,3.18,3.22
1/20/2012,3.09,3.18,3.22
1/19/2012,3.09,3.18,3.22
1/18/2012,3.09,3.18,3.22
1/17/2012,3.09,3.18,3.22
1/16/2012,3.09,3.18,3.22
1/13/2012,3.09,3.18,3.22
1/12/2012,3.09,3.18,3.22
1/11/2012,3.09,3.18,3.22
1/10/2012,3.09,3.18,3.22
1/9/2012,3.09,3.18,3.22
1/6/2012,3.09,3.18,3.22
1/5/2012,3.09,3.18,3.22
1/4/2012,3.09,3.18,3.22
1/3/2012,3.09,3.18,3.22
1/2/2012,3.09,3.18,3.22
12/30/2011,3.09,3.18,3.22
12/29/2011,3.09,3.18,3.22
12/28/2011,3.09,3.18,3.22
12/27/2011,3.09,3.18,3.22
12/26/2011,3.09,3.18,3.22
12/23/2011,3.09,3.18,3.22
12/22/2011,3.09,3.18,3.22
12/21/2011,3.09,3.18,3.22
12/20/2011,3.09,3.18,3.22
12/19/2011,3.09,3.18,3.22
12/16/2011,3.09,3.18,3.23
12/15/2011,3.09,3.18,3.23
12/14/2011,3.09,3.18,3.23
12/13/2011,3.09,3.18,3.23
12/12/2011,3.09,3.18,3.23
12/9/2011,3.09,3.18,3.23
12/8/2011,3.09,3.18,3.23
12/7/2011,3.09,3.18,3.23
12/6/2011,3.09,3.18,3.23
12/5/2011,3.09,3.18,3.23
12/2/2011,3.09,3.18,3.23
12/1/2011,3.09,3.18,3.23
11/30/2011,3.09,3.18,3.23
11/29/2011,3.09,3.19,3.24
11/28/2011,3.09,3.19,3.24
11/25/2011,3.09,3.19,3.24
11/24/2011,3.09,3.19,3.24
11/23/2011,3.09,3.19,3.24
11/22/2011,3.09,3.19,3.24
11/21/2011,3.09,3.19,3.24
11/18/2011,3.09,3.19,3.24
11/17/2011,3.09,3.19,3.24
11/16/2011,3.09,3.19,3.24
11/15/2011,3.09,3.19,3.24
11/14/2011,3.09,3.19,3.24
11/11/2011,3.09,3.19,3.24
11/10/2011,3.09,3.19,3.24
11/9/2011,3.09,3.19,3.24
11/8/2011,3.09,3.19,3.24
11/7/2011,3.09,3.19,3.24
11/4/2011,3.09,3.19,3.24
11/3/2011,3.09,3.19,3.25
11/2/2011,3.1,3.2,3.25
11/1/2011,3.1,3.2,3.26
10/31/2011,3.1,3.2,3.26
10/28/2011,3.1,3.2,3.26
10/27/2011,3.1,3.2,3.26
10/26/2011,3.1,3.2,3.26
10/25/2011,3.1,3.2,3.26
10/24/2011,3.1,3.2,3.26
10/21/2011,3.1,3.2,3.26
10/20/2011,3.1,3.2,3.26
10/19/2011,3.1,3.2,3.26
10/18/2011,3.1,3.2,3.26
10/17/2011,3.1,3.2,3.26
10/14/2011,3.1,3.2,3.26
10/13/2011,3.1,3.2,3.26
10/12/2011,3.1,3.2,3.26
10/11/2011,3.1,3.2,3.26
10/10/2011,3.1,3.2,3.26
10/7/2011,3.1,3.2,3.26
10/6/2011,3.1,3.2,3.26
10/5/2011,3.1,3.2,3.26
10/4/2011,3.1,3.19,3.26
10/3/2011,3.1,3.19,3.26
9/30/2011,3.1,3.19,3.26
9/29/2011,3.1,3.19,3.26
9/28/2011,3.1,3.19,3.26
9/27/2011,3.1,3.19,3.26
9/26/2011,3.1,3.19,3.26
9/23/2011,3.1,3.19,3.26
9/22/2011,3.1,3.19,3.26
9/21/2011,3.1,3.2,3.26
9/20/2011,3.1,3.2,3.26
9/19/2011,3.1,3.2,3.26
9/16/2011,3.1,3.2,3.26
9/15/2011,3.1,3.2,3.26
9/14/2011,3.1,3.2,3.27
9/13/2011,3.1,3.2,3.27
9/12/2011,3.1,3.2,3.27
9/9/2011,3.1,3.2,3.27
9/8/2011,3.1,3.2,3.27
9/7/2011,3.1,3.2,3.27
9/6/2011,3.1,3.19,3.26
9/5/2011,3.1,3.19,3.27
9/2/2011,3.1,3.19,3.27
9/1/2011,3.1,3.19,3.27
8/31/2011,3.1,3.19,3.27
8/30/2011,3.1,3.19,3.27
8/29/2011,3.1,3.19,3.27
8/26/2011,3.1,3.19,3.27
8/25/2011,3.1,3.19,3.27
8/24/2011,3.1,3.19,3.27
8/23/2011,3.1,3.19,3.27
8/22/2011,3.1,3.2,3.27
8/19/2011,3.1,3.2,3.27
8/18/2011,3.1,3.2,3.27
8/17/2011,3.1,3.2,3.27
8/16/2011,3.1,3.2,3.27
8/15/2011,3.1,3.2,3.27
8/12/2011,3.1,3.2,3.28
8/11/2011,3.1,3.2,3.28
8/10/2011,3.1,3.2,3.28
8/9/2011,3.1,3.2,3.28
8/8/2011,3.11,3.21,3.29
8/5/2011,3.11,3.22,3.29
8/4/2011,3.11,3.22,3.29
8/3/2011,3.11,3.22,3.29
8/2/2011,3.11,3.22,3.29
8/1/2011,3.11,3.22,3.29
7/29/2011,3.11,3.22,3.29
7/28/2011,3.11,3.22,3.29
7/27/2011,3.11,3.22,3.29
7/26/2011,3.11,3.22,3.29
7/25/2011,3.11,3.22,3.29
7/22/2011,3.11,3.22,3.29
7/21/2011,3.11,3.22,3.29
7/20/2011,3.11,3.22,3.29
7/19/2011,3.11,3.22,3.29
7/18/2011,3.11,3.22,3.29
7/15/2011,3.11,3.22,3.29
7/14/2011,3.11,3.22,3.29
7/13/2011,3.11,3.22,3.29
7/12/2011,3.11,3.22,3.29
7/11/2011,3.11,3.22,3.29
7/8/2011,3.11,3.22,3.29
7/7/2011,3.12,3.23,3.29
7/6/2011,3.12,3.23,3.3
7/5/2011,3.12,3.23,3.3
7/4/2011,3.12,3.23,3.3
7/1/2011,3.11,3.22,3.29
6/30/2011,3.11,3.22,3.29
6/29/2011,3.11,3.21,3.29
6/28/2011,3.11,3.22,3.29
6/27/2011,3.11,3.22,3.29
6/24/2011,3.11,3.22,3.29
6/23/2011,3.11,3.22,3.29
6/22/2011,3.11,3.21,3.29
6/21/2011,3.11,3.21,3.29
6/20/2011,3.11,3.21,3.29
6/17/2011,3.11,3.2,3.28
6/16/2011,3.11,3.2,3.27
6/15/2011,3.11,3.2,3.27
6/14/2011,3.1,3.18,3.25
6/13/2011,3.1,3.18,3.25
6/10/2011,3.1,3.18,3.25
6/9/2011,3.1,3.18,3.25
6/8/2011,3.1,3.18,3.24
6/7/2011,3.1,3.18,3.24
6/6/2011,3.1,3.17,3.24
6/3/2011,3.1,3.17,3.24
6/2/2011,3.1,3.17,3.24
6/1/2011,3.1,3.16,3.23
5/31/2011,3.1,3.16,3.23
5/30/2011,3.1,3.16,3.23
5/27/2011,3.1,3.16,3.23
5/26/2011,3.1,3.16,3.23
5/25/2011,3.1,3.16,3.23
5/24/2011,3.1,3.15,3.22
5/23/2011,3.1,3.15,3.22
5/20/2011,3.1,3.15,3.22
5/19/2011,3.1,3.15,3.22
5/18/2011,3.1,3.15,3.22
5/17/2011,3.1,3.15,3.23
5/16/2011,3.1,3.15,3.23
5/13/2011,3.1,3.15,3.23
5/12/2011,3.1,3.15,3.23
5/11/2011,3.1,3.16,3.22
5/10/2011,3.1,3.16,3.22
5/9/2011,3.1,3.16,3.22
5/6/2011,3.1,3.16,3.22
5/5/2011,2.88,3.05,3.11
5/4/2011,2.88,3.04,3.1
5/3/2011,2.88,3.03,3.1
5/2/2011,2.88,3.03,3.1
4/29/2011,2.88,3.03,3.1
4/28/2011,2.88,3.03,3.1
4/27/2011,2.88,3.03,3.09
4/26/2011,2.87,3.03,3.09
4/25/2011,2.87,3.03,3.09
4/22/2011,2.87,3.02,3.09
4/21/2011,2.87,3.02,3.08
4/20/2011,2.87,3.02,3.08
4/19/2011,2.87,3.01,3.08
4/18/2011,2.87,3.01,3.07
4/15/2011,2.87,3.01,3.07
4/14/2011,2.87,3.01,3.07
4/13/2011,2.87,3.01,3.07
4/12/2011,2.87,3.01,3.07
4/11/2011,2.87,3.01,3.07
4/8/2011,2.87,3.01,3.07
4/7/2011,2.87,3.01,3.07
4/6/2011,2.87,3.01,3.07
4/5/2011,2.87,3,3.07
4/4/2011,2.87,2.99,3.06
4/1/2011,2.87,2.98,3.05
3/31/2011,2.87,2.98,3.04
3/30/2011,2.87,2.98,3.04
3/29/2011,2.87,2.98,3.04
3/28/2011,2.87,2.98,3.04
3/25/2011,2.87,2.98,3.04
3/24/2011,2.87,2.98,3.04
3/23/2011,2.87,2.98,3.04
3/22/2011,2.87,2.98,3.04
3/21/2011,2.87,2.98,3.04
3/18/2011,2.87,2.98,3.04
3/17/2011,2.87,2.98,3.04
3/16/2011,2.87,2.97,3.03
3/15/2011,2.87,2.98,3.04
3/14/2011,2.87,2.98,3.04
3/11/2011,2.87,2.98,3.04
3/10/2011,2.87,2.98,3.04
3/9/2011,2.87,2.98,3.04
3/8/2011,2.87,2.97,3.04
3/7/2011,2.87,2.97,3.04
3/4/2011,2.87,2.97,3.04
3/3/2011,2.87,2.98,3.04
3/2/2011,2.87,2.97,3.04
3/1/2011,2.87,2.97,3.03
2/28/2011,2.87,2.96,3.03
2/25/2011,2.87,2.95,3.01
2/24/2011,2.86,2.95,3.01
2/23/2011,2.86,2.94,3.01
2/22/2011,2.86,2.94,3.01
2/21/2011,2.86,2.94,3.01
2/18/2011,2.86,2.94,3.01
2/17/2011,2.86,2.94,3.01
2/16/2011,2.86,2.94,3.01
2/15/2011,2.86,2.94,3.01
2/14/2011,2.86,2.94,3.01
2/11/2011,2.86,2.94,3.01
2/10/2011,2.86,2.94,3.01
2/9/2011,2.86,2.94,3.01
2/8/2011,2.86,2.94,3.01
2/7/2011,2.86,2.94,3.01
2/4/2011,2.86,2.94,3.01
2/3/2011,2.86,2.94,3.01
2/2/2011,2.86,2.94,3.01
2/1/2011,2.86,2.94,3.01
1/31/2011,2.86,2.94,3.01
1/28/2011,2.86,2.94,3.01
1/27/2011,2.86,2.94,3.01
1/26/2011,2.86,2.94,3.01
1/25/2011,2.86,2.94,3.01
1/24/2011,2.86,2.94,3.01
1/21/2011,2.86,2.94,3.01
1/20/2011,2.86,2.94,3.01
1/19/2011,2.86,2.94,3.01
1/18/2011,2.86,2.94,3.01
1/17/2011,2.86,2.94,3.01
1/14/2011,2.86,2.94,3.01
1/13/2011,2.86,2.94,3.01
1/12/2011,2.86,2.94,3.01
1/11/2011,2.86,2.93,3
1/10/2011,2.86,2.93,3
1/7/2011,2.85,2.92,3
1/6/2011,2.85,2.92,2.99
1/5/2011,2.85,2.91,2.98
1/4/2011,2.85,2.91,2.98
1/3/2011,2.85,2.91,2.98
12/31/2010,2.85,2.92,2.98
12/30/2010,2.85,2.92,2.98
12/29/2010,2.85,2.92,2.98
12/28/2010,2.85,2.92,2.98
12/27/2010,2.85,2.92,2.98
12/24/2010,2.85,2.92,2.97
12/23/2010,2.85,2.92,2.97
12/22/2010,2.85,2.91,2.97
12/21/2010,2.85,2.91,2.97
12/20/2010,2.85,2.91,2.97
12/17/2010,2.85,2.91,2.97
12/16/2010,2.85,2.91,2.97
12/15/2010,2.85,2.91,2.97
12/14/2010,2.85,2.91,2.97
12/13/2010,2.84,2.9,2.97
12/10/2010,2.84,2.9,2.97
12/9/2010,2.84,2.9,2.97
12/8/2010,2.84,2.9,2.97
12/7/2010,2.84,2.9,2.97
12/6/2010,2.84,2.9,2.97
12/3/2010,2.84,2.9,2.97
12/2/2010,2.84,2.9,2.97
12/1/2010,2.84,2.9,2.97
11/30/2010,2.84,2.9,2.97
11/29/2010,2.84,2.9,2.97
11/26/2010,2.84,2.9,2.97
11/25/2010,2.84,2.9,2.97
11/24/2010,2.84,2.9,2.97
11/23/2010,2.84,2.9,2.97
11/22/2010,2.84,2.9,2.96
11/19/2010,2.84,2.9,2.96
11/18/2010,2.84,2.9,2.96
11/17/2010,2.84,2.9,2.96
11/16/2010,2.84,2.9,2.96
11/15/2010,2.84,2.9,2.96
11/12/2010,2.84,2.9,2.96
11/11/2010,2.84,2.9,2.96
11/10/2010,2.84,2.9,2.96
11/9/2010,2.84,2.9,2.96
11/8/2010,2.84,2.89,2.96
11/5/2010,2.84,2.89,2.96
11/4/2010,2.84,2.89,2.96
11/3/2010,2.84,2.89,2.96
11/2/2010,2.84,2.89,2.95
11/1/2010,2.84,2.89,2.95
10/29/2010,2.84,2.89,2.95
10/28/2010,2.84,2.89,2.95
10/27/2010,2.84,2.88,2.95
10/26/2010,2.84,2.88,2.95
10/25/2010,2.84,2.88,2.94
10/22/2010,2.84,2.88,2.94
10/21/2010,2.84,2.88,2.94
10/20/2010,2.84,2.88,2.94
10/19/2010,2.84,2.88,2.94
10/18/2010,2.84,2.88,2.94
10/15/2010,2.84,2.88,2.94
10/14/2010,2.84,2.88,2.94
10/13/2010,2.84,2.88,2.94
10/12/2010,2.84,2.88,2.94
10/11/2010,2.84,2.88,2.94
10/8/2010,2.84,2.88,2.94
10/7/2010,2.84,2.88,2.93
10/6/2010,2.84,2.88,2.93
10/5/2010,2.84,2.88,2.93
10/4/2010,2.84,2.88,2.93
10/1/2010,2.84,2.88,2.93
9/30/2010,2.84,2.88,2.93
9/29/2010,2.84,2.88,2.93
9/28/2010,2.84,2.88,2.93
9/27/2010,2.84,2.88,2.93
9/24/2010,2.84,2.88,2.93
9/23/2010,2.84,2.88,2.93
9/22/2010,2.84,2.88,2.92
9/21/2010,2.84,2.87,2.92
9/20/2010,2.84,2.87,2.92
9/17/2010,2.84,2.87,2.92
9/16/2010,2.84,2.87,2.92
9/15/2010,2.84,2.87,2.92
9/14/2010,2.84,2.87,2.92
9/13/2010,2.84,2.87,2.92
9/10/2010,2.84,2.87,2.92
9/9/2010,2.84,2.87,2.92
9/8/2010,2.84,2.87,2.92
9/7/2010,2.84,2.87,2.92
9/6/2010,2.84,2.87,2.92
9/3/2010,2.84,2.88,2.92
9/2/2010,2.85,2.88,2.92
9/1/2010,2.85,2.88,2.92
8/31/2010,2.85,2.88,2.92
8/30/2010,2.85,2.88,2.92
8/27/2010,2.85,2.88,2.92
8/26/2010,2.85,2.88,2.92
8/25/2010,2.85,2.88,2.92
8/24/2010,2.85,2.88,2.92
8/23/2010,2.85,2.88,2.92
8/20/2010,2.85,2.88,2.92
8/19/2010,2.85,2.88,2.92
8/18/2010,2.85,2.88,2.92
8/17/2010,2.85,2.88,2.92
8/16/2010,2.85,2.87,2.91
8/13/2010,2.85,2.87,2.91
8/12/2010,2.85,2.87,2.91
8/11/2010,2.85,2.87,2.91
8/10/2010,2.85,2.87,2.91
8/9/2010,2.85,2.87,2.91
8/6/2010,2.85,2.87,2.91
8/5/2010,2.85,2.87,2.91
8/4/2010,2.85,2.87,2.91
8/3/2010,2.85,2.87,2.91
8/2/2010,2.85,2.87,2.91
7/30/2010,2.85,2.87,2.91
7/29/2010,2.85,2.87,2.91
7/28/2010,2.85,2.87,2.91
7/27/2010,2.84,2.87,2.91
7/26/2010,2.84,2.87,2.91
7/23/2010,2.84,2.87,2.91
7/22/2010,2.84,2.87,2.91
7/21/2010,2.84,2.87,2.91
7/20/2010,2.84,2.87,2.91
7/19/2010,2.84,2.87,2.91
7/16/2010,2.84,2.87,2.9
7/15/2010,2.84,2.87,2.9
7/14/2010,2.84,2.87,2.9
7/13/2010,2.84,2.87,2.9
7/12/2010,2.84,2.87,2.9
7/9/2010,2.84,2.87,2.9
7/8/2010,2.65,2.68,2.73
7/7/2010,2.65,2.68,2.73
7/6/2010,2.64,2.68,2.73
7/5/2010,2.64,2.68,2.73
7/2/2010,2.64,2.68,2.73
7/1/2010,2.63,2.67,2.73
6/30/2010,2.63,2.67,2.72
6/29/2010,2.63,2.67,2.72
6/28/2010,2.63,2.67,2.72
6/25/2010,2.63,2.67,2.72
6/24/2010,2.62,2.66,2.72
6/23/2010,2.62,2.66,2.72
6/22/2010,2.62,2.66,2.72
6/21/2010,2.62,2.66,2.72
6/18/2010,2.62,2.66,2.72
6/17/2010,2.62,2.66,2.72
6/16/2010,2.62,2.66,2.72
6/15/2010,2.62,2.66,2.72
6/14/2010,2.62,2.66,2.72
6/11/2010,2.62,2.66,2.72
6/10/2010,2.62,2.65,2.72
6/9/2010,2.62,2.65,2.71
6/8/2010,2.62,2.65,2.71
6/7/2010,2.62,2.65,2.71
6/4/2010,2.62,2.65,2.71
6/3/2010,2.62,2.65,2.72
6/2/2010,2.62,2.65,2.72
6/1/2010,2.62,2.65,2.72
5/31/2010,2.62,2.65,2.72
5/28/2010,2.62,2.66,2.72
5/27/2010,2.62,2.66,2.72
5/26/2010,2.61,2.66,2.72
5/25/2010,2.61,2.66,2.72
5/24/2010,2.62,2.66,2.71
5/21/2010,2.62,2.66,2.71
5/20/2010,2.61,2.65,2.71
5/19/2010,2.61,2.65,2.71
5/18/2010,2.61,2.65,2.7
5/17/2010,2.61,2.65,2.7
5/14/2010,2.61,2.66,2.7
5/13/2010,2.51,2.58,2.67
5/12/2010,2.5,2.57,2.66
5/11/2010,2.49,2.57,2.65
5/10/2010,2.49,2.57,2.65
5/7/2010,2.49,2.56,2.65
5/6/2010,2.48,2.56,2.65
5/5/2010,2.47,2.56,2.65
5/4/2010,2.47,2.56,2.65
5/3/2010,2.47,2.55,2.65
4/30/2010,2.46,2.55,2.65
4/29/2010,2.45,2.55,2.65
4/28/2010,2.44,2.55,2.65
4/27/2010,2.44,2.55,2.65
4/26/2010,2.44,2.55,2.65
4/23/2010,2.43,2.55,2.65
4/22/2010,2.43,2.55,2.65
4/21/2010,2.41,2.54,2.64
4/20/2010,2.4,2.54,2.63
4/19/2010,2.4,2.53,2.63
4/16/2010,2.4,2.53,2.62
4/15/2010,2.4,2.52,2.62
4/14/2010,2.39,2.52,2.61
4/13/2010,2.39,2.51,2.6
4/12/2010,2.39,2.51,2.6
4/9/2010,2.39,2.5,2.59
4/8/2010,2.38,2.49,2.57
4/7/2010,2.38,2.49,2.56
4/6/2010,2.38,2.47,2.54
4/5/2010,2.37,2.47,2.54
4/2/2010,2.37,2.46,2.53
4/1/2010,2.37,2.45,2.52
3/31/2010,2.36,2.44,2.52
3/30/2010,2.36,2.44,2.51
3/29/2010,2.36,2.44,2.5
3/26/2010,2.36,2.43,2.5
3/25/2010,2.35,2.42,2.49
3/24/2010,2.35,2.41,2.48
3/23/2010,2.35,2.4,2.47
3/22/2010,2.34,2.4,2.47
3/19/2010,2.34,2.39,2.46
3/18/2010,2.34,2.38,2.45
3/17/2010,2.34,2.38,2.44
3/16/2010,2.34,2.38,2.44
3/15/2010,2.34,2.38,2.44
3/12/2010,2.34,2.37,2.43
3/11/2010,2.34,2.37,2.43
3/10/2010,2.34,2.37,2.43
3/9/2010,2.34,2.37,2.43
3/8/2010,2.34,2.37,2.43
3/5/2010,2.34,2.37,2.42
3/4/2010,2.22,2.24,2.3
3/3/2010,2.15,2.19,2.26
3/2/2010,2.13,2.18,2.25
3/1/2010,2.13,2.18,2.25
2/26/2010,2.13,2.17,2.25
2/25/2010,2.13,2.17,2.25
2/24/2010,2.13,2.17,2.25
2/23/2010,2.13,2.17,2.24
2/22/2010,2.12,2.17,2.24
2/19/2010,2.12,2.17,2.24
2/18/2010,2.12,2.17,2.24
2/17/2010,2.12,2.17,2.23
2/16/2010,2.12,2.17,2.24
2/15/2010,2.12,2.16,2.24
2/12/2010,2.12,2.16,2.24
2/11/2010,2.12,2.16,2.23
2/10/2010,2.12,2.16,2.23
2/9/2010,2.12,2.16,2.22
2/8/2010,2.12,2.16,2.22
2/5/2010,2.12,2.16,2.22
2/4/2010,2.11,2.15,2.2
2/3/2010,2.11,2.15,2.19
2/2/2010,2.11,2.15,2.18
2/1/2010,2.11,2.14,2.17
1/29/2010,2.11,2.14,2.17
1/28/2010,2.11,2.14,2.17
1/27/2010,2.11,2.14,2.17
1/26/2010,2.11,2.14,2.17
1/25/2010,2.11,2.14,2.17
1/22/2010,2.11,2.14,2.17
1/21/2010,2.11,2.14,2.17
1/20/2010,2.11,2.14,2.17
1/19/2010,2.11,2.14,2.17
1/18/2010,2.11,2.14,2.17
1/15/2010,2.11,2.14,2.17
1/14/2010,2.11,2.14,2.17
1/13/2010,2.11,2.14,2.17
1/12/2010,2.11,2.14,2.17
1/11/2010,2.11,2.14,2.17
1/8/2010,2.11,2.14,2.17
1/7/2010,2.11,2.14,2.17
1/6/2010,2.11,2.14,2.17
1/5/2010,2.11,2.14,2.17
1/4/2010,2.11,2.14,2.17
1/1/2010,2.11,2.14,2.17
12/31/2009,2.11,2.14,2.17
12/30/2009,2.11,2.14,2.17
12/29/2009,2.11,2.14,2.17
12/28/2009,2.11,2.14,2.17
12/25/2009,2.11,2.14,2.17
12/24/2009,2.11,2.14,2.17
12/23/2009,2.11,2.14,2.17
12/22/2009,2.11,2.14,2.17
12/21/2009,2.11,2.14,2.17
12/18/2009,2.11,2.14,2.17
12/17/2009,2.11,2.14,2.17
12/16/2009,2.11,2.14,2.17
12/15/2009,2.11,2.14,2.17
12/14/2009,2.11,2.14,2.17
12/11/2009,2.11,2.14,2.17
12/10/2009,2.11,2.14,2.17
12/9/2009,2.11,2.14,2.17
12/8/2009,2.11,2.14,2.17
12/7/2009,2.11,2.14,2.17
12/4/2009,2.11,2.14,2.17
12/3/2009,2.11,2.14,2.17
12/2/2009,2.11,2.14,2.17
12/1/2009,2.11,2.14,2.17
11/30/2009,2.11,2.14,2.17
11/27/2009,2.11,2.14,2.17
11/26/2009,2.11,2.14,2.17
11/25/2009,2.11,2.14,2.17
11/24/2009,2.11,2.14,2.17
11/23/2009,2.11,2.14,2.17
11/20/2009,2.11,2.14,2.17
11/19/2009,2.11,2.14,2.17
11/18/2009,2.11,2.13,2.17
11/17/2009,2.1,2.13,2.17
11/16/2009,2.1,2.13,2.17
11/13/2009,2.1,2.13,2.16
11/12/2009,2.1,2.13,2.16
11/11/2009,2.1,2.13,2.16
11/10/2009,2.1,2.13,2.16
11/9/2009,2.1,2.13,2.16
11/6/2009,2.1,2.13,2.16
11/5/2009,2.1,2.13,2.16
11/4/2009,2.1,2.13,2.16
11/3/2009,2.1,2.13,2.16
11/2/2009,2.1,2.13,2.16
10/30/2009,2.1,2.13,2.16
10/29/2009,2.1,2.13,2.16
10/28/2009,2.1,2.13,2.16
10/27/2009,2.1,2.13,2.16
10/26/2009,2.1,2.13,2.16
10/23/2009,2.1,2.13,2.16
10/22/2009,2.1,2.13,2.15
10/21/2009,2.1,2.13,2.15
10/20/2009,2.1,2.13,2.15
10/19/2009,2.1,2.13,2.15
10/16/2009,2.1,2.13,2.15
10/15/2009,2.1,2.13,2.15
10/14/2009,2.1,2.13,2.15
10/13/2009,2.1,2.13,2.15
10/12/2009,2.1,2.13,2.15
10/9/2009,2.1,2.13,2.15
10/8/2009,2.1,2.13,2.15
10/7/2009,2.1,2.13,2.15
10/6/2009,2.1,2.13,2.15
10/5/2009,2.1,2.13,2.15
10/2/2009,2.1,2.13,2.15
10/1/2009,2.1,2.13,2.15
9/30/2009,2.1,2.12,2.14
9/29/2009,2.1,2.12,2.14
9/28/2009,2.1,2.12,2.14
9/25/2009,2.1,2.12,2.14
9/24/2009,2.1,2.12,2.14
9/23/2009,2.1,2.12,2.14
9/22/2009,2.1,2.12,2.14
9/21/2009,2.1,2.12,2.14
9/18/2009,2.1,2.12,2.14
9/17/2009,2.1,2.12,2.14
9/16/2009,2.1,2.12,2.14
9/15/2009,2.1,2.12,2.14
9/14/2009,2.1,2.12,2.14
9/11/2009,2.1,2.12,2.14
9/10/2009,2.1,2.12,2.14
9/9/2009,2.1,2.12,2.14
9/8/2009,2.1,2.12,2.14
9/7/2009,2.1,2.12,2.14
9/4/2009,2.1,2.12,2.14
9/3/2009,2.1,2.12,2.14
9/2/2009,2.1,2.12,2.14
9/1/2009,2.1,2.12,2.14
8/31/2009,2.1,2.12,2.14
8/28/2009,2.1,2.12,2.14
8/27/2009,2.1,2.12,2.14
8/26/2009,2.1,2.12,2.14
8/25/2009,2.1,2.12,2.14
8/24/2009,2.1,2.12,2.14
8/21/2009,2.1,2.12,2.14
8/20/2009,2.1,2.12,2.14
8/19/2009,2.1,2.12,2.14
8/18/2009,2.1,2.11,2.14
8/17/2009,2.1,2.11,2.14
8/14/2009,2.1,2.11,2.14
8/13/2009,2.1,2.11,2.14
8/12/2009,2.1,2.11,2.14
8/11/2009,2.1,2.11,2.14
8/10/2009,2.1,2.11,2.14
8/7/2009,2.1,2.11,2.14
8/6/2009,2.1,2.11,2.14
8/5/2009,2.1,2.12,2.14
8/4/2009,2.1,2.12,2.14
8/3/2009,2.1,2.12,2.14
7/31/2009,2.1,2.11,2.14
7/30/2009,2.1,2.11,2.13
7/29/2009,2.1,2.11,2.13
7/28/2009,2.1,2.11,2.13
7/27/2009,2.1,2.11,2.13
7/24/2009,2.1,2.11,2.13
7/23/2009,2.1,2.11,2.13
7/22/2009,2.1,2.11,2.13
7/21/2009,2.1,2.11,2.13
7/20/2009,2.1,2.11,2.13
7/17/2009,2.1,2.11,2.13
7/16/2009,2.1,2.11,2.13
7/15/2009,2.1,2.11,2.13
7/14/2009,2.1,2.11,2.13
7/13/2009,2.1,2.11,2.13
7/10/2009,2.1,2.11,2.13
7/9/2009,2.1,2.11,2.13
7/8/2009,2.1,2.11,2.13
7/7/2009,2.1,2.11,2.13
7/6/2009,2.1,2.11,2.13
7/3/2009,2.1,2.11,2.13
7/2/2009,2.1,2.11,2.13
7/1/2009,2.1,2.11,2.13
6/30/2009,2.09,2.11,2.13
6/29/2009,2.09,2.11,2.13
6/26/2009,2.09,2.11,2.13
6/25/2009,2.09,2.1,2.13
6/24/2009,2.09,2.1,2.13
6/23/2009,2.09,2.1,2.13
6/22/2009,2.09,2.1,2.13
6/19/2009,2.09,2.1,2.13
6/18/2009,2.09,2.1,2.13
6/17/2009,2.09,2.1,2.13
6/16/2009,2.09,2.1,2.13
6/15/2009,2.09,2.1,2.13
6/12/2009,2.09,2.1,2.13
6/11/2009,2.09,2.1,2.13
6/10/2009,2.09,2.1,2.13
6/9/2009,2.09,2.1,2.13
6/8/2009,2.09,2.1,2.13
6/5/2009,2.09,2.1,2.13
6/4/2009,2.09,2.1,2.13
6/3/2009,2.09,2.1,2.13
6/2/2009,2.09,2.1,2.13
6/1/2009,2.09,2.1,2.13
5/29/2009,2.09,2.1,2.13
5/28/2009,2.09,2.1,2.13
5/27/2009,2.09,2.1,2.12
5/26/2009,2.09,2.1,2.12
5/25/2009,2.09,2.1,2.12
5/22/2009,2.09,2.1,2.12
5/21/2009,2.09,2.09,2.12
5/20/2009,2.09,2.09,2.12
5/19/2009,2.09,2.09,2.12
5/18/2009,2.09,2.09,2.12
5/15/2009,2.09,2.09,2.11
5/14/2009,2.09,2.09,2.11
5/13/2009,2.09,2.09,2.11
5/12/2009,2.09,2.09,2.11
5/11/2009,2.09,2.09,2.11
5/8/2009,2.09,2.09,2.11
5/7/2009,2.09,2.09,2.11
5/6/2009,2.09,2.09,2.11
5/5/2009,2.09,2.09,2.11
5/4/2009,2.09,2.09,2.11
5/1/2009,2.09,2.09,2.11
4/30/2009,2.09,2.09,2.11
4/29/2009,2.09,2.09,2.11
4/28/2009,2.09,2.09,2.11
4/27/2009,2.09,2.09,2.11
4/24/2009,2.09,2.09,2.11
4/23/2009,2.09,2.09,2.11
4/22/2009,2.09,2.09,2.11
4/21/2009,2.09,2.09,2.11
4/20/2009,2.09,2.09,2.11
4/17/2009,2.09,2.09,2.11
4/16/2009,2.09,2.09,2.11
4/15/2009,2.09,2.09,2.11
4/14/2009,2.09,2.09,2.11
4/13/2009,2.09,2.09,2.11
4/10/2009,2.09,2.09,2.11
4/9/2009,2.09,2.09,2.11
4/8/2009,2.09,2.09,2.11
4/7/2009,2.09,2.09,2.11
4/6/2009,2.09,2.09,2.11
4/3/2009,2.09,2.09,2.11
4/2/2009,2.09,2.09,2.11
4/1/2009,2.09,2.09,2.11
3/31/2009,2.09,2.09,2.11
3/30/2009,2.09,2.09,2.11
3/27/2009,2.09,2.09,2.11
3/26/2009,2.09,2.09,2.11
3/25/2009,2.09,2.09,2.11
3/24/2009,2.09,2.09,2.12
3/23/2009,2.09,2.09,2.12
3/20/2009,2.09,2.09,2.12
3/19/2009,2.09,2.09,2.12
3/18/2009,2.09,2.09,2.12
3/17/2009,2.09,2.09,2.12
3/16/2009,2.09,2.09,2.12
3/13/2009,2.09,2.09,2.12
3/12/2009,2.09,2.09,2.12
3/11/2009,2.09,2.09,2.12
3/10/2009,2.09,2.09,2.12
3/9/2009,2.09,2.09,2.12
3/6/2009,2.09,2.09,2.12
3/5/2009,2.09,2.09,2.12
3/4/2009,2.09,2.09,2.13
3/3/2009,2.09,2.09,2.13
3/2/2009,2.09,2.09,2.13
2/27/2009,2.09,2.09,2.13
2/26/2009,2.09,2.09,2.13
2/25/2009,2.09,2.1,2.14
2/24/2009,2.57,2.59,2.6
2/23/2009,2.57,2.59,2.6
2/20/2009,2.57,2.59,2.6
2/19/2009,2.57,2.59,2.6
2/18/2009,2.57,2.59,2.6
2/17/2009,2.57,2.59,2.6
2/16/2009,2.57,2.59,2.6
2/13/2009,2.57,2.59,2.6
2/12/2009,2.57,2.59,2.6
2/11/2009,2.57,2.59,2.6
2/10/2009,2.57,2.59,2.6
2/9/2009,2.57,2.59,2.6
2/6/2009,2.57,2.59,2.6
2/5/2009,2.57,2.59,2.6
2/4/2009,2.57,2.59,2.6
2/3/2009,2.57,2.59,2.6
2/2/2009,2.57,2.59,2.6
1/30/2009,2.57,2.59,2.6
1/29/2009,2.57,2.58,2.6
1/28/2009,2.57,2.58,2.61
1/27/2009,2.57,2.58,2.61
1/26/2009,2.57,2.58,2.61
1/23/2009,2.57,2.58,2.61
1/22/2009,2.57,2.59,2.61
1/21/2009,3.26,3.25,3.25
1/20/2009,3.26,3.25,3.25
1/19/2009,3.27,3.26,3.26
1/16/2009,3.28,3.27,3.26
1/15/2009,3.29,3.28,3.28
1/14/2009,3.3,3.29,3.29
1/13/2009,3.3,3.3,3.3
1/12/2009,3.31,3.31,3.32
1/9/2009,3.31,3.31,3.32
1/8/2009,3.31,3.32,3.32
1/7/2009,3.31,3.32,3.32
1/6/2009,3.32,3.32,3.33
1/5/2009,3.32,3.33,3.34
1/2/2009,3.32,3.33,3.35
1/1/2009,3.33,3.35,3.37
12/31/2008,3.33,3.35,3.37
12/30/2008,3.33,3.35,3.37
12/29/2008,3.33,3.35,3.37
12/26/2008,3.33,3.35,3.37
12/25/2008,3.33,3.35,3.37
12/24/2008,3.33,3.35,3.37
12/23/2008,3.33,3.35,3.37
12/22/2008,3.33,3.35,3.37
12/19/2008,3.33,3.35,3.38
12/18/2008,3.33,3.35,3.38
12/17/2008,3.33,3.35,3.38
12/16/2008,3.33,3.35,3.38
12/15/2008,3.33,3.35,3.38
12/12/2008,3.33,3.35,3.38
12/11/2008,3.33,3.35,3.38
12/10/2008,3.33,3.35,3.38
12/9/2008,3.33,3.35,3.38
12/8/2008,3.33,3.35,3.38
12/5/2008,3.33,3.35,3.38
12/4/2008,3.34,3.35,3.39
12/3/2008,3.34,3.35,3.39
12/2/2008,3.34,3.36,3.39
12/1/2008,3.34,3.36,3.39
11/28/2008,3.34,3.36,3.39
11/27/2008,3.34,3.36,3.39
11/26/2008,3.34,3.36,3.39
11/25/2008,3.34,3.36,3.4
11/24/2008,3.59,3.61,3.64
11/21/2008,3.59,3.61,3.65
11/20/2008,3.6,3.62,3.65
11/19/2008,3.6,3.62,3.65
11/18/2008,3.6,3.62,3.65
11/17/2008,3.6,3.62,3.65
11/14/2008,3.6,3.62,3.65
11/13/2008,3.6,3.62,3.65
11/12/2008,3.6,3.62,3.65
11/11/2008,3.6,3.62,3.65
11/10/2008,3.6,3.63,3.66
11/7/2008,3.6,3.63,3.66
11/6/2008,3.6,3.63,3.66
11/5/2008,3.6,3.63,3.66
11/4/2008,3.6,3.63,3.66
11/3/2008,3.6,3.63,3.66
10/31/2008,3.6,3.63,3.66
10/30/2008,3.6,3.63,3.67
10/29/2008,3.6,3.63,3.67
10/28/2008,3.6,3.63,3.67
10/27/2008,3.6,3.63,3.67
10/24/2008,3.6,3.63,3.67
10/23/2008,3.6,3.63,3.67
10/22/2008,3.6,3.63,3.67
10/21/2008,3.6,3.63,3.68
10/20/2008,3.61,3.63,3.68
10/17/2008,3.61,3.63,3.68
10/16/2008,3.61,3.63,3.68
10/15/2008,3.61,3.63,3.68
10/14/2008,3.61,3.63,3.68
10/13/2008,3.61,3.64,3.68
10/10/2008,3.61,3.64,3.68
10/9/2008,3.61,3.64,3.68
10/8/2008,3.61,3.64,3.68
10/7/2008,3.61,3.64,3.68
10/6/2008,3.61,3.64,3.69
10/3/2008,3.61,3.64,3.69
10/2/2008,3.61,3.64,3.69
10/1/2008,3.61,3.64,3.69
9/30/2008,3.61,3.64,3.69
9/29/2008,3.61,3.64,3.69
9/26/2008,3.61,3.64,3.69
9/25/2008,3.61,3.64,3.69
9/24/2008,3.61,3.64,3.69
9/23/2008,3.61,3.64,3.69
9/22/2008,3.61,3.64,3.69
9/19/2008,3.61,3.64,3.69
9/18/2008,3.61,3.64,3.69
9/17/2008,3.61,3.64,3.69
9/16/2008,3.61,3.64,3.69
9/15/2008,3.61,3.64,3.69
9/12/2008,3.61,3.64,3.69
9/11/2008,3.61,3.64,3.7
9/10/2008,3.61,3.64,3.7
9/9/2008,3.61,3.64,3.7
9/8/2008,3.61,3.64,3.7
9/5/2008,3.61,3.64,3.7
9/4/2008,3.61,3.64,3.69
9/3/2008,3.61,3.64,3.7
9/2/2008,3.61,3.65,3.7
9/1/2008,3.61,3.65,3.7
8/29/2008,3.61,3.65,3.7
8/28/2008,3.61,3.65,3.7
8/27/2008,3.61,3.65,3.7
8/26/2008,3.61,3.65,3.7
8/25/2008,3.61,3.65,3.7
8/22/2008,3.61,3.65,3.7
8/21/2008,3.61,3.65,3.7
8/20/2008,3.61,3.65,3.7
8/19/2008,3.61,3.65,3.7
8/18/2008,3.61,3.65,3.7
8/15/2008,3.61,3.65,3.7
8/14/2008,3.61,3.65,3.7
8/13/2008,3.61,3.65,3.7
8/12/2008,3.61,3.65,3.7
8/11/2008,3.61,3.65,3.7
8/8/2008,3.61,3.65,3.7
8/7/2008,3.61,3.65,3.7
8/6/2008,3.61,3.65,3.71
8/5/2008,3.61,3.65,3.71
8/4/2008,3.61,3.65,3.7
8/1/2008,3.61,3.65,3.7
7/31/2008,3.61,3.65,3.7
7/30/2008,3.61,3.65,3.7
7/29/2008,3.61,3.65,3.7
7/28/2008,3.61,3.65,3.7
7/25/2008,3.61,3.65,3.7
7/24/2008,3.61,3.65,3.7
7/23/2008,3.61,3.65,3.7
7/22/2008,3.61,3.65,3.7
7/21/2008,3.61,3.65,3.7
7/18/2008,3.61,3.66,3.71
7/17/2008,3.61,3.65,3.7
7/16/2008,3.61,3.65,3.7
7/15/2008,3.61,3.65,3.7
7/14/2008,3.61,3.65,3.7
7/11/2008,3.61,3.65,3.7
7/10/2008,3.61,3.65,3.7
7/9/2008,3.61,3.65,3.7
7/8/2008,3.61,3.65,3.7
7/7/2008,3.61,3.65,3.69
7/4/2008,3.61,3.64,3.69
7/3/2008,3.61,3.64,3.69
7/2/2008,3.61,3.64,3.69
7/1/2008,3.61,3.64,3.69
6/30/2008,3.61,3.64,3.69
6/27/2008,3.61,3.64,3.69
6/26/2008,3.61,3.65,3.69
6/25/2008,3.61,3.64,3.69
6/24/2008,3.61,3.64,3.68
6/23/2008,3.61,3.64,3.67
6/20/2008,3.61,3.63,3.67
6/19/2008,3.6,3.63,3.67
6/18/2008,3.6,3.63,3.66
6/17/2008,3.61,3.63,3.66
6/16/2008,3.61,3.63,3.67
6/13/2008,3.61,3.63,3.67
6/12/2008,3.61,3.63,3.66
6/11/2008,3.61,3.63,3.66
6/10/2008,3.61,3.63,3.66
6/9/2008,3.61,3.63,3.66
6/6/2008,3.61,3.63,3.65
6/5/2008,3.6,3.62,3.65
6/4/2008,3.6,3.61,3.63
6/3/2008,3.59,3.61,3.63
6/2/2008,3.59,3.61,3.63
5/30/2008,3.59,3.61,3.63
5/29/2008,3.59,3.6,3.62
5/28/2008,3.58,3.6,3.61
5/27/2008,3.58,3.59,3.61
5/26/2008,3.57,3.59,3.61
5/23/2008,3.57,3.59,3.61
5/22/2008,3.57,3.59,3.61
5/21/2008,3.57,3.59,3.61
5/20/2008,3.57,3.59,3.61
5/19/2008,3.57,3.59,3.61
5/16/2008,3.57,3.59,3.61
5/15/2008,3.57,3.59,3.61
5/14/2008,3.57,3.59,3.61
5/13/2008,3.57,3.59,3.61
5/12/2008,3.57,3.58,3.61
5/9/2008,3.57,3.58,3.61
5/8/2008,3.57,3.58,3.61
5/7/2008,3.57,3.58,3.61
5/6/2008,3.57,3.58,3.61
5/5/2008,3.57,3.58,3.61
5/2/2008,3.57,3.58,3.61
5/1/2008,3.57,3.58,3.61
4/30/2008,3.57,3.58,3.61
4/29/2008,3.57,3.58,3.61
4/28/2008,3.57,3.58,3.61
4/25/2008,3.57,3.58,3.61
4/24/2008,3.57,3.58,3.61
4/23/2008,3.57,3.58,3.61
4/22/2008,3.57,3.58,3.61
4/21/2008,3.57,3.58,3.61
4/18/2008,3.57,3.58,3.61
4/17/2008,3.57,3.58,3.61
4/16/2008,3.57,3.58,3.61
4/15/2008,3.57,3.58,3.61
4/14/2008,3.57,3.58,3.61
4/11/2008,3.57,3.58,3.61
4/10/2008,3.57,3.58,3.61
4/9/2008,3.57,3.59,3.61
4/8/2008,3.57,3.59,3.61
4/7/2008,3.57,3.59,3.61
4/4/2008,3.57,3.59,3.61
4/3/2008,3.57,3.59,3.61
4/2/2008,3.57,3.59,3.61
4/1/2008,3.57,3.59,3.61
3/31/2008,3.57,3.59,3.61
3/28/2008,3.57,3.59,3.61
3/27/2008,3.57,3.59,3.61
3/26/2008,3.57,3.59,3.61
3/25/2008,3.57,3.59,3.61
3/24/2008,3.57,3.59,3.61
3/21/2008,3.57,3.59,3.61
3/20/2008,3.57,3.59,3.61
3/19/2008,3.57,3.59,3.61
3/18/2008,3.57,3.59,3.61
3/17/2008,3.57,3.59,3.61
3/14/2008,3.57,3.59,3.61
3/13/2008,3.57,3.59,3.61
3/12/2008,3.57,3.59,3.61
3/11/2008,3.57,3.59,3.61
3/10/2008,3.57,3.58,3.61
3/7/2008,3.57,3.58,3.61
3/6/2008,3.57,3.58,3.61
3/5/2008,3.57,3.58,3.61
3/4/2008,3.57,3.58,3.61
3/3/2008,3.57,3.58,3.61
2/29/2008,3.57,3.58,3.61
2/28/2008,3.57,3.58,3.61
2/27/2008,3.57,3.58,3.61
2/26/2008,3.57,3.58,3.61
2/25/2008,3.57,3.58,3.61
2/22/2008,3.57,3.58,3.61
2/21/2008,3.57,3.58,3.61
2/20/2008,3.57,3.58,3.61
2/19/2008,3.57,3.58,3.61
2/18/2008,3.57,3.58,3.61
2/15/2008,3.57,3.58,3.61
2/14/2008,3.57,3.58,3.61
2/13/2008,3.57,3.58,3.61
2/12/2008,3.57,3.58,3.61
2/11/2008,3.57,3.58,3.61
2/8/2008,3.57,3.59,3.61
2/7/2008,3.57,3.59,3.61
2/6/2008,3.57,3.59,3.61
2/5/2008,3.57,3.59,3.61
2/4/2008,3.57,3.59,3.61
2/1/2008,3.57,3.59,3.61
1/31/2008,3.57,3.59,3.61
1/30/2008,3.57,3.59,3.61
1/29/2008,3.57,3.59,3.61
1/28/2008,3.57,3.59,3.61
1/25/2008,3.57,3.59,3.61
1/24/2008,3.57,3.59,3.61
1/23/2008,3.57,3.59,3.61
1/22/2008,3.57,3.59,3.61
1/21/2008,3.57,3.59,3.61
1/18/2008,3.57,3.59,3.61
1/17/2008,3.57,3.59,3.61
1/16/2008,3.57,3.59,3.61
1/15/2008,3.57,3.59,3.61
1/14/2008,3.57,3.59,3.61
1/11/2008,3.57,3.59,3.61
1/10/2008,3.57,3.59,3.61
1/9/2008,3.57,3.59,3.61
1/8/2008,3.57,3.59,3.61
1/7/2008,3.57,3.59,3.61
1/4/2008,3.57,3.59,3.61
1/3/2008,3.57,3.59,3.61
1/2/2008,3.57,3.59,3.61
1/1/2008,3.57,3.59,3.61
12/31/2007,3.57,3.59,3.61
12/28/2007,3.57,3.59,3.61
12/27/2007,3.57,3.59,3.61
12/26/2007,3.57,3.59,3.61
12/25/2007,3.57,3.59,3.61
12/24/2007,3.57,3.59,3.61
12/21/2007,3.57,3.59,3.61
12/20/2007,3.57,3.59,3.61
12/19/2007,3.57,3.59,3.61
12/18/2007,3.57,3.59,3.61
12/17/2007,3.57,3.59,3.61
12/14/2007,3.57,3.59,3.61
12/13/2007,3.57,3.59,3.61
12/12/2007,3.57,3.59,3.61
12/11/2007,3.57,3.59,3.61
12/10/2007,3.57,3.59,3.61
12/7/2007,3.57,3.59,3.61
12/6/2007,3.57,3.59,3.61
12/5/2007,3.57,3.59,3.61
12/4/2007,3.57,3.59,3.61
12/3/2007,3.57,3.59,3.61
11/30/2007,3.57,3.59,3.61
11/29/2007,3.57,3.59,3.61
11/28/2007,3.57,3.59,3.61
11/27/2007,3.57,3.59,3.61
11/26/2007,3.57,3.59,3.61
11/23/2007,3.57,3.59,3.61
11/22/2007,3.57,3.59,3.61
11/21/2007,3.57,3.59,3.61
11/20/2007,3.57,3.59,3.61
11/19/2007,3.57,3.59,3.61
11/16/2007,3.57,3.59,3.61
11/15/2007,3.57,3.59,3.61
11/14/2007,3.57,3.59,3.61
11/13/2007,3.57,3.59,3.61
11/12/2007,3.57,3.59,3.61
11/9/2007,3.57,3.59,3.61
11/8/2007,3.57,3.59,3.61
11/7/2007,3.57,3.59,3.61
11/6/2007,3.57,3.59,3.61
11/5/2007,3.57,3.59,3.61
11/2/2007,3.57,3.59,3.61
11/1/2007,3.57,3.59,3.61
10/31/2007,3.57,3.59,3.61
10/30/2007,3.57,3.59,3.61
10/29/2007,3.57,3.59,3.61
10/26/2007,3.57,3.59,3.61
10/25/2007,3.57,3.59,3.61
10/24/2007,3.57,3.59,3.61
10/23/2007,3.57,3.59,3.61
10/22/2007,3.57,3.59,3.61
10/19/2007,3.57,3.59,3.61
10/18/2007,3.57,3.59,3.61
10/17/2007,3.57,3.59,3.61
10/16/2007,3.57,3.59,3.61
10/15/2007,3.57,3.59,3.61
10/12/2007,3.57,3.59,3.61
10/11/2007,3.57,3.59,3.61
10/10/2007,3.57,3.59,3.61
10/9/2007,3.57,3.59,3.61
10/8/2007,3.57,3.59,3.61
10/5/2007,3.57,3.59,3.61
10/4/2007,3.57,3.59,3.61
10/3/2007,3.57,3.59,3.61
10/2/2007,3.57,3.59,3.61
10/1/2007,3.57,3.59,3.61
9/28/2007,3.57,3.59,3.61
9/27/2007,3.57,3.59,3.61
9/26/2007,3.57,3.59,3.61
9/25/2007,3.57,3.59,3.61
9/24/2007,3.57,3.59,3.61
9/21/2007,3.57,3.59,3.61
9/20/2007,3.57,3.59,3.61
9/19/2007,3.57,3.59,3.61
9/18/2007,3.57,3.59,3.61
9/17/2007,3.57,3.59,3.61
9/14/2007,3.57,3.59,3.61
9/13/2007,3.57,3.59,3.61
9/12/2007,3.57,3.59,3.61
9/11/2007,3.57,3.59,3.61
9/10/2007,3.57,3.59,3.61
9/7/2007,3.57,3.59,3.61
9/6/2007,3.57,3.59,3.61
9/5/2007,3.57,3.59,3.61
9/4/2007,3.57,3.59,3.61
9/3/2007,3.57,3.59,3.61
8/31/2007,3.57,3.59,3.61
8/30/2007,3.57,3.59,3.61
8/29/2007,3.57,3.59,3.61
8/28/2007,3.57,3.59,3.61
8/27/2007,3.57,3.59,3.61
8/24/2007,3.57,3.59,3.61
8/23/2007,3.57,3.59,3.61
8/22/2007,3.57,3.59,3.61
8/21/2007,3.57,3.59,3.61
8/20/2007,3.57,3.59,3.61
8/17/2007,3.57,3.59,3.61
8/16/2007,3.57,3.58,3.6
8/15/2007,3.57,3.58,3.6
8/14/2007,3.57,3.58,3.6
8/13/2007,3.57,3.58,3.6
8/10/2007,3.56,3.58,3.6
8/9/2007,3.56,3.58,3.6
8/8/2007,3.56,3.58,3.6
8/7/2007,3.56,3.58,3.6
8/6/2007,3.56,3.58,3.6
8/3/2007,3.56,3.58,3.6
8/2/2007,3.56,3.58,3.6
8/1/2007,3.56,3.58,3.6
7/31/2007,3.56,3.58,3.6
7/30/2007,3.56,3.58,3.6
7/27/2007,3.56,3.58,3.6
7/26/2007,3.56,3.58,3.6
7/25/2007,3.56,3.58,3.6
7/24/2007,3.56,3.58,3.6
7/23/2007,3.56,3.58,3.6
7/20/2007,3.56,3.58,3.6
7/19/2007,3.56,3.58,3.6
7/18/2007,3.56,3.58,3.6
7/17/2007,3.56,3.58,3.6
7/16/2007,3.56,3.58,3.6
7/13/2007,3.56,3.58,3.6
7/12/2007,3.56,3.58,3.6
7/11/2007,3.56,3.58,3.6
7/10/2007,3.56,3.58,3.6
7/9/2007,3.56,3.58,3.6
7/6/2007,3.56,3.58,3.6
7/5/2007,3.56,3.58,3.6
7/4/2007,3.56,3.58,3.6
7/3/2007,3.56,3.58,3.6
7/2/2007,3.56,3.58,3.6
6/29/2007,3.56,3.58,3.6
6/28/2007,3.57,3.58,3.6
6/27/2007,3.57,3.58,3.6
6/26/2007,3.57,3.58,3.6
6/25/2007,3.57,3.58,3.6
6/22/2007,3.57,3.58,3.6
6/21/2007,3.57,3.58,3.6
6/20/2007,3.57,3.58,3.6
6/19/2007,3.57,3.58,3.6
6/18/2007,3.57,3.58,3.6
6/15/2007,3.57,3.58,3.6
6/14/2007,3.57,3.58,3.6
6/13/2007,3.57,3.58,3.6
6/12/2007,3.57,3.58,3.6
6/11/2007,3.57,3.58,3.6
6/8/2007,3.57,3.58,3.6
6/7/2007,3.57,3.58,3.6
6/6/2007,3.57,3.58,3.6
6/5/2007,3.57,3.58,3.6
6/4/2007,3.57,3.58,3.6
6/1/2007,3.57,3.58,3.6
5/31/2007,3.57,3.58,3.6
5/30/2007,3.57,3.58,3.6
5/29/2007,3.57,3.59,3.6
5/28/2007,3.57,3.58,3.6
5/25/2007,3.57,3.58,3.6
5/24/2007,3.57,3.58,3.6
5/23/2007,3.56,3.58,3.6
5/22/2007,3.56,3.58,3.6
5/21/2007,3.56,3.58,3.6
5/18/2007,3.57,3.58,3.6
5/17/2007,3.57,3.59,3.6
5/16/2007,3.57,3.59,3.61
5/15/2007,3.57,3.59,3.61
5/14/2007,3.57,3.59,3.61
5/11/2007,3.57,3.59,3.61
5/10/2007,3.57,3.59,3.61
5/9/2007,3.57,3.59,3.61
5/8/2007,3.57,3.59,3.61
5/7/2007,3.57,3.59,3.61
5/4/2007,3.57,3.59,3.61
5/3/2007,3.57,3.59,3.61
5/2/2007,3.57,3.59,3.61
5/1/2007,3.57,3.59,3.61
4/30/2007,3.57,3.59,3.61
4/27/2007,3.57,3.59,3.61
4/26/2007,3.57,3.59,3.61
4/25/2007,3.57,3.59,3.61
4/24/2007,3.57,3.59,3.61
4/23/2007,3.58,3.59,3.61
4/20/2007,3.58,3.6,3.61
4/19/2007,3.58,3.6,3.61
4/18/2007,3.58,3.6,3.62
4/17/2007,3.58,3.6,3.62
4/16/2007,3.58,3.6,3.62
4/13/2007,3.59,3.61,3.62
4/12/2007,3.59,3.61,3.63
4/11/2007,3.59,3.61,3.63
4/10/2007,3.59,3.61,3.63
4/9/2007,3.59,3.61,3.63
4/6/2007,3.59,3.61,3.63
4/5/2007,3.59,3.61,3.63
4/4/2007,3.59,3.61,3.63
4/3/2007,3.59,3.61,3.63
4/2/2007,3.59,3.61,3.64
3/30/2007,3.59,3.61,3.64
3/29/2007,3.59,3.61,3.64
3/28/2007,3.59,3.61,3.64
3/27/2007,3.6,3.62,3.64
3/26/2007,3.6,3.62,3.64
3/23/2007,3.6,3.62,3.64
3/22/2007,3.6,3.62,3.64
3/21/2007,3.6,3.62,3.64
3/20/2007,3.6,3.62,3.64
3/19/2007,3.6,3.62,3.64
3/16/2007,3.6,3.62,3.65
3/15/2007,3.6,3.62,3.65
3/14/2007,3.6,3.62,3.65
3/13/2007,3.6,3.62,3.65
3/12/2007,3.6,3.62,3.65
3/9/2007,3.6,3.62,3.66
3/8/2007,3.6,3.63,3.66
3/7/2007,3.6,3.63,3.67
3/6/2007,3.6,3.63,3.67
3/5/2007,3.6,3.63,3.67
3/2/2007,3.6,3.63,3.67
3/1/2007,3.6,3.63,3.67
2/28/2007,3.6,3.63,3.67
2/27/2007,3.6,3.63,3.68
2/26/2007,3.61,3.63,3.68
2/23/2007,3.61,3.64,3.68
2/22/2007,3.61,3.64,3.68
2/21/2007,3.61,3.64,3.68
2/20/2007,3.61,3.63,3.68
2/19/2007,3.61,3.63,3.68
2/16/2007,3.61,3.63,3.68
2/15/2007,3.61,3.63,3.68
2/14/2007,3.61,3.63,3.68
2/13/2007,3.61,3.63,3.68
2/12/2007,3.61,3.63,3.68
2/9/2007,3.61,3.64,3.69
2/8/2007,3.61,3.64,3.69
2/7/2007,3.61,3.64,3.69
2/6/2007,3.61,3.64,3.69
2/5/2007,3.61,3.64,3.69
2/2/2007,3.61,3.64,3.69
2/1/2007,3.61,3.65,3.69
1/31/2007,3.61,3.65,3.69
1/30/2007,3.61,3.65,3.69
1/29/2007,3.62,3.65,3.7
1/26/2007,3.62,3.65,3.7
1/25/2007,3.62,3.65,3.7
1/24/2007,3.62,3.65,3.7
1/23/2007,3.62,3.65,3.7
1/22/2007,3.62,3.65,3.7
1/19/2007,3.62,3.65,3.7
1/18/2007,3.62,3.65,3.7
1/17/2007,3.62,3.66,3.7
1/16/2007,3.62,3.66,3.71
1/15/2007,3.62,3.66,3.71
1/12/2007,3.62,3.66,3.71
1/11/2007,3.62,3.66,3.71
1/10/2007,3.62,3.66,3.71
1/9/2007,3.62,3.66,3.7
1/8/2007,3.62,3.66,3.7
1/5/2007,3.62,3.66,3.71
1/4/2007,3.62,3.66,3.71
1/3/2007,3.62,3.66,3.71
1/2/2007,3.62,3.66,3.71
1/1/2007,3.62,3.66,3.71
12/29/2006,3.62,3.66,3.71
12/28/2006,3.62,3.66,3.7
12/27/2006,3.62,3.66,3.7
12/26/2006,3.62,3.66,3.7
12/25/2006,3.62,3.66,3.7
12/22/2006,3.62,3.66,3.7
12/21/2006,3.62,3.66,3.7
12/20/2006,3.62,3.66,3.7
12/19/2006,3.63,3.66,3.71
12/18/2006,3.63,3.67,3.71
12/15/2006,3.63,3.67,3.71
12/14/2006,3.63,3.67,3.71
12/13/2006,3.63,3.67,3.71
12/12/2006,3.63,3.67,3.72
12/11/2006,3.64,3.68,3.72
12/8/2006,3.64,3.68,3.72
12/7/2006,3.64,3.68,3.72
12/6/2006,3.64,3.68,3.72
12/5/2006,3.64,3.68,3.72
12/4/2006,3.64,3.68,3.72
12/1/2006,3.64,3.68,3.73
11/30/2006,3.64,3.68,3.73
11/29/2006,3.64,3.68,3.73
11/28/2006,3.64,3.68,3.73
11/27/2006,3.64,3.68,3.73
11/24/2006,3.64,3.69,3.73
11/23/2006,3.64,3.69,3.73
11/22/2006,3.65,3.69,3.73
11/21/2006,3.65,3.69,3.74
11/20/2006,3.65,3.7,3.74
11/17/2006,3.66,3.7,3.75
11/16/2006,3.66,3.7,3.75
11/15/2006,3.66,3.7,3.75
11/14/2006,3.66,3.7,3.75
11/13/2006,3.66,3.7,3.75
11/10/2006,3.66,3.71,3.75
11/9/2006,3.66,3.71,3.75
11/8/2006,3.66,3.71,3.76
11/7/2006,3.67,3.72,3.76
11/6/2006,3.67,3.72,3.76
11/3/2006,3.67,3.72,3.76
11/2/2006,3.67,3.72,3.76
11/1/2006,3.67,3.73,3.76
10/31/2006,3.67,3.73,3.76
10/30/2006,3.68,3.73,3.77
10/27/2006,3.68,3.73,3.77
10/26/2006,3.68,3.73,3.77
10/25/2006,3.68,3.73,3.77
10/24/2006,3.68,3.73,3.77
10/23/2006,3.68,3.73,3.77
10/20/2006,3.68,3.73,3.77
10/19/2006,3.68,3.73,3.77
10/18/2006,3.68,3.72,3.77
10/17/2006,3.68,3.73,3.77
10/16/2006,3.68,3.73,3.77
10/13/2006,3.69,3.74,3.78
10/12/2006,3.69,3.74,3.78
10/11/2006,3.69,3.74,3.78
10/10/2006,3.69,3.74,3.78
10/9/2006,3.7,3.75,3.78
10/6/2006,3.7,3.75,3.78
10/5/2006,3.7,3.75,3.78
10/4/2006,3.7,3.75,3.78
10/3/2006,3.71,3.75,3.79
10/2/2006,3.71,3.75,3.79
9/29/2006,3.71,3.75,3.79
9/28/2006,3.7,3.75,3.79
9/27/2006,3.7,3.75,3.79
9/26/2006,3.7,3.75,3.79
9/25/2006,3.7,3.75,3.79
9/22/2006,3.7,3.76,3.79
9/21/2006,3.7,3.76,3.79
9/20/2006,3.71,3.76,3.8
9/19/2006,3.71,3.77,3.8
9/18/2006,3.71,3.77,3.81
9/15/2006,3.72,3.77,3.81
9/14/2006,3.72,3.77,3.81
9/13/2006,3.72,3.77,3.81
9/12/2006,3.72,3.78,3.81
9/11/2006,3.72,3.78,3.81
9/8/2006,3.72,3.78,3.81
9/7/2006,3.72,3.78,3.81
9/6/2006,3.72,3.78,3.81
9/5/2006,3.72,3.78,3.81
9/4/2006,3.72,3.78,3.81
9/1/2006,3.72,3.78,3.81
8/31/2006,3.73,3.78,3.81
8/30/2006,3.73,3.78,3.81
8/29/2006,3.73,3.78,3.81
8/28/2006,3.73,3.78,3.82
8/25/2006,3.73,3.78,3.82
8/24/2006,3.73,3.78,3.82
8/23/2006,3.73,3.79,3.83
8/22/2006,3.73,3.79,3.83
8/21/2006,3.74,3.8,3.84
8/18/2006,3.74,3.8,3.85
8/17/2006,3.74,3.81,3.85
8/16/2006,3.74,3.81,3.85
8/15/2006,3.74,3.81,3.86
8/14/2006,3.74,3.82,3.86
8/11/2006,3.74,3.82,3.85
8/10/2006,3.74,3.82,3.86
8/9/2006,3.74,3.82,3.86
8/8/2006,3.75,3.82,3.86
8/7/2006,3.75,3.82,3.87
8/4/2006,3.75,3.82,3.87
8/3/2006,3.77,3.83,3.88
8/2/2006,3.78,3.84,3.89
8/1/2006,3.78,3.84,3.89
7/31/2006,3.79,3.85,3.9
7/28/2006,3.81,3.87,3.92
7/27/2006,3.81,3.87,3.91
7/26/2006,3.81,3.87,3.91
7/25/2006,3.81,3.87,3.92
7/24/2006,3.81,3.87,3.92
7/21/2006,3.81,3.87,3.92
7/20/2006,3.81,3.87,3.92
7/19/2006,3.81,3.87,3.92
7/18/2006,3.81,3.87,3.92
7/17/2006,3.81,3.86,3.92
7/14/2006,3.81,3.86,3.92
7/13/2006,3.81,3.86,3.92
7/12/2006,3.81,3.86,3.92
7/11/2006,3.81,3.86,3.92
7/10/2006,3.81,3.86,3.92
7/7/2006,3.81,3.86,3.92
7/6/2006,3.81,3.86,3.92
7/5/2006,3.81,3.86,3.92
7/4/2006,3.81,3.86,3.92
7/3/2006,3.81,3.86,3.92
6/30/2006,3.81,3.86,3.92
6/29/2006,3.81,3.86,3.92
6/28/2006,3.81,3.86,3.92
6/27/2006,3.81,3.86,3.92
6/26/2006,3.81,3.86,3.92
6/23/2006,3.81,3.87,3.92
6/22/2006,3.81,3.87,3.92
6/21/2006,3.81,3.87,3.92
6/20/2006,3.81,3.86,3.92
6/19/2006,3.8,3.86,3.92
6/16/2006,3.8,3.86,3.92
6/15/2006,3.81,3.86,3.92
6/14/2006,3.81,3.86,3.92
6/13/2006,3.81,3.87,3.92
6/12/2006,3.81,3.87,3.92
6/9/2006,3.81,3.87,3.92
6/8/2006,3.81,3.87,3.92
6/7/2006,3.8,3.86,3.92
6/6/2006,3.8,3.86,3.92
6/5/2006,3.8,3.86,3.92
6/2/2006,3.8,3.87,3.92
6/1/2006,3.8,3.87,3.92
5/31/2006,3.8,3.87,3.91
5/30/2006,3.8,3.87,3.91
5/29/2006,3.8,3.87,3.91
5/26/2006,3.8,3.87,3.91
5/25/2006,3.78,3.85,3.9
5/24/2006,3.77,3.83,3.88
5/23/2006,3.76,3.81,3.87
5/22/2006,3.87,3.91,3.95
5/19/2006,3.84,3.89,3.93
5/18/2006,3.81,3.86,3.9
5/17/2006,3.76,3.82,3.86
5/16/2006,3.73,3.79,3.83
5/15/2006,3.71,3.76,3.81
5/12/2006,3.71,3.76,3.81
5/11/2006,3.71,3.76,3.81
5/10/2006,3.7,3.75,3.8
5/9/2006,3.69,3.74,3.79
5/8/2006,3.68,3.74,3.78
5/5/2006,3.67,3.73,3.77
5/4/2006,3.66,3.72,3.76
5/3/2006,3.65,3.71,3.75
5/2/2006,3.65,3.71,3.75
5/1/2006,3.65,3.7,3.74
4/28/2006,3.65,3.7,3.74
4/27/2006,3.64,3.69,3.73
4/26/2006,3.47,3.52,3.57
4/25/2006,3.45,3.51,3.56
4/24/2006,3.44,3.48,3.53
4/21/2006,3.43,3.47,3.52
4/20/2006,3.41,3.44,3.49
4/19/2006,3.4,3.43,3.48
4/18/2006,3.4,3.43,3.48
4/17/2006,3.4,3.43,3.48
4/14/2006,3.4,3.43,3.48
4/13/2006,3.4,3.43,3.48
4/12/2006,3.4,3.43,3.48
4/11/2006,3.4,3.43,3.48
4/10/2006,3.4,3.43,3.48
4/7/2006,3.4,3.43,3.47
4/6/2006,3.4,3.43,3.47
4/5/2006,3.4,3.43,3.47
4/4/2006,3.4,3.43,3.47
4/3/2006,3.4,3.43,3.47
3/31/2006,3.4,3.43,3.47
3/30/2006,3.4,3.43,3.47
3/29/2006,3.4,3.43,3.47
3/28/2006,3.4,3.42,3.47
3/27/2006,3.4,3.42,3.47
3/24/2006,3.4,3.42,3.47
3/23/2006,3.4,3.42,3.47
3/22/2006,3.4,3.42,3.47
3/21/2006,3.4,3.42,3.47
3/20/2006,3.4,3.42,3.47
3/17/2006,3.4,3.42,3.47
3/16/2006,3.4,3.42,3.47
3/15/2006,3.4,3.42,3.47
3/14/2006,3.4,3.42,3.47
3/13/2006,3.4,3.42,3.46
3/10/2006,3.4,3.42,3.46
3/9/2006,3.4,3.42,3.46
3/8/2006,3.4,3.42,3.46
3/7/2006,3.4,3.42,3.46
3/6/2006,3.4,3.42,3.46
3/3/2006,3.4,3.42,3.46
3/2/2006,3.39,3.42,3.46
3/1/2006,3.39,3.42,3.45
2/28/2006,3.39,3.42,3.46
2/27/2006,3.38,3.42,3.46
2/24/2006,3.38,3.42,3.45
2/23/2006,3.38,3.4,3.44
2/22/2006,3.19,3.24,3.28
2/21/2006,3.19,3.23,3.28
2/20/2006,3.19,3.23,3.28
2/17/2006,3.18,3.23,3.27
2/16/2006,3.18,3.22,3.27
2/15/2006,3.18,3.22,3.27
2/14/2006,3.17,3.22,3.26
2/13/2006,3.17,3.21,3.26
2/10/2006,3.17,3.21,3.26
2/9/2006,3.16,3.21,3.26
2/8/2006,3.16,3.21,3.26
2/7/2006,3.16,3.21,3.26
2/6/2006,3.16,3.21,3.26
2/3/2006,3.15,3.21,3.25
2/2/2006,3.15,3.21,3.25
2/1/2006,3.15,3.21,3.25
1/31/2006,3.15,3.21,3.25
1/30/2006,3.15,3.21,3.25
1/27/2006,3.15,3.21,3.25
1/26/2006,3.15,3.21,3.25
1/25/2006,3.15,3.21,3.25
1/24/2006,3.15,3.21,3.25
1/23/2006,3.15,3.2,3.25
1/20/2006,3.15,3.2,3.25
1/19/2006,3.15,3.2,3.25
1/18/2006,3.15,3.2,3.25
1/17/2006,3.15,3.2,3.25
1/16/2006,3.15,3.2,3.25
1/13/2006,3.15,3.2,3.25
1/12/2006,3.15,3.2,3.25
1/11/2006,3.15,3.2,3.25
1/10/2006,3.15,3.2,3.25
1/9/2006,3.15,3.2,3.25
1/6/2006,3.15,3.19,3.25
1/5/2006,3.15,3.19,3.24
1/4/2006,3.14,3.19,3.24
1/3/2006,3.14,3.19,3.23
1/2/2006,3.13,3.18,3.22
12/30/2005,3.13,3.18,3.22
12/29/2005,3.13,3.17,3.21
12/28/2005,3.13,3.17,3.21
12/27/2005,3.13,3.17,3.21
12/26/2005,3.13,3.16,3.21
12/23/2005,3.13,3.16,3.21
12/22/2005,3.13,3.16,3.21
12/21/2005,3.13,3.16,3.2
12/20/2005,3.13,3.16,3.21
12/19/2005,3.13,3.16,3.2
12/16/2005,3.13,3.16,3.2
12/15/2005,3.13,3.16,3.2
12/14/2005,3.13,3.16,3.2
12/13/2005,3.13,3.16,3.2
12/12/2005,3.12,3.16,3.2
12/9/2005,3.12,3.16,3.2
12/8/2005,3.12,3.16,3.2
12/7/2005,3.12,3.16,3.21
12/6/2005,3.12,3.16,3.2
12/5/2005,3.11,3.16,3.2
12/2/2005,3.11,3.16,3.2
12/1/2005,3.11,3.15,3.2
11/30/2005,2.91,2.93,2.95
11/29/2005,2.9,2.93,2.95
11/28/2005,2.9,2.93,2.95
11/25/2005,2.9,2.92,2.95
11/24/2005,2.9,2.92,2.94
11/23/2005,2.9,2.92,2.94
11/22/2005,2.9,2.92,2.94
11/21/2005,2.9,2.92,2.94
11/18/2005,2.89,2.92,2.94
11/17/2005,2.89,2.92,2.94
11/16/2005,2.89,2.92,2.93
11/15/2005,2.89,2.92,2.93
11/14/2005,2.89,2.92,2.93
11/11/2005,2.89,2.91,2.93
11/10/2005,2.89,2.91,2.93
11/9/2005,2.89,2.91,2.93
11/8/2005,2.89,2.91,2.93
11/7/2005,2.89,2.91,2.92
11/4/2005,2.89,2.91,2.92
11/3/2005,2.89,2.91,2.92
11/2/2005,2.89,2.91,2.92
11/1/2005,2.89,2.91,2.92
10/31/2005,2.89,2.91,2.92
10/28/2005,2.89,2.91,2.92
10/27/2005,2.89,2.91,2.92
10/26/2005,2.89,2.9,2.92
10/25/2005,2.89,2.9,2.92
10/24/2005,2.89,2.9,2.92
10/21/2005,2.88,2.9,2.92
10/20/2005,2.88,2.9,2.92
10/19/2005,2.88,2.9,2.92
10/18/2005,2.88,2.9,2.91
10/17/2005,2.88,2.9,2.91
10/14/2005,2.88,2.9,2.91
10/13/2005,2.88,2.9,2.91
10/12/2005,2.88,2.9,2.91
10/11/2005,2.88,2.9,2.91
10/10/2005,2.88,2.9,2.91
10/7/2005,2.88,2.9,2.91
10/6/2005,2.88,2.9,2.91
10/5/2005,2.88,2.9,2.91
10/4/2005,2.88,2.9,2.91
10/3/2005,2.88,2.9,2.91
9/30/2005,2.88,2.9,2.91
9/29/2005,2.88,2.9,2.91
9/28/2005,2.88,2.9,2.91
9/27/2005,2.88,2.89,2.91
9/26/2005,2.88,2.89,2.91
9/23/2005,2.88,2.89,2.91
9/22/2005,2.88,2.89,2.9
9/21/2005,2.88,2.89,2.9
9/20/2005,2.88,2.89,2.9
9/19/2005,2.88,2.89,2.9
9/16/2005,2.88,2.89,2.9
9/15/2005,2.88,2.89,2.9
9/14/2005,2.88,2.89,2.9
9/13/2005,2.88,2.89,2.9
9/12/2005,2.87,2.89,2.9
9/9/2005,2.87,2.89,2.9
9/8/2005,2.87,2.89,2.9
9/7/2005,2.87,2.88,2.9
9/6/2005,2.87,2.88,2.89
9/5/2005,2.87,2.88,2.89
9/2/2005,2.87,2.88,2.89
9/1/2005,2.87,2.88,2.89
8/31/2005,2.86,2.88,2.89
8/30/2005,2.86,2.88,2.89
8/29/2005,2.86,2.88,2.89
8/26/2005,2.86,2.87,2.89
8/25/2005,2.86,2.87,2.89
8/24/2005,2.86,2.87,2.89
8/23/2005,2.86,2.87,2.89
8/22/2005,2.86,2.87,2.88
8/19/2005,2.86,2.87,2.88
8/18/2005,2.86,2.87,2.88
8/17/2005,2.86,2.87,2.88
8/16/2005,2.85,2.87,2.88
8/15/2005,2.85,2.87,2.88
8/12/2005,2.85,2.87,2.88
8/11/2005,2.85,2.87,2.88
8/10/2005,2.85,2.87,2.88
8/9/2005,2.85,2.86,2.88
8/8/2005,2.85,2.86,2.88
8/5/2005,2.85,2.86,2.88
8/4/2005,2.85,2.86,2.88
8/3/2005,2.85,2.86,2.88
8/2/2005,2.85,2.86,2.88
8/1/2005,2.85,2.86,2.88
7/29/2005,2.85,2.86,2.88
7/28/2005,2.85,2.86,2.88
7/27/2005,2.85,2.86,2.88
7/26/2005,2.85,2.86,2.87
7/25/2005,2.85,2.86,2.87
7/22/2005,2.85,2.86,2.88
7/21/2005,2.85,2.86,2.87
7/20/2005,2.85,2.86,2.87
7/19/2005,2.85,2.86,2.87
7/18/2005,2.85,2.86,2.87
7/15/2005,2.85,2.86,2.87
7/14/2005,2.85,2.86,2.87
7/13/2005,2.85,2.86,2.87
7/12/2005,2.85,2.86,2.87
7/11/2005,2.84,2.86,2.87
7/8/2005,2.84,2.86,2.87
7/7/2005,2.84,2.86,2.87
7/6/2005,2.84,2.86,2.87
7/5/2005,2.84,2.86,2.87
7/4/2005,2.84,2.85,2.87
7/1/2005,2.84,2.85,2.87
6/30/2005,2.84,2.85,2.87
6/29/2005,2.84,2.85,2.87
6/28/2005,2.84,2.85,2.86
6/27/2005,2.84,2.85,2.86
6/24/2005,2.83,2.85,2.86
6/23/2005,2.83,2.85,2.86
6/22/2005,2.83,2.85,2.86
6/21/2005,2.83,2.85,2.86
6/20/2005,2.83,2.85,2.86
6/17/2005,2.83,2.85,2.86
6/16/2005,2.83,2.84,2.86
6/15/2005,2.83,2.84,2.86
6/14/2005,2.83,2.84,2.86
6/13/2005,2.82,2.84,2.85
6/10/2005,2.82,2.84,2.85
6/9/2005,2.82,2.84,2.85
6/8/2005,2.82,2.84,2.85
6/7/2005,2.82,2.84,2.85
6/6/2005,2.82,2.84,2.85
6/3/2005,2.82,2.83,2.85
6/2/2005,2.82,2.83,2.85
6/1/2005,2.82,2.83,2.85
5/31/2005,2.82,2.83,2.85
5/30/2005,2.82,2.83,2.84
5/27/2005,2.82,2.83,2.84
5/26/2005,2.81,2.83,2.84
5/25/2005,2.81,2.83,2.84
5/24/2005,2.81,2.83,2.84
5/23/2005,2.81,2.83,2.84
5/20/2005,2.81,2.83,2.84
5/19/2005,2.81,2.82,2.84
5/18/2005,2.81,2.82,2.84
5/17/2005,2.81,2.82,2.84
5/16/2005,2.81,2.82,2.84
5/13/2005,2.81,2.82,2.84
5/12/2005,2.81,2.82,2.84
5/11/2005,2.81,2.82,2.84
5/10/2005,2.81,2.82,2.84
5/9/2005,2.81,2.82,2.84
5/6/2005,2.81,2.82,2.84
5/5/2005,2.81,2.82,2.84
5/4/2005,2.81,2.82,2.84
5/3/2005,2.81,2.82,2.84
5/2/2005,2.81,2.82,2.83
4/29/2005,2.81,2.82,2.83
4/28/2005,2.81,2.82,2.83
4/27/2005,2.81,2.82,2.83
4/26/2005,2.81,2.82,2.83
4/25/2005,2.81,2.82,2.83
4/22/2005,2.81,2.82,2.83
4/21/2005,2.81,2.82,2.83
4/20/2005,2.81,2.82,2.83
4/19/2005,2.81,2.82,2.83
4/18/2005,2.81,2.82,2.83
4/15/2005,2.81,2.82,2.83
4/14/2005,2.81,2.82,2.83
4/13/2005,2.81,2.82,2.83
4/12/2005,2.81,2.82,2.83
4/11/2005,2.81,2.82,2.83
4/8/2005,2.81,2.82,2.83
4/7/2005,2.8,2.81,2.83
4/6/2005,2.8,2.81,2.83
4/5/2005,2.8,2.81,2.83
4/4/2005,2.8,2.81,2.83
4/1/2005,2.8,2.81,2.83
3/31/2005,2.8,2.81,2.82
3/30/2005,2.8,2.81,2.82
3/29/2005,2.8,2.81,2.82
3/28/2005,2.8,2.81,2.82
3/25/2005,2.8,2.81,2.82
3/24/2005,2.8,2.81,2.82
3/23/2005,2.8,2.81,2.82
3/22/2005,2.8,2.81,2.82
3/21/2005,2.8,2.81,2.82
3/18/2005,2.8,2.81,2.82
3/17/2005,2.8,2.81,2.82
3/16/2005,2.8,2.81,2.82
3/15/2005,2.8,2.81,2.82
3/14/2005,2.8,2.81,2.82
3/11/2005,2.8,2.81,2.82
3/10/2005,2.8,2.81,2.82
3/9/2005,2.8,2.81,2.82
3/8/2005,2.8,2.81,2.82
3/7/2005,2.8,2.81,2.82
3/4/2005,2.8,2.81,2.82
3/3/2005,2.8,2.81,2.82
3/2/2005,2.8,2.81,2.82
3/1/2005,2.8,2.81,2.82
2/28/2005,2.8,2.81,2.82
2/25/2005,2.8,2.81,2.82
2/24/2005,2.8,2.81,2.82
2/23/2005,2.8,2.81,2.82
2/22/2005,2.8,2.81,2.82
2/21/2005,2.8,2.81,2.82
2/18/2005,2.8,2.81,2.82
2/17/2005,2.8,2.81,2.82
2/16/2005,2.8,2.81,2.82
2/15/2005,2.8,2.81,2.82
2/14/2005,2.8,2.81,2.82
2/11/2005,2.8,2.81,2.82
2/10/2005,2.8,2.81,2.82
2/9/2005,2.8,2.81,2.82
2/8/2005,2.8,2.81,2.82
2/7/2005,2.8,2.81,2.82
2/4/2005,2.8,2.81,2.82
2/3/2005,2.8,2.81,2.82
2/2/2005,2.8,2.81,2.82
2/1/2005,2.8,2.81,2.82
1/31/2005,2.8,2.81,2.82
1/28/2005,2.8,2.81,2.82
1/27/2005,2.8,2.81,2.82
1/26/2005,2.8,2.81,2.82
1/25/2005,2.8,2.81,2.82
1/24/2005,2.8,2.81,2.82
1/21/2005,2.8,2.81,2.82
1/20/2005,2.8,2.81,2.82
1/19/2005,2.8,2.81,2.82
1/18/2005,2.81,2.82,2.83
1/17/2005,2.81,2.82,2.83
1/14/2005,2.81,2.82,2.83
1/13/2005,2.81,2.82,2.83
1/12/2005,2.81,2.82,2.83
1/11/2005,2.81,2.82,2.83
1/10/2005,2.81,2.82,2.83
1/7/2005,2.81,2.82,2.83
1/6/2005,2.81,2.82,2.83
1/5/2005,2.81,2.82,2.83
1/4/2005,2.81,2.82,2.83
1/3/2005,2.81,2.82,2.83
12/31/2004,2.81,2.82,2.83
12/30/2004,2.81,2.82,2.83
12/29/2004,2.81,2.82,2.83
12/28/2004,2.81,2.82,2.83
12/27/2004,2.81,2.82,2.83
12/24/2004,2.81,2.82,2.83
12/23/2004,2.81,2.82,2.83
12/22/2004,2.81,2.82,2.83
12/21/2004,2.81,2.82,2.83
12/20/2004,2.81,2.82,2.83
12/17/2004,2.81,2.82,2.83
12/16/2004,2.81,2.82,2.83
12/15/2004,2.81,2.82,2.83
12/14/2004,2.81,2.82,2.83
12/13/2004,2.81,2.82,2.84
12/10/2004,2.81,2.82,2.84
12/9/2004,2.81,2.82,2.84
12/8/2004,2.81,2.82,2.84
12/7/2004,2.81,2.82,2.84
12/6/2004,2.81,2.82,2.84
12/3/2004,2.81,2.82,2.84
12/2/2004,2.81,2.82,2.84
12/1/2004,2.81,2.82,2.84
11/30/2004,2.81,2.83,2.84
11/29/2004,2.81,2.83,2.84
11/26/2004,2.81,2.83,2.84
11/25/2004,2.81,2.83,2.85
11/24/2004,2.81,2.83,2.85
11/23/2004,2.81,2.83,2.85
11/22/2004,2.81,2.84,2.85
11/19/2004,2.82,2.84,2.85
11/18/2004,2.82,2.84,2.85
11/17/2004,2.82,2.84,2.85
11/16/2004,2.82,2.84,2.85
11/15/2004,2.82,2.84,2.85
11/12/2004,2.82,2.84,2.85
11/11/2004,2.82,2.84,2.85
11/10/2004,2.82,2.84,2.85
11/9/2004,2.82,2.84,2.85
11/8/2004,2.82,2.84,2.86
11/5/2004,2.82,2.84,2.86
11/4/2004,2.82,2.84,2.86
11/3/2004,2.82,2.84,2.86
11/2/2004,2.82,2.84,2.86
11/1/2004,2.82,2.84,2.86
10/29/2004,2.82,2.84,2.86
10/28/2004,2.82,2.84,2.86
10/27/2004,2.82,2.84,2.86
10/26/2004,2.82,2.84,2.86
10/25/2004,2.82,2.84,2.86
10/22/2004,2.82,2.85,2.86
10/21/2004,2.82,2.85,2.86
10/20/2004,2.82,2.85,2.86
10/19/2004,2.82,2.85,2.86
10/18/2004,2.82,2.85,2.86
10/15/2004,2.82,2.85,2.86
10/14/2004,2.82,2.85,2.86
10/13/2004,2.82,2.85,2.86
10/12/2004,2.82,2.85,2.86
10/11/2004,2.82,2.85,2.86
10/8/2004,2.82,2.85,2.86
10/7/2004,2.82,2.85,2.86
10/6/2004,2.82,2.85,2.86
10/5/2004,2.82,2.85,2.86
10/4/2004,2.83,2.85,2.86
10/1/2004,2.83,2.85,2.86
9/30/2004,2.83,2.85,2.86
9/29/2004,2.83,2.85,2.86
9/28/2004,2.83,2.85,2.86
9/27/2004,2.83,2.85,2.86
9/24/2004,2.83,2.85,2.86
9/23/2004,2.83,2.85,2.86
9/22/2004,2.83,2.85,2.86
9/21/2004,2.83,2.85,2.86
9/20/2004,2.83,2.85,2.86
9/17/2004,2.83,2.85,2.86
9/16/2004,2.83,2.85,2.86
9/15/2004,2.83,2.85,2.86
9/14/2004,2.83,2.85,2.86
9/13/2004,2.83,2.85,2.86
9/10/2004,2.83,2.85,2.86
9/9/2004,2.83,2.85,2.86
9/8/2004,2.83,2.85,2.86
9/7/2004,2.83,2.85,2.86
9/6/2004,2.83,2.85,2.86
9/3/2004,2.83,2.85,2.86
9/2/2004,2.83,2.85,2.86
9/1/2004,2.83,2.85,2.86
8/31/2004,2.83,2.85,2.86
8/30/2004,2.83,2.85,2.86
8/27/2004,2.83,2.85,2.86
8/26/2004,2.83,2.85,2.86
8/25/2004,2.83,2.85,2.86
8/24/2004,2.83,2.85,2.86
8/23/2004,2.83,2.85,2.86
8/20/2004,2.83,2.85,2.86
8/19/2004,2.83,2.85,2.86
8/18/2004,2.83,2.85,2.86
8/17/2004,2.83,2.85,2.86
8/16/2004,2.83,2.85,2.86
8/13/2004,2.83,2.85,2.86
8/12/2004,2.83,2.85,2.86
8/11/2004,2.83,2.85,2.86
8/10/2004,2.83,2.85,2.86
8/9/2004,2.83,2.85,2.86
8/6/2004,2.83,2.85,2.86
8/5/2004,2.84,2.85,2.87
8/4/2004,2.83,2.85,2.87
8/3/2004,2.84,2.86,2.87
8/2/2004,2.84,2.86,2.87
7/30/2004,2.84,2.86,2.87
7/29/2004,2.83,2.85,2.86
7/28/2004,2.83,2.84,2.86
7/27/2004,2.83,2.84,2.86
7/26/2004,2.83,2.84,2.86
7/23/2004,2.83,2.84,2.86
7/22/2004,2.83,2.84,2.86
7/21/2004,2.83,2.84,2.86
7/20/2004,2.83,2.84,2.86
7/19/2004,2.83,2.84,2.86
7/16/2004,2.84,2.85,2.86
7/15/2004,2.84,2.85,2.86
7/14/2004,2.83,2.85,2.86
7/13/2004,2.83,2.85,2.86
7/12/2004,2.83,2.85,2.86
7/9/2004,2.83,2.85,2.86
7/8/2004,2.83,2.85,2.86
7/7/2004,2.83,2.85,2.86
7/6/2004,2.83,2.85,2.86
7/5/2004,2.83,2.85,2.86
7/2/2004,2.83,2.85,2.86
7/1/2004,2.83,2.85,2.87
6/30/2004,2.83,2.86,2.87
6/29/2004,2.83,2.85,2.87
6/28/2004,2.83,2.85,2.86
6/25/2004,2.84,2.86,2.87
6/24/2004,2.84,2.86,2.87
6/23/2004,2.84,2.87,2.88
6/22/2004,2.84,2.87,2.88
6/21/2004,2.84,2.87,2.88
6/18/2004,2.84,2.87,2.89
6/17/2004,2.85,2.88,2.91
6/16/2004,2.85,2.88,2.91
6/15/2004,2.85,2.89,2.91
6/14/2004,2.85,2.89,2.92
6/11/2004,2.86,2.89,2.92
6/10/2004,2.86,2.89,2.92
6/9/2004,2.86,2.89,2.92
6/8/2004,2.86,2.89,2.92
6/7/2004,2.88,2.89,2.92
6/4/2004,2.88,2.9,2.93
6/3/2004,2.88,2.91,2.94
6/2/2004,2.9,2.93,2.96
6/1/2004,2.91,2.94,2.97
5/31/2004,2.91,2.94,2.97
5/28/2004,2.91,2.94,2.97
5/27/2004,2.92,2.95,2.98
5/26/2004,2.92,2.95,2.98
5/25/2004,2.92,2.95,2.98
5/24/2004,2.92,2.94,2.98
5/21/2004,2.93,2.95,2.98
5/20/2004,2.93,2.96,2.99
5/19/2004,2.94,2.96,3
5/18/2004,2.94,2.96,3
5/17/2004,2.94,2.96,3
5/14/2004,2.94,2.96,3
5/13/2004,2.94,2.96,3
5/12/2004,2.94,2.97,3
5/11/2004,2.94,2.97,3
5/10/2004,2.94,2.97,3
5/7/2004,2.95,2.97,3
5/6/2004,2.95,2.97,3.01
5/5/2004,2.96,2.98,3.01
5/4/2004,2.95,2.98,3.01
5/3/2004,2.95,2.98,3.01
4/30/2004,2.95,2.98,3.01
4/29/2004,2.95,2.98,3.01
4/28/2004,2.95,2.98,3.01
4/27/2004,2.96,2.98,3.01
4/26/2004,2.96,2.97,3.01
4/23/2004,3,3,3.04
4/22/2004,3,3,3.04
4/21/2004,3,3,3.04
4/20/2004,3,3,3.04
4/19/2004,3,3,3.04
4/16/2004,3,3,3.04
4/15/2004,3,3,3.04
4/14/2004,3,3,3.03
4/13/2004,3,3,3.03
4/12/2004,3,3,3.04
4/9/2004,3,3,3.04
4/8/2004,3,3,3.04
4/7/2004,3,3,3.04
4/6/2004,3,3,3.04
4/5/2004,3,3,3.04
4/2/2004,3,3,3.04
4/1/2004,3,3,3.04
3/31/2004,3,3,3.04
3/30/2004,3,3,3.04
3/29/2004,3,3,3.04
3/26/2004,3,3,3.05
3/25/2004,3,3,3.05
3/24/2004,3,3,3.05
3/23/2004,3,3,3.05
3/22/2004,3,3,3.05
3/19/2004,3,3,3.05
3/18/2004,3,3,3.05
3/17/2004,3,3,3.05
3/16/2004,3,3,3.05
3/15/2004,3,3,3.05
3/12/2004,3,3,3.05
3/11/2004,3,3,3.05
3/10/2004,3,3,3.05
3/9/2004,3,3,3.05
3/8/2004,3,3,3.05
3/5/2004,3,3,3.05
3/4/2004,3,3,3.06
3/3/2004,3,3,3.06
3/2/2004,3,3,3.06
3/1/2004,3,3,3.06
2/27/2004,3,3,3.06
2/26/2004,3,3,3.06
2/25/2004,3,3,3.06
2/24/2004,3,3.01,3.07
2/23/2004,3,3.01,3.07
2/20/2004,3,3.01,3.07
2/19/2004,3,3.01,3.07
2/18/2004,3,3.01,3.07
2/17/2004,3,3.01,3.07
2/16/2004,3,3.01,3.07
2/13/2004,3,3.01,3.07
2/12/2004,3,3.01,3.07
2/11/2004,3,3.01,3.07
2/10/2004,3,3.01,3.07
2/9/2004,3,3.01,3.07
2/6/2004,3,3.01,3.07
2/5/2004,3,3.01,3.07
2/4/2004,3,3.01,3.07
2/3/2004,3,3.01,3.07
2/2/2004,3,3.01,3.07
1/30/2004,3,3.01,3.07
1/29/2004,3,3.01,3.07
1/28/2004,3,3.01,3.07
1/27/2004,3,3.01,3.07
1/26/2004,3,3.01,3.07
1/23/2004,3,3.01,3.07
1/22/2004,3,3.01,3.07
1/21/2004,3,3.01,3.07
1/20/2004,3,3.01,3.07
1/19/2004,3,3.01,3.07
1/16/2004,3,3.01,3.07
1/15/2004,3,3.01,3.07
1/14/2004,3,3.01,3.07
1/13/2004,3,3.01,3.07
1/12/2004,3,3.01,3.07
1/9/2004,3,3.01,3.07
1/8/2004,3,3.01,3.07
1/7/2004,3,3.01,3.07
1/6/2004,3,3.01,3.07
1/5/2004,3,3.01,3.07
1/2/2004,3,3.01,3.07
1/1/2004,3,3.01,3.07
12/31/2003,3,3.01,3.07
12/30/2003,3,3.01,3.07
12/29/2003,3,3.01,3.07
12/26/2003,3,3.01,3.07
12/25/2003,3,3.01,3.07
12/24/2003,3,3.01,3.07
12/23/2003,3,3.01,3.07
12/22/2003,3,3.01,3.07
12/19/2003,3,3.01,3.07
12/18/2003,3,3.01,3.07
12/17/2003,3,3.01,3.07
12/16/2003,3,3.01,3.07
12/15/2003,3,3.01,3.07
12/12/2003,3,3.01,3.07
12/11/2003,3,3.01,3.07
12/10/2003,3,3.01,3.07
12/9/2003,3,3.01,3.07
12/8/2003,3,3.01,3.07
12/5/2003,3,3.01,3.07
12/4/2003,3,3.01,3.07
12/3/2003,3,3.01,3.07
12/2/2003,3,3.01,3.07
12/1/2003,3,3.01,3.07
11/28/2003,3,3.01,3.07
11/27/2003,3,3.01,3.07
11/26/2003,3,3.01,3.07
11/25/2003,3,3.01,3.07
11/24/2003,3,3.01,3.07
11/21/2003,3,3.01,3.07
11/20/2003,3,3.01,3.07
11/19/2003,3,3.01,3.07
11/18/2003,3,3.01,3.07
11/17/2003,3,3.01,3.07
11/14/2003,3,3.01,3.07
11/13/2003,3,3.01,3.07
11/12/2003,3,3.01,3.07
11/11/2003,3,3.01,3.07
11/10/2003,3,3.01,3.07
11/7/2003,3,3.01,3.07
11/6/2003,3,3.01,3.08
11/5/2003,3,3.01,3.08
11/4/2003,3,3.01,3.08
11/3/2003,3,3.01,3.08
10/31/2003,3,3.01,3.08
10/30/2003,3,3.01,3.08
10/29/2003,3,3.01,3.08
10/28/2003,3,3.01,3.08
10/27/2003,3,3.01,3.08
10/24/2003,3,3.01,3.08
10/23/2003,3,3.01,3.08
10/22/2003,3,3.01,3.08
10/21/2003,3,3.01,3.08
10/20/2003,3,3.01,3.09
10/17/2003,3,3.01,3.09
10/16/2003,3,3.01,3.09
10/15/2003,3,3.01,3.09
10/14/2003,3,3.01,3.09
10/13/2003,3,3.01,3.09
10/10/2003,3,3.01,3.09
10/9/2003,3,3.01,3.1
10/8/2003,3,3.02,3.1
10/7/2003,3,3.02,3.1
10/6/2003,3,3.02,3.1
10/3/2003,3,3.02,3.1
10/2/2003,3,3.02,3.1
10/1/2003,3,3.02,3.1
9/30/2003,3,3.02,3.1
9/29/2003,3,3.02,3.1
9/26/2003,3,3.02,3.1
9/25/2003,3,3.02,3.1
9/24/2003,3,3.02,3.1
9/23/2003,3,3.02,3.1
9/22/2003,3,3.02,3.1
9/19/2003,3,3.02,3.1
9/18/2003,3,3.02,3.1
9/17/2003,3,3.02,3.1
9/16/2003,3,3.02,3.1
9/15/2003,3,3.02,3.1
9/12/2003,3,3.02,3.1
9/11/2003,3,3.02,3.1
9/10/2003,3,3.02,3.1
9/9/2003,3,3.02,3.1
9/8/2003,3,3.02,3.1
9/5/2003,3,3.02,3.1
9/4/2003,3,3.02,3.1
9/3/2003,3,3.02,3.1
9/2/2003,3,3.02,3.1
9/1/2003,3,3.02,3.1
8/29/2003,3,3.02,3.1
8/28/2003,3,3.02,3.1
8/27/2003,3,3.02,3.1
8/26/2003,3,3.02,3.1
8/25/2003,3,3.02,3.1
8/22/2003,3,3.02,3.1
8/21/2003,3,3.02,3.1
8/20/2003,3,3.02,3.1
8/19/2003,3,3.02,3.1
8/18/2003,3,3.02,3.1
8/15/2003,3,3.02,3.1
8/14/2003,3,3.02,3.1
8/13/2003,3,3.02,3.1
8/12/2003,3,3.02,3.1
8/11/2003,3,3.02,3.1
8/8/2003,3,3.02,3.1
8/7/2003,3,3.02,3.1
8/6/2003,3,3.02,3.1
8/5/2003,3,3.02,3.1
8/4/2003,3,3.02,3.1
8/1/2003,3,3.02,3.1
7/31/2003,3,3.02,3.1
7/30/2003,3,3.02,3.1
7/29/2003,3,3.02,3.1
7/28/2003,3,3.02,3.1
7/25/2003,3,3.02,3.1
7/24/2003,3,3.02,3.1
7/23/2003,3,3.02,3.1
7/22/2003,3,3.02,3.1
7/21/2003,3,3.02,3.1
7/18/2003,3,3.02,3.1
7/17/2003,3,3.02,3.1
7/16/2003,3,3.02,3.1
7/15/2003,3,3.02,3.1
7/14/2003,3,3.02,3.1
7/11/2003,3,3.02,3.1
7/10/2003,3,3.02,3.1
7/9/2003,3,3.01,3.1
7/8/2003,3,3.01,3.1
7/7/2003,3,3.01,3.1
7/4/2003,3,3.01,3.1
7/3/2003,3,3.01,3.1
7/2/2003,3,3.01,3.1
7/1/2003,3,3.01,3.1
6/30/2003,3,3.01,3.1
6/27/2003,3,3.01,3.1
6/26/2003,3,3.01,3.1
6/25/2003,3,3.02,3.1
6/24/2003,3,3.01,3.1
6/23/2003,3,3.01,3.1
6/20/2003,3,3.01,3.1
6/19/2003,3,3.01,3.1
6/18/2003,3,3.01,3.11
6/17/2003,3,3.01,3.11
6/16/2003,3,3.01,3.11
6/13/2003,3,3.01,3.11
6/12/2003,3,3.01,3.11
6/11/2003,3,3.01,3.11
6/10/2003,3,3.01,3.11
6/9/2003,3,3.01,3.12
6/6/2003,3,3.01,3.12
6/5/2003,3,3.01,3.12
6/4/2003,3,3.01,3.12
6/3/2003,3,3.01,3.12
6/2/2003,3,3.01,3.12
5/30/2003,3,3.01,3.12
5/29/2003,3,3.01,3.12
5/28/2003,3,3.01,3.12
5/27/2003,3,3.01,3.12
5/26/2003,3,3.01,3.12
5/23/2003,3,3.01,3.12
5/22/2003,3,3.01,3.12
5/21/2003,3,3.01,3.14
5/20/2003,3,3.01,3.14
5/19/2003,3,3.01,3.14
5/16/2003,3,3.01,3.14
5/15/2003,3,3.01,3.14
5/14/2003,3,3.01,3.14
5/13/2003,3,3.01,3.14
5/12/2003,3,3.01,3.15
5/9/2003,3,3.01,3.15
5/8/2003,3,3.01,3.15
5/7/2003,3,3.01,3.16
5/6/2003,3,3.01,3.15
5/5/2003,3,3.01,3.15
5/2/2003,3,3.01,3.15
5/1/2003,3,3.01,3.16
4/30/2003,3,3.01,3.16
4/29/2003,3,3.01,3.16
4/28/2003,3,3.01,3.16
4/25/2003,3,3.01,3.16
4/24/2003,3,3.02,3.16
4/23/2003,3,3.02,3.16
4/22/2003,3,3.02,3.17
4/21/2003,3,3.02,3.17
4/18/2003,3,3.02,3.17
4/17/2003,3,3.02,3.17
4/16/2003,3,3.01,3.17
4/15/2003,3,3.01,3.17
4/14/2003,3,3.02,3.17
4/11/2003,3,3.02,3.17
4/10/2003,3,3.02,3.17
4/9/2003,3,3.02,3.18
4/8/2003,3,3.02,3.18
4/7/2003,3,3.02,3.18
4/4/2003,3,3.02,3.18
4/3/2003,3,3.02,3.18
4/2/2003,3,3.02,3.18
4/1/2003,3,3.02,3.18
3/31/2003,3,3.02,3.18
3/28/2003,3,3.02,3.18
3/27/2003,3,3.02,3.18
3/26/2003,3,3.02,3.17
3/25/2003,3,3.02,3.17
3/24/2003,3,3.02,3.17
3/21/2003,3,3.02,3.17
3/20/2003,3,3.02,3.17
3/19/2003,3,3.02,3.17
3/18/2003,3,3.02,3.18
3/17/2003,3,3.02,3.18
3/14/2003,3,3.02,3.18
3/13/2003,3,3.02,3.18
3/12/2003,3,3.02,3.18
3/11/2003,3,3.02,3.18
3/10/2003,3,3.02,3.18
3/7/2003,3,3.02,3.18
3/6/2003,3,3.02,3.19
3/5/2003,3,3.02,3.19
3/4/2003,3,3.02,3.19
3/3/2003,3,3.02,3.19
2/28/2003,3,3.02,3.19
2/27/2003,3,3.02,3.19
2/26/2003,3,3.02,3.19
2/25/2003,3,3.02,3.19
2/24/2003,3,3.02,3.19
2/21/2003,3,3.02,3.19
2/20/2003,3,3.02,3.19
2/19/2003,3,3.02,3.19
2/18/2003,3,3.02,3.19
2/17/2003,3,3.02,3.19
2/14/2003,3,3.02,3.19
2/13/2003,3,3.02,3.19
2/12/2003,3,3.02,3.19
2/11/2003,3,3.02,3.19
2/10/2003,3,3.02,3.19
2/7/2003,3,3.02,3.19
2/6/2003,3,3.02,3.19
2/5/2003,3,3.02,3.19
2/4/2003,3,3.02,3.19
2/3/2003,3,3.02,3.19
1/31/2003,3,3.02,3.19
1/30/2003,3,3.02,3.19
1/29/2003,3,3.02,3.19
1/28/2003,3,3.02,3.2
1/27/2003,3,3.02,3.19
1/24/2003,3,3.02,3.19
1/23/2003,3,3.02,3.19
1/22/2003,3,3.02,3.19
1/21/2003,3,3.02,3.19
1/20/2003,3,3.02,3.19
1/17/2003,3,3.02,3.19
1/16/2003,3,3.02,3.19
1/15/2003,3,3.02,3.19
1/14/2003,3,3.02,3.19
1/13/2003,3,3.03,3.2
1/10/2003,3.01,3.03,3.21
1/9/2003,3.01,3.03,3.21
1/8/2003,3.01,3.03,3.21
1/7/2003,3.01,3.03,3.21
1/6/2003,3.02,3.04,3.2
1/3/2003,3.02,3.04,3.2
1/2/2003,3.02,3.04,3.2
1/1/2003,3.02,3.04,3.2
12/31/2002,3.02,3.04,3.2
12/30/2002,3.02,3.04,3.2
12/27/2002,3.02,3.04,3.2
12/26/2002,3.02,3.04,3.2
12/25/2002,3.02,3.04,3.2
12/24/2002,3.02,3.04,3.2
12/23/2002,3.02,3.04,3.2
12/20/2002,3.02,3.04,3.2
12/19/2002,3.02,3.04,3.2
12/18/2002,3.01,3.03,3.2
12/17/2002,3.01,3.03,3.2
12/16/2002,3,3.02,3.19
12/13/2002,3,3.02,3.19
12/12/2002,3,3.02,3.19
12/11/2002,3,3.02,3.19
12/10/2002,3,3.01,3.19
12/9/2002,3,3.01,3.19
12/6/2002,3,3.01,3.19
12/5/2002,3,3.01,3.19
12/4/2002,3,3.01,3.19
12/3/2002,3,3.01,3.19
12/2/2002,3,3.01,3.19
11/29/2002,3,3.01,3.19
11/28/2002,3,3.01,3.19
11/27/2002,3,3.01,3.19
11/26/2002,3,3.01,3.19
11/25/2002,3,3.01,3.19
11/22/2002,3,3.01,3.19
11/21/2002,3,3.01,3.19
11/20/2002,3,3.01,3.19
11/19/2002,3,3.01,3.19
11/18/2002,2.99,3,3.19
11/15/2002,2.99,3,3.19
11/14/2002,2.99,3,3.19
11/13/2002,2.99,3,3.19
11/12/2002,2.99,3,3.19
11/11/2002,2.99,3,3.19
11/8/2002,2.99,3,3.19
11/7/2002,2.99,3,3.19
11/6/2002,2.99,3,3.19
11/5/2002,2.99,3,3.19
11/4/2002,2.99,3,3.19
11/1/2002,2.99,3,3.19
10/31/2002,2.99,3,3.19
10/30/2002,2.99,3,3.19
10/29/2002,2.99,3,3.19
10/28/2002,2.99,3,3.19
10/25/2002,2.99,3,3.19
10/24/2002,2.99,3,3.19
10/23/2002,2.99,3,3.19
10/22/2002,2.99,3,3.19
10/21/2002,2.99,3,3.19
10/18/2002,2.99,3,3.19
10/17/2002,2.99,3,3.19
10/16/2002,2.99,3.01,3.18
10/15/2002,2.99,3.01,3.18
10/14/2002,2.98,3,3.17
10/11/2002,2.98,3,3.17
10/10/2002,2.97,2.99,3.12
10/9/2002,2.97,2.99,3.19
10/8/2002,2.98,2.99,3.23
10/7/2002,2.97,2.99,3.23
10/4/2002,2.98,2.99,3.24
10/3/2002,2.98,2.99,3.24
10/2/2002,2.98,2.99,3.24
10/1/2002,2.98,2.99,3.24
9/30/2002,2.98,2.99,3.24
9/27/2002,2.98,2.99,3.24
9/26/2002,2.98,2.99,3.24
9/25/2002,2.98,2.99,3.24
9/24/2002,2.98,2.99,3.24
9/23/2002,2.97,2.99,3.24
9/20/2002,2.98,2.99,3.24
9/19/2002,2.97,2.99,3.24
9/18/2002,2.97,2.99,3.24
9/17/2002,2.98,2.99,3.24
9/16/2002,2.98,2.99,3.24
9/13/2002,2.98,2.99,3.24
9/12/2002,2.98,2.99,3.24
9/11/2002,2.98,2.99,3.24
9/10/2002,2.98,2.99,3.24
9/9/2002,2.98,2.99,3.24
9/6/2002,2.98,2.99,3.24
9/5/2002,2.98,2.99,3.24
9/4/2002,2.98,2.99,3.24
9/3/2002,2.97,2.99,3.24
9/2/2002,2.97,2.99,3.24
8/30/2002,2.98,2.99,3.24
8/29/2002,2.98,2.99,3.24
8/28/2002,2.97,2.99,3.24
8/27/2002,2.97,2.99,3.24
8/26/2002,2.98,2.99,3.24
8/23/2002,2.97,2.99,3.24
8/22/2002,2.97,2.99,3.24
8/21/2002,2.97,2.99,3.24
8/20/2002,2.97,2.99,3.24
8/19/2002,2.98,2.99,3.24
8/16/2002,2.97,2.99,3.24
8/15/2002,2.97,2.99,3.24
8/14/2002,2.97,2.99,3.24
8/13/2002,2.97,2.99,3.24
8/12/2002,2.97,2.99,3.24
8/9/2002,2.98,2.99,3.24
8/8/2002,2.98,2.99,3.24
8/7/2002,2.98,2.99,3.24
8/6/2002,2.97,2.99,3.24
8/5/2002,2.97,2.99,3.24
8/2/2002,2.97,2.99,3.24
8/1/2002,2.97,2.99,3.24
7/31/2002,2.97,2.99,3.24
7/30/2002,2.97,2.99,3.24
7/29/2002,2.97,2.99,3.24
7/26/2002,2.97,2.99,3.24
7/25/2002,2.97,2.99,3.24
7/24/2002,2.97,2.99,3.24
7/23/2002,2.97,2.99,3.24
7/22/2002,2.97,2.99,3.24
7/19/2002,2.97,2.99,3.24
7/18/2002,2.97,2.99,3.24
7/17/2002,2.97,2.99,3.24
7/16/2002,2.97,2.99,3.24
7/15/2002,2.97,2.99,3.24
7/12/2002,2.97,2.99,3.24
7/11/2002,2.97,2.99,3.24
7/10/2002,2.97,2.99,3.24
7/9/2002,2.97,2.99,3.24
7/8/2002,2.97,2.99,3.24
7/5/2002,2.97,2.99,3.24
7/4/2002,2.97,2.99,3.24
7/3/2002,2.97,2.99,3.24
7/2/2002,2.98,2.99,3.24
7/1/2002,2.98,2.99,3.24
6/28/2002,2.97,2.99,3.24
6/27/2002,2.97,2.99,3.24
6/26/2002,2.97,2.99,3.24
6/25/2002,2.97,2.99,3.24
6/24/2002,2.98,3,3.24
6/21/2002,2.97,2.99,3.24
6/20/2002,2.97,2.99,3.24
6/19/2002,2.96,2.98,3.24
6/18/2002,2.96,2.98,3.24
6/17/2002,2.97,2.99,3.25
6/14/2002,2.97,2.99,3.25
6/13/2002,2.97,2.99,3.25
6/12/2002,2.97,2.99,3.25
6/11/2002,2.97,2.99,3.25
6/10/2002,2.97,2.99,3.25
6/7/2002,2.98,3,3.25
6/6/2002,2.98,3,3.25
6/5/2002,2.98,3,3.25
6/4/2002,2.97,2.99,3.25
6/3/2002,2.97,2.99,3.25
5/31/2002,2.98,3,3.26
5/30/2002,2.98,3,3.25
5/29/2002,2.97,2.99,3.25
5/28/2002,2.97,2.99,3.25
5/27/2002,2.97,2.99,3.25
5/24/2002,2.97,2.99,3.25
5/23/2002,2.97,2.99,3.25
5/22/2002,2.97,2.99,3.25
5/21/2002,2.97,2.99,3.25
5/20/2002,2.98,2.99,3.26
5/17/2002,2.98,2.99,3.26
5/16/2002,2.98,2.99,3.26
5/15/2002,2.98,2.99,3.26
5/14/2002,2.98,2.99,3.26
5/13/2002,2.98,2.99,3.26
5/10/2002,2.97,2.98,3.26
5/9/2002,2.97,2.98,3.26
5/8/2002,2.97,2.98,3.26
5/7/2002,2.98,3,3.26
5/6/2002,2.98,3,3.26
5/3/2002,2.98,3,3.26
5/2/2002,2.98,3,3.26
5/1/2002,2.98,3,3.26
4/30/2002,2.98,3,3.26
4/29/2002,2.98,3,3.26
4/26/2002,2.98,3,3.26
4/25/2002,2.98,3,3.26
4/24/2002,2.98,3,3.26
4/23/2002,2.98,3,3.26
4/22/2002,2.98,3,3.26
4/19/2002,2.98,3,3.26
4/18/2002,2.98,3,3.26
4/17/2002,2.98,3,3.26
4/16/2002,2.98,3,3.26
4/15/2002,2.98,3,3.26
4/12/2002,2.98,3,3.26
4/11/2002,2.98,3,3.26
4/10/2002,2.98,3,3.26
4/9/2002,2.98,3,3.26
4/8/2002,2.98,3,3.26
4/5/2002,2.98,3,3.26
4/4/2002,2.98,3,3.26
4/3/2002,2.98,3,3.26
4/2/2002,2.98,3,3.26
4/1/2002,2.98,3,3.26
3/29/2002,2.98,3,3.28
3/28/2002,2.98,2.99,3.27
3/27/2002,2.99,3,3.27
3/26/2002,2.97,2.98,3.27
3/25/2002,2.97,2.98,3.27
3/22/2002,2.98,2.99,3.28
3/21/2002,2.99,3.01,3.28
3/20/2002,2.99,3,3.28
3/19/2002,2.99,3.01,3.28
3/18/2002,2.99,3.01,3.28
3/15/2002,2.99,3.01,3.28
3/14/2002,2.99,3.01,3.28
3/13/2002,2.99,3.01,3.28
3/12/2002,2.99,3.01,3.28
3/11/2002,2.99,3.01,3.28
3/8/2002,2.99,3.01,3.28
3/7/2002,2.99,3.01,3.28
3/6/2002,2.99,3.01,3.28
3/5/2002,2.99,3.01,3.28
3/4/2002,2.99,3.01,3.28
3/1/2002,2.99,3.01,3.28
2/28/2002,2.99,3.01,3.28
2/27/2002,2.99,3.01,3.28
2/26/2002,2.99,3.01,3.28
2/25/2002,2.99,3.01,3.28
2/22/2002,2.99,3.01,3.28
2/21/2002,2.99,3.01,3.28
2/20/2002,2.99,3.01,3.28
2/19/2002,2.99,3.01,3.28
2/18/2002,2.99,3.01,3.27
2/15/2002,3,3.01,3.28
2/14/2002,3,3.01,3.28
2/13/2002,3,3.01,3.27
2/12/2002,3,3.01,3.27
2/11/2002,3,3.01,3.27
2/8/2002,2.99,3.01,3.27
2/7/2002,2.99,3.01,3.27
2/6/2002,2.99,3.01,3.27
2/5/2002,2.99,3.01,3.27
2/4/2002,2.99,3.01,3.28
2/1/2002,3,3.02,3.28
1/31/2002,3,3.02,3.28
1/30/2002,3,3.02,3.28
1/29/2002,3,3.02,3.28
1/28/2002,3,3.02,3.28
1/25/2002,3,3.02,3.28
1/24/2002,3,3.02,3.28
1/23/2002,3,3.02,3.28
1/22/2002,3,3.02,3.28
1/21/2002,3,3.02,3.28
1/18/2002,3,3.02,3.29
1/17/2002,3,3.02,3.29
1/16/2002,3,3.02,3.29
1/15/2002,3,3.02,3.29
1/14/2002,3,3.02,3.29
1/11/2002,3,3.02,3.29
1/10/2002,3,3.02,3.29
1/9/2002,3,3.02,3.29
1/8/2002,3,3.02,3.29
1/7/2002,3,3.02,3.29
1/4/2002,3,3.02,3.28
1/3/2002,3,3.02,3.28
1/2/2002,3,3.02,3.28
1/1/2002,3,3.03,3.28
12/31/2001,3,3.03,3.28
12/28/2001,3,3.03,3.28
12/27/2001,3,3.03,3.29
12/26/2001,3,3.03,3.29
12/25/2001,3,3.03,3.29
12/24/2001,3,3.03,3.29
12/21/2001,3,3.03,3.29
12/20/2001,3,3.03,3.29
12/19/2001,3,3.03,3.29
12/18/2001,3,3.03,3.3
12/17/2001,3,3.03,3.3
12/14/2001,3,3.03,3.3
12/13/2001,3,3.03,3.29
12/12/2001,3,3.03,3.3
12/11/2001,3,3.03,3.3
12/10/2001,3,3.03,3.3
12/7/2001,3,3.03,3.3
12/6/2001,3,3.03,3.3
12/5/2001,3,3.03,3.3
12/4/2001,3,3.03,3.3
12/3/2001,3,3.03,3.3
11/30/2001,3,3.03,3.3
11/29/2001,3,3.03,3.3
11/28/2001,3,3.03,3.3
11/27/2001,3,3.03,3.3
11/26/2001,3,3.03,3.3
11/23/2001,3,3.03,3.3
11/22/2001,3,3.03,3.3
11/21/2001,3,3.03,3.3
11/20/2001,3,3.03,3.3
11/19/2001,3,3.03,3.3
11/16/2001,3,3.03,3.3
11/15/2001,3,3.03,3.3
11/14/2001,3,3.03,3.3
11/13/2001,3,3.03,3.3
11/12/2001,3,3.03,3.3
11/9/2001,3,3.03,3.3
11/8/2001,3,3.03,3.3
11/7/2001,3,3.03,3.3
11/6/2001,3,3.03,3.3
11/5/2001,3,3.03,3.3
11/2/2001,3,3.03,3.3
11/1/2001,3,3.03,3.29
10/31/2001,3,3.03,3.29
10/30/2001,3,3.03,3.29
10/29/2001,3,3.03,3.29
10/26/2001,3,3.03,3.29
10/25/2001,3,3.03,3.29
10/24/2001,3,3.03,3.29
10/23/2001,3,3.03,3.29
10/22/2001,3,3.03,3.29
10/19/2001,3,3.03,3.29
10/18/2001,3,3.03,3.29
10/17/2001,3,3.03,3.29
10/16/2001,3,3.03,3.29
10/15/2001,3,3.03,3.29
10/12/2001,3,3.03,3.29
10/11/2001,3,3.03,3.29
10/10/2001,3,3.03,3.29
10/9/2001,3,3.03,3.29
10/8/2001,3,3.03,3.29
10/5/2001,3,3.03,3.29
10/4/2001,3,3.03,3.29
10/3/2001,3,3.03,3.29
10/2/2001,3,3.03,3.29
10/1/2001,3,3.03,3.29
9/28/2001,3,3.03,3.29
9/27/2001,3,3.03,3.29
9/26/2001,3,3.03,3.29
9/25/2001,3,3.03,3.29
9/24/2001,3,3.04,3.3
9/21/2001,3,3.04,3.29
9/20/2001,3,3.04,3.29
9/19/2001,3,3.04,3.29
9/18/2001,3,3.04,3.29
9/17/2001,3,3.04,3.29
9/14/2001,3,3.04,3.3
9/13/2001,3,3.04,3.3
9/12/2001,3,3.04,3.3
9/11/2001,3,3.04,3.3
9/10/2001,3,3.04,3.3
9/7/2001,3,3.04,3.3
9/6/2001,3,3.04,3.3
9/5/2001,3,3.04,3.3
9/4/2001,3,3.04,3.3
9/3/2001,3,3.04,3.29
8/31/2001,2.99,3.03,3.29
8/30/2001,2.99,3.03,3.29
8/29/2001,2.99,3.03,3.29
8/28/2001,2.99,3.03,3.29
8/27/2001,3,3.04,3.29
8/24/2001,2.99,3.04,3.28
8/23/2001,3,3.04,3.29
8/22/2001,2.99,3.04,3.29
8/21/2001,2.98,3.03,3.26
8/20/2001,3,3.05,3.29
8/17/2001,2.99,3.05,3.29
8/16/2001,2.99,3.05,3.29
8/15/2001,2.99,3.05,3.29
8/14/2001,2.99,3.05,3.29
8/13/2001,2.99,3.05,3.29
8/10/2001,2.99,3.05,3.29
8/9/2001,3,3.05,3.29
8/8/2001,3,3.05,3.29
8/7/2001,3,3.05,3.29
8/6/2001,3,3.05,3.29
8/3/2001,3,3.05,3.29
8/2/2001,3,3.05,3.29
8/1/2001,3,3.05,3.29
7/31/2001,3,3.05,3.29
7/30/2001,2.99,3.05,3.29
7/27/2001,3,3.05,3.29
7/26/2001,3,3.05,3.29
7/25/2001,3,3.05,3.29
7/24/2001,3,3.05,3.3
7/23/2001,3,3.05,3.29
7/20/2001,3,3.05,3.3
7/19/2001,3,3.05,3.29
7/18/2001,3.01,3.06,3.29
7/17/2001,3,3.06,3.3
7/16/2001,3.01,3.07,3.29
7/13/2001,3.01,3.07,3.29
7/12/2001,3.01,3.07,3.29
7/11/2001,3.01,3.07,3.29
7/10/2001,3.01,3.07,3.3
7/9/2001,3.01,3.07,3.29
7/6/2001,3.01,3.07,3.29
7/5/2001,3.01,3.07,3.29
7/4/2001,3.01,3.07,3.3
7/3/2001,3.01,3.07,3.29
7/2/2001,3.01,3.07,3.3
6/29/2001,3.01,3.07,3.29
6/28/2001,3.01,3.07,3.29
6/27/2001,3.01,3.07,3.3
6/26/2001,3.01,3.06,3.29
6/25/2001,3.01,3.06,3.3
6/22/2001,3.01,3.06,3.29
6/21/2001,3.01,3.06,3.29
6/20/2001,3.01,3.06,3.29
6/19/2001,3.01,3.06,3.3
6/18/2001,3.01,3.06,3.3
6/15/2001,3.01,3.06,3.3
6/14/2001,3.01,3.06,3.3
6/13/2001,3.01,3.06,3.3
6/12/2001,3.01,3.06,3.3
6/11/2001,3.01,3.06,3.3
6/8/2001,3.01,3.06,3.3
6/7/2001,3.01,3.06,3.3
6/6/2001,3.01,3.06,3.3
6/5/2001,3.01,3.06,3.3
6/4/2001,3.01,3.06,3.3
6/1/2001,3.01,3.06,3.3
5/31/2001,3.01,3.06,3.3
5/30/2001,3.01,3.06,3.3
5/29/2001,3.01,3.06,3.3
5/28/2001,3.01,3.06,3.3
5/25/2001,3.02,3.07,3.3
5/24/2001,3.02,3.07,3.3
5/23/2001,3.02,3.07,3.3
5/22/2001,3.02,3.07,3.3
5/21/2001,3.02,3.07,3.3
5/18/2001,3.02,3.07,3.3
5/17/2001,3.02,3.07,3.3
5/16/2001,3.02,3.07,3.3
5/15/2001,3.02,3.07,3.3
5/14/2001,3.02,3.07,3.3
5/11/2001,3.02,3.06,3.3
5/10/2001,3.02,3.06,3.3
5/9/2001,3.02,3.06,3.3
5/8/2001,3.02,3.06,3.3
5/7/2001,3.02,3.06,3.3
5/4/2001,3.02,3.06,3.3
5/3/2001,3.02,3.06,3.3
5/2/2001,3.02,3.06,3.3
5/1/2001,3.02,3.06,3.3
4/30/2001,3.02,3.06,3.3
4/27/2001,3.02,3.06,3.3
4/26/2001,3.02,3.06,3.3
4/25/2001,3.01,3.06,3.3
4/24/2001,3.01,3.06,3.3
4/23/2001,3.01,3.06,3.3
4/20/2001,3.02,3.06,3.3
4/19/2001,3.02,3.07,3.3
4/18/2001,3.02,3.07,3.3
4/17/2001,3.02,3.07,3.3
4/16/2001,3.02,3.07,3.3
4/13/2001,3.02,3.07,3.3
4/12/2001,3.02,3.07,3.3
4/11/2001,3.02,3.07,3.3
4/10/2001,3.02,3.07,3.3
4/9/2001,3.02,3.07,3.29
4/6/2001,3.02,3.07,3.3
4/5/2001,3.02,3.07,3.28
4/4/2001,3.02,3.07,3.28
4/3/2001,3.02,3.07,3.29
4/2/2001,3.02,3.07,3.28
3/30/2001,3.02,3.07,3.26
3/29/2001,3.02,3.07,3.26
3/28/2001,3.02,3.07,3.26
3/27/2001,3.02,3.07,3.26
3/26/2001,3.02,3.07,3.26
3/23/2001,3.02,3.07,3.26
3/22/2001,3.02,3.07,3.27
3/21/2001,3.02,3.07,3.27
3/20/2001,3.02,3.07,3.27
3/19/2001,3.02,3.07,3.27
3/16/2001,3.02,3.07,3.27
3/15/2001,3.02,3.07,3.28
3/14/2001,3.01,3.07,3.28
3/13/2001,3.01,3.07,3.28
3/12/2001,3.02,3.07,3.29
3/9/2001,3.02,3.07,3.28
3/8/2001,3.02,3.07,3.29
3/7/2001,3.02,3.07,3.29
3/6/2001,3.02,3.07,3.28
3/5/2001,3.02,3.07,3.28
3/2/2001,3.2,3.07,3.28
3/1/2001,3.02,3.07,3.29
2/28/2001,3.02,3.08,3.24
2/27/2001,3.02,3.08,3.25
2/26/2001,3.02,3.08,3.25
2/23/2001,3.02,3.08,3.27
2/22/2001,3.02,3.08,3.27
2/21/2001,3.02,3.08,3.29
2/20/2001,3.03,3.08,3.23
2/19/2001,3.03,3.08,3.23
2/16/2001,3.03,3.08,3.23
2/15/2001,3.03,3.08,3.24
2/14/2001,3.03,3.08,3.28
2/13/2001,3.03,3.08,3.24
2/12/2001,3.03,3.08,3.25
2/9/2001,3.04,3.09,3.26
2/8/2001,3.04,3.1,3.28
2/7/2001,3.04,3.1,3.28
2/6/2001,3.04,3.1,3.25
2/5/2001,3.04,3.1,3.25
2/2/2001,3.04,3.11,3.27
2/1/2001,3.04,3.11,3.27
1/31/2001,3.04,3.11,3.27
1/30/2001,3.04,3.11,3.27
1/29/2001,3.04,3.12,3.26
1/26/2001,3.04,3.12,3.28
1/25/2001,3.04,3.12,3.28
1/24/2001,3.04,3.12,3.27
1/23/2001,3.04,3.12,3.27
1/22/2001,3.04,3.12,3.27
1/19/2001,3.04,3.13,3.27
1/18/2001,3.04,3.14,3.28
1/17/2001,3.05,3.14,3.28
1/16/2001,3.05,3.14,3.28
1/15/2001,3.05,3.14,3.28
1/12/2001,3.05,3.14,3.28
1/11/2001,3.05,3.14,3.28
1/10/2001,3.05,3.14,3.28
1/9/2001,3.05,3.14,3.28
1/8/2001,3.05,3.14,3.28
1/5/2001,3.05,3.14,3.28
1/4/2001,3.05,3.14,3.28
1/3/2001,3.05,3.14,3.28
1/2/2001,3.06,3.14,3.27
1/1/2001,3.06,3.14,3.27
12/29/2000,3.06,3.14,3.27
12/28/2000,3.06,3.14,3.27
12/27/2000,3.06,3.14,3.27
12/26/2000,3.06,3.14,3.27
12/25/2000,3.06,3.14,3.27
12/22/2000,3.06,3.14,3.27
12/21/2000,3.05,3.15,3.28
12/20/2000,3.04,3.12,3.26
12/19/2000,3.04,3.12,3.27
12/18/2000,3.04,3.12,3.27
12/15/2000,3.04,3.12,3.29
12/14/2000,3.04,3.12,3.29
12/13/2000,3.04,3.13,3.29
12/12/2000,3.04,3.13,3.29
12/11/2000,3.04,3.13,3.29
12/8/2000,3.04,3.13,3.29
12/7/2000,3.04,3.13,3.29
12/6/2000,3.04,3.13,3.28
12/5/2000,3.04,3.13,3.28
12/4/2000,3.04,3.13,3.28
12/1/2000,3.04,3.13,3.27
11/30/2000,3.04,3.13,3.27
11/29/2000,3.04,3.13,3.27
11/28/2000,3.04,3.13,3.28
11/27/2000,3.05,3.13,3.28
11/24/2000,3.05,3.14,3.28
11/23/2000,3.05,3.14,3.28
11/22/2000,3.05,3.14,3.28
11/21/2000,3.05,3.14,3.28
11/20/2000,3.05,3.14,3.29
11/17/2000,3.05,3.14,3.28
11/16/2000,3.05,3.14,3.28
11/15/2000,3.05,3.14,3.28
11/14/2000,3.05,3.15,3.28
11/13/2000,3.05,3.16,3.28
11/10/2000,3.05,3.16,3.28
11/9/2000,3.05,3.16,3.28
11/8/2000,3.05,3.16,3.28
11/7/2000,3.05,3.16,3.28
11/6/2000,3.05,3.16,3.28
11/3/2000,3.05,3.16,3.29
11/2/2000,3.05,3.16,3.29
11/1/2000,3.05,3.16,3.27
10/31/2000,3.05,3.16,3.27
10/30/2000,3.05,3.17,3.27
10/27/2000,3.04,3.15,3.25
10/26/2000,3.05,3.15,3.26
10/25/2000,3.05,3.15,3.26
10/24/2000,3.05,3.15,3.26
10/23/2000,3.05,3.17,3.27
10/20/2000,3.05,3.15,3.26
10/19/2000,3.05,3.17,3.28
10/18/2000,3.05,3.17,3.28
10/17/2000,3.06,3.19,3.29
10/16/2000,3.07,3.19,3.3
10/13/2000,3.07,3.2,3.3
10/12/2000,3.07,3.2,3.31
10/11/2000,3.07,3.22,3.33
10/10/2000,3.07,3.22,3.33
10/9/2000,3.07,3.22,3.33
10/6/2000,3.07,3.22,3.33
10/5/2000,3.07,3.22,3.33
10/4/2000,3.07,3.22,3.33
10/3/2000,3.07,3.22,3.33
10/2/2000,3.07,3.22,3.33
9/29/2000,3.07,3.22,3.33
9/28/2000,3.07,3.22,3.33
9/27/2000,3.07,3.22,3.33
9/26/2000,3.07,3.23,3.33
9/25/2000,3.07,3.23,3.33
9/22/2000,3.07,3.23,3.33
9/21/2000,3.08,3.23,3.33
9/20/2000,3.08,3.23,3.33
9/19/2000,3.08,3.23,3.33
9/18/2000,3.08,3.23,3.34
9/15/2000,3.08,3.24,3.34
9/14/2000,3.08,3.24,3.34
9/13/2000,3.08,3.24,3.34
9/12/2000,3.08,3.25,3.35
9/11/2000,3.08,3.25,3.35
9/8/2000,3.08,3.25,3.35
9/7/2000,3.08,3.25,3.35
9/6/2000,3.08,3.25,3.35
9/5/2000,3.08,3.25,3.35
9/4/2000,3.08,3.25,3.35
9/1/2000,3.08,3.25,3.35
8/31/2000,3.08,3.25,3.35
8/30/2000,3.08,3.25,3.35
8/29/2000,3.08,3.25,3.35
8/28/2000,3.08,3.25,3.35
8/25/2000,3.08,3.25,3.35
8/24/2000,3.08,3.25,3.36
8/23/2000,3.08,3.25,3.36
8/22/2000,3.08,3.25,3.36
8/21/2000,3.08,3.25,3.36
8/18/2000,3.08,3.25,3.36
8/17/2000,3.08,3.25,3.36
8/16/2000,3.08,3.25,3.36
8/15/2000,3.08,3.25,3.36
8/14/2000,3.08,3.25,3.35
8/11/2000,3.08,3.25,3.35
8/10/2000,3.08,3.25,3.36
8/9/2000,3.08,3.25,3.36
8/8/2000,3.08,3.24,3.35
8/7/2000,3.07,3.24,3.35
8/4/2000,3.06,3.21,3.34
8/3/2000,3.08,3.22,3.34
8/2/2000,3.08,3.22,3.34
8/1/2000,3.09,3.23,3.36
7/31/2000,3.12,3.22,3.35
7/28/2000,2.89,3.02,3.24
7/27/2000,2.89,3.02,3.24
7/26/2000,2.79,2.89,3.19
7/25/2000,2.79,2.89,3.2
7/24/2000,2.79,2.89,3.2
7/21/2000,2.79,2.88,3.19
7/20/2000,2.79,2.88,3.19
7/19/2000,2.79,2.88,3.19
7/18/2000,2.78,2.86,3.19
7/17/2000,2.77,2.86,3.2
7/14/2000,2.77,2.86,3.2
7/13/2000,2.77,2.86,3.2
7/12/2000,2.77,2.86,3.2
7/11/2000,2.77,2.86,3.2
7/10/2000,2.77,2.87,3.2
7/7/2000,2.78,2.87,3.2
7/6/2000,2.78,2.87,3.2
7/5/2000,2.78,2.87,3.2
7/4/2000,2.78,2.87,3.2
7/3/2000,2.78,2.87,3.2
6/30/2000,2.78,2.87,3.2
6/29/2000,2.78,2.87,3.2
6/28/2000,2.78,2.87,3.2
6/27/2000,2.78,2.87,3.2
6/26/2000,2.78,2.87,3.2
6/23/2000,2.78,2.87,3.2
6/22/2000,2.78,2.87,3.2
6/21/2000,2.78,2.87,3.18
6/20/2000,2.78,2.87,3.19
6/19/2000,2.78,2.87,3.19
6/16/2000,2.78,2.87,3.19
6/15/2000,2.78,2.87,3.19
6/14/2000,2.78,2.87,3.19
6/13/2000,2.78,2.87,3.19
6/12/2000,2.78,2.87,3.19
6/9/2000,2.78,2.87,3.19
6/8/2000,2.78,2.87,3.19
6/7/2000,2.78,2.87,3.19
6/6/2000,2.79,2.88,3.19
6/5/2000,2.79,2.89,3.2
6/2/2000,2.79,2.89,3.2
6/1/2000,2.79,2.89,3.2
5/31/2000,2.79,2.89,3.2
5/30/2000,2.79,2.89,3.2
5/29/2000,2.79,2.89,3.2
5/26/2000,2.79,2.89,3.2
5/25/2000,2.79,2.89,3.2
5/24/2000,2.79,2.89,3.2
5/23/2000,2.79,2.89,3.2
5/22/2000,2.79,2.89,3.2
5/19/2000,2.79,2.89,3.2
5/18/2000,2.79,2.89,3.2
5/17/2000,2.79,2.89,3.2
5/16/2000,2.79,2.89,3.2
5/15/2000,2.79,2.89,3.2
5/12/2000,2.79,2.89,3.2
5/11/2000,2.79,2.89,3.2
5/10/2000,2.79,2.89,3.2
5/9/2000,2.79,2.89,3.2
5/8/2000,2.8,2.89,3.2
5/5/2000,2.8,2.89,3.2
5/4/2000,2.8,2.89,3.2
5/3/2000,2.8,2.89,3.2
5/2/2000,2.8,2.89,3.2
5/1/2000,2.8,2.89,3.2
4/28/2000,2.8,2.89,3.2
4/27/2000,2.79,2.88,3.2
4/26/2000,2.79,2.88,3.2
4/25/2000,2.8,2.89,3.2
4/24/2000,2.8,2.89,3.2
4/21/2000,2.8,2.89,3.2
4/20/2000,2.8,2.89,3.2
4/19/2000,2.8,2.89,3.2
4/18/2000,2.8,2.89,3.2
4/17/2000,2.8,2.89,3.2
4/14/2000,2.8,2.89,3.2
4/13/2000,2.8,2.89,3.2
4/12/2000,2.8,2.89,3.2
4/11/2000,2.8,2.89,3.2
4/10/2000,2.8,2.9,3.2
4/7/2000,2.8,2.89,3.2
4/6/2000,2.8,2.89,3.2
4/5/2000,2.8,2.89,3.2
4/4/2000,2.8,2.89,3.2
4/3/2000,2.81,2.9,3.2
3/31/2000,2.81,2.9,3.2
3/30/2000,2.8,2.89,3.2
3/29/2000,2.8,2.89,3.2
3/28/2000,2.8,2.89,3.2
3/27/2000,2.8,2.89,3.2
3/24/2000,2.8,2.89,3.2
3/23/2000,2.8,2.89,3.2
3/22/2000,2.8,2.89,3.19
3/21/2000,2.8,2.89,3.19
3/20/2000,2.8,2.89,3.18
3/17/2000,2.8,2.89,3.18
3/16/2000,2.8,2.89,3.18
3/15/2000,2.8,2.89,3.18
3/14/2000,2.81,2.9,3.18
3/13/2000,2.81,2.9,3.18
3/10/2000,2.81,2.9,3.17
3/9/2000,2.81,2.9,3.17
3/8/2000,2.81,2.9,3.17
3/7/2000,2.82,2.9,3.15
3/6/2000,2.82,2.9,3.13
3/3/2000,2.81,2.9,3.13
3/2/2000,2.81,2.89,3.11
3/1/2000,2.81,2.89,3.11
2/29/2000,2.81,2.89,3.11
2/28/2000,2.81,2.89,3.11
2/25/2000,2.81,2.89,3.12
2/24/2000,2.81,2.89,3.13
2/23/2000,2.82,2.9,3.13
2/22/2000,2.82,2.9,3.13
2/21/2000,2.82,2.92,3.14
2/18/2000,2.82,2.92,3.15
2/17/2000,2.83,2.92,3.16
2/16/2000,2.83,2.93,3.17
2/15/2000,2.83,2.93,3.17
2/14/2000,2.83,2.93,3.17
2/11/2000,2.83,2.93,3.17
2/10/2000,2.85,2.94,3.18
2/9/2000,2.85,2.94,3.18
2/8/2000,2.85,2.95,3.18
2/7/2000,2.85,2.95,3.18
2/4/2000,2.85,2.95,3.18
2/3/2000,2.84,2.96,3.18
2/2/2000,2.84,2.96,3.18
2/1/2000,2.84,2.96,3.18
1/31/2000,2.84,2.96,3.18
1/28/2000,2.84,2.96,3.18
1/27/2000,2.85,2.96,3.19
1/26/2000,2.85,2.96,3.19
1/25/2000,2.85,2.97,3.19
1/24/2000,2.86,2.97,3.19
1/21/2000,2.86,2.98,3.19
1/20/2000,2.86,2.98,3.19
1/19/2000,2.87,2.98,3.19
1/18/2000,2.87,2.98,3.19
1/17/2000,2.87,2.98,3.19
1/14/2000,2.88,2.99,3.2
1/13/2000,2.88,2.99,3.2
1/12/2000,2.88,3,3.2
1/11/2000,2.9,3,3.19
1/10/2000,2.9,3,3.2
1/7/2000,2.9,3,3.2
1/6/2000,2.9,3,3.2
1/5/2000,2.9,3,3.2
1/4/2000,2.91,3,3.2
1/3/2000,2.91,3,3.2
