"","date","indicator","X6M","X9M","X1Y","X2Y","X3Y","X4Y","X5Y","X7Y","X10Y"
"1",2009-05-27,0,2.0925,2.1325,2.17,2.46,2.835,3.215,3.595,4.015,4.4425
"2",2009-05-28,0,2.0825,2.1225,2.15,2.445,2.82,3.205,3.575,4.005,4.45
"3",2009-05-29,0,2.085,2.125,2.155,2.445,2.825,3.165,3.555,4,4.4
"4",2009-06-01,0,2.145,2.155,2.175,2.475,2.865,3.28,3.645,4.08,4.5
"5",2009-06-02,0,2.13,2.145,2.175,2.5,2.895,3.3,3.695,4.12,4.55
"6",2009-06-03,0,2.11,2.14,2.165,2.5,2.895,3.2925,3.675,4.0775,4.53
"7",2009-06-04,0,2.1075,2.1375,2.155,2.495,2.885,3.2875,3.67,4.0675,4.5025
"8",2009-06-05,0,2.115,2.145,2.165,2.495,2.895,3.29,3.68,4.06,4.49
"9",2009-06-08,0,2.1325,2.1825,2.24,2.605,2.975,3.335,3.725,4.08,4.52
"10",2009-06-09,0,2.1275,2.2025,2.255,2.65,3.045,3.355,3.745,4.175,4.525
"11",2009-06-10,0,2.125,2.195,2.32,2.7,3.115,3.445,3.8,4.075,4.55
"12",2009-06-11,0,2.1575,2.2375,2.34,2.795,3.175,3.515,3.935,4.25,4.65
"13",2009-06-12,0,2.1275,2.2075,2.295,2.755,3.13,3.515,3.875,4.215,4.635
"14",2009-06-15,0,2.1175,2.1875,2.27,2.695,3.055,3.43,3.8025,4.1425,4.5725
"15",2009-06-16,0,2.1175,2.1875,2.27,2.71,3.095,3.445,3.815,4.15,4.6
"16",2009-06-17,0,2.125,2.19,2.27,2.68,3.06,3.425,3.785,4.13,4.55
"17",2009-06-18,0,2.1375,2.1925,2.275,2.63,3.025,3.405,3.745,4.1,4.52
"18",2009-06-19,0,2.1275,2.1975,2.28,2.65,3.055,3.42,3.77,4.13,4.575
"19",2009-06-22,0,2.11,2.17,2.24,2.6,2.98,3.35,3.74,4.06,4.505
"20",2009-06-23,0,2.14,2.185,2.255,2.605,2.97,3.375,3.74,4.1,4.55
"21",2009-06-24,0,2.1425,2.1875,2.245,2.595,2.9775,3.355,3.725,4.08,4.54
"22",2009-06-25,0,2.1375,2.2075,2.25,2.645,3.025,3.4,3.765,4.13,4.61
"23",2009-06-26,0,2.1525,2.2075,2.255,2.61,3.035,3.405,3.75,4.15,4.65
"24",2009-06-29,0,2.1325,2.1875,2.245,2.62,3.01,3.38,3.74,4.13,4.61
"25",2009-06-30,0,2.1325,2.1925,2.265,2.645,3.045,3.415,3.77,4.18,4.64
"26",2009-07-01,0,2.1275,2.1775,2.255,2.645,3.025,3.41,3.775,4.185,4.67
"27",2009-07-02,0,2.1425,2.1925,2.27,2.65,3.045,3.435,3.815,4.225,4.685
"28",2009-07-03,0,2.1275,2.1775,2.255,2.63,3.005,3.36,3.745,4.15,4.625
"29",2009-07-06,0,2.1375,2.1875,2.255,2.645,3.03,3.35,3.76,4.15,4.65
"30",2009-07-07,0,2.1325,2.1825,2.255,2.635,3.025,3.385,3.76,4.15,4.65
"31",2009-07-08,0,2.1575,2.1875,2.225,2.55,2.925,3.275,3.64,4.085,4.5475
"32",2009-07-09,0,2.1525,2.1775,2.2,2.47,2.83,3.28,3.59,4,4.43
"33",2009-07-10,0,2.125,2.155,2.2,2.48,2.83,3.18,3.55,3.9,4.39
"34",2009-07-13,0,2.135,2.165,2.195,2.49,2.815,3.185,3.525,3.93,4.4
"35",2009-07-14,0,2.155,2.1875,2.195,2.525,2.875,3.23,3.585,3.95,4.42
"36",2009-07-15,0,2.1475,2.1825,2.23,2.54,2.905,3.265,3.63,4.02,4.48
"37",2009-07-16,0,2.1425,2.1775,2.22,2.55,2.93,3.26,3.65,4.05,4.5
"38",2009-07-17,0,2.145,2.18,2.225,2.55,2.8925,3.275,3.585,3.98,4.405
"39",2009-07-20,0,2.1375,2.1775,2.225,2.565,2.925,3.285,3.66,4.05,4.5
"40",2009-07-21,0,2.1525,2.1825,2.225,2.595,2.97,3.325,3.675,4.07,4.53
"41",2009-07-22,0,2.145,2.17,2.22,2.57,2.955,3.295,3.615,4.005,4.435
"42",2009-07-23,0,2.1475,2.1775,2.225,2.58,2.97,3.315,3.63,4.0225,4.4525
"43",2009-07-24,0,2.14,2.175,2.23,2.5825,2.965,3.305,3.63,4.02,4.45
"44",2009-07-27,0,2.1375,2.1725,2.22,2.575,2.96,3.305,3.61,4.005,4.425
"45",2009-07-28,0,2.145,2.18,2.215,2.595,2.97,3.3025,3.605,3.99,4.435
"46",2009-07-29,0,2.1375,2.1725,2.225,2.59,2.965,3.325,3.625,4,4.45
"47",2009-07-30,0,2.16,2.195,2.24,2.62,3,3.345,3.65,4.03,4.47
"48",2009-07-31,0,2.145,2.1775,2.23,2.62,3.01,3.33,3.63,4.02,4.47
"49",2009-08-03,0,2.1375,2.1625,2.23,2.62,2.975,3.275,3.595,3.95,4.35
"50",2009-08-04,0,2.16,2.185,2.25,2.66,3.025,3.325,3.61,3.95,4.38
"51",2009-08-05,0,2.18,2.22,2.3,2.7,3.02,3.34,3.7,4,4.465
"52",2009-08-06,0,2.2075,2.2775,2.3625,2.81,3.1475,3.4925,3.81,4.13,4.55
"53",2009-08-07,0,2.1625,2.2275,2.33,2.765,3.1075,3.48,3.795,4.12,4.5175
"54",2009-08-10,0,2.1825,2.2525,2.365,2.81,3.175,3.5575,3.88,4.1875,4.5875
"55",2009-08-11,0,2.16,2.23,2.35,2.79,3.11,3.45,3.83,4.13,4.55
"56",2009-08-12,0,2.1375,2.2025,2.325,2.73,3.075,3.4275,3.755,4.0575,4.4725
"57",2009-08-13,0,2.1725,2.2425,2.35,2.78,3.13,3.48,3.8175,4.13,4.53
"58",2009-08-14,0,2.1625,2.2275,2.375,2.795,3.125,3.465,3.79,4.1,4.5
"59",2009-08-17,0,2.1475,2.2075,2.34,2.735,3.055,3.405,3.715,4.02,4.4
"60",2009-08-18,0,2.1575,2.2175,2.34,2.74,3.075,3.41,3.74,4.03,4.43
"61",2009-08-19,0,2.1375,2.1875,2.34,2.73,3.05,3.39,3.7,4.03,4.375
"62",2009-08-20,0,2.1675,2.2175,2.325,2.73,3.075,3.395,3.735,4.035,4.425
"63",2009-08-21,0,2.1425,2.1925,2.305,2.685,3.025,3.355,3.685,3.985,4.38
"64",2009-08-24,0,2.145,2.205,2.325,2.725,3.075,3.405,3.725,4.08,4.425
"65",2009-08-25,0,2.1475,2.2075,2.31,2.705,3.05,3.375,3.705,3.98,4.4
"66",2009-08-26,0,2.1575,2.2225,2.3,2.74,3.085,3.4,3.735,4.05,4.45
"67",2009-08-27,0,2.1475,2.2125,2.32,2.71,3.055,3.375,3.71,4.01,4.42
"68",2009-08-28,0,2.1525,2.2325,2.33,2.75,3.09,3.41,3.75,4.05,4.46
"69",2009-08-31,0,2.1525,2.2325,2.33,2.725,3.075,3.405,3.725,4.05,4.45
"70",2009-09-01,0,2.1475,2.2175,2.33,2.73,3.07,3.4,3.72,4.035,4.425
"71",2009-09-02,0,2.1525,2.2175,2.277,2.725,3.065,3.4,3.715,4.035,4.435
"72",2009-09-03,0,2.1675,2.2075,2.325,2.7,3,3.355,3.68,3.95,4.39
"73",2009-09-04,0,2.1725,2.2225,2.32,2.7,3,3.32,3.65,3.95,4.38
"74",2009-09-07,0,2.1675,2.2075,2.33,2.695,3.04,3.41,3.665,4.05,4.39
"75",2009-09-08,0,2.1675,2.2075,2.33,2.715,3.025,3.345,3.665,3.97,4.39
"76",2009-09-09,0,2.1675,2.2175,2.32,2.715,3.025,3.345,3.68,3.99,4.4
"77",2009-09-10,0,2.1725,2.2225,2.325,2.73,3.05,3.38,3.695,3.995,4.425
"78",2009-09-11,0,2.165,2.215,2.33,2.73,3.04,3.365,3.69,3.9875,4.405
"79",2009-09-14,0,2.175,2.215,2.33,2.72,3.035,3.355,3.665,4.01,4.41
"80",2009-09-15,0,2.1675,2.215,2.33,2.73,3.04,3.345,3.695,4.01,4.41
"81",2009-09-16,0,2.1825,2.2325,2.34,2.715,3.045,3.35,3.7,4.01,4.43
"82",2009-09-17,0,2.1875,2.24,2.34,2.75,3.08,3.4,3.72,4.03,4.4525
"83",2009-09-18,0,2.1875,2.2325,2.345,2.745,3.045,3.365,3.7,4.03,4.43
"84",2009-09-21,0,2.1875,2.2325,2.35,2.74,3.065,3.39,3.71,4.02,4.445
"85",2009-09-22,0,2.1875,2.2325,2.34,2.745,3.045,3.365,3.7,4.03,4.43
"86",2009-09-23,0,2.1825,2.2375,2.365,2.75,3.075,3.385,3.71,4.04,4.43
"87",2009-09-24,0,2.1725,2.2325,2.355,2.735,3.045,3.375,3.695,4.04,4.43
"88",2009-09-25,0,2.1825,2.2425,2.35,2.73,3.03,3.365,3.7,4.04,4.43
"89",2009-09-28,0,2.18,2.26,2.36,2.74,3.04,3.37,3.695,4.005,4.43
"90",2009-09-29,0,2.1775,2.2575,2.365,2.74,3.05,3.365,3.7,4.03,4.42
"91",2009-09-30,0,2.1725,2.2525,2.37,2.74,3.05,3.37,3.7,4,4.42
"92",2009-10-01,0,2.1825,2.2525,2.35,2.73,3.04,3.35,3.66,3.97,4.37
"93",2009-10-02,0,2.1775,2.2375,2.335,2.69,2.99,3.31,3.61,3.92,4.37
"94",2009-10-05,0,2.1825,2.2475,2.335,2.7,3.015,3.33,3.625,3.95,4.34
"95",2009-10-06,0,2.1775,2.265,2.35,2.72,3.04,3.35,3.65,3.97,4.35
"96",2009-10-07,0,2.1825,2.2625,2.35,2.73,3.025,3.345,3.645,3.95,4.37
"97",2009-10-08,0,2.1925,2.2775,2.365,2.765,3.055,3.37,3.665,3.97,4.38
"98",2009-10-09,0,2.175,2.27,2.375,2.775,3.075,3.375,3.675,3.975,4.425
"99",2009-10-12,0,2.1975,2.2825,2.39,2.79,3.095,3.41,3.725,4.04,4.45
"100",2009-10-13,0,2.185,2.2775,2.38,2.8,3.1,3.41,3.72,4.03,4.45
"101",2009-10-14,0,2.1575,2.2675,2.395,2.81,3.13,3.44,3.75,4.07,4.48
"102",2009-10-15,0,2.195,2.295,2.41,2.84,3.175,3.49,3.81,4.13,4.56
"103",2009-10-16,0,2.25,2.365,2.47,2.97,3.335,3.65,3.9725,4.31,4.76
"104",2009-10-19,0,2.2175,2.3375,2.47,2.955,3.28,3.64,3.955,4.28,4.74
"105",2009-10-20,0,2.2075,2.3275,2.455,2.91,3.245,3.565,3.9,4.23,4.68
"106",2009-10-21,0,2.2025,2.3225,2.44,2.89,3.21,3.54,3.86,4.18,4.6
"107",2009-10-22,0,2.2125,2.3025,2.445,2.9,3.23,3.56,3.88,4.23,4.655
"108",2009-10-23,0,2.2125,2.3075,2.45,2.91,3.245,3.565,3.9,4.25,4.66
"109",2009-10-26,0,2.2125,2.3075,2.48,2.945,3.285,3.63,3.945,4.29,4.71
"110",2009-10-27,0,2.19,2.295,2.46,2.92,3.295,3.625,3.925,4.27,4.7
"111",2009-10-28,0,2.2025,2.2925,2.435,2.905,3.265,3.585,3.885,4.21,4.66
"112",2009-10-29,0,2.2275,2.3375,2.425,2.87,3.235,3.585,3.9,4.27,4.7
"113",2009-10-30,0,2.2075,2.3225,2.445,2.885,3.245,3.585,3.905,4.24,4.695
"114",2009-11-02,0,2.205,2.3225,2.415,2.845,3.125,3.525,3.835,4.17,4.65
"115",2009-11-03,0,2.19,2.3,2.405,2.78,3.15,3.455,3.775,4.125,4.595
"116",2009-11-04,0,2.2175,2.3175,2.415,2.82,3.175,3.495,3.83,4.17,4.63
"117",2009-11-05,0,2.1975,2.2975,2.415,2.805,3.175,3.495,3.815,4.18,4.65
"118",2009-11-06,0,2.1925,2.2925,2.385,2.805,3.175,3.505,3.81,4.175,4.605
"119",2009-11-09,0,2.2025,2.2875,2.375,2.765,3.155,3.485,3.79,4.18,4.61
"120",2009-11-10,0,2.2125,2.2925,2.34,2.735,3.125,3.455,3.77,4.13,4.58
"121",2009-11-11,0,2.2075,2.2725,2.34,2.735,3.125,3.455,3.775,4.105,4.565
"122",2009-11-12,0,2.1975,2.2675,2.35,2.735,3.1,3.45,3.775,4.1,4.58
"123",2009-11-13,0,2.1925,2.2575,2.335,2.725,3.075,3.415,3.745,4.07,4.6
"124",2009-11-16,0,2.1975,2.2625,2.33,2.725,3.08,3.42,3.77,4.085,4.545
"125",2009-11-17,0,2.1975,2.2675,2.33,2.73,3.06,3.41,3.765,4.095,4.555
"126",2009-11-18,0,2.2225,2.2875,2.325,2.735,3.08,3.425,3.755,4.1,4.57
"127",2009-11-19,0,2.2075,2.2725,2.33,2.71,3.075,3.415,3.755,4.085,4.525
"128",2009-11-20,0,2.2175,2.2775,2.32,2.685,3.065,3.405,3.735,4.065,4.53
"129",2009-11-23,0,2.22,2.28,2.32,2.69,3.05,3.385,3.72,4.055,4.495
"130",2009-11-24,0,2.1975,2.2475,2.3,2.69,3.04,3.385,3.715,4.025,4.495
"131",2009-11-25,0,2.2,2.24,2.3,2.685,3.0375,3.3775,3.69,4.025,4.47
"132",2009-11-26,0,2.1975,2.2375,2.305,2.675,3.025,3.375,3.685,4.03,4.47
"133",2009-11-27,0,2.1975,2.2375,2.3025,2.675,3.025,3.375,3.695,4.025,4.475
"134",2009-11-30,0,2.1975,2.2375,2.3,2.66,3.015,3.36,3.68,4.005,4.45
"135",2009-12-01,0,2.1975,2.2375,2.325,2.665,3.025,3.365,3.675,4,4.45
"136",2009-12-02,0,2.1975,2.2375,2.3,2.685,3.04,3.37,3.71,4.035,4.49
"137",2009-12-03,0,2.1975,2.2375,2.325,2.695,3.055,3.395,3.725,4.03,4.5
"138",2009-12-04,0,2.1975,2.2375,2.325,2.695,3.055,3.395,3.725,4.03,4.5
"139",2009-12-07,0,2.1975,2.2375,2.34,2.74,3.085,3.435,3.775,4.105,4.545
"140",2009-12-08,0,2.1975,2.2375,2.33,2.72,3.075,3.415,3.755,4.085,4.525
"141",2009-12-09,0,2.1975,2.2375,2.325,2.725,3.08,3.405,3.75,4.085,4.525
"142",2009-12-10,0,2.1975,2.2375,2.345,2.735,3.085,3.405,3.755,4.095,4.535
"143",2009-12-11,0,2.1975,2.2375,2.355,2.755,3.1,3.425,3.77,4.105,4.545
"144",2009-12-14,0,2.1975,2.2375,2.36,2.77,3.11,3.45,3.79,4.125,4.55
"145",2009-12-15,0,2.1975,2.2375,2.37,2.815,3.14,3.465,3.8,4.115,4.55
"146",2009-12-16,0,2.1975,2.2375,2.365,2.815,3.14,3.475,3.815,4.125,4.565
"147",2009-12-17,0,2.1975,2.2375,2.375,2.81,3.145,3.49,3.8,4.125,4.555
"148",2009-12-18,0,2.1975,2.2375,2.375,2.835,3.165,3.505,3.835,4.16,4.59
"149",2009-12-21,0,2.1975,2.2375,2.375,2.815,3.145,3.485,3.815,4.15,4.58
"150",2009-12-22,0,2.1975,2.2375,2.405,2.855,3.215,3.565,3.885,4.21,4.65
"151",2009-12-23,0,2.1975,2.2375,2.395,2.84,3.205,3.555,3.875,4.195,4.625
"152",2009-12-24,0,2.1975,2.2375,2.385,2.825,3.195,3.545,3.865,4.19,4.62
"153",2009-12-25,0,2.1975,2.2375,2.395,2.835,3.215,3.555,3.875,4.195,4.625
"154",2009-12-28,0,2.1975,2.2375,2.4,2.84,3.195,3.555,3.875,4.23,4.66
"155",2009-12-29,0,2.1975,2.2375,2.385,2.825,3.205,3.555,3.875,4.2,4.65
"156",2009-12-30,0,2.1975,2.2375,2.4,2.83,3.19,3.535,3.87,4.195,4.635
"157",2009-12-31,0,2.1975,2.2375,2.4,2.86,3.205,3.555,3.875,4.2,4.65
"158",2010-01-01,0,2.1975,2.2375,2.385,2.825,3.175,3.525,3.855,4.185,4.625
"159",2010-01-04,0,2.1975,2.2375,2.435,2.91,3.29,3.64,3.97,4.3,4.74
"160",2010-01-05,0,2.1975,2.2375,2.4,2.885,3.25,3.6,3.93,4.25,4.68
"161",2010-01-06,0,2.1975,2.2375,2.4,2.87,3.225,3.595,3.92,4.24,4.67
"162",2010-01-07,0,2.1975,2.2375,2.4,2.85,3.22,3.59,3.915,4.23,4.66
"163",2010-01-08,0,2.1975,2.2375,2.4,2.865,3.235,3.605,3.91,4.23,4.68
"164",2010-01-11,0,2.1975,2.2375,2.38,2.82,3.18,3.54,3.88,4.21,4.65
"165",2010-01-12,0,2.1975,2.2375,2.36,2.78,3.135,3.49,3.825,4.165,4.605
"166",2010-01-13,0,2.1975,2.2375,2.35,2.77,3.135,3.485,3.82,4.145,4.575
"167",2010-01-14,0,2.1975,2.2375,2.36,2.75,3.115,3.455,3.775,4.125,4.535
"168",2010-01-15,0,2.1975,2.2375,2.345,2.735,3.105,3.435,3.765,4.115,4.515
"169",2010-01-18,0,2.1975,2.2375,2.345,2.765,3.105,3.44,3.775,4.115,4.525
"170",2010-01-19,0,2.1975,2.2375,2.355,2.775,3.125,3.475,3.805,4.12,4.57
"171",2010-01-20,0,2.1975,2.2375,2.35,2.775,3.105,3.465,3.79,4.13,4.53
"172",2010-01-21,0,2.1975,2.2375,2.35,2.76,3.105,3.455,3.77,4.11,4.51
"173",2010-01-22,0,2.1975,2.2375,2.345,2.75,3.105,3.425,3.745,4.1,4.5
"174",2010-01-25,0,2.1975,2.2375,2.345,2.755,3.105,3.475,3.785,4.115,4.515
"175",2010-01-26,0,2.1975,2.2375,2.34,2.75,3.105,3.45,3.77,4.1,4.5
"176",2010-01-27,0,2.1975,2.2375,2.385,2.82,3.17,3.5,3.81,4.125,4.495
"177",2010-01-28,0,2.1975,2.2375,2.445,2.865,3.205,3.515,3.835,4.145,4.51
"178",2010-01-29,0,2.1975,2.2375,2.525,2.94,3.28,3.58,3.885,4.175,4.545
"179",2010-02-01,0,2.1975,2.2375,2.515,2.945,3.275,3.545,3.865,4.18,4.55
"180",2010-02-02,0,2.1975,2.2375,2.55,2.96,3.285,3.59,3.89,4.17,4.55
"181",2010-02-03,0,2.1975,2.2375,2.565,2.955,3.28,3.58,3.88,4.16,4.51
"182",2010-02-04,0,2.1975,2.2375,2.58,2.975,3.29,3.58,3.885,4.18,4.505
"183",2010-02-05,0,2.1975,2.2375,2.53,2.9,3.225,3.54,3.84,4.12,4.44
"184",2010-02-08,0,2.1975,2.2375,2.515,2.91,3.225,3.54,3.84,4.12,4.45
"185",2010-02-09,0,2.1975,2.2375,2.52,2.91,3.225,3.545,3.835,4.135,4.44
"186",2010-02-10,0,2.1975,2.2375,2.54,2.92,3.235,3.55,3.85,4.14,4.455
"187",2010-02-11,0,2.1975,2.2375,2.545,2.92,3.23,3.55,3.845,4.145,4.465
"188",2010-02-12,0,2.1975,2.2375,2.545,2.925,3.23,3.55,3.84,4.135,4.445
"189",2010-02-15,0,2.1975,2.2375,2.545,2.925,3.23,3.55,3.84,4.135,4.445
"190",2010-02-16,0,2.1975,2.2375,2.555,2.925,3.235,3.525,3.835,4.155,4.465
"191",2010-02-17,0,2.1975,2.2375,2.565,2.94,3.255,3.555,3.855,4.16,4.5
"192",2010-02-18,0,2.1975,2.2375,2.575,2.955,3.275,3.575,3.885,4.2,4.55
"193",2010-02-19,0,2.1975,2.2375,2.625,3.025,3.325,3.625,3.895,4.2,4.55
"194",2010-02-22,0,2.1975,2.2375,2.625,3.02,3.305,3.595,3.875,4.175,4.53
"195",2010-02-23,0,2.1975,2.2375,2.655,3.015,3.33,3.605,3.865,4.215,4.53
"196",2010-02-24,0,2.1975,2.2375,2.675,3.03,3.335,3.625,3.885,4.2,4.53
"197",2010-02-25,0,2.1975,2.2375,2.625,2.995,3.315,3.6,3.835,4.2,4.46
"198",2010-02-26,0,2.1975,2.2375,2.62,2.99,3.29,3.5831,3.84,4.175,4.505
"199",2010-03-01,0,2.1975,2.2375,2.635,2.995,3.2844,3.5693,3.815,4.11,4.47
"200",2010-03-02,0,2.1975,2.2375,2.63,2.99,3.275,3.575,3.815,4.095,4.43
"201",2010-03-03,0,2.1975,2.2375,2.655,3.015,3.285,3.58,3.8,4.08,4.37
"202",2010-03-04,0,2.1975,2.2375,2.685,2.975,3.265,3.545,3.775,4.08,4.37
"203",2010-03-05,0,2.1975,2.2375,2.695,2.995,3.26,3.5,3.71,3.985,4.275
"204",2010-03-08,1,1.5,1.5,2.745,3.035,3.31,3.565,3.78,4.045,4.34
"205",2010-03-09,1,1.5,1.5,2.745,3.045,3.31,3.575,3.795,4.045,4.335
"206",2010-03-10,1,1.5,1.5,2.755,3.05,3.325,3.575,3.795,4.04,4.33
"207",2010-03-11,1,1.5,1.5,2.785,3.0825,3.3625,3.5775,3.795,4.0675,4.3575
"208",2010-03-12,1,1.5,1.5,2.79,3.095,3.37,3.56,3.78,4.055,4.325
"209",2010-03-15,1,1.5,1.5,2.815,3.135,3.39,3.61,3.81,4.06,4.355
"210",2010-03-16,1,1.5,1.5,2.805,3.115,3.3625,3.57,3.78,4.04,4.3325
"211",2010-03-17,1,1.5,1.5,2.795,3.075,3.325,3.545,3.75,4.02,4.31
"212",2010-03-18,1,1.5,1.5,2.785,3.085,3.32,3.54,3.75,4.005,4.285
"213",2010-03-19,1,1.5,1.5,2.795,3.09,3.335,3.56,3.765,4.015,4.305
"214",2010-03-22,1,2.605,2.715,2.805,3.115,3.36,3.56,3.76,4.015,4.305
"215",2010-03-23,1,2.605,2.715,2.805,3.11,3.35,3.565,3.76,3.99,4.275
"216",2010-03-24,1,2.6,2.715,2.815,3.145,3.375,3.575,3.775,4,4.28
"217",2010-03-25,1,2.6,2.715,2.84,3.16,3.405,3.605,3.815,4.065,4.35
"218",2010-03-26,1,2.6,2.735,2.82,3.145,3.405,3.615,3.81,4.08,4.31
"219",2010-03-29,1,2.605,2.735,2.835,3.14,3.41,3.61,3.81,4.07,4.2975
"220",2010-03-30,1,2.605,2.735,2.81,3.145,3.415,3.615,3.825,4.055,4.335
"221",2010-03-31,1,2.605,2.735,2.81,3.155,3.435,3.62,3.83,4.095,4.325
"222",2010-04-01,1,2.605,2.735,2.815,3.155,3.425,3.615,3.82,4.085,4.325
"223",2010-04-02,1,2.605,2.735,2.815,3.145,3.415,3.615,3.815,4.075,4.325
"224",2010-04-05,1,2.635,2.735,2.84,3.185,3.445,3.655,3.855,4.1,4.34
"225",2010-04-06,1,2.635,2.76,2.8625,3.21,3.445,3.655,3.855,4.1,4.34
"226",2010-04-07,1,2.635,2.785,2.845,3.1925,3.45,3.6675,3.875,4.09,4.375
"227",2010-04-08,1,2.64,2.785,2.855,3.18,3.43,3.655,3.87,4.12,4.325
"228",2010-04-09,1,2.675,2.795,2.85,3.18,3.435,3.645,3.86,4.12,4.325
"229",2010-04-12,1,2.74,2.805,2.885,3.1775,3.425,3.6475,3.8475,4.085,4.335
"230",2010-04-13,1,2.74,2.805,2.885,3.165,3.42,3.645,3.835,4.06,4.29
"231",2010-04-14,1,2.74,2.805,2.9,3.1725,3.425,3.63,3.83,4.075,4.32
"232",2010-04-15,1,2.735,2.815,2.9,3.19,3.445,3.67,3.865,4.075,4.345
"233",2010-04-16,1,2.735,2.815,2.905,3.18,3.43,3.655,3.86,4.105,4.335
"234",2010-04-19,1,2.735,2.815,2.925,3.175,3.415,3.63,3.835,4.055,4.305
"235",2010-04-20,1,2.735,2.835,2.92,3.185,3.415,3.63,3.84,4.065,4.315
"236",2010-04-21,1,2.735,2.835,2.915,3.18,3.415,3.63,3.84,4.09,4.325
"237",2010-04-22,1,2.735,2.835,2.895,3.17,3.38,3.6,3.8,4.045,4.275
"238",2010-04-23,0,2.735,2.84,2.895,3.17,3.385,3.6,3.815,4.045,4.275
"239",2010-04-26,0,2.735,2.84,2.9,3.175,3.415,3.62,3.825,4.055,4.295
"240",2010-04-27,0,2.735,2.84,2.9,3.165,3.415,3.62,3.82,4.055,4.295
"241",2010-04-28,0,2.735,2.84,2.88,3.15,3.39,3.61,3.82,4.045,4.285
"242",2010-04-29,0,2.735,2.84,2.875,3.175,3.415,3.62,3.825,4.055,4.295
"243",2010-04-30,0,2.735,2.84,2.855,3.155,3.405,3.62,3.815,4.035,4.285
"244",2010-05-03,0,2.72,2.825,2.855,3.155,3.405,3.62,3.815,4.03,4.275
"245",2010-05-04,0,2.72,2.825,2.86,3.155,3.405,3.625,3.815,4.045,4.285
"246",2010-05-05,0,2.695,2.79,2.84,3.115,3.36,3.56,3.76,4.015,4.245
"247",2010-05-06,0,2.695,2.79,2.82,3.085,3.335,3.535,3.725,3.975,4.195
"248",2010-05-07,0,2.695,2.72,2.785,3.04,3.28,3.48,3.665,3.875,4.115
"249",2010-05-10,0,2.695,2.745,2.81,3.075,3.325,3.51,3.7,3.925,4.145
"250",2010-05-11,0,2.695,2.75,2.81,3.06,3.29,3.485,3.675,3.905,4.135
"251",2010-05-12,0,2.685,2.73,2.81,3.055,3.29,3.485,3.665,3.905,4.135
"252",2010-05-13,0,2.74,2.765,2.83,3.07,3.28,3.48,3.66,3.885,4.125
"253",2010-05-14,0,2.755,2.8,2.895,3.125,3.3,3.51,3.67,3.895,4.135
"254",2010-05-17,0,2.765,2.8,2.895,3.09,3.275,3.465,3.63,3.845,4.085
"255",2010-05-18,0,2.765,2.8,2.885,3.09,3.275,3.475,3.655,3.875,4.125
"256",2010-05-19,0,2.765,2.835,2.885,3.06,3.255,3.445,3.635,3.835,4.085
"257",2010-05-20,0,2.765,2.815,2.87,3.03,3.225,3.42,3.62,3.835,4.075
"258",2010-05-21,0,2.74,2.785,2.86,3.015,3.205,3.395,3.595,3.795,4.025
"259",2010-05-24,0,2.735,2.815,2.86,3.035,3.225,3.41,3.6,3.815,4.045
"260",2010-05-25,0,2.735,2.815,2.86,3.015,3.205,3.395,3.575,3.775,4.025
"261",2010-05-26,0,2.735,2.815,2.86,3.04,3.225,3.425,3.62,3.805,4.035
"262",2010-05-27,0,2.76,2.815,2.86,3.065,3.26,3.47,3.655,3.855,4.095
"263",2010-05-28,0,2.76,2.815,2.86,3.065,3.26,3.47,3.655,3.855,4.095
"264",2010-05-31,0,2.79,2.83,2.87,3.105,3.3,3.515,3.7,3.905,4.17
"265",2010-06-01,0,2.79,2.83,2.865,3.065,3.27,3.485,3.66,3.865,4.115
"266",2010-06-02,0,2.79,2.83,2.865,3.065,3.275,3.5,3.67,3.875,4.125
"267",2010-06-03,0,2.775,2.84,2.885,3.12,3.335,3.55,3.72,3.93,4.175
"268",2010-06-04,0,2.775,2.84,2.89,3.13,3.335,3.555,3.74,3.955,4.225
"269",2010-06-07,0,2.775,2.84,2.875,3.1,3.285,3.505,3.695,3.905,4.15
"270",2010-06-08,0,2.775,2.84,2.88,3.1,3.29,3.51,3.7,3.91,4.16
"271",2010-06-09,0,2.775,2.84,2.875,3.1,3.3,3.51,3.695,3.895,4.16
"272",2010-06-10,0,2.775,2.84,2.875,3.12,3.315,3.55,3.73,3.935,4.195
"273",2010-06-11,0,2.775,2.855,2.885,3.125,3.33,3.55,3.715,3.925,4.175
"274",2010-06-14,0,2.79,2.855,2.9,3.12,3.33,3.58,3.745,3.97,4.225
"275",2010-06-15,0,2.79,2.855,2.905,3.125,3.325,3.56,3.735,3.96,4.225
"276",2010-06-16,0,2.79,2.855,2.91,3.125,3.34,3.57,3.755,3.985,4.245
"277",2010-06-17,0,2.79,2.88,2.91,3.125,3.33,3.565,3.74,3.985,4.245
"278",2010-06-18,0,2.79,2.89,2.91,3.14,3.34,3.57,3.765,4.035,4.295
"279",2010-06-21,0,2.79,2.89,2.91,3.14,3.345,3.575,3.765,4.035,4.3
"280",2010-06-22,0,2.79,2.89,2.91,3.135,3.33,3.57,3.76,4.03,4.32
"281",2010-06-23,0,2.79,2.89,2.91,3.125,3.32,3.545,3.73,3.975,4.255
"282",2010-06-24,0,2.79,2.89,2.89,3.1,3.3,3.515,3.7,3.945,4.235
"283",2010-06-25,0,2.805,2.865,2.89,3.115,3.3,3.525,3.7,3.935,4.235
"284",2010-06-28,0,2.805,2.865,2.905,3.12,3.3,3.515,3.695,3.935,4.245
"285",2010-06-29,0,2.805,2.865,2.9,3.105,3.28,3.48,3.66,3.88,4.185
"286",2010-06-30,0,2.805,2.865,2.905,3.105,3.275,3.475,3.64,3.85,4.155
"287",2010-07-01,0,2.805,2.865,2.905,3.1,3.265,3.47,3.62,3.865,4.135
"288",2010-07-02,0,2.805,2.89,2.91,3.115,3.275,3.485,3.645,3.865,4.145
"289",2010-07-05,0,2.805,2.89,2.91,3.11,3.29,3.47,3.64,3.855,4.135
"290",2010-07-06,0,2.805,2.87,2.905,3.085,3.265,3.45,3.605,3.815,4.115
"291",2010-07-07,0,2.805,2.87,2.905,3.095,3.255,3.445,3.605,3.805,4.105
"292",2010-07-08,0,2.805,2.87,2.995,3.145,3.285,3.47,3.63,3.825,4.125
"293",2010-07-09,0,2.925,2.975,3.03,3.17,3.31,3.47,3.635,3.835,4.145
"294",2010-07-12,0,2.925,2.975,3.035,3.185,3.31,3.495,3.655,3.845,4.155
"295",2010-07-13,0,2.925,2.975,3.03,3.185,3.32,3.485,3.635,3.825,4.125
"296",2010-07-14,0,2.945,2.975,3.035,3.195,3.32,3.495,3.64,3.825,4.125
"297",2010-07-15,0,2.945,3.025,3.05,3.215,3.36,3.515,3.66,3.855,4.165
"298",2010-07-16,0,2.975,3.025,3.065,3.235,3.38,3.54,3.665,3.855,4.17
"299",2010-07-19,0,2.975,3.025,3.06,3.21,3.36,3.52,3.66,3.895,4.17
"300",2010-07-20,0,2.975,3.025,3.07,3.225,3.365,3.54,3.67,3.9,4.18
"301",2010-07-21,0,2.975,3.025,3.07,3.225,3.37,3.525,3.67,3.9,4.17
"302",2010-07-22,0,2.975,3.025,3.07,3.21,3.35,3.5,3.645,3.875,4.155
"303",2010-07-23,0,2.965,3.025,3.075,3.22,3.37,3.51,3.66,3.875,4.155
"304",2010-07-26,0,2.965,3.025,3.075,3.22,3.38,3.525,3.67,3.905,4.185
"305",2010-07-27,0,2.955,3.025,3.085,3.235,3.38,3.53,3.675,3.915,4.185
"306",2010-07-28,0,2.955,3.025,3.08,3.245,3.39,3.555,3.69,3.915,4.215
"307",2010-07-29,0,2.955,3.025,3.09,3.245,3.4,3.565,3.715,3.955,4.275
"308",2010-07-30,0,2.955,3.025,3.09,3.25,3.41,3.575,3.705,3.945,4.245
"309",2010-08-02,0,2.955,3.025,3.09,3.24,3.425,3.57,3.685,3.925,4.235
"310",2010-08-03,0,2.965,3.03,3.09,3.24,3.4,3.57,3.695,3.94,4.225
"311",2010-08-04,0,2.965,3.03,3.08,3.225,3.385,3.545,3.675,3.915,4.2
"312",2010-08-05,0,2.965,3.03,3.08,3.23,3.385,3.55,3.675,3.925,4.205
"313",2010-08-06,0,2.965,3.03,3.08,3.235,3.39,3.565,3.69,3.935,4.215
"314",2010-08-09,0,2.965,3.03,3.08,3.235,3.39,3.565,3.69,3.935,4.215
"315",2010-08-10,0,2.985,3.03,3.085,3.245,3.395,3.565,3.695,3.945,4.235
"316",2010-08-11,0,2.975,3.03,3.075,3.215,3.35,3.515,3.645,3.895,4.17
"317",2010-08-12,0,2.975,3.03,3.06,3.215,3.335,3.51,3.635,3.885,4.17
"318",2010-08-13,0,2.975,3.03,3.065,3.21,3.335,3.51,3.63,3.875,4.145
"319",2010-08-16,0,2.975,3.025,3.065,3.195,3.335,3.5,3.605,3.855,4.125
"320",2010-08-17,0,2.975,3.025,3.055,3.2,3.32,3.495,3.62,3.845,4.115
"321",2010-08-18,0,2.975,3.025,3.055,3.195,3.325,3.5,3.61,3.845,4.11
"322",2010-08-19,0,2.975,3.025,3.045,3.185,3.3,3.475,3.585,3.79,4.05
"323",2010-08-20,0,2.96,3.015,3.04,3.17,3.275,3.445,3.55,3.73,3.945
"324",2010-08-23,0,2.96,3.015,3.04,3.15,3.24,3.4,3.52,3.695,3.915
"325",2010-08-24,0,2.97,3.015,3.05,3.16,3.255,3.41,3.53,3.71,3.92
"326",2010-08-25,0,2.965,3.015,3.06,3.145,3.25,3.38,3.51,3.69,3.915
"327",2010-08-26,0,2.965,3.015,3.05,3.17,3.27,3.415,3.545,3.725,3.92
"328",2010-08-27,0,2.965,3.015,3.055,3.18,3.31,3.45,3.575,3.755,3.965
"329",2010-08-30,0,2.955,3.005,3.06,3.215,3.335,3.485,3.59,3.77,3.995
"330",2010-08-31,0,2.955,3.005,3.06,3.215,3.335,3.485,3.59,3.77,3.995
"331",2010-09-01,0,2.965,3.015,3.075,3.205,3.31,3.455,3.565,3.745,3.96
"332",2010-09-02,0,2.965,3.015,3.075,3.205,3.31,3.445,3.555,3.73,3.95
"333",2010-09-03,0,2.96,3,3.025,3.16,3.265,3.425,3.535,3.715,3.935
"334",2010-09-06,0,2.96,2.99,3.035,3.175,3.285,3.46,3.58,3.75,3.98
"335",2010-09-07,0,2.96,2.99,3.04,3.185,3.285,3.46,3.57,3.745,3.97
"336",2010-09-08,0,2.96,2.99,3.035,3.175,3.275,3.45,3.555,3.725,3.95
"337",2010-09-09,0,2.96,2.99,3.035,3.17,3.275,3.435,3.545,3.725,3.935
"338",2010-09-10,0,2.96,2.99,3.035,3.17,3.275,3.435,3.545,3.725,3.935
"339",2010-09-13,0,2.96,2.99,3.035,3.185,3.3,3.46,3.575,3.73,3.965
"340",2010-09-14,0,2.96,2.99,3.04,3.175,3.295,3.435,3.565,3.735,3.955
"341",2010-09-15,0,2.96,2.99,3.04,3.17,3.29,3.45,3.565,3.735,3.95
"342",2010-09-16,0,2.96,2.99,3.04,3.17,3.29,3.45,3.565,3.735,3.95
"343",2010-09-17,0,2.96,2.99,3.04,3.17,3.3,3.485,3.605,3.765,4.015
"344",2010-09-20,0,2.96,2.99,3.045,3.18,3.31,3.495,3.62,3.78,4.04
"345",2010-09-21,0,2.96,2.99,3.045,3.18,3.33,3.51,3.62,3.795,4.04
"346",2010-09-22,0,2.96,2.99,3.05,3.205,3.355,3.52,3.65,3.815,4.06
"347",2010-09-23,0,2.96,2.99,3.06,3.18,3.35,3.52,3.625,3.815,4.055
"348",2010-09-24,0,2.96,2.99,3.05,3.185,3.34,3.5,3.62,3.775,4.015
"349",2010-09-27,0,2.96,2.99,3.05,3.185,3.335,3.48,3.605,3.785,4.025
"350",2010-09-28,0,2.96,2.99,3.05,3.185,3.345,3.49,3.61,3.78,4.015
"351",2010-09-29,0,2.96,2.99,3.05,3.18,3.345,3.495,3.61,3.8,4.02
"352",2010-09-30,0,2.96,2.99,3.055,3.185,3.34,3.5,3.615,3.795,4.02
"353",2010-10-01,0,2.96,2.99,3.065,3.19,3.355,3.525,3.655,3.835,4.07
"354",2010-10-04,0,2.96,2.99,3.065,3.195,3.355,3.52,3.645,3.825,4.055
"355",2010-10-05,0,2.96,2.99,3.06,3.2,3.365,3.54,3.655,3.845,4.06
"356",2010-10-06,0,2.96,2.99,3.065,3.215,3.37,3.545,3.66,3.845,4.065
"357",2010-10-07,0,2.96,2.99,3.065,3.205,3.35,3.53,3.65,3.84,4.05
"358",2010-10-08,0,2.96,2.99,3.07,3.215,3.36,3.54,3.66,3.845,4.06
"359",2010-10-11,0,2.96,2.99,3.07,3.235,3.38,3.57,3.685,3.875,4.1
"360",2010-10-12,0,2.96,2.99,3.075,3.23,3.38,3.555,3.685,3.875,4.105
"361",2010-10-13,0,2.96,2.99,3.07,3.225,3.375,3.555,3.68,3.875,4.105
"362",2010-10-14,0,2.945,3.005,3.07,3.22,3.355,3.54,3.655,3.86,4.08
"363",2010-10-15,0,2.945,3.005,3.085,3.24,3.385,3.56,3.695,3.875,4.12
"364",2010-10-18,0,2.99,3.025,3.08,3.24,3.4,3.575,3.7,3.9,4.125
"365",2010-10-19,0,2.99,3.025,3.08,3.24,3.43,3.6,3.72,3.94,4.17
"366",2010-10-20,0,2.99,3.025,3.09,3.245,3.44,3.63,3.77,3.985,4.22
"367",2010-10-21,0,2.99,3.025,3.085,3.25,3.43,3.61,3.745,3.975,4.2
"368",2010-10-22,0,2.99,3.025,3.085,3.23,3.425,3.605,3.74,3.965,4.205
"369",2010-10-25,0,3.02,3.025,3.08,3.225,3.42,3.615,3.75,3.965,4.215
"370",2010-10-26,0,3.005,3.025,3.085,3.24,3.44,3.645,3.79,4.01,4.28
"371",2010-10-27,0,3.005,3.025,3.08,3.23,3.44,3.64,3.81,4.025,4.285
"372",2010-10-28,0,3.005,3.025,3.09,3.235,3.43,3.63,3.79,4,4.26
"373",2010-10-29,0,3.005,3.025,3.08,3.22,3.42,3.62,3.76,3.975,4.24
"374",2010-11-01,0,3.005,3.025,3.085,3.225,3.42,3.63,3.77,3.975,4.235
"375",2010-11-02,0,3.005,3.03,3.08,3.225,3.43,3.645,3.78,3.995,4.26
"376",2010-11-03,0,3,3.04,3.08,3.23,3.43,3.63,3.755,3.98,4.245
"377",2010-11-04,0,3,3.04,3.08,3.225,3.42,3.63,3.77,4.005,4.255
"378",2010-11-05,0,3,3.04,3.08,3.225,3.42,3.63,3.77,4.005,4.255
"379",2010-11-08,0,3,3.04,3.08,3.22,3.42,3.625,3.77,4.005,4.275
"380",2010-11-09,0,3,3.04,3.085,3.23,3.425,3.63,3.77,4.005,4.265
"381",2010-11-10,0,3,3.04,3.095,3.225,3.43,3.635,3.765,4.025,4.31
"382",2010-11-11,0,3,3.04,3.095,3.22,3.42,3.625,3.76,4.01,4.32
"383",2010-11-12,0,3,3.04,3.105,3.23,3.43,3.64,3.82,4.065,4.4
"384",2010-11-15,0,3,3.04,3.09,3.23,3.435,3.655,3.835,4.0775,4.43
"385",2010-11-16,0,3,3.04,3.095,3.24,3.435,3.6575,3.84,4.0775,4.4375
"386",2010-11-17,0,3,3.04,3.095,3.24,3.44,3.665,3.84,4.075,4.45
"387",2010-11-18,0,3,3.04,3.09,3.225,3.425,3.63,3.785,4.055,4.405
"388",2010-11-19,0,3,3.04,3.09,3.225,3.425,3.64,3.8,4.045,4.405
"389",2010-11-22,0,3,3.04,3.09,3.23,3.425,3.64,3.805,4.045,4.405
"390",2010-11-23,0,3,3.04,3.085,3.22,3.385,3.61,3.765,3.995,4.38
"391",2010-11-24,0,3,3.04,3.09,3.225,3.4,3.605,3.785,4.01,4.385
"392",2010-11-25,0,3,3.04,3.09,3.24,3.41,3.62,3.795,4.035,4.41
"393",2010-11-26,0,3,3.04,3.095,3.24,3.41,3.63,3.795,4.045,4.445
"394",2010-11-29,0,3.005,3.045,3.095,3.24,3.41,3.63,3.8,4.035,4.42
"395",2010-11-30,0,3.005,3.045,3.085,3.23,3.41,3.615,3.785,4.025,4.39
"396",2010-12-01,0,3.005,3.045,3.085,3.245,3.425,3.64,3.805,4.045,4.44
"397",2010-12-02,0,3.005,3.045,3.105,3.26,3.47,3.665,3.84,4.075,4.47
"398",2010-12-03,0,3.005,3.045,3.105,3.265,3.465,3.655,3.825,4.085,4.475
"399",2010-12-06,0,3.01,3.055,3.115,3.275,3.465,3.635,3.82,4.105,4.455
"400",2010-12-07,0,3.015,3.06,3.12,3.28,3.48,3.67,3.835,4.115,4.505
"401",2010-12-08,0,3.02,3.07,3.135,3.315,3.5,3.705,3.885,4.165,4.585
"402",2010-12-09,0,3.02,3.07,3.145,3.33,3.515,3.7,3.875,4.16,4.545
"403",2010-12-10,0,3.02,3.07,3.145,3.33,3.51,3.685,3.87,4.15,4.52
"404",2010-12-13,0,3.02,3.07,3.14,3.325,3.51,3.695,3.885,4.185,4.54
"405",2010-12-14,0,3.02,3.07,3.135,3.335,3.51,3.675,3.87,4.17,4.515
"406",2010-12-15,0,3.02,3.07,3.165,3.345,3.515,3.685,3.875,4.175,4.55
"407",2010-12-16,0,3.025,3.075,3.165,3.355,3.515,3.685,3.86,4.155,4.51
"408",2010-12-17,0,3.035,3.09,3.155,3.345,3.51,3.68,3.86,4.17,4.545
"409",2010-12-20,0,3.035,3.09,3.165,3.36,3.52,3.685,3.87,4.17,4.565
"410",2010-12-21,0,3.035,3.09,3.165,3.355,3.52,3.695,3.87,4.17,4.545
"411",2010-12-22,0,3.035,3.09,3.165,3.365,3.52,3.705,3.875,4.17,4.545
"412",2010-12-23,0,3.035,3.09,3.185,3.37,3.535,3.705,3.88,4.18,4.545
"413",2010-12-24,0,3.035,3.09,3.185,3.37,3.535,3.705,3.88,4.18,4.545
"414",2010-12-27,0,3.035,3.09,3.17,3.38,3.555,3.71,3.895,4.2,4.575
"415",2010-12-28,0,3.035,3.09,3.185,3.37,3.535,3.705,3.88,4.18,4.545
"416",2010-12-29,0,3.035,3.11,3.18,3.39,3.55,3.72,3.9,4.2,4.575
"417",2010-12-30,0,3.05,3.11,3.18,3.385,3.535,3.7,3.88,4.185,4.565
"418",2010-12-31,0,3.05,3.11,3.19,3.4,3.535,3.695,3.88,4.175,4.565
"419",2011-01-03,0,3.05,3.145,3.195,3.41,3.58,3.765,3.955,4.25,4.635
"420",2011-01-04,0,3.05,3.145,3.205,3.395,3.565,3.755,3.95,4.255,4.63
"421",2011-01-05,0,3.05,3.145,3.18,3.385,3.575,3.765,3.94,4.24,4.63
"422",2011-01-06,0,3.05,3.14,3.195,3.425,3.615,3.835,4.065,4.35,4.765
"423",2011-01-07,0,3.05,3.14,3.21,3.425,3.625,3.825,4.06,4.385,4.8
"424",2011-01-10,0,3.05,3.16,3.245,3.455,3.675,3.895,4.13,4.485,4.935
"425",2011-01-11,0,3.05,3.165,3.225,3.43,3.655,3.87,4.11,4.45,4.88
"426",2011-01-12,0,3.075,3.16,3.225,3.45,3.675,3.885,4.15,4.495,4.9
"427",2011-01-13,0,3.075,3.16,3.22,3.44,3.665,3.86,4.105,4.405,4.815
"428",2011-01-14,0,3.075,3.17,3.23,3.435,3.665,3.855,4.095,4.405,4.81
"429",2011-01-17,0,3.095,3.18,3.245,3.475,3.705,3.905,4.15,4.445,4.83
"430",2011-01-18,0,3.12,3.175,3.245,3.475,3.71,3.9,4.15,4.44,4.815
"431",2011-01-19,0,3.135,3.22,3.29,3.535,3.76,3.955,4.175,4.465,4.815
"432",2011-01-20,0,3.13,3.22,3.3,3.53,3.73,3.92,4.135,4.44,4.775
"433",2011-01-21,0,3.13,3.235,3.32,3.545,3.765,3.96,4.155,4.445,4.785
"434",2011-01-24,0,3.14,3.255,3.35,3.59,3.81,4,4.215,4.52,4.88
"435",2011-01-25,0,3.14,3.255,3.33,3.585,3.82,3.995,4.21,4.5,4.88
"436",2011-01-26,0,3.135,3.255,3.33,3.57,3.79,3.99,4.19,4.49,4.875
"437",2011-01-27,0,3.09,3.24,3.26,3.5,3.725,3.935,4.155,4.415,4.825
"438",2011-01-28,0,3.085,3.185,3.225,3.465,3.675,3.905,4.115,4.395,4.785
"439",2011-01-31,0,3.08,3.185,3.19,3.445,3.67,3.89,4.105,4.395,4.775
"440",2011-02-01,0,3.08,3.185,3.205,3.47,3.69,3.905,4.13,4.415,4.79
"441",2011-02-02,0,3.075,3.19,3.235,3.475,3.705,3.925,4.145,4.425,4.795
"442",2011-02-03,0,3.075,3.19,3.235,3.475,3.705,3.925,4.145,4.425,4.795
"443",2011-02-04,0,3.075,3.19,3.235,3.475,3.705,3.925,4.145,4.425,4.795
"444",2011-02-07,0,3.1,3.19,3.26,3.55,3.79,4.045,4.28,4.585,4.95
"445",2011-02-08,0,3.1,3.19,3.255,3.545,3.805,4.03,4.26,4.555,4.935
"446",2011-02-09,0,3.11,3.21,3.26,3.575,3.85,4.07,4.31,4.615,5
"447",2011-02-10,0,3.11,3.21,3.245,3.525,3.815,4.02,4.235,4.545,4.915
"448",2011-02-11,0,3.115,3.21,3.24,3.51,3.8,4.01,4.24,4.56,4.92
"449",2011-02-14,0,3.115,3.21,3.235,3.53,3.81,4.02,4.27,4.565,4.945
"450",2011-02-15,0,3.115,3.21,3.245,3.54,3.81,4.02,4.26,4.555,4.935
"451",2011-02-16,0,3.115,3.21,3.245,3.515,3.77,4.015,4.24,4.54,4.93
"452",2011-02-17,0,3.115,3.21,3.24,3.505,3.76,3.98,4.21,4.51,4.895
"453",2011-02-18,0,3.115,3.17,3.215,3.49,3.77,3.985,4.215,4.54,4.905
"454",2011-02-21,0,3.115,3.17,3.23,3.495,3.77,3.99,4.22,4.545,4.915
"455",2011-02-22,0,3.09,3.17,3.22,3.455,3.715,3.945,4.17,4.515,4.9
"456",2011-02-23,0,3.09,3.17,3.215,3.455,3.715,3.945,4.185,4.515,4.935
"457",2011-02-24,0,3.085,3.1675,3.2,3.44,3.68,3.92,4.15,4.495,4.9
"458",2011-02-25,0,3.085,3.1675,3.2,3.435,3.68,3.91,4.155,4.485,4.875
"459",2011-02-28,0,3.09,3.1625,3.225,3.475,3.71,3.93,4.16,4.51,4.92
"460",2011-03-01,0,3.11,3.1775,3.235,3.465,3.705,3.93,4.17,4.505,4.915
"461",2011-03-02,0,3.11,3.18,3.245,3.475,3.71,3.935,4.16,4.495,4.885
"462",2011-03-03,0,3.11,3.18,3.25,3.47,3.715,3.93,4.17,4.505,4.86
"463",2011-03-04,0,3.1125,3.19,3.25,3.48,3.73,3.955,4.185,4.485,4.85
"464",2011-03-07,0,3.1125,3.1875,3.24,3.48,3.72,3.93,4.165,4.47,4.825
"465",2011-03-08,0,3.1125,3.1875,3.245,3.475,3.72,3.935,4.145,4.46,4.785
"466",2011-03-09,0,3.1125,3.195,3.24,3.47,3.68,3.9,4.12,4.4,4.75
"467",2011-03-10,0,3.11,3.17,3.205,3.41,3.6,3.79,4,4.285,4.625
"468",2011-03-11,0,3.1,3.2,3.285,3.485,3.67,3.83,4.035,4.305,4.645
"469",2011-03-14,0,3.105,3.205,3.25,3.47,3.62,3.79,3.96,4.235,4.555
"470",2011-03-15,0,3.105,3.195,3.24,3.4075,3.5625,3.7025,3.8675,4.12,4.43
"471",2011-03-16,0,3.105,3.195,3.25,3.455,3.63,3.77,3.935,4.205,4.535
"472",2011-03-17,0,3.105,3.195,3.23,3.44,3.585,3.73,3.89,4.145,4.47
"473",2011-03-18,0,3.105,3.195,3.235,3.42,3.59,3.745,3.92,4.165,4.505
"474",2011-03-21,0,3.105,3.195,3.25,3.48,3.655,3.85,4.02,4.295,4.635
"475",2011-03-22,0,3.105,3.195,3.27,3.495,3.69,3.875,4.06,4.355,4.675
"476",2011-03-23,0,3.145,3.24,3.325,3.56,3.72,3.895,4.06,4.35,4.66
"477",2011-03-24,0,3.135,3.24,3.325,3.56,3.75,3.9,4.05,4.315,4.61
"478",2011-03-25,0,3.145,3.3,3.36,3.61,3.775,3.9,4.07,4.335,4.63
"479",2011-03-28,0,3.155,3.275,3.355,3.585,3.755,3.925,4.09,4.345,4.67
"480",2011-03-29,0,3.155,3.28,3.365,3.595,3.775,3.92,4.09,4.335,4.655
"481",2011-03-30,0,3.155,3.27,3.385,3.61,3.78,3.945,4.11,4.39,4.695
"482",2011-03-31,0,3.155,3.27,3.38,3.585,3.755,3.92,4.085,4.355,4.665
"483",2011-04-01,0,3.155,3.28,3.385,3.61,3.79,3.95,4.115,4.385,4.685
"484",2011-04-04,0,3.155,3.28,3.385,3.595,3.76,3.925,4.09,4.37,4.66
"485",2011-04-05,0,3.175,3.315,3.395,3.6,3.75,3.905,4.07,4.345,4.625
"486",2011-04-06,0,3.185,3.315,3.41,3.62,3.77,3.925,4.085,4.34,4.61
"487",2011-04-07,0,3.185,3.315,3.415,3.615,3.77,3.92,4.09,4.34,4.615
"488",2011-04-08,0,3.235,3.33,3.415,3.62,3.79,3.96,4.11,4.36,4.645
"489",2011-04-11,0,3.24,3.34,3.415,3.61,3.785,3.96,4.125,4.385,4.655
"490",2011-04-12,0,3.225,3.325,3.41,3.595,3.76,3.93,4.1,4.37,4.655
"491",2011-04-13,0,3.225,3.325,3.395,3.585,3.765,3.93,4.1,4.365,4.655
"492",2011-04-14,0,3.23,3.325,3.41,3.58,3.77,3.92,4.085,4.34,4.63
"493",2011-04-15,0,3.23,3.325,3.4,3.575,3.755,3.905,4.06,4.27,4.585
"494",2011-04-18,0,3.23,3.325,3.38,3.555,3.725,3.875,4.025,4.265,4.545
"495",2011-04-19,0,3.23,3.325,3.39,3.56,3.72,3.875,4.03,4.245,4.55
"496",2011-04-20,0,3.23,3.335,3.39,3.58,3.75,3.9,4.055,4.28,4.58
"497",2011-04-21,0,3.23,3.335,3.4,3.6,3.765,3.92,4.085,4.315,4.625
"498",2011-04-22,0,3.23,3.335,3.4,3.59,3.765,3.92,4.085,4.315,4.625
"499",2011-04-25,0,3.23,3.335,3.4,3.59,3.765,3.92,4.075,4.305,4.615
"500",2011-04-26,0,3.23,3.335,3.395,3.58,3.75,3.895,4.055,4.28,4.59
"501",2011-04-27,0,3.225,3.33,3.395,3.57,3.74,3.885,4.045,4.285,4.575
"502",2011-04-28,0,3.17,3.32,3.395,3.57,3.71,3.85,4.015,4.225,4.53
"503",2011-04-29,0,3.225,3.32,3.38,3.56,3.705,3.83,3.975,4.21,4.455
"504",2011-05-02,0,3.225,3.32,3.38,3.56,3.705,3.83,3.975,4.21,4.455
"505",2011-05-03,0,3.225,3.315,3.38,3.57,3.71,3.825,3.975,4.205,4.45
"506",2011-05-04,0,3.245,3.315,3.42,3.61,3.745,3.86,3.995,4.22,4.45
"507",2011-05-05,0,3.35,3.41,3.515,3.655,3.76,3.865,3.99,4.215,4.425
"508",2011-05-06,0,3.36,3.41,3.515,3.66,3.785,3.9,4,4.21,4.425
"509",2011-05-09,0,3.36,3.41,3.515,3.635,3.77,3.88,4.005,4.205,4.425
"510",2011-05-10,0,3.36,3.41,3.505,3.63,3.765,3.88,4.01,4.215,4.425
"511",2011-05-11,0,3.345,3.44,3.505,3.64,3.77,3.895,4.02,4.225,4.43
"512",2011-05-12,0,3.345,3.44,3.495,3.6,3.71,3.82,3.93,4.125,4.335
"513",2011-05-13,0,3.345,3.44,3.49,3.595,3.72,3.83,3.955,4.155,4.38
"514",2011-05-16,0,3.345,3.44,3.48,3.58,3.695,3.805,3.92,4.115,4.335
"515",2011-05-17,0,3.345,3.44,3.48,3.58,3.695,3.805,3.92,4.115,4.335
"516",2011-05-18,0,3.345,3.44,3.495,3.6,3.72,3.845,3.96,4.155,4.375
"517",2011-05-19,0,3.345,3.44,3.49,3.615,3.745,3.865,3.995,4.185,4.405
"518",2011-05-20,0,3.35,3.44,3.4914,3.6167,3.7466,3.8663,3.9908,4.161,4.406
"519",2011-05-23,0,3.35,3.44,3.4862,3.5953,3.7204,3.8305,3.9507,4.1208,4.3504
"520",2011-05-24,0,3.35,3.44,3.4851,3.6,3.7303,3.8405,3.9555,4.1156,4.3553
"521",2011-05-25,0,3.355,3.44,3.4859,3.5909,3.7011,3.811,3.9412,4.1008,4.3259
"522",2011-05-26,0,3.355,3.44,3.492,3.5965,3.7113,3.821,3.9413,4.111,4.336
"523",2011-05-27,0,3.355,3.44,3.4866,3.586,3.6808,3.7957,3.9206,4.0758,4.3057
"524",2011-05-30,0,3.355,3.425,3.4808,3.5806,3.6757,3.7759,3.9006,4.0558,4.285
"525",2011-05-31,0,3.355,3.435,3.5008,3.6102,3.7154,3.8206,3.9556,4.1107,4.3354
"526",2011-06-01,0,3.355,3.435,3.4959,3.596,3.7112,3.8216,3.9312,4.0759,4.3206
"527",2011-06-02,0,3.355,3.43,3.4664,3.5662,3.6515,3.7515,3.8613,4.006,4.2156
"528",2011-06-03,0,3.355,3.43,3.4711,3.5609,3.6662,3.7611,3.8607,4.0108,4.2255
"529",2011-06-06,0,3.355,3.43,3.4659,3.5406,3.6353,3.7204,3.8356,3.9807,4.2005
"530",2011-06-07,0,3.355,3.43,3.4753,3.5601,3.6653,3.7755,3.8805,4.0406,4.2403
"531",2011-06-08,0,3.355,3.43,3.4656,3.5458,3.6561,3.7565,3.8612,4.0258,4.2356
"532",2011-06-09,0,3.365,3.44,3.4662,3.5612,3.6717,3.7816,3.8863,4.0561,4.2757
"533",2011-06-10,0,3.365,3.44,3.4857,3.5605,3.6804,3.7904,3.8954,4.0604,4.3004
"534",2011-06-13,0,3.365,3.44,3.48,3.57,3.68,3.795,3.905,4.075,4.305
"535",2011-06-14,0,3.365,3.44,3.485,3.58,3.705,3.81,3.93,4.105,4.325
"536",2011-06-15,0,3.365,3.44,3.505,3.595,3.715,3.835,3.96,4.14,4.365
"537",2011-06-16,0,3.365,3.44,3.495,3.575,3.69,3.795,3.905,4.085,4.305
"538",2011-06-17,0,3.425,3.465,3.5006,3.5754,3.6804,3.7854,3.8804,4.0454,4.2553
"539",2011-06-20,0,3.42,3.465,3.505,3.57,3.67,3.77,3.865,4,4.205
"540",2011-06-21,0,3.42,3.465,3.515,3.585,3.685,3.785,3.895,4.055,4.255
"541",2011-06-22,0,3.43,3.465,3.52,3.595,3.705,3.805,3.895,4.07,4.27
"542",2011-06-23,0,3.43,3.465,3.51,3.595,3.7,3.805,3.9,4.055,4.245
"543",2011-06-24,0,3.43,3.465,3.5257,3.6105,3.7154,3.8054,3.9104,4.0654,4.2453
"544",2011-06-27,0,3.415,3.455,3.515,3.585,3.685,3.76,3.88,4.03,4.21
"545",2011-06-28,0,3.415,3.455,3.515,3.59,3.7,3.805,3.905,4.055,4.235
"546",2011-06-29,0,3.415,3.455,3.515,3.615,3.73,3.835,3.95,4.105,4.28
"547",2011-06-30,0,3.415,3.455,3.515,3.615,3.73,3.845,3.965,4.135,4.32
"548",2011-07-01,0,3.415,3.46,3.5157,3.6255,3.7605,3.8705,3.9904,4.1754,4.3604
"549",2011-07-04,0,3.415,3.455,3.5,3.6,3.735,3.855,3.99,4.16,4.365
"550",2011-07-05,0,3.415,3.455,3.5,3.6,3.74,3.85,3.97,4.135,4.33
"551",2011-07-06,0,3.415,3.455,3.485,3.575,3.7,3.83,3.945,4.12,4.31
"552",2011-07-07,0,3.35,3.4,3.435,3.54,3.68,3.82,3.95,4.09,4.3
"553",2011-07-08,0,3.3675,3.405,3.4505,3.5604,3.7204,3.8604,3.9904,4.1754,4.3904
"554",2011-07-11,0,3.37,3.415,3.435,3.535,3.695,3.82,3.95,4.15,4.345
"555",2011-07-12,0,3.34,3.38,3.43,3.51,3.66,3.77,3.895,4.065,4.27
"556",2011-07-13,0,3.34,3.385,3.43,3.53,3.675,3.795,3.93,4.095,4.315
"557",2011-07-14,0,3.345,3.395,3.43,3.525,3.67,3.79,3.92,4.085,4.305
"558",2011-07-15,0,3.345,3.385,3.4354,3.5204,3.6654,3.7904,3.9204,4.0854,4.3154
"559",2011-07-18,0,3.345,3.385,3.435,3.52,3.665,3.79,3.905,4.095,4.285
"560",2011-07-19,0,3.345,3.385,3.445,3.535,3.675,3.81,3.94,4.13,4.32
"561",2011-07-20,0,3.37,3.41,3.46,3.56,3.695,3.83,3.96,4.14,4.34
"562",2011-07-21,0,3.37,3.415,3.465,3.56,3.7,3.835,3.96,4.145,4.345
"563",2011-07-22,0,3.375,3.42,3.4655,3.5754,3.7154,3.8554,3.9754,4.1754,4.3754
"564",2011-07-25,0,3.37,3.41,3.465,3.565,3.7,3.835,3.955,4.145,4.35
"565",2011-07-26,0,3.375,3.42,3.48,3.58,3.71,3.845,3.965,4.16,4.355
"566",2011-07-27,0,3.375,3.42,3.47,3.57,3.695,3.815,3.94,4.13,4.315
"567",2011-07-28,0,3.37,3.415,3.475,3.56,3.685,3.81,3.93,4.12,4.3
"568",2011-07-29,0,3.375,3.415,3.4748,3.5498,3.6748,3.7898,3.9098,4.0998,4.2799
"569",2011-08-01,0,3.38,3.425,3.46,3.545,3.655,3.765,3.875,4.065,4.23
"570",2011-08-02,0,3.36,3.405,3.455,3.515,3.62,3.715,3.835,4.01,4.165
"571",2011-08-03,0,3.36,3.4,3.43,3.49,3.59,3.725,3.775,3.94,4.085
"572",2011-08-04,0,3.365,3.39,3.435,3.485,3.59,3.68,3.77,3.935,4.075
"573",2011-08-05,0,3.325,3.36,3.3803,3.4252,3.5202,3.6003,3.6953,3.8453,3.9652
"574",2011-08-08,0,3.31,3.335,3.35,3.39,3.48,3.58,3.66,3.82,3.955
"575",2011-08-09,0,3.275,3.275,3.295,3.33,3.385,3.48,3.58,3.695,3.83
"576",2011-08-10,0,3.255,3.255,3.255,3.255,3.32,3.37,3.46,3.555,3.705
"577",2011-08-11,0,3.21,3.245,3.24,3.265,3.32,3.435,3.525,3.645,3.765
"578",2011-08-12,0,3.21,3.205,3.2299,3.2049,3.285,3.3751,3.4551,3.5752,3.6952
"579",2011-08-15,0,3.225,3.205,3.235,3.22,3.305,3.385,3.47,3.595,3.715
"580",2011-08-16,0,3.215,3.21,3.21,3.21,3.295,3.355,3.42,3.54,3.665
"581",2011-08-17,0,3.2,3.19,3.195,3.2,3.265,3.325,3.4,3.515,3.635
"582",2011-08-18,0,3.205,3.2,3.205,3.2,3.265,3.32,3.37,3.505,3.635
"583",2011-08-19,0,3.21,3.205,3.1948,3.1949,3.26,3.3201,3.4001,3.5201,3.6602
"584",2011-08-22,0,3.2,3.195,3.205,3.205,3.285,3.35,3.41,3.55,3.69
"585",2011-08-23,0,3.245,3.235,3.24,3.255,3.33,3.455,3.475,3.615,3.76
"586",2011-08-24,0,3.24,3.22,3.225,3.225,3.29,3.37,3.44,3.58,3.73
"587",2011-08-25,0,3.255,3.255,3.25,3.285,3.36,3.455,3.535,3.675,3.85
"588",2011-08-26,0,3.27,3.265,3.25,3.26,3.355,3.4251,3.4952,3.6402,3.8102
"589",2011-08-29,0,3.285,3.275,3.26,3.28,3.365,3.445,3.515,3.6549,3.8249
"590",2011-08-30,0,3.285,3.275,3.2601,3.28,3.365,3.4449,3.5149,3.6549,3.8248
"591",2011-08-31,0,3.285,3.275,3.2601,3.28,3.365,3.4449,3.5149,3.655,3.8249
"592",2011-09-01,0,3.295,3.285,3.26,3.285,3.375,3.455,3.535,3.675,3.845
"593",2011-09-02,0,3.245,3.24,3.2199,3.25,3.29,3.3651,3.4101,3.5551,3.6902
"594",2011-09-05,0,3.205,3.195,3.195,3.2,3.255,3.295,3.34,3.465,3.595
"595",2011-09-06,0,3.21,3.185,3.2,3.21,3.255,3.275,3.31,3.395,3.56
"596",2011-09-07,0,3.215,3.2,3.215,3.225,3.27,3.32,3.345,3.46,3.595
"597",2011-09-08,0,3.22,3.195,3.2,3.21,3.27,3.29,3.315,3.435,3.585
"598",2011-09-09,0,3.21,3.185,3.1798,3.1799,3.215,3.25,3.26,3.3851,3.5101
"599",2011-09-12,0,3.18,3.145,3.145,3.16,3.165,3.175,3.2,3.3,3.43
"600",2011-09-13,0,3.18,3.17,3.165,3.16,3.175,3.18,3.195,3.29,3.42
"601",2011-09-14,0,3.195,3.18,3.18,3.185,3.215,3.24,3.255,3.395,3.525
"602",2011-09-15,0,3.22,3.215,3.2148,3.245,3.3401,3.3501,3.4202,3.5952,3.7453
"603",2011-09-16,0,3.22,3.215,3.2199,3.26,3.3601,3.3801,3.4551,3.6352,3.7852
"604",2011-09-19,0,3.27,3.26,3.24,3.205,3.33,3.425,3.5,3.7,3.86
"605",2011-09-20,0,3.24,3.23,3.21,3.215,3.295,3.35,3.425,3.605,3.76
"606",2011-09-21,0,3.22,3.22,3.225,3.235,3.32,3.38,3.445,3.625,3.805
"607",2011-09-22,0,3.2,3.18,3.185,3.195,3.28,3.35,3.42,3.61,3.775
"608",2011-09-23,0,3.195,3.185,3.1698,3.1749,3.26,3.3301,3.4051,3.5952,3.7552
"609",2011-09-26,0,3.2,3.19,3.155,3.18,3.265,3.35,3.43,3.63,3.81
"610",2011-09-27,0,3.195,3.185,3.16,3.185,3.275,3.365,3.46,3.645,3.84
"611",2011-09-28,0,3.185,3.165,3.17,3.18,3.26,3.37,3.47,3.665,3.84
"612",2011-09-29,0,3.22,3.195,3.15,3.16,3.245,3.345,3.425,3.61,3.785
"613",2011-09-30,0,3.22,3.175,3.1648,3.1799,3.28,3.3801,3.4902,3.6752,3.8552
"614",2011-10-03,0,3.155,3.155,3.11,3.125,3.235,3.355,3.475,3.675,3.865
"615",2011-10-04,0,3.15,3.115,3.07,3.07,3.16,3.29,3.4,3.595,3.775
"616",2011-10-05,0,3.14,3.085,3.045,3.045,3.14,3.25,3.375,3.555,3.745
"617",2011-10-06,0,3.12,3.08,3.05,3.05,3.135,3.24,3.37,3.54,3.725
"618",2011-10-07,0,3.14,3.12,3.0946,3.0848,3.1699,3.275,3.3901,3.5702,3.7402
"619",2011-10-10,0,3.2,3.16,3.125,3.13,3.23,3.33,3.45,3.62,3.79
"620",2011-10-11,0,3.195,3.165,3.125,3.12,3.2,3.31,3.44,3.625,3.77
"621",2011-10-12,0,3.195,3.165,3.14,3.14,3.225,3.35,3.48,3.66,3.83
"622",2011-10-13,0,3.175,3.15,3.12,3.115,3.2,3.31,3.43,3.61,3.77
"623",2011-10-14,0,3.215,3.185,3.1196,3.1148,3.215,3.3251,3.4401,3.6152,3.7852
"624",2011-10-17,0,3.255,3.255,3.175,3.175,3.285,3.4,3.515,3.705,3.89
"625",2011-10-18,0,3.23,3.23,3.165,3.165,3.26,3.365,3.49,3.685,3.875
"626",2011-10-19,0,3.2,3.19,3.16,3.16,3.26,3.37,3.505,3.725,3.91
"627",2011-10-20,0,3.17,3.16,3.155,3.16,3.26,3.355,3.465,3.685,3.88
"628",2011-10-21,0,3.21,3.225,3.1547,3.1348,3.23,3.3351,3.4551,3.6702,3.8552
"629",2011-10-24,0,3.155,3.14,3.16,3.155,3.255,3.35,3.47,3.675,3.875
"630",2011-10-25,0,3.2,3.185,3.1599,3.16,3.25,3.3551,3.4651,3.6551,3.8501
"631",2011-10-26,0,3.2,3.185,3.16,3.16,3.25,3.355,3.465,3.655,3.85
"632",2011-10-27,0,3.225,3.21,3.165,3.17,3.26,3.36,3.47,3.685,3.875
"633",2011-10-28,0,3.24,3.22,3.2049,3.21,3.2951,3.3951,3.525,3.7252,3.9252
"634",2011-10-31,0,3.22,3.205,3.185,3.195,3.285,3.38,3.48,3.68,3.87
"635",2011-11-01,0,3.235,3.19,3.165,3.175,3.27,3.36,3.45,3.66,3.855
"636",2011-11-02,0,3.22,3.18,3.155,3.16,3.26,3.35,3.445,3.645,3.855
"637",2011-11-03,0,3.205,3.16,3.125,3.12,3.22,3.315,3.425,3.63,3.825
"638",2011-11-04,0,3.165,3.135,3.1095,3.1047,3.195,3.3101,3.4252,3.6353,3.8403
"639",2011-11-07,0,3.165,3.135,3.11,3.105,3.195,3.31,3.425,3.635,3.84
"640",2011-11-08,0,3.17,3.135,3.085,3.08,3.185,3.305,3.43,3.645,3.86
"641",2011-11-09,0,3.14,3.11,3.065,3.065,3.165,3.28,3.39,3.61,3.82
"642",2011-11-10,0,3.115,3.095,3.04,3.035,3.125,3.235,3.35,3.555,3.765
"643",2011-11-11,0,3.1325,3.1,3.0495,3.0498,3.1499,3.255,3.3701,3.5852,3.8152
"644",2011-11-14,0,3.175,3.135,3.08,3.075,3.185,3.285,3.39,3.615,3.83
"645",2011-11-15,0,3.16,3.115,3.06,3.05,3.155,3.255,3.36,3.58,3.8
"646",2011-11-16,0,3.12,3.075,3.015,3.01,3.115,3.215,3.32,3.53,3.755
"647",2011-11-17,0,3.11,3.07,3.01,2.995,3.105,3.205,3.3,3.515,3.735
"648",2011-11-18,0,3.085,3.05,3.0044,2.9897,3.0899,3.175,3.265,3.4651,3.6852
"649",2011-11-21,0,3.125,3.06,3.015,3.005,3.09,3.175,3.26,3.47,3.69
"650",2011-11-22,0,3.12,3.065,3.04,3.03,3.125,3.215,3.3,3.505,3.725
"651",2011-11-23,0,3.07,3.015,3.035,3.02,3.11,3.205,3.29,3.515,3.735
"652",2011-11-24,0,3.1,3.06,3.03,3.02,3.11,3.21,3.3,3.525,3.735
"653",2011-11-25,0,3.125,3.08,3.0392,3.0196,3.1199,3.225,3.3151,3.5652,3.7653
"654",2011-11-28,0,3.12,3.075,3.035,3.03,3.125,3.225,3.325,3.575,3.775
"655",2011-11-29,0,3.12,3.075,3.03,3.02,3.12,3.225,3.33,3.575,3.775
"656",2011-11-30,0,3.12,3.075,3.04,3.03,3.145,3.245,3.34,3.595,3.795
"657",2011-12-01,0,3.145,3.075,3.055,3.04,3.15,3.245,3.35,3.605,3.83
"658",2011-12-02,0,3.165,3.085,3.0646,3.0498,3.17,3.2751,3.3801,3.6352,3.8652
"659",2011-12-05,0,3.155,3.09,3.065,3.045,3.155,3.265,3.37,3.625,3.87
"660",2011-12-06,0,3.14,3.08,3.06,3.04,3.145,3.25,3.355,3.615,3.845
"661",2011-12-07,0,3.165,3.095,3.06,3.045,3.15,3.25,3.365,3.625,3.855
"662",2011-12-08,0,3.175,3.11,3.06,3.05,3.15,3.25,3.355,3.615,3.835
"663",2011-12-09,0,3.17,3.095,3.0545,3.0348,3.1349,3.24,3.3451,3.5952,3.8152
"664",2011-12-12,0,3.155,3.09,3.055,3.035,3.125,3.235,3.345,3.585,3.815
"665",2011-12-13,0,3.155,3.08,3.055,3.03,3.125,3.23,3.345,3.585,3.815
"666",2011-12-14,0,3.15,3.08,3.055,3.025,3.12,3.23,3.34,3.59,3.81
"667",2011-12-15,0,3.125,3.055,3.005,2.96,3.04,3.155,3.265,3.52,3.75
"668",2011-12-16,0,3.14,3.08,3.0194,2.9897,3.0749,3.19,3.3001,3.5502,3.7652
"669",2011-12-19,0,3.145,3.085,3.015,2.98,3.075,3.185,3.29,3.545,3.77
"670",2011-12-20,0,3.15,3.085,3.02,3,3.095,3.195,3.305,3.555,3.775
"671",2011-12-21,0,3.155,3.1,3.035,3.025,3.115,3.22,3.345,3.595,3.825
"672",2011-12-22,0,3.145,3.09,3.025,3.025,3.125,3.22,3.345,3.595,3.815
"673",2011-12-23,0,3.16,3.105,3.0443,3.0246,3.1249,3.22,3.3501,3.5953,3.8253
"674",2011-12-26,0,3.16,3.105,3.045,3.025,3.125,3.22,3.35,3.595,3.825
"675",2011-12-27,0,3.16,3.105,3.045,3.025,3.125,3.22,3.345,3.595,3.825
"676",2011-12-28,0,3.16,3.105,3.035,3.015,3.105,3.215,3.325,3.575,3.795
"677",2011-12-29,0,3.15,3.08,3.025,3.01,3.095,3.21,3.325,3.575,3.795
"678",2011-12-30,0,3.155,3.085,3.0253,3.0152,3.0851,3.2,3.31,3.5649,3.7849
"679",2012-01-02,0,3.155,3.085,3.025,3.015,3.085,3.2,3.31,3.565,3.785
"680",2012-01-03,0,3.16,3.095,3.04,3.015,3.115,3.225,3.34,3.585,3.825
"681",2012-01-04,0,3.15,3.085,3.035,3.03,3.12,3.23,3.355,3.585,3.81
"682",2012-01-05,0,3.125,3.065,3.04,3.035,3.115,3.22,3.33,3.545,3.755
"683",2012-01-06,0,3.145,3.085,3.0445,3.0398,3.1149,3.22,3.3301,3.5502,3.7302
"684",2012-01-09,0,3.15,3.09,3.055,3.03,3.115,3.215,3.325,3.55,3.72
"685",2012-01-10,0,3.155,3.095,3.06,3.045,3.115,3.21,3.325,3.55,3.725
"686",2012-01-11,0,3.145,3.085,3.06,3.05,3.11,3.205,3.31,3.515,3.695
"687",2012-01-12,0,3.175,3.12,3.06,3.05,3.115,3.195,3.29,3.49,3.655
"688",2012-01-13,0,3.18,3.145,3.1147,3.0999,3.15,3.22,3.3351,3.5352,3.7152
"689",2012-01-16,0,3.18,3.145,3.11,3.105,3.17,3.235,3.33,3.52,3.71
"690",2012-01-17,0,3.175,3.155,3.125,3.13,3.19,3.255,3.35,3.55,3.74
"691",2012-01-18,0,3.165,3.145,3.115,3.1,3.165,3.25,3.35,3.555,3.74
"692",2012-01-19,0,3.165,3.14,3.115,3.095,3.155,3.235,3.33,3.53,3.71
"693",2012-01-20,0,3.15,3.125,3.1144,3.1147,3.1699,3.2451,3.3452,3.5453,3.7304
"694",2012-01-23,0,3.15,3.125,3.1149,3.115,3.17,3.245,3.3451,3.5451,3.7301
"695",2012-01-24,0,3.175,3.135,3.115,3.115,3.17,3.245,3.345,3.545,3.73
"696",2012-01-25,0,3.1875,3.165,3.115,3.13,3.185,3.265,3.375,3.575,3.745
"697",2012-01-26,0,3.18,3.16,3.13,3.12,3.175,3.255,3.365,3.575,3.78
"698",2012-01-27,0,3.175,3.155,3.1248,3.1149,3.175,3.2551,3.3551,3.5602,3.7652
"699",2012-01-30,0,3.16,3.095,3.07,3.07,3.135,3.22,3.33,3.53,3.715
"700",2012-01-31,0,3.175,3.145,3.0848,3.0749,3.135,3.22,3.3351,3.5351,3.7351
"701",2012-02-01,0,3.175,3.145,3.085,3.075,3.135,3.22,3.335,3.535,3.735
"702",2012-02-02,0,3.17,3.14,3.105,3.09,3.15,3.23,3.33,3.535,3.73
"703",2012-02-03,0,3.145,3.115,3.0843,3.0596,3.1048,3.185,3.2801,3.4752,3.6553
"704",2012-02-06,0,3.145,3.115,3.0848,3.0599,3.105,3.185,3.28,3.4751,3.6551
"705",2012-02-07,0,3.145,3.115,3.085,3.06,3.105,3.185,3.28,3.475,3.655
"706",2012-02-08,0,3.185,3.16,3.135,3.115,3.165,3.235,3.34,3.54,3.725
"707",2012-02-09,0,3.17,3.155,3.13,3.13,3.19,3.255,3.36,3.545,3.72
"708",2012-02-10,0,3.165,3.145,3.1248,3.1099,3.17,3.235,3.3351,3.5152,3.6802
"709",2012-02-13,0,3.17,3.15,3.115,3.1,3.165,3.24,3.35,3.53,3.705
"710",2012-02-14,0,3.15,3.13,3.115,3.1,3.165,3.235,3.345,3.51,3.675
"711",2012-02-15,0,3.16,3.14,3.12,3.105,3.16,3.235,3.34,3.515,3.675
"712",2012-02-16,0,3.16,3.13,3.1,3.09,3.145,3.215,3.32,3.495,3.65
"713",2012-02-17,0,3.17,3.14,3.1123,3.1024,3.16,3.2475,3.3551,3.545,3.7102
"714",2012-02-20,0,3.185,3.15,3.125,3.11,3.185,3.27,3.39,3.58,3.755
"715",2012-02-21,0,3.15,3.14,3.115,3.125,3.21,3.31,3.42,3.61,3.79
"716",2012-02-22,0,3.17,3.165,3.16,3.165,3.255,3.355,3.46,3.65,3.83
"717",2012-02-23,0,3.17,3.17,3.16,3.195,3.275,3.38,3.49,3.685,3.865
"718",2012-02-24,0,3.16,3.16,3.165,3.2,3.2851,3.3752,3.4852,3.6702,3.8602
"719",2012-02-27,0,3.16,3.16,3.155,3.185,3.27,3.37,3.47,3.66,3.85
"720",2012-02-28,0,3.15,3.15,3.15,3.17,3.25,3.34,3.44,3.63,3.805
"721",2012-02-29,0,3.16,3.16,3.165,3.19,3.265,3.355,3.455,3.645,3.82
"722",2012-03-01,0,3.175,3.175,3.17,3.2,3.285,3.385,3.49,3.67,3.865
"723",2012-03-02,0,3.18,3.18,3.165,3.2,3.2951,3.3952,3.5102,3.6802,3.8853
"724",2012-03-05,0,3.18,3.18,3.16,3.185,3.28,3.385,3.485,3.67,3.865
"725",2012-03-06,0,3.18,3.175,3.165,3.17,3.265,3.36,3.465,3.645,3.835
"726",2012-03-07,0,3.155,3.15,3.155,3.165,3.27,3.37,3.47,3.655,3.83
"727",2012-03-08,0,3.16,3.16,3.175,3.19,3.285,3.38,3.485,3.67,3.83
"728",2012-03-09,0,3.17,3.17,3.17,3.19,3.2801,3.3752,3.4852,3.6652,3.8452
"729",2012-03-12,0,3.175,3.175,3.175,3.2,3.285,3.375,3.5,3.685,3.865
"730",2012-03-13,0,3.185,3.185,3.195,3.235,3.335,3.445,3.56,3.76,3.955
"731",2012-03-14,0,3.2,3.205,3.23,3.3,3.41,3.535,3.66,3.87,4.065
"732",2012-03-15,0,3.2,3.205,3.225,3.32,3.41,3.525,3.665,3.86,4.015
"733",2012-03-16,0,3.2,3.205,3.215,3.3102,3.4,3.5353,3.6603,3.8653,4.04
"734",2012-03-19,0,3.2,3.2,3.215,3.285,3.395,3.515,3.63,3.835,4
"735",2012-03-20,0,3.2,3.2,3.205,3.285,3.395,3.535,3.65,3.845,4.035
"736",2012-03-21,0,3.2,3.2,3.215,3.295,3.405,3.53,3.67,3.855,4.045
"737",2012-03-22,0,3.2,3.2,3.21,3.26,3.355,3.49,3.59,3.79,3.97
"738",2012-03-23,0,3.2,3.2,3.2001,3.2501,3.3552,3.4852,3.6053,3.8053,3.9803
"739",2012-03-26,0,3.2,3.2,3.215,3.265,3.365,3.5,3.625,3.82,3.995
"740",2012-03-27,0,3.2,3.2,3.215,3.265,3.375,3.51,3.62,3.805,3.985
"741",2012-03-28,0,3.2,3.2,3.215,3.27,3.38,3.515,3.625,3.81,3.995
"742",2012-03-29,0,3.2,3.2,3.215,3.27,3.385,3.53,3.65,3.845,4.035
"743",2012-03-30,0,3.2,3.2,3.215,3.26,3.3849,3.5199,3.6399,3.8399,4.0399
"744",2012-04-02,0,3.215,3.215,3.225,3.265,3.4,3.54,3.665,3.865,4.06
"745",2012-04-03,0,3.21,3.21,3.225,3.275,3.39,3.53,3.665,3.865,4.06
"746",2012-04-04,0,3.21,3.21,3.23,3.29,3.4,3.545,3.7,3.9,4.095
"747",2012-04-05,0,3.205,3.205,3.215,3.27,3.375,3.525,3.66,3.855,4.05
"748",2012-04-06,0,3.205,3.205,3.2151,3.2651,3.3752,3.5153,3.6503,3.8503,4.0303
"749",2012-04-09,0,3.195,3.195,3.21,3.24,3.35,3.48,3.595,3.775,3.965
"750",2012-04-10,0,3.185,3.185,3.195,3.225,3.33,3.455,3.57,3.75,3.94
"751",2012-04-11,0,3.175,3.17,3.19,3.22,3.32,3.43,3.555,3.74,3.925
"752",2012-04-12,0,3.18,3.175,3.195,3.22,3.325,3.45,3.565,3.755,3.925
"753",2012-04-13,0,3.18,3.175,3.195,3.2251,3.3302,3.4402,3.5402,3.7303,3.9003
"754",2012-04-16,0,3.175,3.175,3.195,3.205,3.305,3.415,3.515,3.705,3.875
"755",2012-04-17,0,3.17,3.17,3.18,3.195,3.3,3.415,3.52,3.69,3.87
"756",2012-04-18,0,3.165,3.17,3.18,3.215,3.31,3.425,3.53,3.72,3.89
"757",2012-04-19,0,3.165,3.17,3.185,3.205,3.305,3.415,3.53,3.705,3.875
"758",2012-04-20,0,3.165,3.17,3.18,3.2,3.2901,3.4052,3.5102,3.6902,3.8552
"759",2012-04-23,0,3.165,3.165,3.17,3.185,3.28,3.39,3.49,3.67,3.83
"760",2012-04-24,0,3.165,3.165,3.165,3.185,3.275,3.39,3.495,3.67,3.84
"761",2012-04-25,0,3.175,3.17,3.18,3.2,3.295,3.405,3.515,3.695,3.86
"762",2012-04-26,0,3.175,3.175,3.19,3.21,3.31,3.42,3.53,3.71,3.88
"763",2012-04-27,0,3.175,3.175,3.185,3.2,3.2951,3.4052,3.5052,3.6802,3.8402
"764",2012-04-30,0,3.175,3.175,3.185,3.2,3.2951,3.4051,3.5101,3.6851,3.8551
"765",2012-05-01,0,3.175,3.175,3.185,3.2,3.295,3.405,3.51,3.685,3.855
"766",2012-05-02,0,3.175,3.175,3.185,3.2,3.29,3.4,3.5,3.685,3.84
"767",2012-05-03,0,3.185,3.18,3.18,3.19,3.275,3.38,3.48,3.655,3.82
"768",2012-05-04,0,3.185,3.18,3.18,3.19,3.2851,3.3802,3.4802,3.6552,3.8102
"769",2012-05-07,0,3.165,3.15,3.15,3.15,3.22,3.315,3.42,3.555,3.72
"770",2012-05-08,0,3.17,3.15,3.15,3.15,3.21,3.31,3.41,3.585,3.735
"771",2012-05-09,0,3.165,3.155,3.15,3.145,3.21,3.295,3.395,3.56,3.72
"772",2012-05-10,0,3.165,3.16,3.16,3.16,3.22,3.32,3.42,3.6,3.755
"773",2012-05-11,0,3.16,3.16,3.1499,3.15,3.21,3.3101,3.4001,3.5802,3.7352
"774",2012-05-14,0,3.15,3.14,3.135,3.135,3.175,3.255,3.335,3.49,3.65
"775",2012-05-15,0,3.165,3.14,3.115,3.115,3.16,3.245,3.32,3.47,3.63
"776",2012-05-16,0,3.145,3.115,3.09,3.08,3.125,3.195,3.255,3.4,3.535
"777",2012-05-17,0,3.145,3.115,3.095,3.075,3.125,3.185,3.255,3.4,3.54
"778",2012-05-18,0,3.125,3.09,3.0446,3.0198,3.0599,3.1,3.175,3.3151,3.4351
"779",2012-05-21,0,3.125,3.09,3.065,3.04,3.075,3.12,3.19,3.32,3.455
"780",2012-05-22,0,3.16,3.12,3.095,3.075,3.12,3.185,3.25,3.41,3.56
"781",2012-05-23,0,3.16,3.12,3.075,3.055,3.095,3.15,3.205,3.355,3.51
"782",2012-05-24,0,3.15,3.11,3.085,3.055,3.1,3.175,3.24,3.385,3.535
"783",2012-05-25,0,3.155,3.12,3.0897,3.0648,3.125,3.195,3.2701,3.4301,3.5902
"784",2012-05-28,0,3.155,3.12,3.095,3.075,3.14,3.215,3.295,3.455,3.615
"785",2012-05-29,0,3.155,3.12,3.1,3.075,3.145,3.225,3.29,3.45,3.605
"786",2012-05-30,0,3.15,3.11,3.08,3.05,3.115,3.18,3.25,3.41,3.57
"787",2012-05-31,0,3.15,3.095,3.055,3.015,3.06,3.14,3.22,3.37,3.52
"788",2012-06-01,0,3.12,3.07,3.0095,2.9597,2.9998,3.0649,3.11,3.2501,3.3751
"789",2012-06-04,0,3.125,3.065,3.01,2.97,3,3.035,3.08,3.2,3.33
"790",2012-06-05,0,3.135,3.085,3.03,2.995,3.035,3.075,3.12,3.25,3.38
"791",2012-06-06,0,3.145,3.09,3.055,3.025,3.075,3.14,3.205,3.35,3.5
"792",2012-06-07,0,3.15,3.095,3.06,3.035,3.1,3.17,3.245,3.39,3.545
"793",2012-06-08,0,3.14,3.075,3.0145,2.9847,3.0449,3.115,3.17,3.3101,3.4501
"794",2012-06-11,0,3.15,3.105,3.04,3.035,3.1,3.19,3.255,3.4,3.55
"795",2012-06-12,0,3.135,3.075,3.03,3.015,3.08,3.16,3.22,3.365,3.51
"796",2012-06-13,0,3.15,3.11,3.08,3.06,3.135,3.2,3.28,3.43,3.57
"797",2012-06-14,0,3.14,3.105,3.07,3.05,3.12,3.19,3.26,3.42,3.57
"798",2012-06-15,0,3.14,3.1,3.0747,3.0598,3.13,3.2,3.2701,3.4201,3.5651
"799",2012-06-18,0,3.14,3.11,3.075,3.065,3.12,3.185,3.265,3.405,3.55
"800",2012-06-19,0,3.15,3.13,3.1,3.08,3.145,3.215,3.28,3.43,3.57
"801",2012-06-20,0,3.15,3.13,3.105,3.095,3.165,3.235,3.305,3.45,3.595
"802",2012-06-21,0,3.155,3.14,3.11,3.1,3.16,3.22,3.295,3.44,3.585
"803",2012-06-22,0,3.145,3.13,3.0948,3.0799,3.125,3.185,3.2501,3.3851,3.5251
"804",2012-06-25,0,3.145,3.13,3.11,3.085,3.13,3.19,3.25,3.395,3.535
"805",2012-06-26,0,3.145,3.13,3.095,3.07,3.12,3.18,3.24,3.38,3.515
"806",2012-06-27,0,3.15,3.135,3.09,3.07,3.12,3.18,3.24,3.38,3.52
"807",2012-06-28,0,3.13,3.115,3.07,3.045,3.085,3.135,3.19,3.32,3.46
"808",2012-06-29,0,3.135,3.12,3.0852,3.0601,3.1051,3.165,3.225,3.36,3.5
"809",2012-07-02,0,3.145,3.135,3.1,3.09,3.14,3.205,3.275,3.42,3.56
"810",2012-07-03,0,3.145,3.125,3.09,3.08,3.13,3.195,3.265,3.405,3.545
"811",2012-07-04,0,3.16,3.14,3.105,3.09,3.13,3.205,3.265,3.41,3.55
"812",2012-07-05,0,3.15,3.13,3.11,3.085,3.125,3.18,3.25,3.39,3.535
"813",2012-07-06,0,3.155,3.12,3.0948,3.0699,3.0999,3.155,3.22,3.3601,3.4951
"814",2012-07-09,0,3.135,3.12,3.075,3.035,3.075,3.125,3.175,3.315,3.45
"815",2012-07-10,0,3.15,3.125,3.075,3.05,3.08,3.14,3.195,3.325,3.475
"816",2012-07-11,0,3.14,3.115,3.08,3.04,3.07,3.12,3.18,3.315,3.455
"817",2012-07-12,0,3.1,3.05,3,2.965,3.01,3.05,3.11,3.255,3.375
"818",2012-07-13,0,3.12,3.055,2.9794,2.9297,2.9548,3.0049,3.07,3.19,3.3301
"819",2012-07-16,0,3.095,3.035,2.95,2.9,2.93,2.985,3.045,3.18,3.31
"820",2012-07-17,0,3.095,3.035,2.97,2.925,2.945,3.01,3.07,3.195,3.33
"821",2012-07-18,0,3.125,3.05,2.965,2.92,2.95,3,3.06,3.205,3.345
"822",2012-07-19,0,3.115,3.055,2.975,2.935,2.97,3.03,3.085,3.23,3.355
"823",2012-07-20,0,3.1,3.05,2.9794,2.9246,2.9448,3.0049,3.0599,3.2,3.3301
"824",2012-07-23,0,3.125,3.035,2.93,2.845,2.87,2.92,2.945,3.075,3.2
"825",2012-07-24,0,3.125,3.025,2.93,2.86,2.88,2.915,2.98,3.1,3.24
"826",2012-07-25,0,3.14,3.025,2.94,2.875,2.89,2.93,2.995,3.12,3.24
"827",2012-07-26,0,3.135,3.025,2.935,2.865,2.89,2.93,2.98,3.1,3.23
"828",2012-07-27,0,3.145,3.04,2.9794,2.9196,2.9298,2.9899,3.0499,3.175,3.3051
"829",2012-07-30,0,3.145,3.075,2.995,2.945,2.97,3.025,3.09,3.22,3.355
"830",2012-07-31,0,3.145,3.065,3,2.9475,2.98,3.03,3.08,3.22,3.36
"831",2012-08-01,0,3.145,3.06,2.995,2.945,2.97,3.025,3.08,3.23,3.365
"832",2012-08-02,0,3.155,3.065,2.995,2.95,2.975,3.025,3.095,3.24,3.375
"833",2012-08-03,0,3.155,3.04,2.9744,2.9372,2.9448,3.0049,3.0549,3.195,3.3251
"834",2012-08-06,0,3.16,3.055,3,2.95,2.975,3.03,3.095,3.24,3.375
"835",2012-08-07,0,3.155,3.075,3.025,2.9575,2.99,3.045,3.115,3.255,3.395
"836",2012-08-08,0,3.15,3.075,3.025,2.9625,2.995,3.05,3.12,3.255,3.4
"837",2012-08-09,0,3.155,3.08,3.035,2.9675,3.01,3.065,3.125,3.26,3.405
"838",2012-08-10,0,3.145,3.075,3.0245,2.9572,2.9848,3.0299,3.09,3.22,3.3651
"839",2012-08-13,0,3.145,3.075,3.025,2.9575,2.99,3.035,3.1,3.235,3.375
"840",2012-08-14,0,3.155,3.09,3.045,3,3.035,3.075,3.14,3.285,3.425
"841",2012-08-15,0,3.16,3.115,3.08,3.05,3.085,3.155,3.225,3.375,3.525
"842",2012-08-16,0,3.155,3.115,3.1,3.06,3.095,3.175,3.24,3.37,3.53
"843",2012-08-17,0,3.155,3.125,3.0944,3.06,3.0948,3.16,3.2301,3.3802,3.5302
"844",2012-08-20,0,3.155,3.125,3.0949,3.06,3.095,3.16,3.23,3.3801,3.5301
"845",2012-08-21,0,3.155,3.125,3.095,3.06,3.095,3.16,3.23,3.38,3.53
"846",2012-08-22,0,3.155,3.125,3.1,3.065,3.115,3.18,3.235,3.38,3.54
"847",2012-08-23,0,3.155,3.125,3.09,3.05,3.095,3.155,3.2,3.34,3.505
"848",2012-08-24,0,3.155,3.125,3.0847,3.045,3.0849,3.15,3.195,3.3451,3.4951
"849",2012-08-27,0,3.155,3.125,3.09,3.055,3.09,3.145,3.205,3.355,3.505
"850",2012-08-28,0,3.15,3.115,3.08,3.04,3.08,3.13,3.18,3.33,3.475
"851",2012-08-29,0,3.15,3.115,3.095,3.06,3.1,3.15,3.205,3.35,3.5
"852",2012-08-30,0,3.15,3.13,3.0952,3.06,3.1001,3.155,3.215,3.36,3.515
"853",2012-08-31,0,3.15,3.13,3.0947,3.06,3.0999,3.155,3.215,3.3601,3.5151
"854",2012-09-03,0,3.15,3.13,3.095,3.045,3.075,3.135,3.19,3.33,3.49
"855",2012-09-04,0,3.145,3.125,3.095,3.06,3.095,3.145,3.195,3.355,3.51
"856",2012-09-05,0,3.155,3.135,3.09,3.04,3.085,3.135,3.19,3.34,3.49
"857",2012-09-06,0,3.155,3.135,3.105,3.065,3.105,3.16,3.225,3.38,3.53
"858",2012-09-07,0,3.17,3.155,3.1348,3.11,3.15,3.215,3.2901,3.4401,3.6002
"859",2012-09-10,0,3.17,3.155,3.13,3.1,3.14,3.21,3.275,3.43,3.59
"860",2012-09-11,0,3.18,3.165,3.14,3.115,3.15,3.215,3.285,3.43,3.595
"861",2012-09-12,0,3.19,3.175,3.15,3.14,3.19,3.26,3.34,3.495,3.655
"862",2012-09-13,0,3.19,3.175,3.145,3.135,3.175,3.24,3.31,3.46,3.625
"863",2012-09-14,0,3.19,3.175,3.1649,3.175,3.2351,3.3051,3.4102,3.5703,3.7303
"864",2012-09-17,0,3.19,3.175,3.165,3.175,3.235,3.305,3.415,3.57,3.73
"865",2012-09-18,0,3.19,3.175,3.15,3.145,3.19,3.27,3.35,3.505,3.67
"866",2012-09-19,0,3.19,3.175,3.155,3.14,3.2,3.27,3.37,3.525,3.69
"867",2012-09-20,0,3.17,3.16,3.15,3.14,3.19,3.26,3.34,3.485,3.645
"868",2012-09-21,0,3.17,3.165,3.165,3.15,3.205,3.275,3.37,3.535,3.7
"869",2012-09-24,0,3.18,3.18,3.16,3.125,3.175,3.235,3.31,3.485,3.645
"870",2012-09-25,0,3.185,3.175,3.155,3.13,3.17,3.24,3.315,3.485,3.645
"871",2012-09-26,0,3.185,3.17,3.155,3.13,3.165,3.235,3.3,3.455,3.62
"872",2012-09-27,0,3.185,3.17,3.16,3.135,3.185,3.25,3.325,3.475,3.65
"873",2012-09-28,0,3.19,3.18,3.16,3.135,3.175,3.255,3.33,3.485,3.655
"874",2012-10-01,0,3.2,3.2,3.18,3.155,3.195,3.265,3.34,3.505,3.665
"875",2012-10-02,0,3.205,3.2,3.175,3.15,3.185,3.26,3.33,3.495,3.665
"876",2012-10-03,0,3.18,3.18,3.16,3.13,3.17,3.23,3.295,3.445,3.615
"877",2012-10-04,0,3.18,3.18,3.16,3.12,3.155,3.22,3.285,3.435,3.595
"878",2012-10-05,0,3.185,3.18,3.17,3.13,3.165,3.23,3.3,3.455,3.605
"879",2012-10-08,0,3.18,3.18,3.17,3.14,3.175,3.245,3.31,3.475,3.625
"880",2012-10-09,0,3.18,3.18,3.155,3.125,3.155,3.225,3.29,3.455,3.605
"881",2012-10-10,0,3.18,3.165,3.155,3.115,3.145,3.2,3.26,3.42,3.565
"882",2012-10-11,0,3.17,3.165,3.145,3.1,3.115,3.17,3.235,3.385,3.53
"883",2012-10-12,0,3.17,3.165,3.145,3.115,3.145,3.2,3.265,3.42,3.56
"884",2012-10-15,0,3.175,3.155,3.145,3.1,3.135,3.185,3.24,3.41,3.53
"885",2012-10-16,0,3.175,3.155,3.145,3.11,3.14,3.19,3.26,3.425,3.56
"886",2012-10-17,0,3.175,3.155,3.135,3.09,3.13,3.195,3.26,3.42,3.57
"887",2012-10-18,0,3.175,3.155,3.14,3.11,3.145,3.215,3.285,3.44,3.6
"888",2012-10-19,0,3.15,3.13,3.115,3.09,3.13,3.2,3.275,3.43,3.585
"889",2012-10-22,0,3.15,3.13,3.12,3.09,3.125,3.205,3.27,3.425,3.575
"890",2012-10-23,0,3.175,3.14,3.12,3.09,3.13,3.21,3.28,3.445,3.6
"891",2012-10-24,0,3.175,3.14,3.12,3.09,3.13,3.2,3.285,3.445,3.6
"892",2012-10-25,0,3.185,3.155,3.135,3.11,3.16,3.23,3.31,3.475,3.625
"893",2012-10-26,0,3.185,3.155,3.135,3.11,3.16,3.23,3.31,3.475,3.625
"894",2012-10-29,0,3.185,3.155,3.13,3.09,3.14,3.2,3.28,3.44,3.595
"895",2012-10-30,0,3.185,3.155,3.13,3.085,3.13,3.205,3.28,3.44,3.59
"896",2012-10-31,0,3.18,3.155,3.13,3.09,3.13,3.205,3.275,3.44,3.595
"897",2012-11-01,0,3.145,3.095,3.085,3.035,3.08,3.16,3.23,3.395,3.55
"898",2012-11-02,0,3.16,3.12,3.09,3.04,3.0775,3.1575,3.23,3.395,3.545
"899",2012-11-05,0,3.16,3.11,3.08,3.035,3.0775,3.1575,3.22,3.395,3.555
"900",2012-11-06,0,3.14,3.09,3.085,3.045,3.07,3.145,3.215,3.385,3.555
"901",2012-11-07,0,3.14,3.09,3.08,3.035,3.07,3.14,3.21,3.365,3.52
"902",2012-11-08,0,3.14,3.1,3.1,3.045,3.08,3.145,3.215,3.375,3.53
"903",2012-11-09,0,3.175,3.15,3.125,3.1,3.14,3.195,3.255,3.41,3.565
"904",2012-11-12,0,3.175,3.15,3.125,3.1,3.135,3.195,3.26,3.41,3.565
"905",2012-11-13,0,3.175,3.15,3.125,3.1,3.135,3.195,3.26,3.41,3.565
"906",2012-11-14,0,3.19,3.16,3.14,3.11,3.145,3.2025,3.2775,3.435,3.61
"907",2012-11-15,0,3.19,3.16,3.14,3.11,3.145,3.2025,3.2775,3.435,3.61
"908",2012-11-16,0,3.19,3.16,3.145,3.11,3.1425,3.21,3.285,3.44,3.6
"909",2012-11-19,0,3.19,3.17,3.17,3.14,3.175,3.245,3.315,3.48,3.645
"910",2012-11-20,0,3.2,3.19,3.175,3.16,3.195,3.265,3.33,3.5,3.66
"911",2012-11-21,0,3.2,3.19,3.1725,3.16,3.2,3.27,3.345,3.505,3.67
"912",2012-11-22,0,3.2,3.19,3.17,3.165,3.21,3.29,3.3525,3.525,3.695
"913",2012-11-23,0,3.2,3.19,3.165,3.1625,3.2,3.275,3.355,3.525,3.685
"914",2012-11-26,0,3.2,3.19,3.16,3.1525,3.185,3.255,3.3375,3.5,3.665
"915",2012-11-27,0,3.2,3.19,3.1725,3.165,3.2125,3.285,3.35,3.51,3.6875
"916",2012-11-28,0,3.2,3.19,3.165,3.16,3.21,3.27,3.34,3.505,3.675
"917",2012-11-29,0,3.2,3.19,3.1675,3.165,3.21,3.28,3.36,3.525,3.705
"918",2012-11-30,0,3.2,3.19,3.1675,3.165,3.21,3.28,3.36,3.525,3.705
"919",2012-12-03,0,3.19,3.18,3.165,3.165,3.21,3.28,3.365,3.545,3.715
"920",2012-12-04,0,3.19,3.18,3.165,3.17,3.23,3.295,3.39,3.57,3.76
"921",2012-12-05,0,3.19,3.18,3.16,3.16,3.22,3.29,3.375,3.56,3.745
"922",2012-12-06,0,3.185,3.1725,3.16,3.1575,3.21,3.29,3.365,3.55,3.725
"923",2012-12-07,0,3.185,3.1725,3.16,3.1575,3.21,3.29,3.365,3.55,3.725
"924",2012-12-10,0,3.205,3.1725,3.16,3.1575,3.21,3.29,3.37,3.55,3.7275
"925",2012-12-11,0,3.205,3.1725,3.16,3.1575,3.21,3.29,3.3725,3.55,3.7275
"926",2012-12-12,0,3.205,3.185,3.165,3.165,3.2175,3.295,3.385,3.565,3.745
"927",2012-12-13,0,3.205,3.185,3.185,3.175,3.23,3.315,3.41,3.6,3.79
"928",2012-12-14,0,3.205,3.185,3.185,3.175,3.23,3.315,3.42,3.615,3.805
"929",2012-12-17,0,3.205,3.185,3.185,3.175,3.23,3.315,3.42,3.615,3.805
"930",2012-12-18,0,3.205,3.185,3.195,3.2,3.27,3.36,3.4525,3.6475,3.845
"931",2012-12-19,0,3.205,3.185,3.19,3.205,3.275,3.365,3.46,3.665,3.87
"932",2012-12-20,0,3.205,3.185,3.19,3.205,3.27,3.355,3.445,3.65,3.86
"933",2012-12-21,0,3.205,3.185,3.18,3.195,3.255,3.345,3.45,3.645,3.855
"934",2012-12-24,0,3.205,3.185,3.18,3.195,3.255,3.345,3.45,3.645,3.855
"935",2012-12-25,0,3.205,3.185,3.18,3.195,3.255,3.345,3.45,3.645,3.855
"936",2012-12-26,0,3.205,3.185,3.18,3.195,3.255,3.345,3.45,3.645,3.855
"937",2012-12-27,0,3.205,3.185,3.18,3.205,3.265,3.35,3.4525,3.65,3.8575
"938",2012-12-28,0,3.205,3.2,3.19,3.205,3.265,3.35,3.445,3.65,3.8575
"939",2012-12-31,0,3.205,3.2,3.19,3.205,3.265,3.35,3.445,3.65,3.8575
"940",2013-01-01,0,3.205,3.2,3.19,3.205,3.265,3.35,3.445,3.65,3.8575
"941",2013-01-02,0,3.205,3.2,3.2,3.2275,3.295,3.39,3.495,3.695,3.915
"942",2013-01-03,0,3.205,3.2,3.19,3.21,3.2775,3.375,3.48,3.685,3.89
"943",2013-01-04,0,3.205,3.2,3.205,3.25,3.335,3.44,3.565,3.79,4.005
"944",2013-01-07,0,3.205,3.2,3.2,3.23,3.315,3.415,3.53,3.755,3.955
"945",2013-01-08,0,3.205,3.2,3.195,3.2225,3.295,3.4,3.5225,3.75,3.965
"946",2013-01-09,0,3.205,3.2,3.1925,3.2275,3.31,3.41,3.5275,3.755,3.965
"947",2013-01-10,0,3.205,3.2,3.21,3.25,3.33,3.43,3.5475,3.775,3.995
"948",2013-01-11,0,3.205,3.2125,3.2225,3.2725,3.365,3.465,3.58,3.815,4.035
"949",2013-01-14,0,3.205,3.2125,3.205,3.245,3.315,3.4275,3.53,3.76,3.965
"950",2013-01-15,0,3.205,3.2125,3.2,3.225,3.3,3.39,3.495,3.71,3.925
"951",2013-01-16,0,3.205,3.2125,3.2,3.23,3.3,3.4,3.49,3.7,3.91
"952",2013-01-17,0,3.2025,3.21,3.2,3.2325,3.305,3.405,3.515,3.715,3.93
"953",2013-01-18,0,3.2075,3.21,3.205,3.245,3.32,3.4225,3.5275,3.74,3.94
"954",2013-01-21,0,3.2075,3.21,3.205,3.24,3.32,3.42,3.52,3.74,3.94
"955",2013-01-22,0,3.2075,3.21,3.1975,3.24,3.3125,3.41,3.51,3.715,3.925
"956",2013-01-23,0,3.2075,3.21,3.2,3.2225,3.295,3.385,3.48,3.675,3.865
"957",2013-01-24,0,3.2075,3.21,3.2,3.2225,3.295,3.385,3.48,3.675,3.865
"958",2013-01-25,0,3.2075,3.21,3.21,3.245,3.32,3.42,3.51,3.715,3.915
"959",2013-01-28,0,3.2075,3.21,3.21,3.245,3.32,3.42,3.51,3.715,3.915
"960",2013-01-29,0,3.2075,3.21,3.21,3.2575,3.335,3.435,3.545,3.745,3.965
"961",2013-01-30,0,3.2075,3.21,3.22,3.27,3.36,3.465,3.58,3.785,3.995
"962",2013-01-31,0,3.2075,3.21,3.215,3.265,3.35,3.45,3.565,3.765,3.96
"963",2013-02-01,0,3.2075,3.21,3.215,3.265,3.35,3.45,3.565,3.765,3.96
"964",2013-02-04,0,3.2075,3.22,3.23,3.285,3.3775,3.475,3.595,3.795,3.995
"965",2013-02-05,0,3.2075,3.22,3.22,3.27,3.36,3.45,3.555,3.76,3.965
"966",2013-02-06,0,3.2075,3.22,3.225,3.265,3.355,3.45,3.555,3.76,3.96
"967",2013-02-07,0,3.2075,3.22,3.2225,3.265,3.35,3.445,3.5525,3.76,3.96
"968",2013-02-08,0,3.2075,3.22,3.2125,3.2425,3.325,3.425,3.5225,3.725,3.925
"969",2013-02-11,0,3.2075,3.22,3.2125,3.2425,3.325,3.425,3.5225,3.725,3.925
"970",2013-02-12,0,3.2075,3.22,3.2125,3.2425,3.325,3.425,3.5225,3.725,3.925
"971",2013-02-13,0,3.2075,3.22,3.2125,3.26,3.34,3.435,3.54,3.745,3.945
"972",2013-02-14,0,3.2075,3.22,3.215,3.26,3.35,3.45,3.5625,3.755,3.965
"973",2013-02-15,0,3.2075,3.22,3.2175,3.2575,3.335,3.43,3.52,3.735,3.925
"974",2013-02-18,0,3.2075,3.22,3.22,3.25,3.325,3.43,3.53,3.73,3.93
"975",2013-02-19,0,3.2075,3.21,3.215,3.2525,3.325,3.43,3.53,3.73,3.93
"976",2013-02-20,0,3.2075,3.215,3.22,3.2525,3.32,3.4275,3.53,3.73,3.93
"977",2013-02-21,0,3.2075,3.215,3.2175,3.24,3.31,3.405,3.505,3.705,3.905
"978",2013-02-22,0,3.2075,3.215,3.2175,3.26,3.32,3.415,3.51,3.7,3.89
"979",2013-02-25,0,3.2075,3.215,3.2175,3.25,3.315,3.41,3.5,3.69,3.88
"980",2013-02-26,0,3.2075,3.21,3.21,3.22,3.265,3.335,3.4225,3.59,3.76
"981",2013-02-27,0,3.2125,3.21,3.21,3.22,3.27,3.33,3.415,3.58,3.75
"982",2013-02-28,0,3.2125,3.21,3.21,3.2275,3.27,3.35,3.4325,3.6,3.77
"983",2013-03-01,0,3.2125,3.21,3.2075,3.22,3.26,3.325,3.4025,3.5675,3.7375
"984",2013-03-04,0,3.2125,3.21,3.2075,3.215,3.26,3.315,3.38,3.54,3.7
"985",2013-03-05,0,3.2125,3.21,3.21,3.23,3.275,3.345,3.42,3.585,3.755
"986",2013-03-06,0,3.2125,3.21,3.22,3.2375,3.29,3.365,3.4525,3.63,3.8125
"987",2013-03-07,0,3.2125,3.21,3.2225,3.24,3.31,3.38,3.46,3.64,3.825
"988",2013-03-08,0,3.2125,3.21,3.22,3.25,3.315,3.39,3.47,3.65,3.845
"989",2013-03-11,0,3.2125,3.21,3.22,3.26,3.33,3.42,3.5,3.675,3.875
"990",2013-03-12,0,3.2125,3.21,3.2225,3.25,3.32,3.4,3.49,3.67,3.86
"991",2013-03-13,0,3.2125,3.21,3.22,3.245,3.305,3.38,3.4675,3.655,3.845
"992",2013-03-14,0,3.2125,3.21,3.2175,3.25,3.3125,3.3925,3.485,3.655,3.845
"993",2013-03-15,0,3.2125,3.21,3.22,3.245,3.31,3.3925,3.475,3.655,3.845
"994",2013-03-18,0,3.2125,3.21,3.215,3.24,3.285,3.355,3.435,3.605,3.775
"995",2013-03-19,0,3.2125,3.21,3.21,3.23,3.275,3.345,3.43,3.6,3.78
"996",2013-03-20,0,3.2125,3.21,3.215,3.235,3.285,3.36,3.44,3.61,3.78
"997",2013-03-21,0,3.2125,3.21,3.215,3.2475,3.295,3.37,3.45,3.63,3.81
"998",2013-03-22,0,3.2125,3.21,3.215,3.2425,3.295,3.355,3.435,3.61,3.7775
"999",2013-03-25,0,3.2125,3.21,3.225,3.255,3.3075,3.38,3.455,3.635,3.81
"1000",2013-03-26,0,3.2125,3.21,3.225,3.2475,3.3,3.37,3.455,3.64,3.8075
"1001",2013-03-27,0,3.2125,3.22,3.225,3.2475,3.29,3.36,3.4425,3.625,3.795
"1002",2013-03-28,0,3.21,3.21,3.21,3.2325,3.275,3.335,3.42,3.595,3.77
"1003",2013-03-29,0,3.21,3.21,3.21,3.2325,3.275,3.335,3.4175,3.595,3.77
"1004",2013-04-01,0,3.21,3.21,3.21,3.24,3.28,3.3525,3.4375,3.62,3.795
"1005",2013-04-02,0,3.21,3.21,3.21,3.235,3.28,3.36,3.44,3.6275,3.805
"1006",2013-04-03,0,3.21,3.21,3.21,3.24,3.29,3.365,3.45,3.625,3.81
"1007",2013-04-04,0,3.205,3.205,3.21,3.2325,3.28,3.35,3.43,3.615,3.795
"1008",2013-04-05,0,3.205,3.205,3.21,3.225,3.27,3.33,3.4075,3.59,3.77
"1009",2013-04-08,0,3.205,3.205,3.205,3.22,3.26,3.315,3.39,3.56,3.73
"1010",2013-04-09,0,3.2,3.2,3.205,3.215,3.25,3.32,3.39,3.56,3.725
"1011",2013-04-10,0,3.2,3.2,3.205,3.22,3.255,3.325,3.395,3.565,3.735
"1012",2013-04-11,0,3.21,3.21,3.215,3.23,3.27,3.345,3.41,3.5825,3.755
"1013",2013-04-12,0,3.21,3.21,3.205,3.215,3.26,3.3275,3.385,3.555,3.72
"1014",2013-04-15,0,3.21,3.21,3.21,3.22,3.2625,3.3275,3.4025,3.575,3.745
"1015",2013-04-16,0,3.2,3.2,3.195,3.205,3.24,3.31,3.375,3.545,3.715
"1016",2013-04-17,0,3.2,3.2,3.195,3.2025,3.235,3.285,3.345,3.505,3.675
"1017",2013-04-18,0,3.195,3.195,3.19,3.195,3.21,3.25,3.325,3.475,3.635
"1018",2013-04-19,0,3.195,3.195,3.19,3.195,3.225,3.275,3.34,3.495,3.6575
"1019",2013-04-22,0,3.195,3.195,3.19,3.21,3.24,3.29,3.36,3.515,3.69
"1020",2013-04-23,0,3.195,3.195,3.19,3.19,3.215,3.255,3.3125,3.46,3.63
"1021",2013-04-24,0,3.195,3.195,3.195,3.195,3.215,3.255,3.3225,3.48,3.64
"1022",2013-04-25,0,3.205,3.205,3.21,3.2,3.22,3.27,3.335,3.49,3.65
"1023",2013-04-26,0,3.205,3.205,3.195,3.19,3.21,3.25,3.305,3.475,3.615
"1024",2013-04-29,0,3.205,3.205,3.185,3.1725,3.1875,3.23,3.275,3.41,3.55
"1025",2013-04-30,0,3.205,3.2,3.175,3.165,3.175,3.21,3.25,3.38,3.52
"1026",2013-05-01,0,3.205,3.2,3.175,3.165,3.175,3.21,3.25,3.38,3.52
"1027",2013-05-02,0,3.205,3.2,3.17,3.1575,3.17,3.2,3.24,3.365,3.495
"1028",2013-05-03,0,3.205,3.2,3.17,3.155,3.17,3.2,3.24,3.365,3.505
"1029",2013-05-06,0,3.205,3.2,3.19,3.185,3.205,3.255,3.305,3.445,3.6
"1030",2013-05-07,0,3.205,3.1975,3.185,3.185,3.205,3.255,3.305,3.465,3.605
"1031",2013-05-08,0,3.205,3.1975,3.1875,3.1875,3.2,3.245,3.3075,3.455,3.59
"1032",2013-05-09,0,3.205,3.1975,3.1675,3.1575,3.17,3.21,3.265,3.405,3.555
"1033",2013-05-10,0,3.195,3.1975,3.18,3.17,3.18,3.225,3.29,3.445,3.575
"1034",2013-05-13,0,3.1925,3.195,3.185,3.18,3.2075,3.255,3.315,3.465,3.605
"1035",2013-05-14,0,3.1925,3.195,3.185,3.17,3.1975,3.235,3.2975,3.46,3.6
"1036",2013-05-15,0,3.1925,3.18,3.175,3.1675,3.175,3.225,3.275,3.425,3.575
"1037",2013-05-16,0,3.17,3.165,3.1475,3.1275,3.135,3.1825,3.2325,3.375,3.52
"1038",2013-05-17,0,3.17,3.165,3.125,3.11,3.1225,3.155,3.2025,3.325,3.4575
"1039",2013-05-20,0,3.18,3.165,3.135,3.125,3.15,3.18,3.2275,3.37,3.515
"1040",2013-05-21,0,3.18,3.165,3.145,3.13,3.1475,3.1825,3.23,3.37,3.515
"1041",2013-05-22,0,3.18,3.165,3.18,3.1775,3.19,3.23,3.29,3.445,3.595
"1042",2013-05-23,0,3.195,3.1925,3.19,3.1825,3.21,3.27,3.335,3.485,3.65
"1043",2013-05-24,0,3.195,3.1925,3.19,3.1825,3.21,3.27,3.335,3.485,3.65
"1044",2013-05-27,0,3.195,3.1925,3.18,3.19,3.225,3.285,3.355,3.52,3.68
"1045",2013-05-28,0,3.195,3.1925,3.19,3.2,3.2575,3.33,3.415,3.59,3.765
"1046",2013-05-29,0,3.1975,3.205,3.215,3.24,3.2975,3.38,3.485,3.675,3.865
"1047",2013-05-30,0,3.1975,3.2,3.21,3.23,3.285,3.365,3.4775,3.665,3.855
"1048",2013-05-31,0,3.1975,3.2,3.21,3.23,3.29,3.37,3.465,3.665,3.865
"1049",2013-06-03,0,3.2,3.205,3.21,3.235,3.285,3.385,3.48,3.69,3.89
"1050",2013-06-04,0,3.2,3.205,3.215,3.24,3.29,3.385,3.48,3.69,3.895
"1051",2013-06-05,0,3.205,3.21,3.205,3.2225,3.275,3.37,3.445,3.645,3.84
"1052",2013-06-06,0,3.205,3.21,3.2125,3.22,3.275,3.345,3.42,3.605,3.785
"1053",2013-06-07,0,3.205,3.21,3.205,3.215,3.275,3.355,3.435,3.615,3.805
"1054",2013-06-10,0,3.2075,3.21,3.21,3.25,3.32,3.41,3.505,3.705,3.915
"1055",2013-06-11,0,3.2125,3.2175,3.2425,3.29,3.375,3.4775,3.59,3.805,4.01
"1056",2013-06-12,0,3.2125,3.2175,3.235,3.28,3.355,3.46,3.555,3.755,3.965
"1057",2013-06-13,0,3.2125,3.2425,3.22,3.26,3.33,3.41,3.505,3.735,3.91
"1058",2013-06-14,0,3.2125,3.2425,3.225,3.25,3.325,3.405,3.48,3.7,3.905
"1059",2013-06-17,0,3.2,3.215,3.225,3.265,3.335,3.44,3.535,3.745,3.945
"1060",2013-06-18,0,3.215,3.22,3.235,3.28,3.365,3.465,3.575,3.79,3.99
"1061",2013-06-19,0,3.22,3.225,3.2375,3.2825,3.37,3.47,3.585,3.8,4.01
"1062",2013-06-20,0,3.22,3.225,3.245,3.315,3.445,3.585,3.72,3.97,4.22
"1063",2013-06-21,0,3.22,3.225,3.28,3.345,3.4625,3.6275,3.7775,4.03,4.3
"1064",2013-06-24,0,3.22,3.23,3.325,3.41,3.555,3.74,3.91,4.175,4.45
"1065",2013-06-25,0,3.22,3.23,3.27,3.335,3.455,3.595,3.76,4.01,4.265
"1066",2013-06-26,0,3.23,3.245,3.255,3.31,3.43,3.56,3.695,3.94,4.185
"1067",2013-06-27,0,3.23,3.24,3.25,3.315,3.425,3.565,3.705,3.93,4.155
"1068",2013-06-28,0,3.22,3.235,3.25,3.325,3.44,3.565,3.72,3.945,4.225
"1069",2013-07-01,0,3.22,3.235,3.26,3.355,3.485,3.625,3.7775,4.035,4.295
"1070",2013-07-02,0,3.215,3.235,3.26,3.34,3.46,3.615,3.76,4.015,4.275
"1071",2013-07-03,0,3.215,3.235,3.265,3.375,3.48,3.65,3.795,4.045,4.305
"1072",2013-07-04,0,3.215,3.235,3.285,3.39,3.515,3.68,3.83,4.1,4.37
"1073",2013-07-05,0,3.235,3.255,3.305,3.425,3.535,3.705,3.865,4.135,4.4
"1074",2013-07-08,0,3.235,3.255,3.315,3.44,3.565,3.735,3.92,4.2,4.47
"1075",2013-07-09,0,3.235,3.255,3.3,3.41,3.535,3.685,3.855,4.115,4.38
"1076",2013-07-10,0,3.235,3.255,3.265,3.37,3.485,3.62,3.785,4.04,4.3
"1077",2013-07-11,0,3.235,3.255,3.26,3.355,3.47,3.635,3.755,4.005,4.25
"1078",2013-07-12,0,3.23,3.23,3.23,3.315,3.425,3.57,3.72,3.96,4.2
"1079",2013-07-15,0,3.23,3.24,3.245,3.35,3.47,3.62,3.785,4.025,4.265
"1080",2013-07-16,0,3.23,3.24,3.25,3.36,3.495,3.66,3.815,4.06,4.295
"1081",2013-07-17,0,3.23,3.24,3.275,3.4,3.53,3.69,3.865,4.125,4.395
"1082",2013-07-18,0,3.23,3.24,3.275,3.38,3.53,3.69,3.845,4.125,4.385
"1083",2013-07-19,0,3.23,3.24,3.265,3.39,3.535,3.695,3.86,4.13,4.405
"1084",2013-07-22,0,3.23,3.24,3.26,3.355,3.49,3.635,3.795,4.055,4.325
"1085",2013-07-23,0,3.23,3.24,3.26,3.355,3.485,3.635,3.79,4.03,4.27
"1086",2013-07-24,0,3.23,3.24,3.265,3.385,3.525,3.685,3.855,4.115,4.38
"1087",2013-07-25,0,3.235,3.26,3.3,3.415,3.565,3.715,3.9,4.18,4.45
"1088",2013-07-26,0,3.235,3.27,3.295,3.42,3.575,3.735,3.9225,4.205,4.49
"1089",2013-07-29,0,3.235,3.27,3.3075,3.46,3.5975,3.785,3.995,4.2875,4.565
"1090",2013-07-30,0,3.235,3.265,3.29,3.445,3.605,3.785,4,4.28,4.57
"1091",2013-07-31,0,3.235,3.265,3.3075,3.45,3.625,3.815,4.03,4.325,4.62
"1092",2013-08-01,0,3.235,3.265,3.2975,3.4125,3.575,3.775,3.97,4.2525,4.535
"1093",2013-08-02,0,3.245,3.27,3.3,3.4375,3.595,3.7875,4,4.27,4.56
"1094",2013-08-05,0,3.245,3.265,3.265,3.375,3.535,3.685,3.89,4.155,4.425
"1095",2013-08-06,0,3.22,3.245,3.275,3.39,3.545,3.685,3.905,4.165,4.43
"1096",2013-08-07,0,3.22,3.245,3.27,3.365,3.515,3.645,3.845,4.1,4.355
"1097",2013-08-08,0,3.22,3.245,3.27,3.365,3.515,3.645,3.845,4.1,4.355
"1098",2013-08-09,0,3.22,3.245,3.27,3.365,3.515,3.645,3.845,4.1,4.355
"1099",2013-08-12,0,3.22,3.24,3.255,3.365,3.51,3.63,3.81,4.045,4.28
"1100",2013-08-13,0,3.22,3.24,3.275,3.395,3.525,3.69,3.87,4.145,4.42
"1101",2013-08-14,0,3.22,3.24,3.275,3.415,3.565,3.74,3.93,4.21,4.495
"1102",2013-08-15,0,3.22,3.24,3.27,3.425,3.585,3.775,3.975,4.265,4.55
"1103",2013-08-16,0,3.22,3.24,3.28,3.425,3.59,3.79,3.9975,4.3,4.6
"1104",2013-08-19,0,3.225,3.245,3.28,3.455,3.645,3.845,4.075,4.38,4.68
"1105",2013-08-20,0,3.22,3.24,3.29,3.435,3.625,3.815,4.025,4.315,4.605
"1106",2013-08-21,0,3.22,3.24,3.285,3.425,3.615,3.815,4.03,4.32,4.61
"1107",2013-08-22,0,3.235,3.255,3.3,3.46,3.655,3.865,4.08,4.38,4.68
"1108",2013-08-23,0,3.23,3.255,3.29,3.43,3.62,3.8175,4.02,4.31,4.6
"1109",2013-08-26,0,3.23,3.255,3.285,3.405,3.59,3.79,3.975,4.265,4.555
"1110",2013-08-27,0,3.23,3.255,3.305,3.455,3.635,3.82,4.015,4.325,4.625
"1111",2013-08-28,0,3.23,3.255,3.315,3.485,3.685,3.885,4.08,4.39,4.695
"1112",2013-08-29,0,3.225,3.255,3.305,3.495,3.7,3.89,4.095,4.395,4.695
"1113",2013-08-30,0,3.225,3.255,3.3,3.475,3.665,3.845,4.07,4.36,4.66
"1114",2013-09-02,0,3.225,3.255,3.3,3.475,3.68,3.87,4.065,4.345,4.645
"1115",2013-09-03,0,3.23,3.255,3.295,3.47,3.66,3.825,4.015,4.305,4.595
"1116",2013-09-04,0,3.23,3.245,3.28,3.475,3.665,3.835,4.0175,4.3,4.585
"1117",2013-09-05,0,3.24,3.255,3.295,3.495,3.69,3.87,4.065,4.345,4.63
"1118",2013-09-06,0,3.255,3.275,3.31,3.48,3.675,3.86,4.05,4.325,4.605
"1119",2013-09-09,0,3.255,3.275,3.3025,3.465,3.665,3.835,4.015,4.295,4.565
"1120",2013-09-10,0,3.25,3.27,3.295,3.435,3.615,3.785,3.97,4.245,4.515
"1121",2013-09-11,0,3.245,3.265,3.29,3.415,3.575,3.735,3.91,4.17,4.43
"1122",2013-09-12,0,3.245,3.265,3.26,3.41,3.535,3.705,3.895,4.16,4.42
"1123",2013-09-13,0,3.245,3.265,3.285,3.4,3.55,3.73,3.91,4.17,4.43
"1124",2013-09-16,0,3.245,3.265,3.285,3.4,3.55,3.73,3.91,4.17,4.375
"1125",2013-09-17,0,3.24,3.26,3.27,3.375,3.505,3.655,3.82,4.085,4.345
"1126",2013-09-18,0,3.23,3.25,3.28,3.38,3.52,3.67,3.835,4.095,4.355
"1127",2013-09-19,0,3.215,3.225,3.245,3.325,3.425,3.535,3.685,3.92,4.15
"1128",2013-09-20,0,3.215,3.225,3.245,3.33,3.425,3.555,3.725,3.975,4.225
"1129",2013-09-23,0,3.215,3.225,3.26,3.36,3.465,3.625,3.79,4.045,4.3
"1130",2013-09-24,0,3.215,3.225,3.26,3.36,3.465,3.615,3.77,4.04,4.3
"1131",2013-09-25,0,3.215,3.235,3.275,3.375,3.475,3.635,3.785,4.045,4.305
"1132",2013-09-26,0,3.215,3.235,3.275,3.37,3.48,3.64,3.805,4.065,4.325
"1133",2013-09-27,0,3.225,3.245,3.27,3.375,3.495,3.645,3.79,4.055,4.32
"1134",2013-09-30,0,3.225,3.245,3.27,3.37,3.48,3.625,3.7975,4.065,4.315
"1135",2013-10-01,0,3.225,3.245,3.275,3.37,3.495,3.655,3.81,4.075,4.335
"1136",2013-10-02,0,3.225,3.245,3.27,3.355,3.475,3.615,3.77,4.03,4.29
"1137",2013-10-03,0,3.215,3.24,3.265,3.365,3.485,3.63,3.785,4.05,4.31
"1138",2013-10-04,0,3.21,3.23,3.255,3.35,3.46,3.605,3.76,4.025,4.27
"1139",2013-10-07,0,3.215,3.24,3.265,3.345,3.46,3.61,3.765,4.035,4.285
"1140",2013-10-08,0,3.215,3.235,3.26,3.35,3.47,3.62,3.78,4.05,4.305
"1141",2013-10-09,0,3.21,3.225,3.25,3.335,3.45,3.6,3.76,4.025,4.28
"1142",2013-10-10,0,3.22,3.245,3.27,3.36,3.485,3.645,3.81,4.08,4.335
"1143",2013-10-11,0,3.215,3.235,3.26,3.34,3.46,3.615,3.78,4.05,4.3
"1144",2013-10-14,0,3.21,3.23,3.255,3.33,3.445,3.6,3.76,4.025,4.275
"1145",2013-10-15,0,3.21,3.23,3.255,3.33,3.445,3.6,3.76,4.025,4.275
"1146",2013-10-16,0,3.21,3.225,3.25,3.32,3.445,3.6,3.76,4.03,4.285
"1147",2013-10-17,0,3.2,3.21,3.235,3.29,3.4,3.535,3.68,3.94,4.17
"1148",2013-10-18,0,3.2,3.21,3.235,3.29,3.4,3.525,3.665,3.92,4.155
"1149",2013-10-21,0,3.2,3.21,3.235,3.295,3.4,3.53,3.67,3.92,4.15
"1150",2013-10-22,0,3.21,3.225,3.25,3.315,3.425,3.555,3.7,3.95,4.195
"1151",2013-10-23,0,3.205,3.215,3.235,3.29,3.39,3.51,3.645,3.88,4.11
"1152",2013-10-24,0,3.195,3.205,3.225,3.285,3.385,3.5,3.63,3.865,4.095
"1153",2013-10-25,0,3.215,3.2225,3.2425,3.295,3.39,3.5,3.6325,3.865,4.095
"1154",2013-10-28,0,3.21,3.225,3.255,3.325,3.425,3.535,3.665,3.905,4.13
"1155",2013-10-29,0,3.21,3.225,3.255,3.32,3.42,3.535,3.665,3.905,4.145
"1156",2013-10-30,0,3.215,3.23,3.255,3.315,3.41,3.525,3.655,3.895,4.13
"1157",2013-10-31,0,3.215,3.235,3.26,3.33,3.425,3.55,3.685,3.925,4.165
"1158",2013-11-01,0,3.225,3.245,3.275,3.35,3.45,3.59,3.735,3.985,4.23
"1159",2013-11-04,0,3.215,3.235,3.265,3.355,3.47,3.615,3.77,4.02,4.265
"1160",2013-11-05,0,3.215,3.235,3.265,3.355,3.47,3.615,3.77,4.02,4.265
"1161",2013-11-06,0,3.22,3.24,3.27,3.37,3.49,3.635,3.8,4.06,4.305
"1162",2013-11-07,0,3.22,3.24,3.27,3.37,3.49,3.64,3.8,4.06,4.3
"1163",2013-11-08,0,3.205,3.225,3.255,3.35,3.47,3.63,3.785,4.04,4.3
"1164",2013-11-11,0,3.215,3.24,3.27,3.385,3.52,3.69,3.865,4.13,4.395
"1165",2013-11-12,0,3.21,3.23,3.26,3.385,3.53,3.705,3.89,4.16,4.44
"1166",2013-11-13,0,3.21,3.23,3.26,3.37,3.51,3.675,3.85,4.12,4.385
"1167",2013-11-14,0,3.21,3.23,3.26,3.38,3.53,3.7,3.88,4.15,4.415
"1168",2013-11-15,0,3.215,3.235,3.265,3.395,3.56,3.725,3.91,4.195,4.445
"1169",2013-11-18,0,3.215,3.23,3.265,3.395,3.56,3.74,3.925,4.205,4.47
"1170",2013-11-19,0,3.215,3.23,3.265,3.395,3.555,3.735,3.92,4.19,4.465
"1171",2013-11-20,0,3.22,3.235,3.27,3.395,3.555,3.735,3.92,4.19,4.455
"1172",2013-11-21,0,3.22,3.24,3.275,3.41,3.58,3.765,3.96,4.245,4.52
"1173",2013-11-22,0,3.235,3.255,3.29,3.425,3.59,3.77,3.965,4.245,4.51
"1174",2013-11-25,0,3.215,3.235,3.275,3.42,3.58,3.76,3.95,4.23,4.495
"1175",2013-11-26,0,3.225,3.245,3.285,3.43,3.585,3.76,3.945,4.225,4.495
"1176",2013-11-27,0,3.215,3.24,3.28,3.425,3.58,3.75,3.935,4.22,4.495
"1177",2013-11-28,0,3.22,3.245,3.285,3.43,3.585,3.755,3.94,4.225,4.5
"1178",2013-11-29,0,3.245,3.27,3.3,3.435,3.59,3.755,3.935,4.22,4.495
"1179",2013-12-02,0,3.245,3.27,3.3,3.44,3.595,3.765,3.945,4.23,4.5
"1180",2013-12-03,0,3.245,3.275,3.305,3.45,3.605,3.77,3.95,4.235,4.5
"1181",2013-12-04,0,3.245,3.275,3.305,3.455,3.615,3.79,3.97,4.25,4.535
"1182",2013-12-05,0,3.245,3.275,3.305,3.465,3.63,3.805,3.99,4.28,4.555
"1183",2013-12-06,0,3.255,3.295,3.32,3.49,3.66,3.84,4.03,4.325,4.61
"1184",2013-12-09,0,3.255,3.295,3.32,3.49,3.645,3.815,4,4.285,4.56
"1185",2013-12-10,0,3.245,3.28,3.305,3.465,3.61,3.77,3.945,4.23,4.5
"1186",2013-12-11,0,3.25,3.285,3.31,3.47,3.62,3.785,3.96,4.24,4.52
"1187",2013-12-12,0,3.255,3.285,3.31,3.48,3.635,3.805,3.99,4.27,4.56
"1188",2013-12-13,0,3.26,3.305,3.335,3.52,3.69,3.88,4.065,4.355,4.64
"1189",2013-12-16,0,3.275,3.315,3.345,3.515,3.685,3.86,4.045,4.33,4.605
"1190",2013-12-17,0,3.29,3.32,3.35,3.52,3.69,3.875,4.065,4.35,4.635
"1191",2013-12-18,0,3.28,3.31,3.34,3.51,3.68,3.855,4.045,4.33,4.605
"1192",2013-12-19,0,3.29,3.32,3.35,3.525,3.695,3.875,4.06,4.345,4.62
"1193",2013-12-20,0,3.28,3.32,3.35,3.525,3.695,3.87,4.06,4.35,4.62
"1194",2013-12-23,0,3.28,3.32,3.35,3.525,3.695,3.87,4.06,4.35,4.62
"1195",2013-12-24,0,3.28,3.32,3.35,3.525,3.695,3.87,4.06,4.35,4.62
"1196",2013-12-25,0,3.28,3.32,3.35,3.525,3.695,3.87,4.06,4.35,4.62
"1197",2013-12-26,0,3.33,3.37,3.4,3.575,3.745,3.92,4.11,4.4,4.67
"1198",2013-12-27,0,3.32,3.36,3.39,3.565,3.735,3.91,4.1,4.39,4.66
"1199",2013-12-30,0,3.395,3.405,3.425,3.6,3.76,3.955,4.13,4.425,4.695
"1200",2013-12-31,0,3.38,3.39,3.4125,3.605,3.74,3.93,4.125,4.41,4.695
"1201",2014-01-01,0,3.38,3.39,3.4125,3.605,3.74,3.93,4.125,4.41,4.695
"1202",2014-01-02,0,3.345,3.375,3.405,3.6025,3.77,3.975,4.15,4.44,4.75
"1203",2014-01-03,0,3.32,3.35,3.38,3.5475,3.7375,3.925,4.085,4.385,4.66
"1204",2014-01-06,0,3.325,3.345,3.3675,3.5225,3.7075,3.885,4.07,4.36,4.63
"1205",2014-01-07,0,3.305,3.315,3.345,3.505,3.695,3.875,4.06,4.345,4.62
"1206",2014-01-08,0,3.315,3.3325,3.355,3.5075,3.685,3.89,4.0625,4.355,4.64
"1207",2014-01-09,0,3.31,3.335,3.365,3.52,3.705,3.895,4.09,4.375,4.66
"1208",2014-01-10,0,3.305,3.332,3.36,3.515,3.69,3.87,4.055,4.335,4.605
"1209",2014-01-13,0,3.305,3.325,3.35,3.485,3.655,3.815,3.985,4.26,4.525
"1210",2014-01-14,0,3.3,3.325,3.35,3.49,3.66,3.835,4.01,4.29,4.56
"1211",2014-01-15,0,3.31,3.34,3.365,3.505,3.67,3.845,4.015,4.295,4.57
"1212",2014-01-16,0,3.31,3.34,3.37,3.51,3.675,3.84,4.01,4.285,4.56
"1213",2014-01-17,0,3.305,3.335,3.365,3.495,3.65,3.81,3.975,4.25,4.535
"1214",2014-01-20,0,3.325,3.355,3.385,3.525,3.68,3.845,4.01,4.28,4.565
"1215",2014-01-21,0,3.315,3.35,3.38,3.545,3.71,3.88,4.055,4.335,4.615
"1216",2014-01-22,0,3.315,3.35,3.385,3.545,3.715,3.885,4.06,4.34,4.61
"1217",2014-01-23,0,3.325,3.365,3.4,3.555,3.72,3.885,4.055,4.325,4.605
"1218",2014-01-24,0,3.335,3.385,3.42,3.57,3.715,3.87,4.025,4.295,4.555
"1219",2014-01-27,0,3.35,3.425,3.4775,3.635,3.78,3.955,4.115,4.38,4.655
"1220",2014-01-28,0,3.3475,3.39,3.45,3.62,3.7825,3.94,4.105,4.38,4.6525
"1221",2014-01-29,0,3.33,3.39,3.4425,3.6,3.7625,3.9275,4.085,4.36,4.635
"1222",2014-01-30,0,3.315,3.375,3.435,3.6,3.765,3.93,4.1,4.375,4.655
"1223",2014-01-31,0,3.315,3.375,3.435,3.6,3.765,3.93,4.1,4.375,4.655
"1224",2014-02-03,0,3.315,3.375,3.435,3.6,3.765,3.93,4.1,4.375,4.655
"1225",2014-02-04,0,3.33,3.38,3.435,3.595,3.745,3.905,4.065,4.325,4.595
"1226",2014-02-05,0,3.325,3.365,3.42,3.575,3.73,3.89,4.045,4.305,4.58
"1227",2014-02-06,0,3.32,3.365,3.42,3.575,3.735,3.895,4.05,4.31,4.58
"1228",2014-02-07,0,3.325,3.37,3.425,3.575,3.735,3.9,4.065,4.325,4.595
"1229",2014-02-10,0,3.32,3.36,3.405,3.56,3.715,3.875,4.035,4.295,4.565
"1230",2014-02-11,0,3.325,3.375,3.42,3.58,3.735,3.89,4.05,4.31,4.58
"1231",2014-02-12,0,3.325,3.375,3.42,3.575,3.725,3.885,4.045,4.305,4.58
"1232",2014-02-13,0,3.32,3.36,3.42,3.57,3.72,3.87,4.025,4.285,4.55
"1233",2014-02-14,0,3.325,3.37,3.42,3.565,3.715,3.86,4.01,4.265,4.52
"1234",2014-02-17,0,3.335,3.375,3.42,3.565,3.705,3.84,3.975,4.225,4.475
"1235",2014-02-18,0,3.33,3.375,3.42,3.56,3.71,3.86,4.005,4.255,4.52
"1236",2014-02-19,0,3.335,3.38,3.435,3.57,3.72,3.845,3.99,4.24,4.5
"1237",2014-02-20,0,3.34,3.39,3.445,3.585,3.73,3.875,4.025,4.28,4.54
"1238",2014-02-21,0,3.345,3.395,3.45,3.595,3.745,3.89,4.035,4.29,4.56
"1239",2014-02-24,0,3.34,3.39,3.445,3.59,3.74,3.89,4.035,4.29,4.55
"1240",2014-02-25,0,3.335,3.395,3.455,3.6,3.75,3.895,4.04,4.295,4.56
"1241",2014-02-26,0,3.36,3.405,3.46,3.595,3.74,3.885,4.03,4.285,4.55
"1242",2014-02-27,0,3.365,3.41,3.46,3.595,3.735,3.875,4.015,4.27,4.525
"1243",2014-02-28,0,3.345,3.39,3.44,3.565,3.7,3.84,3.98,4.235,4.5
"1244",2014-03-03,0,3.35,3.395,3.44,3.57,3.705,3.845,3.985,4.24,4.505
"1245",2014-03-04,0,3.345,3.395,3.44,3.57,3.705,3.855,4.005,4.26,4.535
"1246",2014-03-05,0,3.35,3.395,3.445,3.58,3.72,3.87,4.02,4.275,4.55
"1247",2014-03-06,0,3.355,3.405,3.455,3.595,3.735,3.875,4.025,4.28,4.55
"1248",2014-03-07,0,3.345,3.39,3.44,3.575,3.715,3.865,4.015,4.275,4.54
"1249",2014-03-10,0,3.345,3.39,3.445,3.59,3.735,3.89,4.045,4.305,4.58
"1250",2014-03-11,0,3.345,3.39,3.445,3.59,3.735,3.89,4.05,4.31,4.59
"1251",2014-03-12,0,3.33,3.38,3.43,3.575,3.72,3.875,4.03,4.285,4.56
"1252",2014-03-13,0,3.325,3.37,3.42,3.56,3.7,3.845,4,4.255,4.53
"1253",2014-03-14,0,3.33,3.375,3.425,3.56,3.705,3.85,4,4.255,4.515
"1254",2014-03-17,0,3.34,3.39,3.44,3.585,3.73,3.88,4.035,4.29,4.56
"1255",2014-03-18,0,3.33,3.38,3.43,3.57,3.71,3.855,4.005,4.26,4.525
"1256",2014-03-19,0,3.34,3.39,3.44,3.585,3.73,3.875,4.02,4.275,4.545
"1257",2014-03-20,0,3.335,3.385,3.435,3.59,3.75,3.91,4.075,4.335,4.605
"1258",2014-03-21,0,3.34,3.39,3.44,3.59,3.745,3.905,4.07,4.33,4.6
"1259",2014-03-24,0,3.36,3.41,3.46,3.615,3.78,3.945,4.105,4.37,4.64
"1260",2014-03-25,0,3.355,3.405,3.455,3.615,3.78,3.94,4.095,4.36,4.62
"1261",2014-03-26,0,3.375,3.425,3.475,3.64,3.805,3.96,4.115,4.375,4.64
"1262",2014-03-27,0,3.375,3.425,3.475,3.645,3.8075,3.95,4.105,4.365,4.62
"1263",2014-03-28,0,3.375,3.425,3.475,3.645,3.81,3.95,4.105,4.365,4.62
"1264",2014-03-31,0,3.385,3.44,3.5,3.675,3.83,3.98,4.135,4.395,4.645
"1265",2014-04-01,0,3.3725,3.435,3.495,3.665,3.825,3.97,4.125,4.385,4.635
"1266",2014-04-02,0,3.375,3.44,3.5,3.685,3.85,3.99,4.14,4.4,4.65
"1267",2014-04-03,0,3.38,3.445,3.505,3.685,3.855,4,4.15,4.41,4.68
"1268",2014-04-04,0,3.38,3.455,3.515,3.69,3.86,4.015,4.17,4.43,4.69
"1269",2014-04-07,0,3.37,3.435,3.495,3.655,3.815,3.965,4.115,4.375,4.63
"1270",2014-04-08,0,3.36,3.43,3.49,3.64,3.8,3.95,4.1,4.36,4.615
"1271",2014-04-09,0,3.37,3.42,3.48,3.64,3.795,3.94,4.09,4.35,4.585
"1272",2014-04-10,0,3.37,3.43,3.48,3.635,3.78,3.925,4.07,4.325,4.565
"1273",2014-04-11,0,3.405,3.47,3.52,3.675,3.815,3.95,4.085,4.33,4.565
"1274",2014-04-14,0,3.39,3.45,3.505,3.66,3.8,3.94,4.075,4.315,4.555
"1275",2014-04-15,0,3.39,3.45,3.51,3.67,3.82,3.965,4.1,4.345,4.585
"1276",2014-04-16,0,3.395,3.45,3.51,3.67,3.815,3.96,4.1,4.35,4.59
"1277",2014-04-17,0,3.395,3.45,3.505,3.66,3.805,3.945,4.08,4.33,4.56
"1278",2014-04-18,0,3.395,3.455,3.51,3.67,3.815,3.96,4.1,4.35,4.59
"1279",2014-04-21,0,3.405,3.455,3.515,3.67,3.815,3.96,4.095,4.335,4.585
"1280",2014-04-22,0,3.405,3.45,3.51,3.665,3.81,3.96,4.095,4.335,4.59
"1281",2014-04-23,0,3.415,3.465,3.525,3.68,3.83,3.97,4.105,4.35,4.605
"1282",2014-04-24,0,3.42,3.47,3.53,3.68,3.825,3.965,4.1,4.345,4.6
"1283",2014-04-25,0,3.425,3.47,3.52,3.665,3.81,3.945,4.08,4.325,4.575
"1284",2014-04-28,0,3.43,3.47,3.525,3.67,3.81,3.95,4.085,4.33,4.575
"1285",2014-04-29,0,3.43,3.465,3.52,3.66,3.8,3.94,4.07,4.315,4.56
"1286",2014-04-30,0,3.43,3.465,3.515,3.645,3.785,3.925,4.055,4.3,4.535
"1287",2014-05-01,0,3.43,3.465,3.515,3.645,3.785,3.925,4.055,4.3,4.535
"1288",2014-05-02,0,3.43,3.465,3.515,3.65,3.785,3.915,4.045,4.29,4.525
"1289",2014-05-05,0,3.43,3.455,3.505,3.64,3.775,3.9,4.02,4.26,4.485
"1290",2014-05-06,0,3.425,3.455,3.505,3.64,3.775,3.91,4.03,4.26,4.5
"1291",2014-05-07,0,3.425,3.47,3.505,3.64,3.77,3.89,4,4.23,4.455
"1292",2014-05-08,0,3.43,3.47,3.505,3.64,3.765,3.88,3.99,4.215,4.425
"1293",2014-05-09,0,3.475,3.575,3.625,3.76,3.88,3.985,4.085,4.295,4.495
"1294",2014-05-12,0,3.475,3.56,3.6,3.745,3.865,3.975,4.085,4.305,4.49
"1295",2014-05-13,0,3.475,3.56,3.6,3.745,3.865,3.975,4.085,4.305,4.49
"1296",2014-05-14,0,3.475,3.555,3.595,3.73,3.85,3.955,4.06,4.265,4.455
"1297",2014-05-15,0,3.465,3.545,3.6,3.74,3.855,3.96,4.06,4.255,4.46
"1298",2014-05-16,0,3.475,3.56,3.61,3.75,3.86,3.97,4.075,4.27,4.48
"1299",2014-05-19,0,3.485,3.575,3.655,3.795,3.91,4.02,4.13,4.33,4.545
"1300",2014-05-20,0,3.5,3.575,3.64,3.785,3.905,4.025,4.14,4.34,4.56
"1301",2014-05-21,0,3.51,3.59,3.64,3.775,3.895,4.01,4.12,4.325,4.54
"1302",2014-05-22,0,3.5,3.575,3.63,3.775,3.9,4.025,4.14,4.345,4.56
"1303",2014-05-23,0,3.505,3.575,3.63,3.775,3.9,4.025,4.14,4.345,4.56
"1304",2014-05-26,0,3.515,3.585,3.64,3.78,3.905,4.025,4.145,4.35,4.565
"1305",2014-05-27,0,3.525,3.58,3.625,3.765,3.89,4.015,4.135,4.34,4.565
"1306",2014-05-28,0,3.525,3.58,3.625,3.755,3.875,3.99,4.105,4.31,4.53
"1307",2014-05-29,0,3.525,3.58,3.63,3.75,3.86,3.965,4.075,4.27,4.48
"1308",2014-05-30,0,3.54,3.585,3.635,3.75,3.865,3.97,4.08,4.28,4.48
"1309",2014-06-02,0,3.545,3.6,3.64,3.755,3.87,3.975,4.085,4.285,4.495
"1310",2014-06-03,0,3.56,3.61,3.65,3.76,3.875,3.99,4.105,4.315,4.515
"1311",2014-06-04,0,3.57,3.62,3.655,3.775,3.89,4,4.115,4.325,4.525
"1312",2014-06-05,0,3.56,3.605,3.655,3.77,3.885,4,4.115,4.325,4.525
"1313",2014-06-06,0,3.56,3.605,3.65,3.76,3.875,3.985,4.095,4.305,4.5
"1314",2014-06-09,0,3.57,3.61,3.655,3.775,3.895,4.01,4.12,4.33,4.525
"1315",2014-06-10,0,3.57,3.615,3.66,3.78,3.9,4.01,4.12,4.33,4.53
"1316",2014-06-11,0,3.57,3.615,3.66,3.78,3.9,4.01,4.125,4.335,4.535
"1317",2014-06-12,0,3.57,3.615,3.655,3.77,3.89,4,4.115,4.325,4.525
"1318",2014-06-13,0,3.575,3.625,3.67,3.78,3.895,4.005,4.115,4.32,4.515
"1319",2014-06-16,0,3.575,3.625,3.665,3.775,3.89,4.005,4.115,4.315,4.505
"1320",2014-06-17,0,3.575,3.625,3.675,3.79,3.91,4.015,4.13,4.33,4.52
"1321",2014-06-18,0,3.58,3.625,3.665,3.785,3.91,4.025,4.145,4.345,4.54
"1322",2014-06-19,0,3.605,3.64,3.675,3.785,3.905,4.01,4.125,4.325,4.515
"1323",2014-06-20,0,3.61,3.65,3.685,3.8,3.92,4.025,4.14,4.34,4.53
"1324",2014-06-23,0,3.61,3.65,3.68,3.795,3.91,4.015,4.125,4.315,4.515
"1325",2014-06-24,0,3.61,3.65,3.675,3.79,3.9,4.01,4.12,4.31,4.51
"1326",2014-06-25,0,3.62,3.655,3.69,3.8,3.91,4.02,4.13,4.32,4.52
"1327",2014-06-26,0,3.62,3.655,3.685,3.79,3.9,4.01,4.12,4.31,4.505
"1328",2014-06-27,0,3.615,3.65,3.68,3.78,3.89,4,4.105,4.295,4.49
"1329",2014-06-30,0,3.61,3.645,3.68,3.78,3.885,3.985,4.09,4.28,4.475
"1330",2014-07-01,0,3.61,3.645,3.68,3.78,3.88,3.98,4.08,4.27,4.465
"1331",2014-07-02,0,3.615,3.65,3.675,3.775,3.875,3.97,4.07,4.26,4.455
"1332",2014-07-03,0,3.615,3.65,3.685,3.785,3.89,3.995,4.095,4.285,4.485
"1333",2014-07-04,0,3.615,3.65,3.68,3.785,3.89,4,4.105,4.295,4.495
"1334",2014-07-07,0,3.615,3.65,3.69,3.795,3.9,4,4.105,4.295,4.495
"1335",2014-07-08,0,3.62,3.65,3.675,3.775,3.88,3.98,4.085,4.275,4.48
"1336",2014-07-09,0,3.615,3.65,3.69,3.785,3.88,3.985,4.09,4.28,4.47
