Date,6M ,9M,1Y,2Y,3Y,4Y,5Y,7Y,10Y
7/9/2014,3.615,3.65,3.69,3.785,3.88,3.985,4.09,4.28,4.47
7/8/2014,3.62,3.65,3.675,3.775,3.88,3.98,4.085,4.275,4.48
7/7/2014,3.615,3.65,3.69,3.795,3.9,4,4.105,4.295,4.495
7/4/2014,3.615,3.65,3.68,3.785,3.89,4,4.105,4.295,4.495
7/3/2014,3.615,3.65,3.685,3.785,3.89,3.995,4.095,4.285,4.485
7/2/2014,3.615,3.65,3.675,3.775,3.875,3.97,4.07,4.26,4.455
7/1/2014,3.61,3.645,3.68,3.78,3.88,3.98,4.08,4.27,4.465
6/30/2014,3.61,3.645,3.68,3.78,3.885,3.985,4.09,4.28,4.475
6/27/2014,3.615,3.65,3.68,3.78,3.89,4,4.105,4.295,4.49
6/26/2014,3.62,3.655,3.685,3.79,3.9,4.01,4.12,4.31,4.505
6/25/2014,3.62,3.655,3.69,3.8,3.91,4.02,4.13,4.32,4.52
6/24/2014,3.61,3.65,3.675,3.79,3.9,4.01,4.12,4.31,4.51
6/23/2014,3.61,3.65,3.68,3.795,3.91,4.015,4.125,4.315,4.515
6/20/2014,3.61,3.65,3.685,3.8,3.92,4.025,4.14,4.34,4.53
6/19/2014,3.605,3.64,3.675,3.785,3.905,4.01,4.125,4.325,4.515
6/18/2014,3.58,3.625,3.665,3.785,3.91,4.025,4.145,4.345,4.54
6/17/2014,3.575,3.625,3.675,3.79,3.91,4.015,4.13,4.33,4.52
6/16/2014,3.575,3.625,3.665,3.775,3.89,4.005,4.115,4.315,4.505
6/13/2014,3.575,3.625,3.67,3.78,3.895,4.005,4.115,4.32,4.515
6/12/2014,3.57,3.615,3.655,3.77,3.89,4,4.115,4.325,4.525
6/11/2014,3.57,3.615,3.66,3.78,3.9,4.01,4.125,4.335,4.535
6/10/2014,3.57,3.615,3.66,3.78,3.9,4.01,4.12,4.33,4.53
6/9/2014,3.57,3.61,3.655,3.775,3.895,4.01,4.12,4.33,4.525
6/6/2014,3.56,3.605,3.65,3.76,3.875,3.985,4.095,4.305,4.5
6/5/2014,3.56,3.605,3.655,3.77,3.885,4,4.115,4.325,4.525
6/4/2014,3.57,3.62,3.655,3.775,3.89,4,4.115,4.325,4.525
6/3/2014,3.56,3.61,3.65,3.76,3.875,3.99,4.105,4.315,4.515
6/2/2014,3.545,3.6,3.64,3.755,3.87,3.975,4.085,4.285,4.495
5/30/2014,3.54,3.585,3.635,3.75,3.865,3.97,4.08,4.28,4.48
5/29/2014,3.525,3.58,3.63,3.75,3.86,3.965,4.075,4.27,4.48
5/28/2014,3.525,3.58,3.625,3.755,3.875,3.99,4.105,4.31,4.53
5/27/2014,3.525,3.58,3.625,3.765,3.89,4.015,4.135,4.34,4.565
5/26/2014,3.515,3.585,3.64,3.78,3.905,4.025,4.145,4.35,4.565
5/23/2014,3.505,3.575,3.63,3.775,3.9,4.025,4.14,4.345,4.56
5/22/2014,3.5,3.575,3.63,3.775,3.9,4.025,4.14,4.345,4.56
5/21/2014,3.51,3.59,3.64,3.775,3.895,4.01,4.12,4.325,4.54
5/20/2014,3.5,3.575,3.64,3.785,3.905,4.025,4.14,4.34,4.56
5/19/2014,3.485,3.575,3.655,3.795,3.91,4.02,4.13,4.33,4.545
5/16/2014,3.475,3.56,3.61,3.75,3.86,3.97,4.075,4.27,4.48
5/15/2014,3.465,3.545,3.6,3.74,3.855,3.96,4.06,4.255,4.46
5/14/2014,3.475,3.555,3.595,3.73,3.85,3.955,4.06,4.265,4.455
5/13/2014,3.475,3.56,3.6,3.745,3.865,3.975,4.085,4.305,4.49
5/12/2014,3.475,3.56,3.6,3.745,3.865,3.975,4.085,4.305,4.49
5/9/2014,3.475,3.575,3.625,3.76,3.88,3.985,4.085,4.295,4.495
5/8/2014,3.43,3.47,3.505,3.64,3.765,3.88,3.99,4.215,4.425
5/7/2014,3.425,3.47,3.505,3.64,3.77,3.89,4,4.23,4.455
5/6/2014,3.425,3.455,3.505,3.64,3.775,3.91,4.03,4.26,4.5
5/5/2014,3.43,3.455,3.505,3.64,3.775,3.9,4.02,4.26,4.485
5/2/2014,3.43,3.465,3.515,3.65,3.785,3.915,4.045,4.29,4.525
5/1/2014,3.43,3.465,3.515,3.645,3.785,3.925,4.055,4.3,4.535
4/30/2014,3.43,3.465,3.515,3.645,3.785,3.925,4.055,4.3,4.535
4/29/2014,3.43,3.465,3.52,3.66,3.8,3.94,4.07,4.315,4.56
4/28/2014,3.43,3.47,3.525,3.67,3.81,3.95,4.085,4.33,4.575
4/25/2014,3.425,3.47,3.52,3.665,3.81,3.945,4.08,4.325,4.575
4/24/2014,3.42,3.47,3.53,3.68,3.825,3.965,4.1,4.345,4.6
4/23/2014,3.415,3.465,3.525,3.68,3.83,3.97,4.105,4.35,4.605
4/22/2014,3.405,3.45,3.51,3.665,3.81,3.96,4.095,4.335,4.59
4/21/2014,3.405,3.455,3.515,3.67,3.815,3.96,4.095,4.335,4.585
4/18/2014,3.395,3.455,3.51,3.67,3.815,3.96,4.1,4.35,4.59
4/17/2014,3.395,3.45,3.505,3.66,3.805,3.945,4.08,4.33,4.56
4/16/2014,3.395,3.45,3.51,3.67,3.815,3.96,4.1,4.35,4.59
4/15/2014,3.39,3.45,3.51,3.67,3.82,3.965,4.1,4.345,4.585
4/14/2014,3.39,3.45,3.505,3.66,3.8,3.94,4.075,4.315,4.555
4/11/2014,3.405,3.47,3.52,3.675,3.815,3.95,4.085,4.33,4.565
4/10/2014,3.37,3.43,3.48,3.635,3.78,3.925,4.07,4.325,4.565
4/9/2014,3.37,3.42,3.48,3.64,3.795,3.94,4.09,4.35,4.585
4/8/2014,3.36,3.43,3.49,3.64,3.8,3.95,4.1,4.36,4.615
4/7/2014,3.37,3.435,3.495,3.655,3.815,3.965,4.115,4.375,4.63
4/4/2014,3.38,3.455,3.515,3.69,3.86,4.015,4.17,4.43,4.69
4/3/2014,3.38,3.445,3.505,3.685,3.855,4,4.15,4.41,4.68
4/2/2014,3.375,3.44,3.5,3.685,3.85,3.99,4.14,4.4,4.65
4/1/2014,3.3725,3.435,3.495,3.665,3.825,3.97,4.125,4.385,4.635
3/31/2014,3.385,3.44,3.5,3.675,3.83,3.98,4.135,4.395,4.645
3/28/2014,3.375,3.425,3.475,3.645,3.81,3.95,4.105,4.365,4.62
3/27/2014,3.375,3.425,3.475,3.645,3.8075,3.95,4.105,4.365,4.62
3/26/2014,3.375,3.425,3.475,3.64,3.805,3.96,4.115,4.375,4.64
3/25/2014,3.355,3.405,3.455,3.615,3.78,3.94,4.095,4.36,4.62
3/24/2014,3.36,3.41,3.46,3.615,3.78,3.945,4.105,4.37,4.64
3/21/2014,3.34,3.39,3.44,3.59,3.745,3.905,4.07,4.33,4.6
3/20/2014,3.335,3.385,3.435,3.59,3.75,3.91,4.075,4.335,4.605
3/19/2014,3.34,3.39,3.44,3.585,3.73,3.875,4.02,4.275,4.545
3/18/2014,3.33,3.38,3.43,3.57,3.71,3.855,4.005,4.26,4.525
3/17/2014,3.34,3.39,3.44,3.585,3.73,3.88,4.035,4.29,4.56
3/14/2014,3.33,3.375,3.425,3.56,3.705,3.85,4,4.255,4.515
3/13/2014,3.325,3.37,3.42,3.56,3.7,3.845,4,4.255,4.53
3/12/2014,3.33,3.38,3.43,3.575,3.72,3.875,4.03,4.285,4.56
3/11/2014,3.345,3.39,3.445,3.59,3.735,3.89,4.05,4.31,4.59
3/10/2014,3.345,3.39,3.445,3.59,3.735,3.89,4.045,4.305,4.58
3/7/2014,3.345,3.39,3.44,3.575,3.715,3.865,4.015,4.275,4.54
3/6/2014,3.355,3.405,3.455,3.595,3.735,3.875,4.025,4.28,4.55
3/5/2014,3.35,3.395,3.445,3.58,3.72,3.87,4.02,4.275,4.55
3/4/2014,3.345,3.395,3.44,3.57,3.705,3.855,4.005,4.26,4.535
3/3/2014,3.35,3.395,3.44,3.57,3.705,3.845,3.985,4.24,4.505
2/28/2014,3.345,3.39,3.44,3.565,3.7,3.84,3.98,4.235,4.5
2/27/2014,3.365,3.41,3.46,3.595,3.735,3.875,4.015,4.27,4.525
2/26/2014,3.36,3.405,3.46,3.595,3.74,3.885,4.03,4.285,4.55
2/25/2014,3.335,3.395,3.455,3.6,3.75,3.895,4.04,4.295,4.56
2/24/2014,3.34,3.39,3.445,3.59,3.74,3.89,4.035,4.29,4.55
2/21/2014,3.345,3.395,3.45,3.595,3.745,3.89,4.035,4.29,4.56
2/20/2014,3.34,3.39,3.445,3.585,3.73,3.875,4.025,4.28,4.54
2/19/2014,3.335,3.38,3.435,3.57,3.72,3.845,3.99,4.24,4.5
2/18/2014,3.33,3.375,3.42,3.56,3.71,3.86,4.005,4.255,4.52
2/17/2014,3.335,3.375,3.42,3.565,3.705,3.84,3.975,4.225,4.475
2/14/2014,3.325,3.37,3.42,3.565,3.715,3.86,4.01,4.265,4.52
2/13/2014,3.32,3.36,3.42,3.57,3.72,3.87,4.025,4.285,4.55
2/12/2014,3.325,3.375,3.42,3.575,3.725,3.885,4.045,4.305,4.58
2/11/2014,3.325,3.375,3.42,3.58,3.735,3.89,4.05,4.31,4.58
2/10/2014,3.32,3.36,3.405,3.56,3.715,3.875,4.035,4.295,4.565
2/7/2014,3.325,3.37,3.425,3.575,3.735,3.9,4.065,4.325,4.595
2/6/2014,3.32,3.365,3.42,3.575,3.735,3.895,4.05,4.31,4.58
2/5/2014,3.325,3.365,3.42,3.575,3.73,3.89,4.045,4.305,4.58
2/4/2014,3.33,3.38,3.435,3.595,3.745,3.905,4.065,4.325,4.595
2/3/2014,3.315,3.375,3.435,3.6,3.765,3.93,4.1,4.375,4.655
1/31/2014,3.315,3.375,3.435,3.6,3.765,3.93,4.1,4.375,4.655
1/30/2014,3.315,3.375,3.435,3.6,3.765,3.93,4.1,4.375,4.655
1/29/2014,3.33,3.39,3.4425,3.6,3.7625,3.9275,4.085,4.36,4.635
1/28/2014,3.3475,3.39,3.45,3.62,3.7825,3.94,4.105,4.38,4.6525
1/27/2014,3.35,3.425,3.4775,3.635,3.78,3.955,4.115,4.38,4.655
1/24/2014,3.335,3.385,3.42,3.57,3.715,3.87,4.025,4.295,4.555
1/23/2014,3.325,3.365,3.4,3.555,3.72,3.885,4.055,4.325,4.605
1/22/2014,3.315,3.35,3.385,3.545,3.715,3.885,4.06,4.34,4.61
1/21/2014,3.315,3.35,3.38,3.545,3.71,3.88,4.055,4.335,4.615
1/20/2014,3.325,3.355,3.385,3.525,3.68,3.845,4.01,4.28,4.565
1/17/2014,3.305,3.335,3.365,3.495,3.65,3.81,3.975,4.25,4.535
1/16/2014,3.31,3.34,3.37,3.51,3.675,3.84,4.01,4.285,4.56
1/15/2014,3.31,3.34,3.365,3.505,3.67,3.845,4.015,4.295,4.57
1/14/2014,3.3,3.325,3.35,3.49,3.66,3.835,4.01,4.29,4.56
1/13/2014,3.305,3.325,3.35,3.485,3.655,3.815,3.985,4.26,4.525
1/10/2014,3.305,3.332,3.36,3.515,3.69,3.87,4.055,4.335,4.605
1/9/2014,3.31,3.335,3.365,3.52,3.705,3.895,4.09,4.375,4.66
1/8/2014,3.315,3.3325,3.355,3.5075,3.685,3.89,4.0625,4.355,4.64
1/7/2014,3.305,3.315,3.345,3.505,3.695,3.875,4.06,4.345,4.62
1/6/2014,3.325,3.345,3.3675,3.5225,3.7075,3.885,4.07,4.36,4.63
1/3/2014,3.32,3.35,3.38,3.5475,3.7375,3.925,4.085,4.385,4.66
1/2/2014,3.345,3.375,3.405,3.6025,3.77,3.975,4.15,4.44,4.75
1/1/2014,3.38,3.39,3.4125,3.605,3.74,3.93,4.125,4.41,4.695
12/31/2013,3.38,3.39,3.4125,3.605,3.74,3.93,4.125,4.41,4.695
12/30/2013,3.395,3.405,3.425,3.6,3.76,3.955,4.13,4.425,4.695
12/27/2013,3.32,3.36,3.39,3.565,3.735,3.91,4.1,4.39,4.66
12/26/2013,3.33,3.37,3.4,3.575,3.745,3.92,4.11,4.4,4.67
12/25/2013,3.28,3.32,3.35,3.525,3.695,3.87,4.06,4.35,4.62
12/24/2013,3.28,3.32,3.35,3.525,3.695,3.87,4.06,4.35,4.62
12/23/2013,3.28,3.32,3.35,3.525,3.695,3.87,4.06,4.35,4.62
12/20/2013,3.28,3.32,3.35,3.525,3.695,3.87,4.06,4.35,4.62
12/19/2013,3.29,3.32,3.35,3.525,3.695,3.875,4.06,4.345,4.62
12/18/2013,3.28,3.31,3.34,3.51,3.68,3.855,4.045,4.33,4.605
12/17/2013,3.29,3.32,3.35,3.52,3.69,3.875,4.065,4.35,4.635
12/16/2013,3.275,3.315,3.345,3.515,3.685,3.86,4.045,4.33,4.605
12/13/2013,3.26,3.305,3.335,3.52,3.69,3.88,4.065,4.355,4.64
12/12/2013,3.255,3.285,3.31,3.48,3.635,3.805,3.99,4.27,4.56
12/11/2013,3.25,3.285,3.31,3.47,3.62,3.785,3.96,4.24,4.52
12/10/2013,3.245,3.28,3.305,3.465,3.61,3.77,3.945,4.23,4.5
12/9/2013,3.255,3.295,3.32,3.49,3.645,3.815,4,4.285,4.56
12/6/2013,3.255,3.295,3.32,3.49,3.66,3.84,4.03,4.325,4.61
12/5/2013,3.245,3.275,3.305,3.465,3.63,3.805,3.99,4.28,4.555
12/4/2013,3.245,3.275,3.305,3.455,3.615,3.79,3.97,4.25,4.535
12/3/2013,3.245,3.275,3.305,3.45,3.605,3.77,3.95,4.235,4.5
12/2/2013,3.245,3.27,3.3,3.44,3.595,3.765,3.945,4.23,4.5
11/29/2013,3.245,3.27,3.3,3.435,3.59,3.755,3.935,4.22,4.495
11/28/2013,3.22,3.245,3.285,3.43,3.585,3.755,3.94,4.225,4.5
11/27/2013,3.215,3.24,3.28,3.425,3.58,3.75,3.935,4.22,4.495
11/26/2013,3.225,3.245,3.285,3.43,3.585,3.76,3.945,4.225,4.495
11/25/2013,3.215,3.235,3.275,3.42,3.58,3.76,3.95,4.23,4.495
11/22/2013,3.235,3.255,3.29,3.425,3.59,3.77,3.965,4.245,4.51
11/21/2013,3.22,3.24,3.275,3.41,3.58,3.765,3.96,4.245,4.52
11/20/2013,3.22,3.235,3.27,3.395,3.555,3.735,3.92,4.19,4.455
11/19/2013,3.215,3.23,3.265,3.395,3.555,3.735,3.92,4.19,4.465
11/18/2013,3.215,3.23,3.265,3.395,3.56,3.74,3.925,4.205,4.47
11/15/2013,3.215,3.235,3.265,3.395,3.56,3.725,3.91,4.195,4.445
11/14/2013,3.21,3.23,3.26,3.38,3.53,3.7,3.88,4.15,4.415
11/13/2013,3.21,3.23,3.26,3.37,3.51,3.675,3.85,4.12,4.385
11/12/2013,3.21,3.23,3.26,3.385,3.53,3.705,3.89,4.16,4.44
11/11/2013,3.215,3.24,3.27,3.385,3.52,3.69,3.865,4.13,4.395
11/8/2013,3.205,3.225,3.255,3.35,3.47,3.63,3.785,4.04,4.3
11/7/2013,3.22,3.24,3.27,3.37,3.49,3.64,3.8,4.06,4.3
11/6/2013,3.22,3.24,3.27,3.37,3.49,3.635,3.8,4.06,4.305
11/5/2013,3.215,3.235,3.265,3.355,3.47,3.615,3.77,4.02,4.265
11/4/2013,3.215,3.235,3.265,3.355,3.47,3.615,3.77,4.02,4.265
11/1/2013,3.225,3.245,3.275,3.35,3.45,3.59,3.735,3.985,4.23
10/31/2013,3.215,3.235,3.26,3.33,3.425,3.55,3.685,3.925,4.165
10/30/2013,3.215,3.23,3.255,3.315,3.41,3.525,3.655,3.895,4.13
10/29/2013,3.21,3.225,3.255,3.32,3.42,3.535,3.665,3.905,4.145
10/28/2013,3.21,3.225,3.255,3.325,3.425,3.535,3.665,3.905,4.13
10/25/2013,3.215,3.2225,3.2425,3.295,3.39,3.5,3.6325,3.865,4.095
10/24/2013,3.195,3.205,3.225,3.285,3.385,3.5,3.63,3.865,4.095
10/23/2013,3.205,3.215,3.235,3.29,3.39,3.51,3.645,3.88,4.11
10/22/2013,3.21,3.225,3.25,3.315,3.425,3.555,3.7,3.95,4.195
10/21/2013,3.2,3.21,3.235,3.295,3.4,3.53,3.67,3.92,4.15
10/18/2013,3.2,3.21,3.235,3.29,3.4,3.525,3.665,3.92,4.155
10/17/2013,3.2,3.21,3.235,3.29,3.4,3.535,3.68,3.94,4.17
10/16/2013,3.21,3.225,3.25,3.32,3.445,3.6,3.76,4.03,4.285
10/15/2013,3.21,3.23,3.255,3.33,3.445,3.6,3.76,4.025,4.275
10/14/2013,3.21,3.23,3.255,3.33,3.445,3.6,3.76,4.025,4.275
10/11/2013,3.215,3.235,3.26,3.34,3.46,3.615,3.78,4.05,4.3
10/10/2013,3.22,3.245,3.27,3.36,3.485,3.645,3.81,4.08,4.335
10/9/2013,3.21,3.225,3.25,3.335,3.45,3.6,3.76,4.025,4.28
10/8/2013,3.215,3.235,3.26,3.35,3.47,3.62,3.78,4.05,4.305
10/7/2013,3.215,3.24,3.265,3.345,3.46,3.61,3.765,4.035,4.285
10/4/2013,3.21,3.23,3.255,3.35,3.46,3.605,3.76,4.025,4.27
10/3/2013,3.215,3.24,3.265,3.365,3.485,3.63,3.785,4.05,4.31
10/2/2013,3.225,3.245,3.27,3.355,3.475,3.615,3.77,4.03,4.29
10/1/2013,3.225,3.245,3.275,3.37,3.495,3.655,3.81,4.075,4.335
9/30/2013,3.225,3.245,3.27,3.37,3.48,3.625,3.7975,4.065,4.315
9/27/2013,3.225,3.245,3.27,3.375,3.495,3.645,3.79,4.055,4.32
9/26/2013,3.215,3.235,3.275,3.37,3.48,3.64,3.805,4.065,4.325
9/25/2013,3.215,3.235,3.275,3.375,3.475,3.635,3.785,4.045,4.305
9/24/2013,3.215,3.225,3.26,3.36,3.465,3.615,3.77,4.04,4.3
9/23/2013,3.215,3.225,3.26,3.36,3.465,3.625,3.79,4.045,4.3
9/20/2013,3.215,3.225,3.245,3.33,3.425,3.555,3.725,3.975,4.225
9/19/2013,3.215,3.225,3.245,3.325,3.425,3.535,3.685,3.92,4.15
9/18/2013,3.23,3.25,3.28,3.38,3.52,3.67,3.835,4.095,4.355
9/17/2013,3.24,3.26,3.27,3.375,3.505,3.655,3.82,4.085,4.345
9/16/2013,3.245,3.265,3.285,3.4,3.55,3.73,3.91,4.17,4.375
9/13/2013,3.245,3.265,3.285,3.4,3.55,3.73,3.91,4.17,4.43
9/12/2013,3.245,3.265,3.26,3.41,3.535,3.705,3.895,4.16,4.42
9/11/2013,3.245,3.265,3.29,3.415,3.575,3.735,3.91,4.17,4.43
9/10/2013,3.25,3.27,3.295,3.435,3.615,3.785,3.97,4.245,4.515
9/9/2013,3.255,3.275,3.3025,3.465,3.665,3.835,4.015,4.295,4.565
9/6/2013,3.255,3.275,3.31,3.48,3.675,3.86,4.05,4.325,4.605
9/5/2013,3.24,3.255,3.295,3.495,3.69,3.87,4.065,4.345,4.63
9/4/2013,3.23,3.245,3.28,3.475,3.665,3.835,4.0175,4.3,4.585
9/3/2013,3.23,3.255,3.295,3.47,3.66,3.825,4.015,4.305,4.595
9/2/2013,3.225,3.255,3.3,3.475,3.68,3.87,4.065,4.345,4.645
8/30/2013,3.225,3.255,3.3,3.475,3.665,3.845,4.07,4.36,4.66
8/29/2013,3.225,3.255,3.305,3.495,3.7,3.89,4.095,4.395,4.695
8/28/2013,3.23,3.255,3.315,3.485,3.685,3.885,4.08,4.39,4.695
8/27/2013,3.23,3.255,3.305,3.455,3.635,3.82,4.015,4.325,4.625
8/26/2013,3.23,3.255,3.285,3.405,3.59,3.79,3.975,4.265,4.555
8/23/2013,3.23,3.255,3.29,3.43,3.62,3.8175,4.02,4.31,4.6
8/22/2013,3.235,3.255,3.3,3.46,3.655,3.865,4.08,4.38,4.68
8/21/2013,3.22,3.24,3.285,3.425,3.615,3.815,4.03,4.32,4.61
8/20/2013,3.22,3.24,3.29,3.435,3.625,3.815,4.025,4.315,4.605
8/19/2013,3.225,3.245,3.28,3.455,3.645,3.845,4.075,4.38,4.68
8/16/2013,3.22,3.24,3.28,3.425,3.59,3.79,3.9975,4.3,4.6
8/15/2013,3.22,3.24,3.27,3.425,3.585,3.775,3.975,4.265,4.55
8/14/2013,3.22,3.24,3.275,3.415,3.565,3.74,3.93,4.21,4.495
8/13/2013,3.22,3.24,3.275,3.395,3.525,3.69,3.87,4.145,4.42
8/12/2013,3.22,3.24,3.255,3.365,3.51,3.63,3.81,4.045,4.28
8/9/2013,3.22,3.245,3.27,3.365,3.515,3.645,3.845,4.1,4.355
8/8/2013,3.22,3.245,3.27,3.365,3.515,3.645,3.845,4.1,4.355
8/7/2013,3.22,3.245,3.27,3.365,3.515,3.645,3.845,4.1,4.355
8/6/2013,3.22,3.245,3.275,3.39,3.545,3.685,3.905,4.165,4.43
8/5/2013,3.245,3.265,3.265,3.375,3.535,3.685,3.89,4.155,4.425
8/2/2013,3.245,3.27,3.3,3.4375,3.595,3.7875,4,4.27,4.56
8/1/2013,3.235,3.265,3.2975,3.4125,3.575,3.775,3.97,4.2525,4.535
7/31/2013,3.235,3.265,3.3075,3.45,3.625,3.815,4.03,4.325,4.62
7/30/2013,3.235,3.265,3.29,3.445,3.605,3.785,4,4.28,4.57
7/29/2013,3.235,3.27,3.3075,3.46,3.5975,3.785,3.995,4.2875,4.565
7/26/2013,3.235,3.27,3.295,3.42,3.575,3.735,3.9225,4.205,4.49
7/25/2013,3.235,3.26,3.3,3.415,3.565,3.715,3.9,4.18,4.45
7/24/2013,3.23,3.24,3.265,3.385,3.525,3.685,3.855,4.115,4.38
7/23/2013,3.23,3.24,3.26,3.355,3.485,3.635,3.79,4.03,4.27
7/22/2013,3.23,3.24,3.26,3.355,3.49,3.635,3.795,4.055,4.325
7/19/2013,3.23,3.24,3.265,3.39,3.535,3.695,3.86,4.13,4.405
7/18/2013,3.23,3.24,3.275,3.38,3.53,3.69,3.845,4.125,4.385
7/17/2013,3.23,3.24,3.275,3.4,3.53,3.69,3.865,4.125,4.395
7/16/2013,3.23,3.24,3.25,3.36,3.495,3.66,3.815,4.06,4.295
7/15/2013,3.23,3.24,3.245,3.35,3.47,3.62,3.785,4.025,4.265
7/12/2013,3.23,3.23,3.23,3.315,3.425,3.57,3.72,3.96,4.2
7/11/2013,3.235,3.255,3.26,3.355,3.47,3.635,3.755,4.005,4.25
7/10/2013,3.235,3.255,3.265,3.37,3.485,3.62,3.785,4.04,4.3
7/9/2013,3.235,3.255,3.3,3.41,3.535,3.685,3.855,4.115,4.38
7/8/2013,3.235,3.255,3.315,3.44,3.565,3.735,3.92,4.2,4.47
7/5/2013,3.235,3.255,3.305,3.425,3.535,3.705,3.865,4.135,4.4
7/4/2013,3.215,3.235,3.285,3.39,3.515,3.68,3.83,4.1,4.37
7/3/2013,3.215,3.235,3.265,3.375,3.48,3.65,3.795,4.045,4.305
7/2/2013,3.215,3.235,3.26,3.34,3.46,3.615,3.76,4.015,4.275
7/1/2013,3.22,3.235,3.26,3.355,3.485,3.625,3.7775,4.035,4.295
6/28/2013,3.22,3.235,3.25,3.325,3.44,3.565,3.72,3.945,4.225
6/27/2013,3.23,3.24,3.25,3.315,3.425,3.565,3.705,3.93,4.155
6/26/2013,3.23,3.245,3.255,3.31,3.43,3.56,3.695,3.94,4.185
6/25/2013,3.22,3.23,3.27,3.335,3.455,3.595,3.76,4.01,4.265
6/24/2013,3.22,3.23,3.325,3.41,3.555,3.74,3.91,4.175,4.45
6/21/2013,3.22,3.225,3.28,3.345,3.4625,3.6275,3.7775,4.03,4.3
6/20/2013,3.22,3.225,3.245,3.315,3.445,3.585,3.72,3.97,4.22
6/19/2013,3.22,3.225,3.2375,3.2825,3.37,3.47,3.585,3.8,4.01
6/18/2013,3.215,3.22,3.235,3.28,3.365,3.465,3.575,3.79,3.99
6/17/2013,3.2,3.215,3.225,3.265,3.335,3.44,3.535,3.745,3.945
6/14/2013,3.2125,3.2425,3.225,3.25,3.325,3.405,3.48,3.7,3.905
6/13/2013,3.2125,3.2425,3.22,3.26,3.33,3.41,3.505,3.735,3.91
6/12/2013,3.2125,3.2175,3.235,3.28,3.355,3.46,3.555,3.755,3.965
6/11/2013,3.2125,3.2175,3.2425,3.29,3.375,3.4775,3.59,3.805,4.01
6/10/2013,3.2075,3.21,3.21,3.25,3.32,3.41,3.505,3.705,3.915
6/7/2013,3.205,3.21,3.205,3.215,3.275,3.355,3.435,3.615,3.805
6/6/2013,3.205,3.21,3.2125,3.22,3.275,3.345,3.42,3.605,3.785
6/5/2013,3.205,3.21,3.205,3.2225,3.275,3.37,3.445,3.645,3.84
6/4/2013,3.2,3.205,3.215,3.24,3.29,3.385,3.48,3.69,3.895
6/3/2013,3.2,3.205,3.21,3.235,3.285,3.385,3.48,3.69,3.89
5/31/2013,3.1975,3.2,3.21,3.23,3.29,3.37,3.465,3.665,3.865
5/30/2013,3.1975,3.2,3.21,3.23,3.285,3.365,3.4775,3.665,3.855
5/29/2013,3.1975,3.205,3.215,3.24,3.2975,3.38,3.485,3.675,3.865
5/28/2013,3.195,3.1925,3.19,3.2,3.2575,3.33,3.415,3.59,3.765
5/27/2013,3.195,3.1925,3.18,3.19,3.225,3.285,3.355,3.52,3.68
5/24/2013,3.195,3.1925,3.19,3.1825,3.21,3.27,3.335,3.485,3.65
5/23/2013,3.195,3.1925,3.19,3.1825,3.21,3.27,3.335,3.485,3.65
5/22/2013,3.18,3.165,3.18,3.1775,3.19,3.23,3.29,3.445,3.595
5/21/2013,3.18,3.165,3.145,3.13,3.1475,3.1825,3.23,3.37,3.515
5/20/2013,3.18,3.165,3.135,3.125,3.15,3.18,3.2275,3.37,3.515
5/17/2013,3.17,3.165,3.125,3.11,3.1225,3.155,3.2025,3.325,3.4575
5/16/2013,3.17,3.165,3.1475,3.1275,3.135,3.1825,3.2325,3.375,3.52
5/15/2013,3.1925,3.18,3.175,3.1675,3.175,3.225,3.275,3.425,3.575
5/14/2013,3.1925,3.195,3.185,3.17,3.1975,3.235,3.2975,3.46,3.6
5/13/2013,3.1925,3.195,3.185,3.18,3.2075,3.255,3.315,3.465,3.605
5/10/2013,3.195,3.1975,3.18,3.17,3.18,3.225,3.29,3.445,3.575
5/9/2013,3.205,3.1975,3.1675,3.1575,3.17,3.21,3.265,3.405,3.555
5/8/2013,3.205,3.1975,3.1875,3.1875,3.2,3.245,3.3075,3.455,3.59
5/7/2013,3.205,3.1975,3.185,3.185,3.205,3.255,3.305,3.465,3.605
5/6/2013,3.205,3.2,3.19,3.185,3.205,3.255,3.305,3.445,3.6
5/3/2013,3.205,3.2,3.17,3.155,3.17,3.2,3.24,3.365,3.505
5/2/2013,3.205,3.2,3.17,3.1575,3.17,3.2,3.24,3.365,3.495
5/1/2013,3.205,3.2,3.175,3.165,3.175,3.21,3.25,3.38,3.52
4/30/2013,3.205,3.2,3.175,3.165,3.175,3.21,3.25,3.38,3.52
4/29/2013,3.205,3.205,3.185,3.1725,3.1875,3.23,3.275,3.41,3.55
4/26/2013,3.205,3.205,3.195,3.19,3.21,3.25,3.305,3.475,3.615
4/25/2013,3.205,3.205,3.21,3.2,3.22,3.27,3.335,3.49,3.65
4/24/2013,3.195,3.195,3.195,3.195,3.215,3.255,3.3225,3.48,3.64
4/23/2013,3.195,3.195,3.19,3.19,3.215,3.255,3.3125,3.46,3.63
4/22/2013,3.195,3.195,3.19,3.21,3.24,3.29,3.36,3.515,3.69
4/19/2013,3.195,3.195,3.19,3.195,3.225,3.275,3.34,3.495,3.6575
4/18/2013,3.195,3.195,3.19,3.195,3.21,3.25,3.325,3.475,3.635
4/17/2013,3.2,3.2,3.195,3.2025,3.235,3.285,3.345,3.505,3.675
4/16/2013,3.2,3.2,3.195,3.205,3.24,3.31,3.375,3.545,3.715
4/15/2013,3.21,3.21,3.21,3.22,3.2625,3.3275,3.4025,3.575,3.745
4/12/2013,3.21,3.21,3.205,3.215,3.26,3.3275,3.385,3.555,3.72
4/11/2013,3.21,3.21,3.215,3.23,3.27,3.345,3.41,3.5825,3.755
4/10/2013,3.2,3.2,3.205,3.22,3.255,3.325,3.395,3.565,3.735
4/9/2013,3.2,3.2,3.205,3.215,3.25,3.32,3.39,3.56,3.725
4/8/2013,3.205,3.205,3.205,3.22,3.26,3.315,3.39,3.56,3.73
4/5/2013,3.205,3.205,3.21,3.225,3.27,3.33,3.4075,3.59,3.77
4/4/2013,3.205,3.205,3.21,3.2325,3.28,3.35,3.43,3.615,3.795
4/3/2013,3.21,3.21,3.21,3.24,3.29,3.365,3.45,3.625,3.81
4/2/2013,3.21,3.21,3.21,3.235,3.28,3.36,3.44,3.6275,3.805
4/1/2013,3.21,3.21,3.21,3.24,3.28,3.3525,3.4375,3.62,3.795
3/29/2013,3.21,3.21,3.21,3.2325,3.275,3.335,3.4175,3.595,3.77
3/28/2013,3.21,3.21,3.21,3.2325,3.275,3.335,3.42,3.595,3.77
3/27/2013,3.2125,3.22,3.225,3.2475,3.29,3.36,3.4425,3.625,3.795
3/26/2013,3.2125,3.21,3.225,3.2475,3.3,3.37,3.455,3.64,3.8075
3/25/2013,3.2125,3.21,3.225,3.255,3.3075,3.38,3.455,3.635,3.81
3/22/2013,3.2125,3.21,3.215,3.2425,3.295,3.355,3.435,3.61,3.7775
3/21/2013,3.2125,3.21,3.215,3.2475,3.295,3.37,3.45,3.63,3.81
3/20/2013,3.2125,3.21,3.215,3.235,3.285,3.36,3.44,3.61,3.78
3/19/2013,3.2125,3.21,3.21,3.23,3.275,3.345,3.43,3.6,3.78
3/18/2013,3.2125,3.21,3.215,3.24,3.285,3.355,3.435,3.605,3.775
3/15/2013,3.2125,3.21,3.22,3.245,3.31,3.3925,3.475,3.655,3.845
3/14/2013,3.2125,3.21,3.2175,3.25,3.3125,3.3925,3.485,3.655,3.845
3/13/2013,3.2125,3.21,3.22,3.245,3.305,3.38,3.4675,3.655,3.845
3/12/2013,3.2125,3.21,3.2225,3.25,3.32,3.4,3.49,3.67,3.86
3/11/2013,3.2125,3.21,3.22,3.26,3.33,3.42,3.5,3.675,3.875
3/8/2013,3.2125,3.21,3.22,3.25,3.315,3.39,3.47,3.65,3.845
3/7/2013,3.2125,3.21,3.2225,3.24,3.31,3.38,3.46,3.64,3.825
3/6/2013,3.2125,3.21,3.22,3.2375,3.29,3.365,3.4525,3.63,3.8125
3/5/2013,3.2125,3.21,3.21,3.23,3.275,3.345,3.42,3.585,3.755
3/4/2013,3.2125,3.21,3.2075,3.215,3.26,3.315,3.38,3.54,3.7
3/1/2013,3.2125,3.21,3.2075,3.22,3.26,3.325,3.4025,3.5675,3.7375
2/28/2013,3.2125,3.21,3.21,3.2275,3.27,3.35,3.4325,3.6,3.77
2/27/2013,3.2125,3.21,3.21,3.22,3.27,3.33,3.415,3.58,3.75
2/26/2013,3.2075,3.21,3.21,3.22,3.265,3.335,3.4225,3.59,3.76
2/25/2013,3.2075,3.215,3.2175,3.25,3.315,3.41,3.5,3.69,3.88
2/22/2013,3.2075,3.215,3.2175,3.26,3.32,3.415,3.51,3.7,3.89
2/21/2013,3.2075,3.215,3.2175,3.24,3.31,3.405,3.505,3.705,3.905
2/20/2013,3.2075,3.215,3.22,3.2525,3.32,3.4275,3.53,3.73,3.93
2/19/2013,3.2075,3.21,3.215,3.2525,3.325,3.43,3.53,3.73,3.93
2/18/2013,3.2075,3.22,3.22,3.25,3.325,3.43,3.53,3.73,3.93
2/15/2013,3.2075,3.22,3.2175,3.2575,3.335,3.43,3.52,3.735,3.925
2/14/2013,3.2075,3.22,3.215,3.26,3.35,3.45,3.5625,3.755,3.965
2/13/2013,3.2075,3.22,3.2125,3.26,3.34,3.435,3.54,3.745,3.945
2/12/2013,3.2075,3.22,3.2125,3.2425,3.325,3.425,3.5225,3.725,3.925
2/11/2013,3.2075,3.22,3.2125,3.2425,3.325,3.425,3.5225,3.725,3.925
2/8/2013,3.2075,3.22,3.2125,3.2425,3.325,3.425,3.5225,3.725,3.925
2/7/2013,3.2075,3.22,3.2225,3.265,3.35,3.445,3.5525,3.76,3.96
2/6/2013,3.2075,3.22,3.225,3.265,3.355,3.45,3.555,3.76,3.96
2/5/2013,3.2075,3.22,3.22,3.27,3.36,3.45,3.555,3.76,3.965
2/4/2013,3.2075,3.22,3.23,3.285,3.3775,3.475,3.595,3.795,3.995
2/1/2013,3.2075,3.21,3.215,3.265,3.35,3.45,3.565,3.765,3.96
1/31/2013,3.2075,3.21,3.215,3.265,3.35,3.45,3.565,3.765,3.96
1/30/2013,3.2075,3.21,3.22,3.27,3.36,3.465,3.58,3.785,3.995
1/29/2013,3.2075,3.21,3.21,3.2575,3.335,3.435,3.545,3.745,3.965
1/28/2013,3.2075,3.21,3.21,3.245,3.32,3.42,3.51,3.715,3.915
1/25/2013,3.2075,3.21,3.21,3.245,3.32,3.42,3.51,3.715,3.915
1/24/2013,3.2075,3.21,3.2,3.2225,3.295,3.385,3.48,3.675,3.865
1/23/2013,3.2075,3.21,3.2,3.2225,3.295,3.385,3.48,3.675,3.865
1/22/2013,3.2075,3.21,3.1975,3.24,3.3125,3.41,3.51,3.715,3.925
1/21/2013,3.2075,3.21,3.205,3.24,3.32,3.42,3.52,3.74,3.94
1/18/2013,3.2075,3.21,3.205,3.245,3.32,3.4225,3.5275,3.74,3.94
1/17/2013,3.2025,3.21,3.2,3.2325,3.305,3.405,3.515,3.715,3.93
1/16/2013,3.205,3.2125,3.2,3.23,3.3,3.4,3.49,3.7,3.91
1/15/2013,3.205,3.2125,3.2,3.225,3.3,3.39,3.495,3.71,3.925
1/14/2013,3.205,3.2125,3.205,3.245,3.315,3.4275,3.53,3.76,3.965
1/11/2013,3.205,3.2125,3.2225,3.2725,3.365,3.465,3.58,3.815,4.035
1/10/2013,3.205,3.2,3.21,3.25,3.33,3.43,3.5475,3.775,3.995
1/9/2013,3.205,3.2,3.1925,3.2275,3.31,3.41,3.5275,3.755,3.965
1/8/2013,3.205,3.2,3.195,3.2225,3.295,3.4,3.5225,3.75,3.965
1/7/2013,3.205,3.2,3.2,3.23,3.315,3.415,3.53,3.755,3.955
1/4/2013,3.205,3.2,3.205,3.25,3.335,3.44,3.565,3.79,4.005
1/3/2013,3.205,3.2,3.19,3.21,3.2775,3.375,3.48,3.685,3.89
1/2/2013,3.205,3.2,3.2,3.2275,3.295,3.39,3.495,3.695,3.915
1/1/2013,3.205,3.2,3.19,3.205,3.265,3.35,3.445,3.65,3.8575
12/31/2012,3.205,3.2,3.19,3.205,3.265,3.35,3.445,3.65,3.8575
12/28/2012,3.205,3.2,3.19,3.205,3.265,3.35,3.445,3.65,3.8575
12/27/2012,3.205,3.185,3.18,3.205,3.265,3.35,3.4525,3.65,3.8575
12/26/2012,3.205,3.185,3.18,3.195,3.255,3.345,3.45,3.645,3.855
12/25/2012,3.205,3.185,3.18,3.195,3.255,3.345,3.45,3.645,3.855
12/24/2012,3.205,3.185,3.18,3.195,3.255,3.345,3.45,3.645,3.855
12/21/2012,3.205,3.185,3.18,3.195,3.255,3.345,3.45,3.645,3.855
12/20/2012,3.205,3.185,3.19,3.205,3.27,3.355,3.445,3.65,3.86
12/19/2012,3.205,3.185,3.19,3.205,3.275,3.365,3.46,3.665,3.87
12/18/2012,3.205,3.185,3.195,3.2,3.27,3.36,3.4525,3.6475,3.845
12/17/2012,3.205,3.185,3.185,3.175,3.23,3.315,3.42,3.615,3.805
12/14/2012,3.205,3.185,3.185,3.175,3.23,3.315,3.42,3.615,3.805
12/13/2012,3.205,3.185,3.185,3.175,3.23,3.315,3.41,3.6,3.79
12/12/2012,3.205,3.185,3.165,3.165,3.2175,3.295,3.385,3.565,3.745
12/11/2012,3.205,3.1725,3.16,3.1575,3.21,3.29,3.3725,3.55,3.7275
12/10/2012,3.205,3.1725,3.16,3.1575,3.21,3.29,3.37,3.55,3.7275
12/7/2012,3.185,3.1725,3.16,3.1575,3.21,3.29,3.365,3.55,3.725
12/6/2012,3.185,3.1725,3.16,3.1575,3.21,3.29,3.365,3.55,3.725
12/5/2012,3.19,3.18,3.16,3.16,3.22,3.29,3.375,3.56,3.745
12/4/2012,3.19,3.18,3.165,3.17,3.23,3.295,3.39,3.57,3.76
12/3/2012,3.19,3.18,3.165,3.165,3.21,3.28,3.365,3.545,3.715
11/30/2012,3.2,3.19,3.1675,3.165,3.21,3.28,3.36,3.525,3.705
11/29/2012,3.2,3.19,3.1675,3.165,3.21,3.28,3.36,3.525,3.705
11/28/2012,3.2,3.19,3.165,3.16,3.21,3.27,3.34,3.505,3.675
11/27/2012,3.2,3.19,3.1725,3.165,3.2125,3.285,3.35,3.51,3.6875
11/26/2012,3.2,3.19,3.16,3.1525,3.185,3.255,3.3375,3.5,3.665
11/23/2012,3.2,3.19,3.165,3.1625,3.2,3.275,3.355,3.525,3.685
11/22/2012,3.2,3.19,3.17,3.165,3.21,3.29,3.3525,3.525,3.695
11/21/2012,3.2,3.19,3.1725,3.16,3.2,3.27,3.345,3.505,3.67
11/20/2012,3.2,3.19,3.175,3.16,3.195,3.265,3.33,3.5,3.66
11/19/2012,3.19,3.17,3.17,3.14,3.175,3.245,3.315,3.48,3.645
11/16/2012,3.19,3.16,3.145,3.11,3.1425,3.21,3.285,3.44,3.6
11/15/2012,3.19,3.16,3.14,3.11,3.145,3.2025,3.2775,3.435,3.61
11/14/2012,3.19,3.16,3.14,3.11,3.145,3.2025,3.2775,3.435,3.61
11/13/2012,3.175,3.15,3.125,3.1,3.135,3.195,3.26,3.41,3.565
11/12/2012,3.175,3.15,3.125,3.1,3.135,3.195,3.26,3.41,3.565
11/9/2012,3.175,3.15,3.125,3.1,3.14,3.195,3.255,3.41,3.565
11/8/2012,3.14,3.1,3.1,3.045,3.08,3.145,3.215,3.375,3.53
11/7/2012,3.14,3.09,3.08,3.035,3.07,3.14,3.21,3.365,3.52
11/6/2012,3.14,3.09,3.085,3.045,3.07,3.145,3.215,3.385,3.555
11/5/2012,3.16,3.11,3.08,3.035,3.0775,3.1575,3.22,3.395,3.555
11/2/2012,3.16,3.12,3.09,3.04,3.0775,3.1575,3.23,3.395,3.545
11/1/2012,3.145,3.095,3.085,3.035,3.08,3.16,3.23,3.395,3.55
10/31/2012,3.18,3.155,3.13,3.09,3.13,3.205,3.275,3.44,3.595
10/30/2012,3.185,3.155,3.13,3.085,3.13,3.205,3.28,3.44,3.59
10/29/2012,3.185,3.155,3.13,3.09,3.14,3.2,3.28,3.44,3.595
10/26/2012,3.185,3.155,3.135,3.11,3.16,3.23,3.31,3.475,3.625
10/25/2012,3.185,3.155,3.135,3.11,3.16,3.23,3.31,3.475,3.625
10/24/2012,3.175,3.14,3.12,3.09,3.13,3.2,3.285,3.445,3.6
10/23/2012,3.175,3.14,3.12,3.09,3.13,3.21,3.28,3.445,3.6
10/22/2012,3.15,3.13,3.12,3.09,3.125,3.205,3.27,3.425,3.575
10/19/2012,3.15,3.13,3.115,3.09,3.13,3.2,3.275,3.43,3.585
10/18/2012,3.175,3.155,3.14,3.11,3.145,3.215,3.285,3.44,3.6
10/17/2012,3.175,3.155,3.135,3.09,3.13,3.195,3.26,3.42,3.57
10/16/2012,3.175,3.155,3.145,3.11,3.14,3.19,3.26,3.425,3.56
10/15/2012,3.175,3.155,3.145,3.1,3.135,3.185,3.24,3.41,3.53
10/12/2012,3.17,3.165,3.145,3.115,3.145,3.2,3.265,3.42,3.56
10/11/2012,3.17,3.165,3.145,3.1,3.115,3.17,3.235,3.385,3.53
10/10/2012,3.18,3.165,3.155,3.115,3.145,3.2,3.26,3.42,3.565
10/9/2012,3.18,3.18,3.155,3.125,3.155,3.225,3.29,3.455,3.605
10/8/2012,3.18,3.18,3.17,3.14,3.175,3.245,3.31,3.475,3.625
10/5/2012,3.185,3.18,3.17,3.13,3.165,3.23,3.3,3.455,3.605
10/4/2012,3.18,3.18,3.16,3.12,3.155,3.22,3.285,3.435,3.595
10/3/2012,3.18,3.18,3.16,3.13,3.17,3.23,3.295,3.445,3.615
10/2/2012,3.205,3.2,3.175,3.15,3.185,3.26,3.33,3.495,3.665
10/1/2012,3.2,3.2,3.18,3.155,3.195,3.265,3.34,3.505,3.665
9/28/2012,3.19,3.18,3.16,3.135,3.175,3.255,3.33,3.485,3.655
9/27/2012,3.185,3.17,3.16,3.135,3.185,3.25,3.325,3.475,3.65
9/26/2012,3.185,3.17,3.155,3.13,3.165,3.235,3.3,3.455,3.62
9/25/2012,3.185,3.175,3.155,3.13,3.17,3.24,3.315,3.485,3.645
9/24/2012,3.18,3.18,3.16,3.125,3.175,3.235,3.31,3.485,3.645
9/21/2012,3.17,3.165,3.165,3.15,3.205,3.275,3.37,3.535,3.7
9/20/2012,3.17,3.16,3.15,3.14,3.19,3.26,3.34,3.485,3.645
9/19/2012,3.19,3.175,3.155,3.14,3.2,3.27,3.37,3.525,3.69
9/18/2012,3.19,3.175,3.15,3.145,3.19,3.27,3.35,3.505,3.67
9/17/2012,3.19,3.175,3.165,3.175,3.235,3.305,3.415,3.57,3.73
9/14/2012,3.19,3.175,3.1649,3.175,3.2351,3.3051,3.4102,3.5703,3.7303
9/13/2012,3.19,3.175,3.145,3.135,3.175,3.24,3.31,3.46,3.625
9/12/2012,3.19,3.175,3.15,3.14,3.19,3.26,3.34,3.495,3.655
9/11/2012,3.18,3.165,3.14,3.115,3.15,3.215,3.285,3.43,3.595
9/10/2012,3.17,3.155,3.13,3.1,3.14,3.21,3.275,3.43,3.59
9/7/2012,3.17,3.155,3.1348,3.11,3.15,3.215,3.2901,3.4401,3.6002
9/6/2012,3.155,3.135,3.105,3.065,3.105,3.16,3.225,3.38,3.53
9/5/2012,3.155,3.135,3.09,3.04,3.085,3.135,3.19,3.34,3.49
9/4/2012,3.145,3.125,3.095,3.06,3.095,3.145,3.195,3.355,3.51
9/3/2012,3.15,3.13,3.095,3.045,3.075,3.135,3.19,3.33,3.49
8/31/2012,3.15,3.13,3.0947,3.06,3.0999,3.155,3.215,3.3601,3.5151
8/30/2012,3.15,3.13,3.0952,3.06,3.1001,3.155,3.215,3.36,3.515
8/29/2012,3.15,3.115,3.095,3.06,3.1,3.15,3.205,3.35,3.5
8/28/2012,3.15,3.115,3.08,3.04,3.08,3.13,3.18,3.33,3.475
8/27/2012,3.155,3.125,3.09,3.055,3.09,3.145,3.205,3.355,3.505
8/24/2012,3.155,3.125,3.0847,3.045,3.0849,3.15,3.195,3.3451,3.4951
8/23/2012,3.155,3.125,3.09,3.05,3.095,3.155,3.2,3.34,3.505
8/22/2012,3.155,3.125,3.1,3.065,3.115,3.18,3.235,3.38,3.54
8/21/2012,3.155,3.125,3.095,3.06,3.095,3.16,3.23,3.38,3.53
8/20/2012,3.155,3.125,3.0949,3.06,3.095,3.16,3.23,3.3801,3.5301
8/17/2012,3.155,3.125,3.0944,3.06,3.0948,3.16,3.2301,3.3802,3.5302
8/16/2012,3.155,3.115,3.1,3.06,3.095,3.175,3.24,3.37,3.53
8/15/2012,3.16,3.115,3.08,3.05,3.085,3.155,3.225,3.375,3.525
8/14/2012,3.155,3.09,3.045,3,3.035,3.075,3.14,3.285,3.425
8/13/2012,3.145,3.075,3.025,2.9575,2.99,3.035,3.1,3.235,3.375
8/10/2012,3.145,3.075,3.0245,2.9572,2.9848,3.0299,3.09,3.22,3.3651
8/9/2012,3.155,3.08,3.035,2.9675,3.01,3.065,3.125,3.26,3.405
8/8/2012,3.15,3.075,3.025,2.9625,2.995,3.05,3.12,3.255,3.4
8/7/2012,3.155,3.075,3.025,2.9575,2.99,3.045,3.115,3.255,3.395
8/6/2012,3.16,3.055,3,2.95,2.975,3.03,3.095,3.24,3.375
8/3/2012,3.155,3.04,2.9744,2.9372,2.9448,3.0049,3.0549,3.195,3.3251
8/2/2012,3.155,3.065,2.995,2.95,2.975,3.025,3.095,3.24,3.375
8/1/2012,3.145,3.06,2.995,2.945,2.97,3.025,3.08,3.23,3.365
7/31/2012,3.145,3.065,3,2.9475,2.98,3.03,3.08,3.22,3.36
7/30/2012,3.145,3.075,2.995,2.945,2.97,3.025,3.09,3.22,3.355
7/27/2012,3.145,3.04,2.9794,2.9196,2.9298,2.9899,3.0499,3.175,3.3051
7/26/2012,3.135,3.025,2.935,2.865,2.89,2.93,2.98,3.1,3.23
7/25/2012,3.14,3.025,2.94,2.875,2.89,2.93,2.995,3.12,3.24
7/24/2012,3.125,3.025,2.93,2.86,2.88,2.915,2.98,3.1,3.24
7/23/2012,3.125,3.035,2.93,2.845,2.87,2.92,2.945,3.075,3.2
7/20/2012,3.1,3.05,2.9794,2.9246,2.9448,3.0049,3.0599,3.2,3.3301
7/19/2012,3.115,3.055,2.975,2.935,2.97,3.03,3.085,3.23,3.355
7/18/2012,3.125,3.05,2.965,2.92,2.95,3,3.06,3.205,3.345
7/17/2012,3.095,3.035,2.97,2.925,2.945,3.01,3.07,3.195,3.33
7/16/2012,3.095,3.035,2.95,2.9,2.93,2.985,3.045,3.18,3.31
7/13/2012,3.12,3.055,2.9794,2.9297,2.9548,3.0049,3.07,3.19,3.3301
7/12/2012,3.1,3.05,3,2.965,3.01,3.05,3.11,3.255,3.375
7/11/2012,3.14,3.115,3.08,3.04,3.07,3.12,3.18,3.315,3.455
7/10/2012,3.15,3.125,3.075,3.05,3.08,3.14,3.195,3.325,3.475
7/9/2012,3.135,3.12,3.075,3.035,3.075,3.125,3.175,3.315,3.45
7/6/2012,3.155,3.12,3.0948,3.0699,3.0999,3.155,3.22,3.3601,3.4951
7/5/2012,3.15,3.13,3.11,3.085,3.125,3.18,3.25,3.39,3.535
7/4/2012,3.16,3.14,3.105,3.09,3.13,3.205,3.265,3.41,3.55
7/3/2012,3.145,3.125,3.09,3.08,3.13,3.195,3.265,3.405,3.545
7/2/2012,3.145,3.135,3.1,3.09,3.14,3.205,3.275,3.42,3.56
6/29/2012,3.135,3.12,3.0852,3.0601,3.1051,3.165,3.225,3.36,3.5
6/28/2012,3.13,3.115,3.07,3.045,3.085,3.135,3.19,3.32,3.46
6/27/2012,3.15,3.135,3.09,3.07,3.12,3.18,3.24,3.38,3.52
6/26/2012,3.145,3.13,3.095,3.07,3.12,3.18,3.24,3.38,3.515
6/25/2012,3.145,3.13,3.11,3.085,3.13,3.19,3.25,3.395,3.535
6/22/2012,3.145,3.13,3.0948,3.0799,3.125,3.185,3.2501,3.3851,3.5251
6/21/2012,3.155,3.14,3.11,3.1,3.16,3.22,3.295,3.44,3.585
6/20/2012,3.15,3.13,3.105,3.095,3.165,3.235,3.305,3.45,3.595
6/19/2012,3.15,3.13,3.1,3.08,3.145,3.215,3.28,3.43,3.57
6/18/2012,3.14,3.11,3.075,3.065,3.12,3.185,3.265,3.405,3.55
6/15/2012,3.14,3.1,3.0747,3.0598,3.13,3.2,3.2701,3.4201,3.5651
6/14/2012,3.14,3.105,3.07,3.05,3.12,3.19,3.26,3.42,3.57
6/13/2012,3.15,3.11,3.08,3.06,3.135,3.2,3.28,3.43,3.57
6/12/2012,3.135,3.075,3.03,3.015,3.08,3.16,3.22,3.365,3.51
6/11/2012,3.15,3.105,3.04,3.035,3.1,3.19,3.255,3.4,3.55
6/8/2012,3.14,3.075,3.0145,2.9847,3.0449,3.115,3.17,3.3101,3.4501
6/7/2012,3.15,3.095,3.06,3.035,3.1,3.17,3.245,3.39,3.545
6/6/2012,3.145,3.09,3.055,3.025,3.075,3.14,3.205,3.35,3.5
6/5/2012,3.135,3.085,3.03,2.995,3.035,3.075,3.12,3.25,3.38
6/4/2012,3.125,3.065,3.01,2.97,3,3.035,3.08,3.2,3.33
6/1/2012,3.12,3.07,3.0095,2.9597,2.9998,3.0649,3.11,3.2501,3.3751
5/31/2012,3.15,3.095,3.055,3.015,3.06,3.14,3.22,3.37,3.52
5/30/2012,3.15,3.11,3.08,3.05,3.115,3.18,3.25,3.41,3.57
5/29/2012,3.155,3.12,3.1,3.075,3.145,3.225,3.29,3.45,3.605
5/28/2012,3.155,3.12,3.095,3.075,3.14,3.215,3.295,3.455,3.615
5/25/2012,3.155,3.12,3.0897,3.0648,3.125,3.195,3.2701,3.4301,3.5902
5/24/2012,3.15,3.11,3.085,3.055,3.1,3.175,3.24,3.385,3.535
5/23/2012,3.16,3.12,3.075,3.055,3.095,3.15,3.205,3.355,3.51
5/22/2012,3.16,3.12,3.095,3.075,3.12,3.185,3.25,3.41,3.56
5/21/2012,3.125,3.09,3.065,3.04,3.075,3.12,3.19,3.32,3.455
5/18/2012,3.125,3.09,3.0446,3.0198,3.0599,3.1,3.175,3.3151,3.4351
5/17/2012,3.145,3.115,3.095,3.075,3.125,3.185,3.255,3.4,3.54
5/16/2012,3.145,3.115,3.09,3.08,3.125,3.195,3.255,3.4,3.535
5/15/2012,3.165,3.14,3.115,3.115,3.16,3.245,3.32,3.47,3.63
5/14/2012,3.15,3.14,3.135,3.135,3.175,3.255,3.335,3.49,3.65
5/11/2012,3.16,3.16,3.1499,3.15,3.21,3.3101,3.4001,3.5802,3.7352
5/10/2012,3.165,3.16,3.16,3.16,3.22,3.32,3.42,3.6,3.755
5/9/2012,3.165,3.155,3.15,3.145,3.21,3.295,3.395,3.56,3.72
5/8/2012,3.17,3.15,3.15,3.15,3.21,3.31,3.41,3.585,3.735
5/7/2012,3.165,3.15,3.15,3.15,3.22,3.315,3.42,3.555,3.72
5/4/2012,3.185,3.18,3.18,3.19,3.2851,3.3802,3.4802,3.6552,3.8102
5/3/2012,3.185,3.18,3.18,3.19,3.275,3.38,3.48,3.655,3.82
5/2/2012,3.175,3.175,3.185,3.2,3.29,3.4,3.5,3.685,3.84
5/1/2012,3.175,3.175,3.185,3.2,3.295,3.405,3.51,3.685,3.855
4/30/2012,3.175,3.175,3.185,3.2,3.2951,3.4051,3.5101,3.6851,3.8551
4/27/2012,3.175,3.175,3.185,3.2,3.2951,3.4052,3.5052,3.6802,3.8402
4/26/2012,3.175,3.175,3.19,3.21,3.31,3.42,3.53,3.71,3.88
4/25/2012,3.175,3.17,3.18,3.2,3.295,3.405,3.515,3.695,3.86
4/24/2012,3.165,3.165,3.165,3.185,3.275,3.39,3.495,3.67,3.84
4/23/2012,3.165,3.165,3.17,3.185,3.28,3.39,3.49,3.67,3.83
4/20/2012,3.165,3.17,3.18,3.2,3.2901,3.4052,3.5102,3.6902,3.8552
4/19/2012,3.165,3.17,3.185,3.205,3.305,3.415,3.53,3.705,3.875
4/18/2012,3.165,3.17,3.18,3.215,3.31,3.425,3.53,3.72,3.89
4/17/2012,3.17,3.17,3.18,3.195,3.3,3.415,3.52,3.69,3.87
4/16/2012,3.175,3.175,3.195,3.205,3.305,3.415,3.515,3.705,3.875
4/13/2012,3.18,3.175,3.195,3.2251,3.3302,3.4402,3.5402,3.7303,3.9003
4/12/2012,3.18,3.175,3.195,3.22,3.325,3.45,3.565,3.755,3.925
4/11/2012,3.175,3.17,3.19,3.22,3.32,3.43,3.555,3.74,3.925
4/10/2012,3.185,3.185,3.195,3.225,3.33,3.455,3.57,3.75,3.94
4/9/2012,3.195,3.195,3.21,3.24,3.35,3.48,3.595,3.775,3.965
4/6/2012,3.205,3.205,3.2151,3.2651,3.3752,3.5153,3.6503,3.8503,4.0303
4/5/2012,3.205,3.205,3.215,3.27,3.375,3.525,3.66,3.855,4.05
4/4/2012,3.21,3.21,3.23,3.29,3.4,3.545,3.7,3.9,4.095
4/3/2012,3.21,3.21,3.225,3.275,3.39,3.53,3.665,3.865,4.06
4/2/2012,3.215,3.215,3.225,3.265,3.4,3.54,3.665,3.865,4.06
3/30/2012,3.2,3.2,3.215,3.26,3.3849,3.5199,3.6399,3.8399,4.0399
3/29/2012,3.2,3.2,3.215,3.27,3.385,3.53,3.65,3.845,4.035
3/28/2012,3.2,3.2,3.215,3.27,3.38,3.515,3.625,3.81,3.995
3/27/2012,3.2,3.2,3.215,3.265,3.375,3.51,3.62,3.805,3.985
3/26/2012,3.2,3.2,3.215,3.265,3.365,3.5,3.625,3.82,3.995
3/23/2012,3.2,3.2,3.2001,3.2501,3.3552,3.4852,3.6053,3.8053,3.9803
3/22/2012,3.2,3.2,3.21,3.26,3.355,3.49,3.59,3.79,3.97
3/21/2012,3.2,3.2,3.215,3.295,3.405,3.53,3.67,3.855,4.045
3/20/2012,3.2,3.2,3.205,3.285,3.395,3.535,3.65,3.845,4.035
3/19/2012,3.2,3.2,3.215,3.285,3.395,3.515,3.63,3.835,4
3/16/2012,3.2,3.205,3.215,3.3102,3.4,3.5353,3.6603,3.8653,4.04
3/15/2012,3.2,3.205,3.225,3.32,3.41,3.525,3.665,3.86,4.015
3/14/2012,3.2,3.205,3.23,3.3,3.41,3.535,3.66,3.87,4.065
3/13/2012,3.185,3.185,3.195,3.235,3.335,3.445,3.56,3.76,3.955
3/12/2012,3.175,3.175,3.175,3.2,3.285,3.375,3.5,3.685,3.865
3/9/2012,3.17,3.17,3.17,3.19,3.2801,3.3752,3.4852,3.6652,3.8452
3/8/2012,3.16,3.16,3.175,3.19,3.285,3.38,3.485,3.67,3.83
3/7/2012,3.155,3.15,3.155,3.165,3.27,3.37,3.47,3.655,3.83
3/6/2012,3.18,3.175,3.165,3.17,3.265,3.36,3.465,3.645,3.835
3/5/2012,3.18,3.18,3.16,3.185,3.28,3.385,3.485,3.67,3.865
3/2/2012,3.18,3.18,3.165,3.2,3.2951,3.3952,3.5102,3.6802,3.8853
3/1/2012,3.175,3.175,3.17,3.2,3.285,3.385,3.49,3.67,3.865
2/29/2012,3.16,3.16,3.165,3.19,3.265,3.355,3.455,3.645,3.82
2/28/2012,3.15,3.15,3.15,3.17,3.25,3.34,3.44,3.63,3.805
2/27/2012,3.16,3.16,3.155,3.185,3.27,3.37,3.47,3.66,3.85
2/24/2012,3.16,3.16,3.165,3.2,3.2851,3.3752,3.4852,3.6702,3.8602
2/23/2012,3.17,3.17,3.16,3.195,3.275,3.38,3.49,3.685,3.865
2/22/2012,3.17,3.165,3.16,3.165,3.255,3.355,3.46,3.65,3.83
2/21/2012,3.15,3.14,3.115,3.125,3.21,3.31,3.42,3.61,3.79
2/20/2012,3.185,3.15,3.125,3.11,3.185,3.27,3.39,3.58,3.755
2/17/2012,3.17,3.14,3.1123,3.1024,3.16,3.2475,3.3551,3.545,3.7102
2/16/2012,3.16,3.13,3.1,3.09,3.145,3.215,3.32,3.495,3.65
2/15/2012,3.16,3.14,3.12,3.105,3.16,3.235,3.34,3.515,3.675
2/14/2012,3.15,3.13,3.115,3.1,3.165,3.235,3.345,3.51,3.675
2/13/2012,3.17,3.15,3.115,3.1,3.165,3.24,3.35,3.53,3.705
2/10/2012,3.165,3.145,3.1248,3.1099,3.17,3.235,3.3351,3.5152,3.6802
2/9/2012,3.17,3.155,3.13,3.13,3.19,3.255,3.36,3.545,3.72
2/8/2012,3.185,3.16,3.135,3.115,3.165,3.235,3.34,3.54,3.725
2/7/2012,3.145,3.115,3.085,3.06,3.105,3.185,3.28,3.475,3.655
2/6/2012,3.145,3.115,3.0848,3.0599,3.105,3.185,3.28,3.4751,3.6551
2/3/2012,3.145,3.115,3.0843,3.0596,3.1048,3.185,3.2801,3.4752,3.6553
2/2/2012,3.17,3.14,3.105,3.09,3.15,3.23,3.33,3.535,3.73
2/1/2012,3.175,3.145,3.085,3.075,3.135,3.22,3.335,3.535,3.735
1/31/2012,3.175,3.145,3.0848,3.0749,3.135,3.22,3.3351,3.5351,3.7351
1/30/2012,3.16,3.095,3.07,3.07,3.135,3.22,3.33,3.53,3.715
1/27/2012,3.175,3.155,3.1248,3.1149,3.175,3.2551,3.3551,3.5602,3.7652
1/26/2012,3.18,3.16,3.13,3.12,3.175,3.255,3.365,3.575,3.78
1/25/2012,3.1875,3.165,3.115,3.13,3.185,3.265,3.375,3.575,3.745
1/24/2012,3.175,3.135,3.115,3.115,3.17,3.245,3.345,3.545,3.73
1/23/2012,3.15,3.125,3.1149,3.115,3.17,3.245,3.3451,3.5451,3.7301
1/20/2012,3.15,3.125,3.1144,3.1147,3.1699,3.2451,3.3452,3.5453,3.7304
1/19/2012,3.165,3.14,3.115,3.095,3.155,3.235,3.33,3.53,3.71
1/18/2012,3.165,3.145,3.115,3.1,3.165,3.25,3.35,3.555,3.74
1/17/2012,3.175,3.155,3.125,3.13,3.19,3.255,3.35,3.55,3.74
1/16/2012,3.18,3.145,3.11,3.105,3.17,3.235,3.33,3.52,3.71
1/13/2012,3.18,3.145,3.1147,3.0999,3.15,3.22,3.3351,3.5352,3.7152
1/12/2012,3.175,3.12,3.06,3.05,3.115,3.195,3.29,3.49,3.655
1/11/2012,3.145,3.085,3.06,3.05,3.11,3.205,3.31,3.515,3.695
1/10/2012,3.155,3.095,3.06,3.045,3.115,3.21,3.325,3.55,3.725
1/9/2012,3.15,3.09,3.055,3.03,3.115,3.215,3.325,3.55,3.72
1/6/2012,3.145,3.085,3.0445,3.0398,3.1149,3.22,3.3301,3.5502,3.7302
1/5/2012,3.125,3.065,3.04,3.035,3.115,3.22,3.33,3.545,3.755
1/4/2012,3.15,3.085,3.035,3.03,3.12,3.23,3.355,3.585,3.81
1/3/2012,3.16,3.095,3.04,3.015,3.115,3.225,3.34,3.585,3.825
1/2/2012,3.155,3.085,3.025,3.015,3.085,3.2,3.31,3.565,3.785
12/30/2011,3.155,3.085,3.0253,3.0152,3.0851,3.2,3.31,3.5649,3.7849
12/29/2011,3.15,3.08,3.025,3.01,3.095,3.21,3.325,3.575,3.795
12/28/2011,3.16,3.105,3.035,3.015,3.105,3.215,3.325,3.575,3.795
12/27/2011,3.16,3.105,3.045,3.025,3.125,3.22,3.345,3.595,3.825
12/26/2011,3.16,3.105,3.045,3.025,3.125,3.22,3.35,3.595,3.825
12/23/2011,3.16,3.105,3.0443,3.0246,3.1249,3.22,3.3501,3.5953,3.8253
12/22/2011,3.145,3.09,3.025,3.025,3.125,3.22,3.345,3.595,3.815
12/21/2011,3.155,3.1,3.035,3.025,3.115,3.22,3.345,3.595,3.825
12/20/2011,3.15,3.085,3.02,3,3.095,3.195,3.305,3.555,3.775
12/19/2011,3.145,3.085,3.015,2.98,3.075,3.185,3.29,3.545,3.77
12/16/2011,3.14,3.08,3.0194,2.9897,3.0749,3.19,3.3001,3.5502,3.7652
12/15/2011,3.125,3.055,3.005,2.96,3.04,3.155,3.265,3.52,3.75
12/14/2011,3.15,3.08,3.055,3.025,3.12,3.23,3.34,3.59,3.81
12/13/2011,3.155,3.08,3.055,3.03,3.125,3.23,3.345,3.585,3.815
12/12/2011,3.155,3.09,3.055,3.035,3.125,3.235,3.345,3.585,3.815
12/9/2011,3.17,3.095,3.0545,3.0348,3.1349,3.24,3.3451,3.5952,3.8152
12/8/2011,3.175,3.11,3.06,3.05,3.15,3.25,3.355,3.615,3.835
12/7/2011,3.165,3.095,3.06,3.045,3.15,3.25,3.365,3.625,3.855
12/6/2011,3.14,3.08,3.06,3.04,3.145,3.25,3.355,3.615,3.845
12/5/2011,3.155,3.09,3.065,3.045,3.155,3.265,3.37,3.625,3.87
12/2/2011,3.165,3.085,3.0646,3.0498,3.17,3.2751,3.3801,3.6352,3.8652
12/1/2011,3.145,3.075,3.055,3.04,3.15,3.245,3.35,3.605,3.83
11/30/2011,3.12,3.075,3.04,3.03,3.145,3.245,3.34,3.595,3.795
11/29/2011,3.12,3.075,3.03,3.02,3.12,3.225,3.33,3.575,3.775
11/28/2011,3.12,3.075,3.035,3.03,3.125,3.225,3.325,3.575,3.775
11/25/2011,3.125,3.08,3.0392,3.0196,3.1199,3.225,3.3151,3.5652,3.7653
11/24/2011,3.1,3.06,3.03,3.02,3.11,3.21,3.3,3.525,3.735
11/23/2011,3.07,3.015,3.035,3.02,3.11,3.205,3.29,3.515,3.735
11/22/2011,3.12,3.065,3.04,3.03,3.125,3.215,3.3,3.505,3.725
11/21/2011,3.125,3.06,3.015,3.005,3.09,3.175,3.26,3.47,3.69
11/18/2011,3.085,3.05,3.0044,2.9897,3.0899,3.175,3.265,3.4651,3.6852
11/17/2011,3.11,3.07,3.01,2.995,3.105,3.205,3.3,3.515,3.735
11/16/2011,3.12,3.075,3.015,3.01,3.115,3.215,3.32,3.53,3.755
11/15/2011,3.16,3.115,3.06,3.05,3.155,3.255,3.36,3.58,3.8
11/14/2011,3.175,3.135,3.08,3.075,3.185,3.285,3.39,3.615,3.83
11/11/2011,3.1325,3.1,3.0495,3.0498,3.1499,3.255,3.3701,3.5852,3.8152
11/10/2011,3.115,3.095,3.04,3.035,3.125,3.235,3.35,3.555,3.765
11/9/2011,3.14,3.11,3.065,3.065,3.165,3.28,3.39,3.61,3.82
11/8/2011,3.17,3.135,3.085,3.08,3.185,3.305,3.43,3.645,3.86
11/7/2011,3.165,3.135,3.11,3.105,3.195,3.31,3.425,3.635,3.84
11/4/2011,3.165,3.135,3.1095,3.1047,3.195,3.3101,3.4252,3.6353,3.8403
11/3/2011,3.205,3.16,3.125,3.12,3.22,3.315,3.425,3.63,3.825
11/2/2011,3.22,3.18,3.155,3.16,3.26,3.35,3.445,3.645,3.855
11/1/2011,3.235,3.19,3.165,3.175,3.27,3.36,3.45,3.66,3.855
10/31/2011,3.22,3.205,3.185,3.195,3.285,3.38,3.48,3.68,3.87
10/28/2011,3.24,3.22,3.2049,3.21,3.2951,3.3951,3.525,3.7252,3.9252
10/27/2011,3.225,3.21,3.165,3.17,3.26,3.36,3.47,3.685,3.875
10/26/2011,3.2,3.185,3.16,3.16,3.25,3.355,3.465,3.655,3.85
10/25/2011,3.2,3.185,3.1599,3.16,3.25,3.3551,3.4651,3.6551,3.8501
10/24/2011,3.155,3.14,3.16,3.155,3.255,3.35,3.47,3.675,3.875
10/21/2011,3.21,3.225,3.1547,3.1348,3.23,3.3351,3.4551,3.6702,3.8552
10/20/2011,3.17,3.16,3.155,3.16,3.26,3.355,3.465,3.685,3.88
10/19/2011,3.2,3.19,3.16,3.16,3.26,3.37,3.505,3.725,3.91
10/18/2011,3.23,3.23,3.165,3.165,3.26,3.365,3.49,3.685,3.875
10/17/2011,3.255,3.255,3.175,3.175,3.285,3.4,3.515,3.705,3.89
10/14/2011,3.215,3.185,3.1196,3.1148,3.215,3.3251,3.4401,3.6152,3.7852
10/13/2011,3.175,3.15,3.12,3.115,3.2,3.31,3.43,3.61,3.77
10/12/2011,3.195,3.165,3.14,3.14,3.225,3.35,3.48,3.66,3.83
10/11/2011,3.195,3.165,3.125,3.12,3.2,3.31,3.44,3.625,3.77
10/10/2011,3.2,3.16,3.125,3.13,3.23,3.33,3.45,3.62,3.79
10/7/2011,3.14,3.12,3.0946,3.0848,3.1699,3.275,3.3901,3.5702,3.7402
10/6/2011,3.12,3.08,3.05,3.05,3.135,3.24,3.37,3.54,3.725
10/5/2011,3.14,3.085,3.045,3.045,3.14,3.25,3.375,3.555,3.745
10/4/2011,3.15,3.115,3.07,3.07,3.16,3.29,3.4,3.595,3.775
10/3/2011,3.155,3.155,3.11,3.125,3.235,3.355,3.475,3.675,3.865
9/30/2011,3.22,3.175,3.1648,3.1799,3.28,3.3801,3.4902,3.6752,3.8552
9/29/2011,3.22,3.195,3.15,3.16,3.245,3.345,3.425,3.61,3.785
9/28/2011,3.185,3.165,3.17,3.18,3.26,3.37,3.47,3.665,3.84
9/27/2011,3.195,3.185,3.16,3.185,3.275,3.365,3.46,3.645,3.84
9/26/2011,3.2,3.19,3.155,3.18,3.265,3.35,3.43,3.63,3.81
9/23/2011,3.195,3.185,3.1698,3.1749,3.26,3.3301,3.4051,3.5952,3.7552
9/22/2011,3.2,3.18,3.185,3.195,3.28,3.35,3.42,3.61,3.775
9/21/2011,3.22,3.22,3.225,3.235,3.32,3.38,3.445,3.625,3.805
9/20/2011,3.24,3.23,3.21,3.215,3.295,3.35,3.425,3.605,3.76
9/19/2011,3.27,3.26,3.24,3.205,3.33,3.425,3.5,3.7,3.86
9/16/2011,3.22,3.215,3.2199,3.26,3.3601,3.3801,3.4551,3.6352,3.7852
9/15/2011,3.22,3.215,3.2148,3.245,3.3401,3.3501,3.4202,3.5952,3.7453
9/14/2011,3.195,3.18,3.18,3.185,3.215,3.24,3.255,3.395,3.525
9/13/2011,3.18,3.17,3.165,3.16,3.175,3.18,3.195,3.29,3.42
9/12/2011,3.18,3.145,3.145,3.16,3.165,3.175,3.2,3.3,3.43
9/9/2011,3.21,3.185,3.1798,3.1799,3.215,3.25,3.26,3.3851,3.5101
9/8/2011,3.22,3.195,3.2,3.21,3.27,3.29,3.315,3.435,3.585
9/7/2011,3.215,3.2,3.215,3.225,3.27,3.32,3.345,3.46,3.595
9/6/2011,3.21,3.185,3.2,3.21,3.255,3.275,3.31,3.395,3.56
9/5/2011,3.205,3.195,3.195,3.2,3.255,3.295,3.34,3.465,3.595
9/2/2011,3.245,3.24,3.2199,3.25,3.29,3.3651,3.4101,3.5551,3.6902
9/1/2011,3.295,3.285,3.26,3.285,3.375,3.455,3.535,3.675,3.845
8/31/2011,3.285,3.275,3.2601,3.28,3.365,3.4449,3.5149,3.655,3.8249
8/30/2011,3.285,3.275,3.2601,3.28,3.365,3.4449,3.5149,3.6549,3.8248
8/29/2011,3.285,3.275,3.26,3.28,3.365,3.445,3.515,3.6549,3.8249
8/26/2011,3.27,3.265,3.25,3.26,3.355,3.4251,3.4952,3.6402,3.8102
8/25/2011,3.255,3.255,3.25,3.285,3.36,3.455,3.535,3.675,3.85
8/24/2011,3.24,3.22,3.225,3.225,3.29,3.37,3.44,3.58,3.73
8/23/2011,3.245,3.235,3.24,3.255,3.33,3.455,3.475,3.615,3.76
8/22/2011,3.2,3.195,3.205,3.205,3.285,3.35,3.41,3.55,3.69
8/19/2011,3.21,3.205,3.1948,3.1949,3.26,3.3201,3.4001,3.5201,3.6602
8/18/2011,3.205,3.2,3.205,3.2,3.265,3.32,3.37,3.505,3.635
8/17/2011,3.2,3.19,3.195,3.2,3.265,3.325,3.4,3.515,3.635
8/16/2011,3.215,3.21,3.21,3.21,3.295,3.355,3.42,3.54,3.665
8/15/2011,3.225,3.205,3.235,3.22,3.305,3.385,3.47,3.595,3.715
8/12/2011,3.21,3.205,3.2299,3.2049,3.285,3.3751,3.4551,3.5752,3.6952
8/11/2011,3.21,3.245,3.24,3.265,3.32,3.435,3.525,3.645,3.765
8/10/2011,3.255,3.255,3.255,3.255,3.32,3.37,3.46,3.555,3.705
8/9/2011,3.275,3.275,3.295,3.33,3.385,3.48,3.58,3.695,3.83
8/8/2011,3.31,3.335,3.35,3.39,3.48,3.58,3.66,3.82,3.955
8/5/2011,3.325,3.36,3.3803,3.4252,3.5202,3.6003,3.6953,3.8453,3.9652
8/4/2011,3.365,3.39,3.435,3.485,3.59,3.68,3.77,3.935,4.075
8/3/2011,3.36,3.4,3.43,3.49,3.59,3.725,3.775,3.94,4.085
8/2/2011,3.36,3.405,3.455,3.515,3.62,3.715,3.835,4.01,4.165
8/1/2011,3.38,3.425,3.46,3.545,3.655,3.765,3.875,4.065,4.23
7/29/2011,3.375,3.415,3.4748,3.5498,3.6748,3.7898,3.9098,4.0998,4.2799
7/28/2011,3.37,3.415,3.475,3.56,3.685,3.81,3.93,4.12,4.3
7/27/2011,3.375,3.42,3.47,3.57,3.695,3.815,3.94,4.13,4.315
7/26/2011,3.375,3.42,3.48,3.58,3.71,3.845,3.965,4.16,4.355
7/25/2011,3.37,3.41,3.465,3.565,3.7,3.835,3.955,4.145,4.35
7/22/2011,3.375,3.42,3.4655,3.5754,3.7154,3.8554,3.9754,4.1754,4.3754
7/21/2011,3.37,3.415,3.465,3.56,3.7,3.835,3.96,4.145,4.345
7/20/2011,3.37,3.41,3.46,3.56,3.695,3.83,3.96,4.14,4.34
7/19/2011,3.345,3.385,3.445,3.535,3.675,3.81,3.94,4.13,4.32
7/18/2011,3.345,3.385,3.435,3.52,3.665,3.79,3.905,4.095,4.285
7/15/2011,3.345,3.385,3.4354,3.5204,3.6654,3.7904,3.9204,4.0854,4.3154
7/14/2011,3.345,3.395,3.43,3.525,3.67,3.79,3.92,4.085,4.305
7/13/2011,3.34,3.385,3.43,3.53,3.675,3.795,3.93,4.095,4.315
7/12/2011,3.34,3.38,3.43,3.51,3.66,3.77,3.895,4.065,4.27
7/11/2011,3.37,3.415,3.435,3.535,3.695,3.82,3.95,4.15,4.345
7/8/2011,3.3675,3.405,3.4505,3.5604,3.7204,3.8604,3.9904,4.1754,4.3904
7/7/2011,3.35,3.4,3.435,3.54,3.68,3.82,3.95,4.09,4.3
7/6/2011,3.415,3.455,3.485,3.575,3.7,3.83,3.945,4.12,4.31
7/5/2011,3.415,3.455,3.5,3.6,3.74,3.85,3.97,4.135,4.33
7/4/2011,3.415,3.455,3.5,3.6,3.735,3.855,3.99,4.16,4.365
7/1/2011,3.415,3.46,3.5157,3.6255,3.7605,3.8705,3.9904,4.1754,4.3604
6/30/2011,3.415,3.455,3.515,3.615,3.73,3.845,3.965,4.135,4.32
6/29/2011,3.415,3.455,3.515,3.615,3.73,3.835,3.95,4.105,4.28
6/28/2011,3.415,3.455,3.515,3.59,3.7,3.805,3.905,4.055,4.235
6/27/2011,3.415,3.455,3.515,3.585,3.685,3.76,3.88,4.03,4.21
6/24/2011,3.43,3.465,3.5257,3.6105,3.7154,3.8054,3.9104,4.0654,4.2453
6/23/2011,3.43,3.465,3.51,3.595,3.7,3.805,3.9,4.055,4.245
6/22/2011,3.43,3.465,3.52,3.595,3.705,3.805,3.895,4.07,4.27
6/21/2011,3.42,3.465,3.515,3.585,3.685,3.785,3.895,4.055,4.255
6/20/2011,3.42,3.465,3.505,3.57,3.67,3.77,3.865,4,4.205
6/17/2011,3.425,3.465,3.5006,3.5754,3.6804,3.7854,3.8804,4.0454,4.2553
6/16/2011,3.365,3.44,3.495,3.575,3.69,3.795,3.905,4.085,4.305
6/15/2011,3.365,3.44,3.505,3.595,3.715,3.835,3.96,4.14,4.365
6/14/2011,3.365,3.44,3.485,3.58,3.705,3.81,3.93,4.105,4.325
6/13/2011,3.365,3.44,3.48,3.57,3.68,3.795,3.905,4.075,4.305
6/10/2011,3.365,3.44,3.4857,3.5605,3.6804,3.7904,3.8954,4.0604,4.3004
6/9/2011,3.365,3.44,3.4662,3.5612,3.6717,3.7816,3.8863,4.0561,4.2757
6/8/2011,3.355,3.43,3.4656,3.5458,3.6561,3.7565,3.8612,4.0258,4.2356
6/7/2011,3.355,3.43,3.4753,3.5601,3.6653,3.7755,3.8805,4.0406,4.2403
6/6/2011,3.355,3.43,3.4659,3.5406,3.6353,3.7204,3.8356,3.9807,4.2005
6/3/2011,3.355,3.43,3.4711,3.5609,3.6662,3.7611,3.8607,4.0108,4.2255
6/2/2011,3.355,3.43,3.4664,3.5662,3.6515,3.7515,3.8613,4.006,4.2156
6/1/2011,3.355,3.435,3.4959,3.596,3.7112,3.8216,3.9312,4.0759,4.3206
5/31/2011,3.355,3.435,3.5008,3.6102,3.7154,3.8206,3.9556,4.1107,4.3354
5/30/2011,3.355,3.425,3.4808,3.5806,3.6757,3.7759,3.9006,4.0558,4.285
5/27/2011,3.355,3.44,3.4866,3.586,3.6808,3.7957,3.9206,4.0758,4.3057
5/26/2011,3.355,3.44,3.492,3.5965,3.7113,3.821,3.9413,4.111,4.336
5/25/2011,3.355,3.44,3.4859,3.5909,3.7011,3.811,3.9412,4.1008,4.3259
5/24/2011,3.35,3.44,3.4851,3.6,3.7303,3.8405,3.9555,4.1156,4.3553
5/23/2011,3.35,3.44,3.4862,3.5953,3.7204,3.8305,3.9507,4.1208,4.3504
5/20/2011,3.35,3.44,3.4914,3.6167,3.7466,3.8663,3.9908,4.161,4.406
5/19/2011,3.345,3.44,3.49,3.615,3.745,3.865,3.995,4.185,4.405
5/18/2011,3.345,3.44,3.495,3.6,3.72,3.845,3.96,4.155,4.375
5/17/2011,3.345,3.44,3.48,3.58,3.695,3.805,3.92,4.115,4.335
5/16/2011,3.345,3.44,3.48,3.58,3.695,3.805,3.92,4.115,4.335
5/13/2011,3.345,3.44,3.49,3.595,3.72,3.83,3.955,4.155,4.38
5/12/2011,3.345,3.44,3.495,3.6,3.71,3.82,3.93,4.125,4.335
5/11/2011,3.345,3.44,3.505,3.64,3.77,3.895,4.02,4.225,4.43
5/10/2011,3.36,3.41,3.505,3.63,3.765,3.88,4.01,4.215,4.425
5/9/2011,3.36,3.41,3.515,3.635,3.77,3.88,4.005,4.205,4.425
5/6/2011,3.36,3.41,3.515,3.66,3.785,3.9,4,4.21,4.425
5/5/2011,3.35,3.41,3.515,3.655,3.76,3.865,3.99,4.215,4.425
5/4/2011,3.245,3.315,3.42,3.61,3.745,3.86,3.995,4.22,4.45
5/3/2011,3.225,3.315,3.38,3.57,3.71,3.825,3.975,4.205,4.45
5/2/2011,3.225,3.32,3.38,3.56,3.705,3.83,3.975,4.21,4.455
4/29/2011,3.225,3.32,3.38,3.56,3.705,3.83,3.975,4.21,4.455
4/28/2011,3.17,3.32,3.395,3.57,3.71,3.85,4.015,4.225,4.53
4/27/2011,3.225,3.33,3.395,3.57,3.74,3.885,4.045,4.285,4.575
4/26/2011,3.23,3.335,3.395,3.58,3.75,3.895,4.055,4.28,4.59
4/25/2011,3.23,3.335,3.4,3.59,3.765,3.92,4.075,4.305,4.615
4/22/2011,3.23,3.335,3.4,3.59,3.765,3.92,4.085,4.315,4.625
4/21/2011,3.23,3.335,3.4,3.6,3.765,3.92,4.085,4.315,4.625
4/20/2011,3.23,3.335,3.39,3.58,3.75,3.9,4.055,4.28,4.58
4/19/2011,3.23,3.325,3.39,3.56,3.72,3.875,4.03,4.245,4.55
4/18/2011,3.23,3.325,3.38,3.555,3.725,3.875,4.025,4.265,4.545
4/15/2011,3.23,3.325,3.4,3.575,3.755,3.905,4.06,4.27,4.585
4/14/2011,3.23,3.325,3.41,3.58,3.77,3.92,4.085,4.34,4.63
4/13/2011,3.225,3.325,3.395,3.585,3.765,3.93,4.1,4.365,4.655
4/12/2011,3.225,3.325,3.41,3.595,3.76,3.93,4.1,4.37,4.655
4/11/2011,3.24,3.34,3.415,3.61,3.785,3.96,4.125,4.385,4.655
4/8/2011,3.235,3.33,3.415,3.62,3.79,3.96,4.11,4.36,4.645
4/7/2011,3.185,3.315,3.415,3.615,3.77,3.92,4.09,4.34,4.615
4/6/2011,3.185,3.315,3.41,3.62,3.77,3.925,4.085,4.34,4.61
4/5/2011,3.175,3.315,3.395,3.6,3.75,3.905,4.07,4.345,4.625
4/4/2011,3.155,3.28,3.385,3.595,3.76,3.925,4.09,4.37,4.66
4/1/2011,3.155,3.28,3.385,3.61,3.79,3.95,4.115,4.385,4.685
3/31/2011,3.155,3.27,3.38,3.585,3.755,3.92,4.085,4.355,4.665
3/30/2011,3.155,3.27,3.385,3.61,3.78,3.945,4.11,4.39,4.695
3/29/2011,3.155,3.28,3.365,3.595,3.775,3.92,4.09,4.335,4.655
3/28/2011,3.155,3.275,3.355,3.585,3.755,3.925,4.09,4.345,4.67
3/25/2011,3.145,3.3,3.36,3.61,3.775,3.9,4.07,4.335,4.63
3/24/2011,3.135,3.24,3.325,3.56,3.75,3.9,4.05,4.315,4.61
3/23/2011,3.145,3.24,3.325,3.56,3.72,3.895,4.06,4.35,4.66
3/22/2011,3.105,3.195,3.27,3.495,3.69,3.875,4.06,4.355,4.675
3/21/2011,3.105,3.195,3.25,3.48,3.655,3.85,4.02,4.295,4.635
3/18/2011,3.105,3.195,3.235,3.42,3.59,3.745,3.92,4.165,4.505
3/17/2011,3.105,3.195,3.23,3.44,3.585,3.73,3.89,4.145,4.47
3/16/2011,3.105,3.195,3.25,3.455,3.63,3.77,3.935,4.205,4.535
3/15/2011,3.105,3.195,3.24,3.4075,3.5625,3.7025,3.8675,4.12,4.43
3/14/2011,3.105,3.205,3.25,3.47,3.62,3.79,3.96,4.235,4.555
3/11/2011,3.1,3.2,3.285,3.485,3.67,3.83,4.035,4.305,4.645
3/10/2011,3.11,3.17,3.205,3.41,3.6,3.79,4,4.285,4.625
3/9/2011,3.1125,3.195,3.24,3.47,3.68,3.9,4.12,4.4,4.75
3/8/2011,3.1125,3.1875,3.245,3.475,3.72,3.935,4.145,4.46,4.785
3/7/2011,3.1125,3.1875,3.24,3.48,3.72,3.93,4.165,4.47,4.825
3/4/2011,3.1125,3.19,3.25,3.48,3.73,3.955,4.185,4.485,4.85
3/3/2011,3.11,3.18,3.25,3.47,3.715,3.93,4.17,4.505,4.86
3/2/2011,3.11,3.18,3.245,3.475,3.71,3.935,4.16,4.495,4.885
3/1/2011,3.11,3.1775,3.235,3.465,3.705,3.93,4.17,4.505,4.915
2/28/2011,3.09,3.1625,3.225,3.475,3.71,3.93,4.16,4.51,4.92
2/25/2011,3.085,3.1675,3.2,3.435,3.68,3.91,4.155,4.485,4.875
2/24/2011,3.085,3.1675,3.2,3.44,3.68,3.92,4.15,4.495,4.9
2/23/2011,3.09,3.17,3.215,3.455,3.715,3.945,4.185,4.515,4.935
2/22/2011,3.09,3.17,3.22,3.455,3.715,3.945,4.17,4.515,4.9
2/21/2011,3.115,3.17,3.23,3.495,3.77,3.99,4.22,4.545,4.915
2/18/2011,3.115,3.17,3.215,3.49,3.77,3.985,4.215,4.54,4.905
2/17/2011,3.115,3.21,3.24,3.505,3.76,3.98,4.21,4.51,4.895
2/16/2011,3.115,3.21,3.245,3.515,3.77,4.015,4.24,4.54,4.93
2/15/2011,3.115,3.21,3.245,3.54,3.81,4.02,4.26,4.555,4.935
2/14/2011,3.115,3.21,3.235,3.53,3.81,4.02,4.27,4.565,4.945
2/11/2011,3.115,3.21,3.24,3.51,3.8,4.01,4.24,4.56,4.92
2/10/2011,3.11,3.21,3.245,3.525,3.815,4.02,4.235,4.545,4.915
2/9/2011,3.11,3.21,3.26,3.575,3.85,4.07,4.31,4.615,5
2/8/2011,3.1,3.19,3.255,3.545,3.805,4.03,4.26,4.555,4.935
2/7/2011,3.1,3.19,3.26,3.55,3.79,4.045,4.28,4.585,4.95
2/4/2011,3.075,3.19,3.235,3.475,3.705,3.925,4.145,4.425,4.795
2/3/2011,3.075,3.19,3.235,3.475,3.705,3.925,4.145,4.425,4.795
2/2/2011,3.075,3.19,3.235,3.475,3.705,3.925,4.145,4.425,4.795
2/1/2011,3.08,3.185,3.205,3.47,3.69,3.905,4.13,4.415,4.79
1/31/2011,3.08,3.185,3.19,3.445,3.67,3.89,4.105,4.395,4.775
1/28/2011,3.085,3.185,3.225,3.465,3.675,3.905,4.115,4.395,4.785
1/27/2011,3.09,3.24,3.26,3.5,3.725,3.935,4.155,4.415,4.825
1/26/2011,3.135,3.255,3.33,3.57,3.79,3.99,4.19,4.49,4.875
1/25/2011,3.14,3.255,3.33,3.585,3.82,3.995,4.21,4.5,4.88
1/24/2011,3.14,3.255,3.35,3.59,3.81,4,4.215,4.52,4.88
1/21/2011,3.13,3.235,3.32,3.545,3.765,3.96,4.155,4.445,4.785
1/20/2011,3.13,3.22,3.3,3.53,3.73,3.92,4.135,4.44,4.775
1/19/2011,3.135,3.22,3.29,3.535,3.76,3.955,4.175,4.465,4.815
1/18/2011,3.12,3.175,3.245,3.475,3.71,3.9,4.15,4.44,4.815
1/17/2011,3.095,3.18,3.245,3.475,3.705,3.905,4.15,4.445,4.83
1/14/2011,3.075,3.17,3.23,3.435,3.665,3.855,4.095,4.405,4.81
1/13/2011,3.075,3.16,3.22,3.44,3.665,3.86,4.105,4.405,4.815
1/12/2011,3.075,3.16,3.225,3.45,3.675,3.885,4.15,4.495,4.9
1/11/2011,3.05,3.165,3.225,3.43,3.655,3.87,4.11,4.45,4.88
1/10/2011,3.05,3.16,3.245,3.455,3.675,3.895,4.13,4.485,4.935
1/7/2011,3.05,3.14,3.21,3.425,3.625,3.825,4.06,4.385,4.8
1/6/2011,3.05,3.14,3.195,3.425,3.615,3.835,4.065,4.35,4.765
1/5/2011,3.05,3.145,3.18,3.385,3.575,3.765,3.94,4.24,4.63
1/4/2011,3.05,3.145,3.205,3.395,3.565,3.755,3.95,4.255,4.63
1/3/2011,3.05,3.145,3.195,3.41,3.58,3.765,3.955,4.25,4.635
12/31/2010,3.05,3.11,3.19,3.4,3.535,3.695,3.88,4.175,4.565
12/30/2010,3.05,3.11,3.18,3.385,3.535,3.7,3.88,4.185,4.565
12/29/2010,3.035,3.11,3.18,3.39,3.55,3.72,3.9,4.2,4.575
12/28/2010,3.035,3.09,3.185,3.37,3.535,3.705,3.88,4.18,4.545
12/27/2010,3.035,3.09,3.17,3.38,3.555,3.71,3.895,4.2,4.575
12/24/2010,3.035,3.09,3.185,3.37,3.535,3.705,3.88,4.18,4.545
12/23/2010,3.035,3.09,3.185,3.37,3.535,3.705,3.88,4.18,4.545
12/22/2010,3.035,3.09,3.165,3.365,3.52,3.705,3.875,4.17,4.545
12/21/2010,3.035,3.09,3.165,3.355,3.52,3.695,3.87,4.17,4.545
12/20/2010,3.035,3.09,3.165,3.36,3.52,3.685,3.87,4.17,4.565
12/17/2010,3.035,3.09,3.155,3.345,3.51,3.68,3.86,4.17,4.545
12/16/2010,3.025,3.075,3.165,3.355,3.515,3.685,3.86,4.155,4.51
12/15/2010,3.02,3.07,3.165,3.345,3.515,3.685,3.875,4.175,4.55
12/14/2010,3.02,3.07,3.135,3.335,3.51,3.675,3.87,4.17,4.515
12/13/2010,3.02,3.07,3.14,3.325,3.51,3.695,3.885,4.185,4.54
12/10/2010,3.02,3.07,3.145,3.33,3.51,3.685,3.87,4.15,4.52
12/9/2010,3.02,3.07,3.145,3.33,3.515,3.7,3.875,4.16,4.545
12/8/2010,3.02,3.07,3.135,3.315,3.5,3.705,3.885,4.165,4.585
12/7/2010,3.015,3.06,3.12,3.28,3.48,3.67,3.835,4.115,4.505
12/6/2010,3.01,3.055,3.115,3.275,3.465,3.635,3.82,4.105,4.455
12/3/2010,3.005,3.045,3.105,3.265,3.465,3.655,3.825,4.085,4.475
12/2/2010,3.005,3.045,3.105,3.26,3.47,3.665,3.84,4.075,4.47
12/1/2010,3.005,3.045,3.085,3.245,3.425,3.64,3.805,4.045,4.44
11/30/2010,3.005,3.045,3.085,3.23,3.41,3.615,3.785,4.025,4.39
11/29/2010,3.005,3.045,3.095,3.24,3.41,3.63,3.8,4.035,4.42
11/26/2010,3,3.04,3.095,3.24,3.41,3.63,3.795,4.045,4.445
11/25/2010,3,3.04,3.09,3.24,3.41,3.62,3.795,4.035,4.41
11/24/2010,3,3.04,3.09,3.225,3.4,3.605,3.785,4.01,4.385
11/23/2010,3,3.04,3.085,3.22,3.385,3.61,3.765,3.995,4.38
11/22/2010,3,3.04,3.09,3.23,3.425,3.64,3.805,4.045,4.405
11/19/2010,3,3.04,3.09,3.225,3.425,3.64,3.8,4.045,4.405
11/18/2010,3,3.04,3.09,3.225,3.425,3.63,3.785,4.055,4.405
11/17/2010,3,3.04,3.095,3.24,3.44,3.665,3.84,4.075,4.45
11/16/2010,3,3.04,3.095,3.24,3.435,3.6575,3.84,4.0775,4.4375
11/15/2010,3,3.04,3.09,3.23,3.435,3.655,3.835,4.0775,4.43
11/12/2010,3,3.04,3.105,3.23,3.43,3.64,3.82,4.065,4.4
11/11/2010,3,3.04,3.095,3.22,3.42,3.625,3.76,4.01,4.32
11/10/2010,3,3.04,3.095,3.225,3.43,3.635,3.765,4.025,4.31
11/9/2010,3,3.04,3.085,3.23,3.425,3.63,3.77,4.005,4.265
11/8/2010,3,3.04,3.08,3.22,3.42,3.625,3.77,4.005,4.275
11/5/2010,3,3.04,3.08,3.225,3.42,3.63,3.77,4.005,4.255
11/4/2010,3,3.04,3.08,3.225,3.42,3.63,3.77,4.005,4.255
11/3/2010,3,3.04,3.08,3.23,3.43,3.63,3.755,3.98,4.245
11/2/2010,3.005,3.03,3.08,3.225,3.43,3.645,3.78,3.995,4.26
11/1/2010,3.005,3.025,3.085,3.225,3.42,3.63,3.77,3.975,4.235
10/29/2010,3.005,3.025,3.08,3.22,3.42,3.62,3.76,3.975,4.24
10/28/2010,3.005,3.025,3.09,3.235,3.43,3.63,3.79,4,4.26
10/27/2010,3.005,3.025,3.08,3.23,3.44,3.64,3.81,4.025,4.285
10/26/2010,3.005,3.025,3.085,3.24,3.44,3.645,3.79,4.01,4.28
10/25/2010,3.02,3.025,3.08,3.225,3.42,3.615,3.75,3.965,4.215
10/22/2010,2.99,3.025,3.085,3.23,3.425,3.605,3.74,3.965,4.205
10/21/2010,2.99,3.025,3.085,3.25,3.43,3.61,3.745,3.975,4.2
10/20/2010,2.99,3.025,3.09,3.245,3.44,3.63,3.77,3.985,4.22
10/19/2010,2.99,3.025,3.08,3.24,3.43,3.6,3.72,3.94,4.17
10/18/2010,2.99,3.025,3.08,3.24,3.4,3.575,3.7,3.9,4.125
10/15/2010,2.945,3.005,3.085,3.24,3.385,3.56,3.695,3.875,4.12
10/14/2010,2.945,3.005,3.07,3.22,3.355,3.54,3.655,3.86,4.08
10/13/2010,2.96,2.99,3.07,3.225,3.375,3.555,3.68,3.875,4.105
10/12/2010,2.96,2.99,3.075,3.23,3.38,3.555,3.685,3.875,4.105
10/11/2010,2.96,2.99,3.07,3.235,3.38,3.57,3.685,3.875,4.1
10/8/2010,2.96,2.99,3.07,3.215,3.36,3.54,3.66,3.845,4.06
10/7/2010,2.96,2.99,3.065,3.205,3.35,3.53,3.65,3.84,4.05
10/6/2010,2.96,2.99,3.065,3.215,3.37,3.545,3.66,3.845,4.065
10/5/2010,2.96,2.99,3.06,3.2,3.365,3.54,3.655,3.845,4.06
10/4/2010,2.96,2.99,3.065,3.195,3.355,3.52,3.645,3.825,4.055
10/1/2010,2.96,2.99,3.065,3.19,3.355,3.525,3.655,3.835,4.07
9/30/2010,2.96,2.99,3.055,3.185,3.34,3.5,3.615,3.795,4.02
9/29/2010,2.96,2.99,3.05,3.18,3.345,3.495,3.61,3.8,4.02
9/28/2010,2.96,2.99,3.05,3.185,3.345,3.49,3.61,3.78,4.015
9/27/2010,2.96,2.99,3.05,3.185,3.335,3.48,3.605,3.785,4.025
9/24/2010,2.96,2.99,3.05,3.185,3.34,3.5,3.62,3.775,4.015
9/23/2010,2.96,2.99,3.06,3.18,3.35,3.52,3.625,3.815,4.055
9/22/2010,2.96,2.99,3.05,3.205,3.355,3.52,3.65,3.815,4.06
9/21/2010,2.96,2.99,3.045,3.18,3.33,3.51,3.62,3.795,4.04
9/20/2010,2.96,2.99,3.045,3.18,3.31,3.495,3.62,3.78,4.04
9/17/2010,2.96,2.99,3.04,3.17,3.3,3.485,3.605,3.765,4.015
9/16/2010,2.96,2.99,3.04,3.17,3.29,3.45,3.565,3.735,3.95
9/15/2010,2.96,2.99,3.04,3.17,3.29,3.45,3.565,3.735,3.95
9/14/2010,2.96,2.99,3.04,3.175,3.295,3.435,3.565,3.735,3.955
9/13/2010,2.96,2.99,3.035,3.185,3.3,3.46,3.575,3.73,3.965
9/10/2010,2.96,2.99,3.035,3.17,3.275,3.435,3.545,3.725,3.935
9/9/2010,2.96,2.99,3.035,3.17,3.275,3.435,3.545,3.725,3.935
9/8/2010,2.96,2.99,3.035,3.175,3.275,3.45,3.555,3.725,3.95
9/7/2010,2.96,2.99,3.04,3.185,3.285,3.46,3.57,3.745,3.97
9/6/2010,2.96,2.99,3.035,3.175,3.285,3.46,3.58,3.75,3.98
9/3/2010,2.96,3,3.025,3.16,3.265,3.425,3.535,3.715,3.935
9/2/2010,2.965,3.015,3.075,3.205,3.31,3.445,3.555,3.73,3.95
9/1/2010,2.965,3.015,3.075,3.205,3.31,3.455,3.565,3.745,3.96
8/31/2010,2.955,3.005,3.06,3.215,3.335,3.485,3.59,3.77,3.995
8/30/2010,2.955,3.005,3.06,3.215,3.335,3.485,3.59,3.77,3.995
8/27/2010,2.965,3.015,3.055,3.18,3.31,3.45,3.575,3.755,3.965
8/26/2010,2.965,3.015,3.05,3.17,3.27,3.415,3.545,3.725,3.92
8/25/2010,2.965,3.015,3.06,3.145,3.25,3.38,3.51,3.69,3.915
8/24/2010,2.97,3.015,3.05,3.16,3.255,3.41,3.53,3.71,3.92
8/23/2010,2.96,3.015,3.04,3.15,3.24,3.4,3.52,3.695,3.915
8/20/2010,2.96,3.015,3.04,3.17,3.275,3.445,3.55,3.73,3.945
8/19/2010,2.975,3.025,3.045,3.185,3.3,3.475,3.585,3.79,4.05
8/18/2010,2.975,3.025,3.055,3.195,3.325,3.5,3.61,3.845,4.11
8/17/2010,2.975,3.025,3.055,3.2,3.32,3.495,3.62,3.845,4.115
8/16/2010,2.975,3.025,3.065,3.195,3.335,3.5,3.605,3.855,4.125
8/13/2010,2.975,3.03,3.065,3.21,3.335,3.51,3.63,3.875,4.145
8/12/2010,2.975,3.03,3.06,3.215,3.335,3.51,3.635,3.885,4.17
8/11/2010,2.975,3.03,3.075,3.215,3.35,3.515,3.645,3.895,4.17
8/10/2010,2.985,3.03,3.085,3.245,3.395,3.565,3.695,3.945,4.235
8/9/2010,2.965,3.03,3.08,3.235,3.39,3.565,3.69,3.935,4.215
8/6/2010,2.965,3.03,3.08,3.235,3.39,3.565,3.69,3.935,4.215
8/5/2010,2.965,3.03,3.08,3.23,3.385,3.55,3.675,3.925,4.205
8/4/2010,2.965,3.03,3.08,3.225,3.385,3.545,3.675,3.915,4.2
8/3/2010,2.965,3.03,3.09,3.24,3.4,3.57,3.695,3.94,4.225
8/2/2010,2.955,3.025,3.09,3.24,3.425,3.57,3.685,3.925,4.235
7/30/2010,2.955,3.025,3.09,3.25,3.41,3.575,3.705,3.945,4.245
7/29/2010,2.955,3.025,3.09,3.245,3.4,3.565,3.715,3.955,4.275
7/28/2010,2.955,3.025,3.08,3.245,3.39,3.555,3.69,3.915,4.215
7/27/2010,2.955,3.025,3.085,3.235,3.38,3.53,3.675,3.915,4.185
7/26/2010,2.965,3.025,3.075,3.22,3.38,3.525,3.67,3.905,4.185
7/23/2010,2.965,3.025,3.075,3.22,3.37,3.51,3.66,3.875,4.155
7/22/2010,2.975,3.025,3.07,3.21,3.35,3.5,3.645,3.875,4.155
7/21/2010,2.975,3.025,3.07,3.225,3.37,3.525,3.67,3.9,4.17
7/20/2010,2.975,3.025,3.07,3.225,3.365,3.54,3.67,3.9,4.18
7/19/2010,2.975,3.025,3.06,3.21,3.36,3.52,3.66,3.895,4.17
7/16/2010,2.975,3.025,3.065,3.235,3.38,3.54,3.665,3.855,4.17
7/15/2010,2.945,3.025,3.05,3.215,3.36,3.515,3.66,3.855,4.165
7/14/2010,2.945,2.975,3.035,3.195,3.32,3.495,3.64,3.825,4.125
7/13/2010,2.925,2.975,3.03,3.185,3.32,3.485,3.635,3.825,4.125
7/12/2010,2.925,2.975,3.035,3.185,3.31,3.495,3.655,3.845,4.155
7/9/2010,2.925,2.975,3.03,3.17,3.31,3.47,3.635,3.835,4.145
7/8/2010,2.805,2.87,2.995,3.145,3.285,3.47,3.63,3.825,4.125
7/7/2010,2.805,2.87,2.905,3.095,3.255,3.445,3.605,3.805,4.105
7/6/2010,2.805,2.87,2.905,3.085,3.265,3.45,3.605,3.815,4.115
7/5/2010,2.805,2.89,2.91,3.11,3.29,3.47,3.64,3.855,4.135
7/2/2010,2.805,2.89,2.91,3.115,3.275,3.485,3.645,3.865,4.145
7/1/2010,2.805,2.865,2.905,3.1,3.265,3.47,3.62,3.865,4.135
6/30/2010,2.805,2.865,2.905,3.105,3.275,3.475,3.64,3.85,4.155
6/29/2010,2.805,2.865,2.9,3.105,3.28,3.48,3.66,3.88,4.185
6/28/2010,2.805,2.865,2.905,3.12,3.3,3.515,3.695,3.935,4.245
6/25/2010,2.805,2.865,2.89,3.115,3.3,3.525,3.7,3.935,4.235
6/24/2010,2.79,2.89,2.89,3.1,3.3,3.515,3.7,3.945,4.235
6/23/2010,2.79,2.89,2.91,3.125,3.32,3.545,3.73,3.975,4.255
6/22/2010,2.79,2.89,2.91,3.135,3.33,3.57,3.76,4.03,4.32
6/21/2010,2.79,2.89,2.91,3.14,3.345,3.575,3.765,4.035,4.3
6/18/2010,2.79,2.89,2.91,3.14,3.34,3.57,3.765,4.035,4.295
6/17/2010,2.79,2.88,2.91,3.125,3.33,3.565,3.74,3.985,4.245
6/16/2010,2.79,2.855,2.91,3.125,3.34,3.57,3.755,3.985,4.245
6/15/2010,2.79,2.855,2.905,3.125,3.325,3.56,3.735,3.96,4.225
6/14/2010,2.79,2.855,2.9,3.12,3.33,3.58,3.745,3.97,4.225
6/11/2010,2.775,2.855,2.885,3.125,3.33,3.55,3.715,3.925,4.175
6/10/2010,2.775,2.84,2.875,3.12,3.315,3.55,3.73,3.935,4.195
6/9/2010,2.775,2.84,2.875,3.1,3.3,3.51,3.695,3.895,4.16
6/8/2010,2.775,2.84,2.88,3.1,3.29,3.51,3.7,3.91,4.16
6/7/2010,2.775,2.84,2.875,3.1,3.285,3.505,3.695,3.905,4.15
6/4/2010,2.775,2.84,2.89,3.13,3.335,3.555,3.74,3.955,4.225
6/3/2010,2.775,2.84,2.885,3.12,3.335,3.55,3.72,3.93,4.175
6/2/2010,2.79,2.83,2.865,3.065,3.275,3.5,3.67,3.875,4.125
6/1/2010,2.79,2.83,2.865,3.065,3.27,3.485,3.66,3.865,4.115
5/31/2010,2.79,2.83,2.87,3.105,3.3,3.515,3.7,3.905,4.17
5/28/2010,2.76,2.815,2.86,3.065,3.26,3.47,3.655,3.855,4.095
5/27/2010,2.76,2.815,2.86,3.065,3.26,3.47,3.655,3.855,4.095
5/26/2010,2.735,2.815,2.86,3.04,3.225,3.425,3.62,3.805,4.035
5/25/2010,2.735,2.815,2.86,3.015,3.205,3.395,3.575,3.775,4.025
5/24/2010,2.735,2.815,2.86,3.035,3.225,3.41,3.6,3.815,4.045
5/21/2010,2.74,2.785,2.86,3.015,3.205,3.395,3.595,3.795,4.025
5/20/2010,2.765,2.815,2.87,3.03,3.225,3.42,3.62,3.835,4.075
5/19/2010,2.765,2.835,2.885,3.06,3.255,3.445,3.635,3.835,4.085
5/18/2010,2.765,2.8,2.885,3.09,3.275,3.475,3.655,3.875,4.125
5/17/2010,2.765,2.8,2.895,3.09,3.275,3.465,3.63,3.845,4.085
5/14/2010,2.755,2.8,2.895,3.125,3.3,3.51,3.67,3.895,4.135
5/13/2010,2.74,2.765,2.83,3.07,3.28,3.48,3.66,3.885,4.125
5/12/2010,2.685,2.73,2.81,3.055,3.29,3.485,3.665,3.905,4.135
5/11/2010,2.695,2.75,2.81,3.06,3.29,3.485,3.675,3.905,4.135
5/10/2010,2.695,2.745,2.81,3.075,3.325,3.51,3.7,3.925,4.145
5/7/2010,2.695,2.72,2.785,3.04,3.28,3.48,3.665,3.875,4.115
5/6/2010,2.695,2.79,2.82,3.085,3.335,3.535,3.725,3.975,4.195
5/5/2010,2.695,2.79,2.84,3.115,3.36,3.56,3.76,4.015,4.245
5/4/2010,2.72,2.825,2.86,3.155,3.405,3.625,3.815,4.045,4.285
5/3/2010,2.72,2.825,2.855,3.155,3.405,3.62,3.815,4.03,4.275
4/30/2010,2.735,2.84,2.855,3.155,3.405,3.62,3.815,4.035,4.285
4/29/2010,2.735,2.84,2.875,3.175,3.415,3.62,3.825,4.055,4.295
4/28/2010,2.735,2.84,2.88,3.15,3.39,3.61,3.82,4.045,4.285
4/27/2010,2.735,2.84,2.9,3.165,3.415,3.62,3.82,4.055,4.295
4/26/2010,2.735,2.84,2.9,3.175,3.415,3.62,3.825,4.055,4.295
4/23/2010,2.735,2.84,2.895,3.17,3.385,3.6,3.815,4.045,4.275
4/22/2010,2.735,2.835,2.895,3.17,3.38,3.6,3.8,4.045,4.275
4/21/2010,2.735,2.835,2.915,3.18,3.415,3.63,3.84,4.09,4.325
4/20/2010,2.735,2.835,2.92,3.185,3.415,3.63,3.84,4.065,4.315
4/19/2010,2.735,2.815,2.925,3.175,3.415,3.63,3.835,4.055,4.305
4/16/2010,2.735,2.815,2.905,3.18,3.43,3.655,3.86,4.105,4.335
4/15/2010,2.735,2.815,2.9,3.19,3.445,3.67,3.865,4.075,4.345
4/14/2010,2.74,2.805,2.9,3.1725,3.425,3.63,3.83,4.075,4.32
4/13/2010,2.74,2.805,2.885,3.165,3.42,3.645,3.835,4.06,4.29
4/12/2010,2.74,2.805,2.885,3.1775,3.425,3.6475,3.8475,4.085,4.335
4/9/2010,2.675,2.795,2.85,3.18,3.435,3.645,3.86,4.12,4.325
4/8/2010,2.64,2.785,2.855,3.18,3.43,3.655,3.87,4.12,4.325
4/7/2010,2.635,2.785,2.845,3.1925,3.45,3.6675,3.875,4.09,4.375
4/6/2010,2.635,2.76,2.8625,3.21,3.445,3.655,3.855,4.1,4.34
4/5/2010,2.635,2.735,2.84,3.185,3.445,3.655,3.855,4.1,4.34
4/2/2010,2.605,2.735,2.815,3.145,3.415,3.615,3.815,4.075,4.325
4/1/2010,2.605,2.735,2.815,3.155,3.425,3.615,3.82,4.085,4.325
3/31/2010,2.605,2.735,2.81,3.155,3.435,3.62,3.83,4.095,4.325
3/30/2010,2.605,2.735,2.81,3.145,3.415,3.615,3.825,4.055,4.335
3/29/2010,2.605,2.735,2.835,3.14,3.41,3.61,3.81,4.07,4.2975
3/26/2010,2.6,2.735,2.82,3.145,3.405,3.615,3.81,4.08,4.31
3/25/2010,2.6,2.715,2.84,3.16,3.405,3.605,3.815,4.065,4.35
3/24/2010,2.6,2.715,2.815,3.145,3.375,3.575,3.775,4,4.28
3/23/2010,2.605,2.715,2.805,3.11,3.35,3.565,3.76,3.99,4.275
3/22/2010,2.605,2.715,2.805,3.115,3.36,3.56,3.76,4.015,4.305
3/19/2010,1.5,1.5,2.795,3.09,3.335,3.56,3.765,4.015,4.305
3/18/2010,1.5,1.5,2.785,3.085,3.32,3.54,3.75,4.005,4.285
3/17/2010,1.5,1.5,2.795,3.075,3.325,3.545,3.75,4.02,4.31
3/16/2010,1.5,1.5,2.805,3.115,3.3625,3.57,3.78,4.04,4.3325
3/15/2010,1.5,1.5,2.815,3.135,3.39,3.61,3.81,4.06,4.355
3/12/2010,1.5,1.5,2.79,3.095,3.37,3.56,3.78,4.055,4.325
3/11/2010,1.5,1.5,2.785,3.0825,3.3625,3.5775,3.795,4.0675,4.3575
3/10/2010,1.5,1.5,2.755,3.05,3.325,3.575,3.795,4.04,4.33
3/9/2010,1.5,1.5,2.745,3.045,3.31,3.575,3.795,4.045,4.335
3/8/2010,1.5,1.5,2.745,3.035,3.31,3.565,3.78,4.045,4.34
3/5/2010,2.1975,2.2375,2.695,2.995,3.26,3.5,3.71,3.985,4.275
3/4/2010,2.1975,2.2375,2.685,2.975,3.265,3.545,3.775,4.08,4.37
3/3/2010,2.1975,2.2375,2.655,3.015,3.285,3.58,3.8,4.08,4.37
3/2/2010,2.1975,2.2375,2.63,2.99,3.275,3.575,3.815,4.095,4.43
3/1/2010,2.1975,2.2375,2.635,2.995,3.2844,3.5693,3.815,4.11,4.47
2/26/2010,2.1975,2.2375,2.62,2.99,3.29,3.5831,3.84,4.175,4.505
2/25/2010,2.1975,2.2375,2.625,2.995,3.315,3.6,3.835,4.2,4.46
2/24/2010,2.1975,2.2375,2.675,3.03,3.335,3.625,3.885,4.2,4.53
2/23/2010,2.1975,2.2375,2.655,3.015,3.33,3.605,3.865,4.215,4.53
2/22/2010,2.1975,2.2375,2.625,3.02,3.305,3.595,3.875,4.175,4.53
2/19/2010,2.1975,2.2375,2.625,3.025,3.325,3.625,3.895,4.2,4.55
2/18/2010,2.1975,2.2375,2.575,2.955,3.275,3.575,3.885,4.2,4.55
2/17/2010,2.1975,2.2375,2.565,2.94,3.255,3.555,3.855,4.16,4.5
2/16/2010,2.1975,2.2375,2.555,2.925,3.235,3.525,3.835,4.155,4.465
2/15/2010,2.1975,2.2375,2.545,2.925,3.23,3.55,3.84,4.135,4.445
2/12/2010,2.1975,2.2375,2.545,2.925,3.23,3.55,3.84,4.135,4.445
2/11/2010,2.1975,2.2375,2.545,2.92,3.23,3.55,3.845,4.145,4.465
2/10/2010,2.1975,2.2375,2.54,2.92,3.235,3.55,3.85,4.14,4.455
2/9/2010,2.1975,2.2375,2.52,2.91,3.225,3.545,3.835,4.135,4.44
2/8/2010,2.1975,2.2375,2.515,2.91,3.225,3.54,3.84,4.12,4.45
2/5/2010,2.1975,2.2375,2.53,2.9,3.225,3.54,3.84,4.12,4.44
2/4/2010,2.1975,2.2375,2.58,2.975,3.29,3.58,3.885,4.18,4.505
2/3/2010,2.1975,2.2375,2.565,2.955,3.28,3.58,3.88,4.16,4.51
2/2/2010,2.1975,2.2375,2.55,2.96,3.285,3.59,3.89,4.17,4.55
2/1/2010,2.1975,2.2375,2.515,2.945,3.275,3.545,3.865,4.18,4.55
1/29/2010,2.1975,2.2375,2.525,2.94,3.28,3.58,3.885,4.175,4.545
1/28/2010,2.1975,2.2375,2.445,2.865,3.205,3.515,3.835,4.145,4.51
1/27/2010,2.1975,2.2375,2.385,2.82,3.17,3.5,3.81,4.125,4.495
1/26/2010,2.1975,2.2375,2.34,2.75,3.105,3.45,3.77,4.1,4.5
1/25/2010,2.1975,2.2375,2.345,2.755,3.105,3.475,3.785,4.115,4.515
1/22/2010,2.1975,2.2375,2.345,2.75,3.105,3.425,3.745,4.1,4.5
1/21/2010,2.1975,2.2375,2.35,2.76,3.105,3.455,3.77,4.11,4.51
1/20/2010,2.1975,2.2375,2.35,2.775,3.105,3.465,3.79,4.13,4.53
1/19/2010,2.1975,2.2375,2.355,2.775,3.125,3.475,3.805,4.12,4.57
1/18/2010,2.1975,2.2375,2.345,2.765,3.105,3.44,3.775,4.115,4.525
1/15/2010,2.1975,2.2375,2.345,2.735,3.105,3.435,3.765,4.115,4.515
1/14/2010,2.1975,2.2375,2.36,2.75,3.115,3.455,3.775,4.125,4.535
1/13/2010,2.1975,2.2375,2.35,2.77,3.135,3.485,3.82,4.145,4.575
1/12/2010,2.1975,2.2375,2.36,2.78,3.135,3.49,3.825,4.165,4.605
1/11/2010,2.1975,2.2375,2.38,2.82,3.18,3.54,3.88,4.21,4.65
1/8/2010,2.1975,2.2375,2.4,2.865,3.235,3.605,3.91,4.23,4.68
1/7/2010,2.1975,2.2375,2.4,2.85,3.22,3.59,3.915,4.23,4.66
1/6/2010,2.1975,2.2375,2.4,2.87,3.225,3.595,3.92,4.24,4.67
1/5/2010,2.1975,2.2375,2.4,2.885,3.25,3.6,3.93,4.25,4.68
1/4/2010,2.1975,2.2375,2.435,2.91,3.29,3.64,3.97,4.3,4.74
1/1/2010,2.1975,2.2375,2.385,2.825,3.175,3.525,3.855,4.185,4.625
12/31/2009,2.1975,2.2375,2.4,2.86,3.205,3.555,3.875,4.2,4.65
12/30/2009,2.1975,2.2375,2.4,2.83,3.19,3.535,3.87,4.195,4.635
12/29/2009,2.1975,2.2375,2.385,2.825,3.205,3.555,3.875,4.2,4.65
12/28/2009,2.1975,2.2375,2.4,2.84,3.195,3.555,3.875,4.23,4.66
12/25/2009,2.1975,2.2375,2.395,2.835,3.215,3.555,3.875,4.195,4.625
12/24/2009,2.1975,2.2375,2.385,2.825,3.195,3.545,3.865,4.19,4.62
12/23/2009,2.1975,2.2375,2.395,2.84,3.205,3.555,3.875,4.195,4.625
12/22/2009,2.1975,2.2375,2.405,2.855,3.215,3.565,3.885,4.21,4.65
12/21/2009,2.1975,2.2375,2.375,2.815,3.145,3.485,3.815,4.15,4.58
12/18/2009,2.1975,2.2375,2.375,2.835,3.165,3.505,3.835,4.16,4.59
12/17/2009,2.1975,2.2375,2.375,2.81,3.145,3.49,3.8,4.125,4.555
12/16/2009,2.1975,2.2375,2.365,2.815,3.14,3.475,3.815,4.125,4.565
12/15/2009,2.1975,2.2375,2.37,2.815,3.14,3.465,3.8,4.115,4.55
12/14/2009,2.1975,2.2375,2.36,2.77,3.11,3.45,3.79,4.125,4.55
12/11/2009,2.1975,2.2375,2.355,2.755,3.1,3.425,3.77,4.105,4.545
12/10/2009,2.1975,2.2375,2.345,2.735,3.085,3.405,3.755,4.095,4.535
12/9/2009,2.1975,2.2375,2.325,2.725,3.08,3.405,3.75,4.085,4.525
12/8/2009,2.1975,2.2375,2.33,2.72,3.075,3.415,3.755,4.085,4.525
12/7/2009,2.1975,2.2375,2.34,2.74,3.085,3.435,3.775,4.105,4.545
12/4/2009,2.1975,2.2375,2.325,2.695,3.055,3.395,3.725,4.03,4.5
12/3/2009,2.1975,2.2375,2.325,2.695,3.055,3.395,3.725,4.03,4.5
12/2/2009,2.1975,2.2375,2.3,2.685,3.04,3.37,3.71,4.035,4.49
12/1/2009,2.1975,2.2375,2.325,2.665,3.025,3.365,3.675,4,4.45
11/30/2009,2.1975,2.2375,2.3,2.66,3.015,3.36,3.68,4.005,4.45
11/27/2009,2.1975,2.2375,2.3025,2.675,3.025,3.375,3.695,4.025,4.475
11/26/2009,2.1975,2.2375,2.305,2.675,3.025,3.375,3.685,4.03,4.47
11/25/2009,2.2,2.24,2.3,2.685,3.0375,3.3775,3.69,4.025,4.47
11/24/2009,2.1975,2.2475,2.3,2.69,3.04,3.385,3.715,4.025,4.495
11/23/2009,2.22,2.28,2.32,2.69,3.05,3.385,3.72,4.055,4.495
11/20/2009,2.2175,2.2775,2.32,2.685,3.065,3.405,3.735,4.065,4.53
11/19/2009,2.2075,2.2725,2.33,2.71,3.075,3.415,3.755,4.085,4.525
11/18/2009,2.2225,2.2875,2.325,2.735,3.08,3.425,3.755,4.1,4.57
11/17/2009,2.1975,2.2675,2.33,2.73,3.06,3.41,3.765,4.095,4.555
11/16/2009,2.1975,2.2625,2.33,2.725,3.08,3.42,3.77,4.085,4.545
11/13/2009,2.1925,2.2575,2.335,2.725,3.075,3.415,3.745,4.07,4.6
11/12/2009,2.1975,2.2675,2.35,2.735,3.1,3.45,3.775,4.1,4.58
11/11/2009,2.2075,2.2725,2.34,2.735,3.125,3.455,3.775,4.105,4.565
11/10/2009,2.2125,2.2925,2.34,2.735,3.125,3.455,3.77,4.13,4.58
11/9/2009,2.2025,2.2875,2.375,2.765,3.155,3.485,3.79,4.18,4.61
11/6/2009,2.1925,2.2925,2.385,2.805,3.175,3.505,3.81,4.175,4.605
11/5/2009,2.1975,2.2975,2.415,2.805,3.175,3.495,3.815,4.18,4.65
11/4/2009,2.2175,2.3175,2.415,2.82,3.175,3.495,3.83,4.17,4.63
11/3/2009,2.19,2.3,2.405,2.78,3.15,3.455,3.775,4.125,4.595
11/2/2009,2.205,2.3225,2.415,2.845,3.125,3.525,3.835,4.17,4.65
10/30/2009,2.2075,2.3225,2.445,2.885,3.245,3.585,3.905,4.24,4.695
10/29/2009,2.2275,2.3375,2.425,2.87,3.235,3.585,3.9,4.27,4.7
10/28/2009,2.2025,2.2925,2.435,2.905,3.265,3.585,3.885,4.21,4.66
10/27/2009,2.19,2.295,2.46,2.92,3.295,3.625,3.925,4.27,4.7
10/26/2009,2.2125,2.3075,2.48,2.945,3.285,3.63,3.945,4.29,4.71
10/23/2009,2.2125,2.3075,2.45,2.91,3.245,3.565,3.9,4.25,4.66
10/22/2009,2.2125,2.3025,2.445,2.9,3.23,3.56,3.88,4.23,4.655
10/21/2009,2.2025,2.3225,2.44,2.89,3.21,3.54,3.86,4.18,4.6
10/20/2009,2.2075,2.3275,2.455,2.91,3.245,3.565,3.9,4.23,4.68
10/19/2009,2.2175,2.3375,2.47,2.955,3.28,3.64,3.955,4.28,4.74
10/16/2009,2.25,2.365,2.47,2.97,3.335,3.65,3.9725,4.31,4.76
10/15/2009,2.195,2.295,2.41,2.84,3.175,3.49,3.81,4.13,4.56
10/14/2009,2.1575,2.2675,2.395,2.81,3.13,3.44,3.75,4.07,4.48
10/13/2009,2.185,2.2775,2.38,2.8,3.1,3.41,3.72,4.03,4.45
10/12/2009,2.1975,2.2825,2.39,2.79,3.095,3.41,3.725,4.04,4.45
10/9/2009,2.175,2.27,2.375,2.775,3.075,3.375,3.675,3.975,4.425
10/8/2009,2.1925,2.2775,2.365,2.765,3.055,3.37,3.665,3.97,4.38
10/7/2009,2.1825,2.2625,2.35,2.73,3.025,3.345,3.645,3.95,4.37
10/6/2009,2.1775,2.265,2.35,2.72,3.04,3.35,3.65,3.97,4.35
10/5/2009,2.1825,2.2475,2.335,2.7,3.015,3.33,3.625,3.95,4.34
10/2/2009,2.1775,2.2375,2.335,2.69,2.99,3.31,3.61,3.92,4.37
10/1/2009,2.1825,2.2525,2.35,2.73,3.04,3.35,3.66,3.97,4.37
9/30/2009,2.1725,2.2525,2.37,2.74,3.05,3.37,3.7,4,4.42
9/29/2009,2.1775,2.2575,2.365,2.74,3.05,3.365,3.7,4.03,4.42
9/28/2009,2.18,2.26,2.36,2.74,3.04,3.37,3.695,4.005,4.43
9/25/2009,2.1825,2.2425,2.35,2.73,3.03,3.365,3.7,4.04,4.43
9/24/2009,2.1725,2.2325,2.355,2.735,3.045,3.375,3.695,4.04,4.43
9/23/2009,2.1825,2.2375,2.365,2.75,3.075,3.385,3.71,4.04,4.43
9/22/2009,2.1875,2.2325,2.34,2.745,3.045,3.365,3.7,4.03,4.43
9/21/2009,2.1875,2.2325,2.35,2.74,3.065,3.39,3.71,4.02,4.445
9/18/2009,2.1875,2.2325,2.345,2.745,3.045,3.365,3.7,4.03,4.43
9/17/2009,2.1875,2.24,2.34,2.75,3.08,3.4,3.72,4.03,4.4525
9/16/2009,2.1825,2.2325,2.34,2.715,3.045,3.35,3.7,4.01,4.43
9/15/2009,2.1675,2.215,2.33,2.73,3.04,3.345,3.695,4.01,4.41
9/14/2009,2.175,2.215,2.33,2.72,3.035,3.355,3.665,4.01,4.41
9/11/2009,2.165,2.215,2.33,2.73,3.04,3.365,3.69,3.9875,4.405
9/10/2009,2.1725,2.2225,2.325,2.73,3.05,3.38,3.695,3.995,4.425
9/9/2009,2.1675,2.2175,2.32,2.715,3.025,3.345,3.68,3.99,4.4
9/8/2009,2.1675,2.2075,2.33,2.715,3.025,3.345,3.665,3.97,4.39
9/7/2009,2.1675,2.2075,2.33,2.695,3.04,3.41,3.665,4.05,4.39
9/4/2009,2.1725,2.2225,2.32,2.7,3,3.32,3.65,3.95,4.38
9/3/2009,2.1675,2.2075,2.325,2.7,3,3.355,3.68,3.95,4.39
9/2/2009,2.1525,2.2175,2.277,2.725,3.065,3.4,3.715,4.035,4.435
9/1/2009,2.1475,2.2175,2.33,2.73,3.07,3.4,3.72,4.035,4.425
8/31/2009,2.1525,2.2325,2.33,2.725,3.075,3.405,3.725,4.05,4.45
8/28/2009,2.1525,2.2325,2.33,2.75,3.09,3.41,3.75,4.05,4.46
8/27/2009,2.1475,2.2125,2.32,2.71,3.055,3.375,3.71,4.01,4.42
8/26/2009,2.1575,2.2225,2.3,2.74,3.085,3.4,3.735,4.05,4.45
8/25/2009,2.1475,2.2075,2.31,2.705,3.05,3.375,3.705,3.98,4.4
8/24/2009,2.145,2.205,2.325,2.725,3.075,3.405,3.725,4.08,4.425
8/21/2009,2.1425,2.1925,2.305,2.685,3.025,3.355,3.685,3.985,4.38
8/20/2009,2.1675,2.2175,2.325,2.73,3.075,3.395,3.735,4.035,4.425
8/19/2009,2.1375,2.1875,2.34,2.73,3.05,3.39,3.7,4.03,4.375
8/18/2009,2.1575,2.2175,2.34,2.74,3.075,3.41,3.74,4.03,4.43
8/17/2009,2.1475,2.2075,2.34,2.735,3.055,3.405,3.715,4.02,4.4
8/14/2009,2.1625,2.2275,2.375,2.795,3.125,3.465,3.79,4.1,4.5
8/13/2009,2.1725,2.2425,2.35,2.78,3.13,3.48,3.8175,4.13,4.53
8/12/2009,2.1375,2.2025,2.325,2.73,3.075,3.4275,3.755,4.0575,4.4725
8/11/2009,2.16,2.23,2.35,2.79,3.11,3.45,3.83,4.13,4.55
8/10/2009,2.1825,2.2525,2.365,2.81,3.175,3.5575,3.88,4.1875,4.5875
8/7/2009,2.1625,2.2275,2.33,2.765,3.1075,3.48,3.795,4.12,4.5175
8/6/2009,2.2075,2.2775,2.3625,2.81,3.1475,3.4925,3.81,4.13,4.55
8/5/2009,2.18,2.22,2.3,2.7,3.02,3.34,3.7,4,4.465
8/4/2009,2.16,2.185,2.25,2.66,3.025,3.325,3.61,3.95,4.38
8/3/2009,2.1375,2.1625,2.23,2.62,2.975,3.275,3.595,3.95,4.35
7/31/2009,2.145,2.1775,2.23,2.62,3.01,3.33,3.63,4.02,4.47
7/30/2009,2.16,2.195,2.24,2.62,3,3.345,3.65,4.03,4.47
7/29/2009,2.1375,2.1725,2.225,2.59,2.965,3.325,3.625,4,4.45
7/28/2009,2.145,2.18,2.215,2.595,2.97,3.3025,3.605,3.99,4.435
7/27/2009,2.1375,2.1725,2.22,2.575,2.96,3.305,3.61,4.005,4.425
7/24/2009,2.14,2.175,2.23,2.5825,2.965,3.305,3.63,4.02,4.45
7/23/2009,2.1475,2.1775,2.225,2.58,2.97,3.315,3.63,4.0225,4.4525
7/22/2009,2.145,2.17,2.22,2.57,2.955,3.295,3.615,4.005,4.435
7/21/2009,2.1525,2.1825,2.225,2.595,2.97,3.325,3.675,4.07,4.53
7/20/2009,2.1375,2.1775,2.225,2.565,2.925,3.285,3.66,4.05,4.5
7/17/2009,2.145,2.18,2.225,2.55,2.8925,3.275,3.585,3.98,4.405
7/16/2009,2.1425,2.1775,2.22,2.55,2.93,3.26,3.65,4.05,4.5
7/15/2009,2.1475,2.1825,2.23,2.54,2.905,3.265,3.63,4.02,4.48
7/14/2009,2.155,2.1875,2.195,2.525,2.875,3.23,3.585,3.95,4.42
7/13/2009,2.135,2.165,2.195,2.49,2.815,3.185,3.525,3.93,4.4
7/10/2009,2.125,2.155,2.2,2.48,2.83,3.18,3.55,3.9,4.39
7/9/2009,2.1525,2.1775,2.2,2.47,2.83,3.28,3.59,4,4.43
7/8/2009,2.1575,2.1875,2.225,2.55,2.925,3.275,3.64,4.085,4.5475
7/7/2009,2.1325,2.1825,2.255,2.635,3.025,3.385,3.76,4.15,4.65
7/6/2009,2.1375,2.1875,2.255,2.645,3.03,3.35,3.76,4.15,4.65
7/3/2009,2.1275,2.1775,2.255,2.63,3.005,3.36,3.745,4.15,4.625
7/2/2009,2.1425,2.1925,2.27,2.65,3.045,3.435,3.815,4.225,4.685
7/1/2009,2.1275,2.1775,2.255,2.645,3.025,3.41,3.775,4.185,4.67
6/30/2009,2.1325,2.1925,2.265,2.645,3.045,3.415,3.77,4.18,4.64
6/29/2009,2.1325,2.1875,2.245,2.62,3.01,3.38,3.74,4.13,4.61
6/26/2009,2.1525,2.2075,2.255,2.61,3.035,3.405,3.75,4.15,4.65
6/25/2009,2.1375,2.2075,2.25,2.645,3.025,3.4,3.765,4.13,4.61
6/24/2009,2.1425,2.1875,2.245,2.595,2.9775,3.355,3.725,4.08,4.54
6/23/2009,2.14,2.185,2.255,2.605,2.97,3.375,3.74,4.1,4.55
6/22/2009,2.11,2.17,2.24,2.6,2.98,3.35,3.74,4.06,4.505
6/19/2009,2.1275,2.1975,2.28,2.65,3.055,3.42,3.77,4.13,4.575
6/18/2009,2.1375,2.1925,2.275,2.63,3.025,3.405,3.745,4.1,4.52
6/17/2009,2.125,2.19,2.27,2.68,3.06,3.425,3.785,4.13,4.55
6/16/2009,2.1175,2.1875,2.27,2.71,3.095,3.445,3.815,4.15,4.6
6/15/2009,2.1175,2.1875,2.27,2.695,3.055,3.43,3.8025,4.1425,4.5725
6/12/2009,2.1275,2.2075,2.295,2.755,3.13,3.515,3.875,4.215,4.635
6/11/2009,2.1575,2.2375,2.34,2.795,3.175,3.515,3.935,4.25,4.65
6/10/2009,2.125,2.195,2.32,2.7,3.115,3.445,3.8,4.075,4.55
6/9/2009,2.1275,2.2025,2.255,2.65,3.045,3.355,3.745,4.175,4.525
6/8/2009,2.1325,2.1825,2.24,2.605,2.975,3.335,3.725,4.08,4.52
6/5/2009,2.115,2.145,2.165,2.495,2.895,3.29,3.68,4.06,4.49
6/4/2009,2.1075,2.1375,2.155,2.495,2.885,3.2875,3.67,4.0675,4.5025
6/3/2009,2.11,2.14,2.165,2.5,2.895,3.2925,3.675,4.0775,4.53
6/2/2009,2.13,2.145,2.175,2.5,2.895,3.3,3.695,4.12,4.55
6/1/2009,2.145,2.155,2.175,2.475,2.865,3.28,3.645,4.08,4.5
5/29/2009,2.085,2.125,2.155,2.445,2.825,3.165,3.555,4,4.4
5/28/2009,2.0825,2.1225,2.15,2.445,2.82,3.205,3.575,4.005,4.45
5/27/2009,2.0925,2.1325,2.17,2.46,2.835,3.215,3.595,4.015,4.4425
