Date,1W,3M,6M,9M,1Y,2Y,3Y,4Y,5Y,7Y,10Y
7/17/2014,3.83,3.96,3.93,4.005,4.01,4.09,4.2,4.31,4.423333,4.53,4.64
7/16/2014,3.72,3.65,3.83,3.86,3.89,4.014,4.14,4.26,4.393333,4.51,4.63
7/15/2014,3.68,3.65,3.78,3.84,3.87,3.98,4.12,4.24,4.375,4.47,4.57
7/14/2014,3.8,3.65,3.69,3.725,3.75,3.866667,3.99,4.12,4.256667,4.37,4.49
7/11/2014,3.75,3.65,3.62,3.65,3.69,3.81,3.934,4.072,4.182,4.288,4.395
7/10/2014,3.74,3.65,3.67,3.7,3.724,3.84,3.97,4.12,4.215,4.31,4.41
7/9/2014,3.8,3.65,3.67,3.7,3.73,3.85,3.97,4.1,4.23,4.35,4.47
7/8/2014,3.6,3.65,3.63,3.66,3.69,3.686667,3.95,4.08,4.215,4.31,4.41
7/7/2014,3.45,3.65,3.62,3.65,3.69,3.805,3.94,4.07,4.21,4.3,4.4
7/4/2014,3.43,3.65,3.67,3.7,3.73,3.85,3.98,4.1,4.233333,4.36,4.49
7/3/2014,3.41,3.65,3.66,3.69,3.72,3.83,3.97,4.09,4.21,4.33,4.45
7/2/2014,3.94,3.65,3.62,3.65,3.68,3.795,3.91,4.03,4.175,4.27,4.37
7/1/2014,4.44,3.65,3.66,3.7,3.74,3.83,3.97,4.125,4.215,4.31,4.41
6/30/2014,3.85,3.31,3.53,3.57,3.61,3.73,3.87,3.98,4.103333,4.22,4.34
6/27/2014,3.8,3.31,3.48,3.51,3.524,3.645,3.76,3.898,4.025,4.12,4.22
6/26/2014,3.6,3.31,3.52,3.54,3.56,3.66,3.78,3.9,4.03,4.16,4.29
6/25/2014,3.47,3.31,3.5,3.52,3.53,3.64,3.754,3.88,4.003333,4.12,4.24
6/24/2014,3.48,3.31,3.41,3.43,3.455,3.57,3.66,3.78,3.905,4,4.1
6/23/2014,3.48,3.31,3.41,3.43,3.45,3.54,3.65,3.77,3.883333,3.983333,4.09
6/20/2014,3.42,3.31,3.39,3.41,3.425,3.52,3.63,3.74,3.863333,3.98,4.1
6/19/2014,3.18,3.31,3.4,3.42,3.438,3.53,3.64,3.76,3.883333,3.99,4.09
6/18/2014,3.07,3.31,3.37,3.395,3.415,3.495,3.64,3.75,3.87,3.96,4.06
6/17/2014,3.08,3.31,3.36,3.375,3.4,3.49,3.61,3.72,3.83,3.94,4.05
6/16/2014,3.04,3.31,3.37,3.38,3.4,3.46,3.57,3.7,3.79,3.88,3.98
6/13/2014,3.08,3.31,3.4,3.42,3.445,3.54,3.64,3.75,3.873333,3.973333,4.08
6/12/2014,3.2,3.31,3.37,3.4,3.44,3.5,3.605,3.72,3.825,3.92,4.02
6/11/2014,3.2,3.31,3.36,3.39,3.41,3.492,3.6,3.7,3.823333,3.93,4.04
6/10/2014,3.127,3.31,3.37,3.4,3.44,3.54,3.64,3.74,3.825,3.92,4.02
6/9/2014,3.13,3.31,3.375,3.4,3.43,3.498,3.61,3.69,3.81,3.9,4
6/6/2014,3.16,3.31,3.36,3.39,3.42,3.49,3.6,3.7,3.823333,3.93,4.03
6/5/2014,3.077,3.31,3.37,3.4,3.43,3.5,3.59,3.69,3.803333,3.89,3.99
6/4/2014,3.156,3.31,3.32,3.34,3.36,3.43,3.54,3.632,3.753333,3.83,3.93
6/3/2014,3.21,3.4,3.26,3.33,3.32,3.39,3.49,3.58,3.684,3.786,3.885
6/2/2014,3.25,3.36,3.38,3.4,3.42,3.48,3.56,3.66,3.76,3.87,3.97
5/30/2014,3.25,3.4,3.4,3.405,3.42,3.484,3.58,3.67,3.76,3.85,3.95
5/29/2014,3.22,3.43,3.43,3.43,3.45,3.52,3.6,3.67,3.775,3.88,3.99
5/28/2014,3.2,3.4,3.41,3.42,3.435,3.49,3.59,3.68,3.77,3.9,4.01
5/27/2014,3.23,3.42,3.38,3.41,3.43,3.5,3.58,3.69,3.77,3.9,4.01
5/26/2014,3.22,3.5,3.53,3.55,3.56,3.615,3.71,3.8,3.88,4.01,4.12
5/23/2014,3.42,3.54,3.53,3.57,3.59,3.65,3.73,3.82,3.91125,4.06,4.1
5/22/2014,3.42,3.525,3.56,3.576667,3.6,3.65,3.72,3.82,3.915,4.01,4.11
5/21/2014,3.366,3.61,3.646667,3.66,3.66,3.73,3.8,3.89,3.97,4.1,4.21
5/20/2014,3.41,3.67,3.67,3.73,3.74,3.81,3.87,3.96,4.036667,4.18,4.29
5/19/2014,3.1,3.55,3.64,3.673333,3.7,3.78,3.856,3.942,4.021,4.15,4.256
5/16/2014,3.15,3.58,3.63,3.655,3.67,3.75,3.825,3.92,4,4.09,4.19
5/15/2014,3.13,3.55,3.7,3.71,3.72,3.785,3.88,3.97,4.05,4.14,4.24
5/14/2014,3.24,3.55,3.66,3.69,3.7125,3.79,3.8725,3.9525,4.0375,4.15,4.27
5/13/2014,3.1813,3.58,3.63,3.636667,3.65375,3.722,3.79,3.865,3.94875,4.055,4.164
5/12/2014,3.19,3.55,3.6,3.595,3.62,3.68,3.746,3.816,3.88,4.01,4.12
5/9/2014,3.2002,3.49,3.55,3.58,3.6,3.66,3.7,3.775,3.85,3.95,4.06
5/8/2014,3.2325,3.515,3.58,3.59,3.614,3.68,3.74,3.84,3.9,4.0125,4.1275
5/7/2014,3.15,3.5,3.596667,3.616667,3.63,3.694,3.766,3.854,3.94,4.07,4.18
5/6/2014,3.08,3.5,3.53,3.6,3.6,3.678,3.74,3.8,3.925,4.02,4.12
5/5/2014,3.1393,3.51,3.53,3.55,3.579,3.644,3.7,3.812,3.903,4.076,4.19
5/2/2014,4.176,3.7,3.7,3.745,3.73,3.77,3.915,3.99,4.05,4.15,4.25
5/1/2014,4.176,3.7,3.7,3.72,3.73,3.78,3.87,3.96,4.0525,4.16,4.28
4/30/2014,4.176,3.7,3.75,3.74,3.748,3.81,3.914,3.99,4.08625,4.1975,4.3125
4/29/2014,4.1,3.77,3.75,3.76,3.78,3.84,3.915,4.05,4.12,4.22,4.32
4/28/2014,4.05,3.8,3.75,3.78,3.79,3.87125,3.97,4.06,4.135,4.23,4.33
4/25/2014,3.53,3.64,3.68,3.72,3.77,3.825,3.94,4.04,4.14,4.26,4.37
4/24/2014,3.55,3.65,3.71,3.72,3.76,3.84,3.94,4.05,4.16,4.38,4.414
4/23/2014,3.12,3.5,3.65,3.68,3.71,3.8,3.89375,4.048,4.151,4.272,4.384
4/22/2014,3.02,3.5,3.67,3.7,3.745,3.84,3.96,4.084,4.17,4.284,4.39
4/21/2014,2.73,3.59,3.64,3.68,3.73,3.82,3.95,4.08,4.1825,4.2975,4.45
4/18/2014,2.76,3.65,3.65,3.64,3.73,3.81,3.95,4.07,4.18,4.27,4.37
4/17/2014,2.73,3.72,3.79,3.82,3.86,3.97,4.09,4.2,4.29,4.42,4.53
4/16/2014,2.73,3.8,3.95,3.97,4.02,4.1,4.19,4.29,4.409,4.534,4.648
4/15/2014,3.46,3.925,3.99,3.995,4.02875,4.09,4.18,4.29,4.38125,4.48,4.61
4/14/2014,3.57,4.025,4.02,4.09,4.08,4.13,4.25,4.34,4.42,4.51,4.61
4/11/2014,3.73,4,4.136667,4.14,4.17,4.21,4.31,4.41,4.48875,4.6075,4.72
4/10/2014,3.78,4.175,4.16,4.19,4.22,4.3,4.422,4.52,4.575,4.67,4.77
4/9/2014,3.7,4.05,4.2,4.25,4.27,4.36,4.46,4.57,4.665,4.76,4.86
4/8/2014,3.63,4.175,4.2,4.25,4.265,4.35,4.48,4.575,4.651,4.774,4.882
4/7/2014,3.014,4,4.25,4.315,4.32,4.4,4.48,4.57,4.66,4.78,4.89
4/4/2014,3.014,4,4.25,4.31,4.32,4.4,4.51,4.596,4.681,4.81,4.92
4/3/2014,4.12,4.36,4.36,4.37,4.38,4.43,4.51,4.6,4.6725,4.8,4.91
4/2/2014,4.23,4.33,4.33,4.33,4.35,4.4,4.466,4.55,4.61,4.74,4.85
4/1/2014,4.3,4.3,4.3,4.31,4.32,4.37,4.44,4.5,4.59,4.72,4.83
3/31/2014,4.17,4.3,4.21,4.223333,4.242,4.286,4.34,4.41,4.482,4.598,4.704
3/28/2014,4.18,4.18,4.21,4.21,4.22,4.27,4.34,4.41,4.48,4.61,4.72
3/27/2014,4.83,4.24,4.24,4.263333,4.278,4.32,4.39,4.44,4.51,4.64,4.75
3/26/2014,3.86,4.12,4.17,4.218333,4.23,4.29,4.352,4.43,4.485,4.58,4.68
3/25/2014,3.65,3.95,4.13,4.2,4.233,4.28,4.355,4.432,4.505,4.6,4.7
3/24/2014,3.6,4.05,4.176667,4.11,4.165,4.216,4.296,4.39,4.436,4.55,4.656
3/21/2014,3.59,3.9,4.176667,4.15,4.17,4.23,4.3,4.4,4.47,4.6,4.71
3/20/2014,3.48,3.95,4.176667,4.2,4.22,4.27,4.34,4.4,4.46,4.6,4.71
3/19/2014,3.46,4,4.2,4.29,4.34,4.37,4.37,4.44,4.51,4.64,4.75
3/18/2014,2.88,3.75,4.11,4.22,4.244,4.28,4.338,4.408,4.471,4.584,4.69
3/17/2014,2.67,3.53,3.983333,4.07,4.13,4.2,4.28,4.36,4.43,4.56,4.67
3/14/2014,2.58,3.38,3.85,4.05,4.04,4.115,4.183,4.264,4.3625,4.5,4.61
3/13/2014,2.52,3.45,3.85,4.03,4.07,4.175,4.27,4.375,4.465,4.56,4.66
3/12/2014,2.22,3.39,3.8,3.95,4.01,4.12,4.215,4.3375,4.4175,4.53,4.636
3/11/2014,2.28,3.45,4.05,4.04,4.1,4.17,4.25,4.37,4.46,4.54,4.65
3/10/2014,2.37,3.675,4.17,4.26,4.24,4.28,4.33,4.48,4.54,4.64,4.74
3/7/2014,2.4,3.875,4.27,4.35,4.39,4.46,4.54,4.62,4.7,4.79,4.9
3/6/2014,2.48,4,4.35,4.42,4.45,4.494,4.588,4.66,4.717,4.806,4.912
3/5/2014,3.81,4.25,4.42,4.5,4.5175,4.565,4.662,4.73,4.78,4.866,4.972
3/4/2014,3.53,4.15,4.35,4.435,4.47,4.52,4.62,4.67,4.73,4.82,4.93
3/3/2014,2.78,4.15,4.28,4.36,4.39,4.43,4.49,4.545,4.6025,4.69,4.8
2/28/2014,3.53,4.15,4.3,4.36,4.39,4.4,4.46,4.51,4.56,4.66,4.77
2/27/2014,3.45,4.15,4.3,4.36,4.37,4.41,4.47,4.52,4.57,4.66,4.77
2/26/2014,3.08,4.2,4.4,4.49,4.51,4.54,4.59,4.65,4.6875,4.7775,4.885
2/25/2014,3.24,4.2,4.36,4.443333,4.485,4.50375,4.565,4.63,4.69,4.78,4.8875
2/24/2014,3.34,4.35,4.55,4.58,4.62,4.64,4.7,4.77,4.84,4.93,5.04
2/21/2014,3.63,4.49,4.64,4.67,4.68,4.67,4.76,4.83,4.89,4.98,5.09
2/20/2014,3.73,4.59,4.72,4.75,4.76,4.77,4.82,4.88,4.94,5.03,5.14
2/19/2014,3.86,4.7,4.8,4.835,4.8475,4.8525,4.92,4.98,5.02,5.11,5.21
2/18/2014,3.82,4.855,4.85,4.85,4.85,4.85,4.905,4.96,5,5.09,5.2
2/17/2014,3.87,4.855,4.85,4.81,4.82,4.83,4.88,4.9375,4.9825,5.0675,5.175
2/14/2014,4.44,4.82,4.78,4.76,4.755,4.76,4.8,4.85,4.89,4.98,5.09
2/13/2014,5.02,4.95,4.85,4.83,4.805,4.805,4.86,4.89,4.93,5.02,5.12
2/12/2014,5.209,4.905,4.89,4.86,4.85,4.842,4.88,4.9225,4.96,5.05,5.16
2/11/2014,5.22,4.905,4.9,4.87875,4.86,4.85,4.88,4.92,4.96,5.05,5.1575
2/10/2014,5.3,4.9,4.85,4.85,4.85,4.85,4.88,4.91,4.94,5.03,5.14
2/7/2014,5.41,4.85,4.8,4.82,4.776,4.8,4.83,4.87,4.905,5,5.1075
2/6/2014,4.98,4.85,4.8,4.8,4.81,4.8,4.865,4.9,4.915,5.01,5.11
2/5/2014,4.98,4.85,4.8,4.84,4.8,4.8,4.86,4.9,4.92,5.01,5.11
2/4/2014,4.98,4.85,4.8,4.8,4.8,4.8,4.865,4.9,4.915,5.01,5.11
2/3/2014,4.98,4.85,4.8,4.8,4.8,4.79,4.82,4.87,4.9,4.99,5.1
1/31/2014,4.98,4.85,4.8,4.8,4.8,4.79,4.82,4.87,4.9,4.99,5.1
1/30/2014,4.98,4.85,4.8,4.8,4.8,4.8,4.82,4.87,4.9,4.99,5.1
1/29/2014,5.27,4.9,4.875,4.85,4.826,4.822,4.86,4.894,4.934,5.022,5.128
1/28/2014,4.96,4.8825,4.875,4.85,4.85,4.855,4.895,4.94,4.96,5.05,5.16
1/27/2014,6,4.8,4.76,4.79,4.8,4.8,4.83,4.88,4.92,5.01,5.12
1/24/2014,4.3369,4.8,4.8,4.86,4.855,4.86,4.93,4.97,5.02,5.11,5.21
1/23/2014,5.3,5.075,4.9,4.916667,4.912,4.912,4.98,5.032,5.09,5.18,5.29
1/22/2014,5.25,5,4.885,4.8675,4.868333,4.87,4.9425,4.995,5.05,5.14,5.24
1/21/2014,5.44,5,4.95,4.931667,4.932,4.93,4.99,5.05,5.117,5.19,5.29
1/20/2014,6.32,5.21,5.13,5.08,5.07,5.062,5.12,5.15,5.19,5.28,5.38
1/17/2014,4.79,5.2,5.15,5.123333,5.10125,5.095,5.15,5.18,5.236,5.32,5.426
1/16/2014,4.29,4.98,4.97,5,5.01,5,5.072,5.13,5.188,5.274,5.38
1/15/2014,4.03,4.9375,4.91,4.92,4.93,4.919,5,5.066,5.104,5.188,5.292
1/14/2014,4.04,5.07,5.03,5.06,5.07,5.07,5.13,5.18,5.23,5.32,5.42
1/13/2014,4.02,5.08,5.03,5.04,5.038,5.0475,5.11,5.15,5.2,5.29,5.39
1/10/2014,4.0364,5.1,5.11,5.078,5.075,5.072,5.128,5.174,5.22,5.3,5.41
1/9/2014,4.02,4.85,4.95,5.02,5.035,5.046,5.104,5.16,5.205,5.3,5.4
1/8/2014,4.15,5.075,5.03,5.11,5.098,5.08,5.14,5.17,5.23,5.32,5.42
1/7/2014,4.273,5.1,5.25,5.1,5.06,5.05,5.124,5.158,5.21,5.294,5.4
1/6/2014,4.63,5.28,5.25,5.198333,5.164,5.16,5.18,5.21,5.26,5.4,5.51
1/3/2014,4.79,5.4,5.4,5.326667,5.295,5.27,5.3,5.33,5.366,5.494,5.6
1/2/2014,5.11,5.45,5.41,5.32,5.31,5.28,5.32,5.35,5.39,5.53,5.64
12/31/2013,5.25,5.45,5.3,5.27,5.218,5.2,5.21,5.234,5.3,5.44,5.55
12/30/2013,4.86,5.3,5.2,5.025,5,4.99,5.02,5.05,5.1,5.24,5.35
12/27/2013,5.08,5.3,5.2,5.04,5,4.98,5,5.03,5.08,5.17,5.27
12/26/2013,5.33,5.3,5.2,5.025,4.985,4.955,4.975,5.01,5.055,5.15,5.25
12/25/2013,5.63,5.3,5.2,5.025,4.985,4.955,4.975,5.01,5.055,5.15,5.25
12/24/2013,5.4,5.25,5.2,5.025,4.985,4.955,5,5.02,5.055,5.15,5.25
12/23/2013,8.84,5.3,5.31,5.125,5.09,5.04,5.044,5.07,5.07,5.21,5.32
12/20/2013,7.6,5.3,5.14,5.08,5.04,5.01,5.04,5.07,5.1,5.31,5.42
12/19/2013,6.6,5.2,5.13,5.06,5,5.001,5.02,5.0525,5.06,5.27,5.38
12/18/2013,5.2,4.9,4.85,4.9,4.9,4.89,4.94,5.02,5.05,5.14,5.24
12/17/2013,4.48,4.8,4.71,4.8,4.845,4.845,4.886,4.9625,5.035,5.13,5.23
12/16/2013,4.37,4.79,4.71,4.72,4.78,4.795,4.85,4.95,4.985,5.08,5.18
12/13/2013,4.32,4.79,4.71,4.72,4.756,4.756,4.83,4.91,4.975,5.07,5.17
12/12/2013,4.31,4.81,4.73,4.732,4.73,4.74,4.86,4.91,4.91,5,5.1
12/11/2013,4.33,4.79,4.8,4.78,4.775,4.8,4.865,4.91,4.975,5.07,5.17
12/10/2013,4.4455,4.81,4.79,4.82,4.83,4.83,4.905,4.95,5.03,5.12,5.22
12/9/2013,4.55,4.7625,4.8,4.75,4.765,4.76,4.82,4.87,4.945,5.04,5.14
12/6/2013,4.55,4.85,4.8,4.81,4.78,4.78,4.85,4.92,4.98,5.07,5.17
12/5/2013,4.58,4.8,4.78,4.76,4.745,4.77,4.83,4.88,4.975,5.07,5.17
12/4/2013,4.66,4.725,4.63,4.7,4.685,4.7,4.785,4.8,4.91,5,5.1
12/3/2013,4.62,4.675,4.7,4.64,4.63,4.635,4.7,4.75,4.825,4.92,5.02
12/2/2013,4.6,4.6,4.57,4.57,4.59,4.614,4.68,4.73,4.798,4.876,4.982
11/29/2013,4.7,4.55,4.54,4.5,4.5,4.5,4.56,4.6,4.67,4.736,4.842
11/28/2013,4.91,4.56,4.54,4.495,4.48,4.482,4.55,4.58,4.645,4.74,4.84
11/27/2013,4.8,4.55,4.53,4.44,4.468,4.47,4.53,4.57,4.612,4.68,4.786
11/26/2013,4.71,4.5,4.53,4.45,4.45,4.42,4.515,4.56,4.596,4.7,4.81
11/25/2013,4.74,4.5,4.53,4.48,4.49,4.49,4.54,4.6,4.658,4.76,4.866
11/22/2013,4.96,4.5,4.53,4.45,4.465,4.46,4.54,4.57,4.64,4.73,4.83
11/21/2013,4.74,4.55,4.53,4.5,4.525,4.5,4.565,4.6,4.685,4.78,4.88
11/20/2013,4.77,4.6,4.55,4.55,4.542,4.534,4.61,4.67,4.724,4.826,4.932
11/19/2013,4.9,4.6,4.55,4.55,4.555,4.53,4.62,4.7,4.76,4.87,4.97
11/18/2013,5.4,4.625,4.55,4.51,4.515,4.505,4.62,4.7,4.762,4.84,4.94
11/15/2013,5.3,4.6,4.55,4.5,4.514,4.52,4.62,4.65,4.756,4.834,4.934
11/14/2013,4.23,4.36,4.38,4.4,4.413,4.434,4.54,4.614,4.694,4.8,4.9
11/13/2013,3.66,4.2,4.24,4.34,4.35,4.39,4.49,4.57,4.65,4.728,4.828
11/12/2013,3.69,4.13,4.24,4.363333,4.39,4.414,4.526,4.61,4.7,4.73,4.83
11/11/2013,3.8,4.2,4.24,4.32,4.33875,4.3875,4.515,4.6,4.6875,4.762,4.862
11/8/2013,4.04,4.2,4.24,4.33,4.34,4.38,4.484,4.6,4.675,4.71,4.81
11/7/2013,3.95,4.2,4.25,4.32,4.366,4.378,4.49,4.54,4.612,4.692,4.792
11/6/2013,3.88,4.2,4.2,4.22,4.235,4.25,4.34,4.38,4.46,4.57,4.67
11/5/2013,4.24,4.2,4.2,4.2,4.205,4.22,4.285,4.332,4.414,4.464,4.524
11/4/2013,4.51,4.23,4.19,4.16,4.1725,4.18,4.2475,4.302,4.368,4.438,4.538
11/1/2013,4.636,4.26,4.2,4.135,4.13,4.132,4.2,4.25,4.33,4.43,4.53
10/31/2013,5.05,4.3,4.2,4.19,4.16,4.155,4.21,4.26,4.32,4.35,4.45
10/30/2013,5.55,4.45,4.25,4.22,4.21,4.2,4.26,4.33,4.36,4.46,4.56
10/29/2013,5,4.25,4.2,4.19,4.182,4.174,4.23,4.27,4.316,4.386,4.486
10/28/2013,4.93,4.23,4.15,4.1,4.09,4.08,4.1175,4.1875,4.24,4.34,4.44
10/25/2013,4.88,4.13,4.11,4.07,4.07,4.06,4.108,4.16,4.22,4.25,4.35
10/24/2013,4.67,4.125,4.14,4.128333,4.118,4.115,4.18,4.22,4.26,4.29,4.39
10/23/2013,4.02,4,3.99,4.006667,4.025,4.01,4.08,4.13125,4.19,4.22,4.32
10/22/2013,3.58,4.005,3.99,3.99,4,4,4.065,4.15,4.1875,4.21,4.31
10/21/2013,3.56,3.96,3.96,3.995,3.99,3.982,4.05,4.12,4.186,4.228,4.328
10/18/2013,3.5,3.915,3.92,3.92,3.925,3.935,3.99,4.08,4.14,4.14,4.24
10/17/2013,3.36,3.875,3.89,3.89,3.9,3.9,3.985,4.07,4.14,4.17,4.27
10/16/2013,3.32,3.85,3.85,3.85,3.88,3.89,3.97,4.03,4.11,4.11,4.21
10/15/2013,3.92,3.94,3.93,3.94,3.94125,3.94,4,4.085,4.16,4.16,4.26
10/14/2013,3.86,4,3.98,3.96,3.954,3.97,4.05,4.11,4.16,4.16,4.26
10/11/2013,4.25,4,3.98,3.96,3.965,3.96,4.035,4.09,4.14,4.17,4.27
10/10/2013,4.5,4.05,4.01,4,3.97,3.968,4.04,4.1,4.15,4.15,4.25
10/9/2013,4.5,4.08,4.04,4.02,3.99,3.99,4.075,4.115,4.165,4.18,4.28
10/8/2013,4.4,4.03,3.99,4.01,3.98,4,4.08,4.12,4.18,4.18,4.28
10/7/2013,4.2,3.975,3.99,3.97,3.97,3.97,4.035,4.08,4.155,4.19,4.29
10/4/2013,4.2,3.975,3.99,3.97,3.97,3.97,4.035,4.08,4.155,4.19,4.29
10/3/2013,4.2,3.975,3.99,3.97,3.97,3.97,4.035,4.08,4.155,4.19,4.29
10/2/2013,4.2,3.975,3.99,3.99,3.97,3.97,4.04,4.12,4.18,4.27,4.39
10/1/2013,4.2,3.975,3.99,3.97,3.97,3.97,4.035,4.08,4.155,4.19,4.29
9/30/2013,4.2,4,3.99,3.99,3.97,3.97,4.04,4.12,4.185,4.172,4.272
9/27/2013,3.6417,3.9,3.95,3.97,3.955,3.96,4.075,4.08,4.1575,4.2,4.3
9/26/2013,4.06,3.96,3.95,3.96,3.97,3.96,4.02,4.05,4.115,4.15,4.25
9/25/2013,3.84,3.9875,4,4,3.98,3.98,4.05,4.11,4.1275,4.15,4.25
9/24/2013,4.43,4.09,4.05,4.036667,4.03,4.04,4.115,4.16,4.195,4.248,4.348
9/23/2013,4.22,4.15,4.13,4.1,4.086,4.085,4.13,4.16,4.21,4.29,4.39
9/20/2013,3.71,4,4.04,4,4.05,4.05,4.11,4.16,4.21,4.32,4.42
9/19/2013,3.71,4.03,4.04,4.045,4.055,4.055,4.135,4.16,4.19,4.32,4.42
9/18/2013,3.71,4.03,4.04,4.05,4.05,4.06,4.12,4.16,4.225,4.25,4.35
9/17/2013,3.59,4.06,4.02,4.02,4.02,4.03,4.1,4.13,4.19,4.33,4.43
9/16/2013,3.48,4.02,4.05,4.01,4.02,4.03,4.17,4.27,4.205,4.35,4.45
9/13/2013,3.57,4.1,4.1,4.05,4.07,4.09,4.18,4.27,4.32,4.44,4.54
9/12/2013,3.4925,4.15,4.15,4.12,4.12,4.12,4.21,4.28,4.345,4.47,4.57
9/11/2013,3.49,4.19,4.2,4.16,4.12,4.13,4.27,4.3,4.4,4.53,4.63
9/10/2013,3.64,4.14,4.14,4.16,4.12,4.13,4.21,4.3,4.355,4.485,4.61
9/9/2013,3.55,4.14,4.14,4.13,4.06,4.1,4.19,4.25,4.345,4.47,4.57
9/6/2013,3.52,4.14,4.14,4.1,4.06,4.1,4.19,4.25,4.3,4.45,4.55
9/5/2013,3.45,4.14,4.14,4.09,4.07,4.09,4.19,4.25,4.3,4.43,4.53
9/4/2013,3.63,4.14,4.14,4.14,4.11,4.14,4.21,4.26,4.325,4.46,4.56
9/3/2013,3.766,4.18,4.18,4.15,4.14,4.15,4.2,4.26,4.3275,4.45,4.545
9/2/2013,3.74,4.18,4.18,4.15,4.13,4.13,4.18,4.24,4.31,4.4,4.5
8/30/2013,3.75,4.18,4.18,4.15,4.12,4.14,4.18,4.24,4.27,4.39,4.49
8/29/2013,4.4,4.25,4.2,4.17,4.155,4.155,4.21,4.24,4.31,4.42,4.52
8/28/2013,4.3,4.14,4.12,4.1,4.1,4.1,4.13,4.19,4.28,4.38,4.48
8/27/2013,4.32,4.13,4.11,4.09,4.08,4.08,4.12,4.18,4.26,4.36,4.46
8/26/2013,4.08,4.14,4.12,4.09,4.09,4.09,4.12,4.18,4.265,4.37,4.495
8/23/2013,4.16,4.15,4.13,4.1,4.09,4.09,4.15,4.2,4.26,4.37,4.47
8/22/2013,4.22,4.16,4.14,4.11,4.1,4.1,4.18,4.2,4.25,4.36,4.46
8/21/2013,4.25,4.215,4.13,4.11,4.12,4.13,4.15,4.21,4.25,4.34,4.44
8/20/2013,4.45,4.22,4.2,4.18,4.18,4.19,4.23,4.29,4.31,4.43,4.53
8/19/2013,4.1,4.12,4.14,4.15,4.13,4.14,4.21,4.25,4.33,4.44,4.54
8/16/2013,3.78,4.05,4.05,4.04,4.07,4.08,4.13,4.2,4.26,4.37,4.47
8/15/2013,4.06,4.05,4.05,4.05,4.05,4.06,4.12,4.2,4.28,4.38,4.48
8/14/2013,3.8576,3.98,3.98,3.98,3.99,4.01,4.08,4.15,4.26,4.35,4.45
8/13/2013,3.79,3.95,3.95,3.95,3.95,3.98,4.04,4.12,4.23,4.32,4.42
8/12/2013,3.666,3.87,3.89,3.89,3.9,3.9,3.97,4.04,4.13,4.18,4.28
8/9/2013,3.7,3.83,3.85,3.85,3.85,3.86,3.94,4,4.06,4.11,4.21
8/8/2013,3.75,3.85,3.87,3.87,3.85,3.86,3.93,4,4.06,4.11,4.21
8/7/2013,3.88,3.91,3.9,3.88,3.87,3.86,3.91,3.99,4.03,4.08,4.18
8/6/2013,4.15,4,3.95,3.91,3.88,3.87,3.9,3.9462,4,4.05,4.15
8/5/2013,4.35,4.09,3.99,3.95,3.89,3.89,3.93,3.95,4.015,4.08,4.18
8/2/2013,4.31,4.09,3.99,3.95,3.89,3.86,3.88,3.93,4.01,4.06,4.16
8/1/2013,4.56,4.1,3.99,3.93,3.89,3.86,3.88,3.93,3.98,4.06,4.16
7/31/2013,4.98,4.24,4.1,4.03,3.99,3.97,4,4.04,4.09,4.14,4.24
7/30/2013,5.1,4.25,4.15,4.03,4,4.02,4.03,4.05,4.11,4.16,4.26
7/29/2013,5.1,4.23,4.19,4.13,4.05,4.04,4.07,4.07,4.13,4.18,4.28
7/26/2013,4.45,4.15,4.11,4.06,4.03,4,4.04,4.06,4.09,4.14,4.24
7/25/2013,4.13,4.14,4.1,4.06,4.03,4.02,4.04,4.07,4.1,4.15,4.25
7/24/2013,4.2,4.13,4.12,4.15,4.1,4.07,4.1,4.12,4.12,4.18,4.28
7/23/2013,4.145,4.12,4.09,4.18,4.11,4.11,4.1,4.15,4.15,4.22,4.32
7/22/2013,3.97,4.15,4.12,4.1,4.12,4.085,4.09,4.1753,4.17,4.25,4.35
7/19/2013,3.83,4,4,3.98,3.94,3.95,3.97,3.99,4.03,4.08,4.18
7/18/2013,3.65,4,4,3.98,3.96,3.97,3.98,4,4.03,4.08,4.18
7/17/2013,3.6,3.93,3.91,3.88,3.85,3.86,3.89,3.97,4.02,4.08,4.18
7/16/2013,3.72,3.95,3.93,3.88,3.87,3.89,3.94,4,4.01,4.06,4.16
7/15/2013,3.811,3.975,3.945,3.92,3.9,3.93,3.95,4,4.03,4.08,4.18
7/12/2013,3.81,4,3.98,3.97,3.93,3.93,3.95,4,4.035,4.05,4.125
7/11/2013,3.85,4,3.98,3.97,3.9,3.9,3.9,3.95,3.98,4.04,4.14
7/10/2013,3.59,3.81,3.86,3.9,3.88,3.88,3.89,3.87,3.95,3.99,4.09
7/9/2013,3.6,3.75,3.79,3.84,3.84,3.82,3.82,3.87,3.93,3.98,4.08
7/8/2013,3.66,3.78,3.8,3.83,3.82,3.8,3.74,3.79,3.84,3.89,3.99
7/5/2013,3.83,3.885,3.87,3.83,3.79,3.75,3.74,3.79,3.8,3.85,3.95
7/4/2013,3.98,3.86,3.86,3.82,3.79,3.75,3.74,3.79,3.77,3.8,3.895
7/3/2013,4.3,4.05,3.97,3.93,3.84,3.77,3.78,3.8,3.77,3.82,3.925
7/2/2013,4.76,4.39,4.12,3.98,3.88,3.77,3.8,3.8,3.78,3.83,3.93
7/1/2013,5.6,4.71,4.3,4.08,3.93,3.79,3.8,3.8,3.82,3.85,3.95
6/28/2013,6.19,4.75,4.26,4.11,3.93,3.79,3.8,3.8,3.83,3.86,3.96
6/27/2013,6.85,4.7,4.3,4.13,3.965,3.74,3.845,3.74,3.81,3.875,3.975
6/26/2013,7.22,4.58,4.22,4.1,3.91,3.77,3.77,3.78,3.78,3.805,3.915
6/25/2013,8,4.75,4.5,4.3,4.12,3.87,3.85,3.89,3.805,3.88,3.96
6/24/2013,7.32,5.05,4.9,4.55,4.3,4.03,3.95,3.98,4,4.03,4.13
6/21/2013,8.5,5.5,5.15,4.72,4.35,4.05,3.995,3.98,4.01,4.04,4.14
6/20/2013,10.77,6.65,6,5.25,4.7,4.15,4.1,4.2,4.08,4.11,4.21
6/19/2013,8.07,5.7,5.03,4.6,4.34,4.02,3.96,3.91,3.905,3.955,4.055
6/18/2013,6.64,4.9,4.45,4.17,3.97,3.85,3.8,3.79,3.76,3.79,3.89
6/17/2013,6.89,4.55,3.99,3.92,3.74,3.7,3.7,3.68,3.7,3.74,3.84
6/14/2013,6.81,4.55,3.97,3.9,3.78,3.7,3.7,3.68,3.65,3.7,3.8
6/13/2013,5.95,4.13,3.83,3.7,3.65,3.58,3.57,3.57,3.57,3.67,3.74
6/12/2013,6.88,3.925,3.75,3.62,3.53,3.49,3.53,3.54,3.55,3.66,3.73
6/11/2013,6.88,4,3.75,3.62,3.53,3.49,3.53,3.54,3.55,3.66,3.73
6/10/2013,6.88,4,3.75,3.62,3.53,3.49,3.53,3.54,3.55,3.66,3.755
6/7/2013,6.52,4,3.75,3.62,3.53,3.49,3.53,3.54,3.56,3.66,3.73
6/6/2013,5.15,3.78,3.575,3.53,3.49,3.465,3.48,3.495,3.565,3.65,3.725
6/5/2013,4.74,3.65,3.47,3.45,3.41,3.41,3.45,3.5,3.5475,3.65,3.75
6/4/2013,4.72,3.6,3.4,3.38,3.36,3.38,3.4,3.48,3.555,3.65,3.72
6/3/2013,4.62,3.49,3.38,3.36,3.3,3.35,3.38,3.48,3.535,3.63,3.7
5/31/2013,4.8,3.42,3.36,3.33,3.3,3.31,3.37,3.48,3.515,3.61,3.68
5/30/2013,4.13,3.35,3.3,3.29,3.27,3.31,3.37,3.47,3.515,3.62,3.69
5/29/2013,3.68,3.33,3.28,3.28,3.27,3.31,3.37,3.47,3.5,3.61,3.68
5/28/2013,3.53,3.33,3.28,3.27,3.26,3.29,3.35,3.41,3.44,3.55,3.62
5/27/2013,4.09,3.325,3.29,3.28,3.26,3.29,3.35,3.41,3.465,3.57,3.64
5/24/2013,4.19,3.35,3.31,3.28,3.26,3.28,3.35,3.41,3.46,3.57,3.64
5/23/2013,4.19,3.34,3.26,3.26,3.26,3.28,3.35,3.41,3.455,3.55,3.62
5/22/2013,3.9,3.33,3.26,3.26,3.27,3.28,3.32,3.38,3.45,3.56,3.63
5/21/2013,4.38,3.34,3.27,3.27,3.27,3.28,3.34,3.41,3.445,3.56,3.63
5/20/2013,4.25,3.35,3.28,3.28,3.27,3.29,3.34,3.405,3.455,3.585,3.63
5/17/2013,3.52,3.22,3.245,3.27,3.24,3.27,3.3,3.36,3.445,3.53,3.575
5/16/2013,3.19,3.22,3.2,3.23,3.24,3.27,3.3,3.36,3.435,3.53,3.6
5/15/2013,2.776,3.17,3.17,3.23,3.245,3.27,3.275,3.32,3.39,3.48,3.58
5/14/2013,2.796,3.21,3.21,3.23,3.23,3.255,3.295,3.36,3.41,3.48,3.58
5/13/2013,2.9373,3.22,3.22,3.24,3.24,3.27,3.25,3.28,3.405,3.55,3.59
5/10/2013,2.9781,3.23,3.23,3.25,3.24,3.24,3.25,3.28,3.37,3.495,3.54
5/9/2013,3.13,3.25,3.25,3.25,3.24,3.24,3.24,3.26,3.36,3.46,3.53
5/8/2013,3.01,3.25,3.25,3.25,3.22,3.22,3.24,3.26,3.355,3.45,3.52
5/7/2013,3.178,3.23,3.22,3.23,3.22,3.23,3.27,3.29,3.31,3.41,3.48
5/6/2013,3.2166,3.26,3.24,3.24,3.18,3.18,3.22,3.26,3.325,3.44,3.51
5/3/2013,3.18,3.22,3.18,3.18,3.18,3.18,3.22,3.26,3.28,3.38,3.45
5/2/2013,2.92,3.1,3.12,3.15,3.15,3.14,3.22,3.26,3.275,3.38,3.475
5/1/2013,3.01,3.25,3.25,3.23,3.24,3.28,3.33,3.38,3.41,3.49,3.59
4/30/2013,3.01,3.22,3.25,3.24,3.24,3.28,3.33,3.38,3.4,3.535,3.58
4/29/2013,3.01,3.22,3.25,3.24,3.24,3.28,3.33,3.38,3.4,3.51,3.58
4/26/2013,3.55,3.22,3.25,3.24,3.24,3.28,3.33,3.38,3.4,3.51,3.58
4/25/2013,5,3.28,3.31,3.3,3.275,3.3,3.335,3.39,3.43,3.555,3.6
4/24/2013,4.75,3.26,3.29,3.28,3.265,3.28,3.33,3.385,3.415,3.52,3.6
4/23/2013,3.69,3.275,3.225,3.235,3.25,3.26,3.3,3.36,3.39,3.5,3.57
4/22/2013,3.15,3.23,3.23,3.24,3.27,3.3,3.36,3.41,3.47,3.58,3.675
4/19/2013,3.13,3.21,3.21,3.22,3.25,3.27,3.34,3.4,3.43,3.54,3.61
4/18/2013,2.88,3.17,3.17,3.18,3.21,3.2,3.32,3.38,3.365,3.5,3.57
4/17/2013,3.01,3.18,3.17,3.17,3.21,3.25,3.32,3.38,3.41,3.5,3.57
4/16/2013,3.07,3.19,3.19,3.19,3.2,3.23,3.3,3.35,3.39,3.49,3.56
4/15/2013,2.97,3.2,3.2,3.2,3.22,3.265,3.345,3.42,3.425,3.53,3.6
4/12/2013,2.95,3.23,3.23,3.23,3.24,3.28,3.37,3.46,3.48,3.57,3.67
4/11/2013,3.03,3.24,3.225,3.225,3.26,3.33,3.37,3.46,3.505,3.58,3.68
4/10/2013,3.2311,3.225,3.25,3.25,3.25,3.31,3.37,3.44,3.49,3.59,3.66
4/9/2013,3.29,3.25,3.245,3.27,3.25,3.31,3.37,3.44,3.49,3.59,3.66
4/8/2013,3.28,3.25,3.25,3.25,3.25,3.31,3.44,3.55,3.49,3.59,3.66
4/5/2013,3.32,3.25,3.24,3.24,3.25,3.31,3.44,3.55,3.495,3.57,3.68
4/4/2013,3.32,3.25,3.245,3.245,3.25,3.31,3.44,3.55,3.535,3.62,3.72
4/3/2013,3.32,3.25,3.255,3.255,3.25,3.31,3.44,3.55,3.525,3.63,3.7
4/2/2013,3.42,3.25,3.265,3.255,3.25,3.31,3.44,3.55,3.53,3.62,3.735
4/1/2013,3.42,3.25,3.245,3.255,3.26,3.33,3.46,3.55,3.61,3.71,3.78
3/29/2013,3.39,3.25,3.245,3.26,3.26,3.33,3.46,3.55,3.61,3.71,3.78
3/28/2013,3.2,3.25,3.245,3.26,3.26,3.33,3.46,3.55,3.61,3.665,3.735
3/27/2013,2.85,3.25,3.26,3.26,3.28,3.35,3.46,3.55,3.625,3.71,3.8
3/26/2013,3.028,3.25,3.245,3.26,3.27,3.35,3.45,3.55,3.625,3.75,3.82
3/25/2013,2.91,3.25,3.26,3.26,3.27,3.35,3.46,3.55,3.625,3.75,3.82
3/22/2013,2.95,3.28,3.26,3.27,3.28,3.35,3.46,3.55,3.63,3.73,3.8
3/21/2013,3.0441,3.28,3.26,3.27,3.28,3.33,3.46,3.55,3.62,3.7,3.8
3/20/2013,3.27,3.27,3.25,3.26,3.26,3.33,3.44,3.5,3.63,3.73,3.8
3/19/2013,2.98,3.28,3.26,3.26,3.27,3.33,3.43,3.5,3.62,3.72,3.79
3/18/2013,3.1,3.28,3.26,3.26,3.27,3.33,3.43,3.5,3.59,3.71,3.78
3/15/2013,3.38,3.29,3.27,3.27,3.27,3.33,3.47,3.55,3.65,3.75,3.82
3/14/2013,3.09,3.27,3.24,3.26,3.25,3.33,3.47,3.55,3.64,3.74,3.81
3/13/2013,3.03,3.2,3.26,3.26,3.25,3.33,3.47,3.55,3.61,3.71,3.78
3/12/2013,3.073,3.2,3.25,3.25,3.25,3.32,3.47,3.58,3.61,3.71,3.78
3/11/2013,3.01,3.18,3.23,3.24,3.21,3.31,3.47,3.58,3.66,3.77,3.84
3/8/2013,2.5,3.16,3.2,3.21,3.21,3.31,3.44,3.52,3.675,3.76,3.83
3/7/2013,2.53,3.18,3.22,3.23,3.21,3.3,3.44,3.52,3.66,3.74,3.81
3/6/2013,3,3.25,3.25,3.23,3.24,3.32,3.44,3.52,3.65,3.75,3.82
3/5/2013,3.22,3.25,3.26,3.23,3.25,3.3,3.42,3.52,3.6,3.71,3.78
3/4/2013,4.33,3.33,3.28,3.24,3.23,3.31,3.42,3.52,3.575,3.72,3.82
3/1/2013,4.55,3.37,3.31,3.26,3.28,3.32,3.42,3.54,3.63,3.73,3.8
2/28/2013,4.27,3.36,3.3,3.25,3.27,3.3,3.38,3.54,3.625,3.73,3.78
2/27/2013,4.22,3.26,3.205,3.175,3.2,3.27,3.38,3.54,3.57,3.67,3.74
2/26/2013,3.79,3.23,3.225,3.225,3.26,3.31,3.41,3.54,3.58,3.68,3.75
2/25/2013,3.31,3.15,3.22,3.23,3.24,3.34,3.46,3.58,3.665,3.76,3.83
2/22/2013,3.08,3.1,3.16,3.18,3.19,3.31,3.41,3.54,3.69,3.79,3.86
2/21/2013,2.9983,3.04,3.1,3.13,3.16,3.28,3.41,3.54,3.685,3.76,3.83
2/20/2013,2.96,3.03,3.09,3.12,3.13,3.28,3.43,3.54,3.7,3.8,3.87
2/19/2013,2.96,3,3.04,3.07,3.12,3.26,3.36,3.54,3.68,3.78,3.85
2/18/2013,2.9325,3.02,3.07,3.12,3.14,3.21,3.36,3.54,3.735,3.84,3.91
2/15/2013,3.52,3.155,3.11,3.11,3.12,3.24,3.39,3.64,3.705,3.82,3.89
2/14/2013,3.52,3.18,3.11,3.11,3.12,3.24,3.39,3.64,3.705,3.82,3.89
2/13/2013,3.52,3.155,3.11,3.11,3.12,3.24,3.39,3.64,3.705,3.81,3.91
2/12/2013,3.52,3.155,3.11,3.11,3.12,3.24,3.39,3.64,3.705,3.81,3.91
2/11/2013,3.52,3.155,3.11,3.11,3.12,3.24,3.39,3.64,3.71,3.81,3.91
2/8/2013,3.52,3.18,3.11,3.11,3.12,3.24,3.39,3.64,3.71,3.82,3.89
2/7/2013,4.1,3.22,3.15,3.16,3.15,3.25,3.42,3.6,3.73,3.83,4.4
2/6/2013,3.69,3.22,3.15,3.16,3.16,3.28,3.47,3.64,3.77,3.875,4.4
2/5/2013,3.31,3.22,3.15,3.16,3.16,3.28,3.47,3.64,3.77,3.87,3.94
2/4/2013,3.4,3.24,3.14,3.15,3.175,3.3,3.475,3.65,3.79,3.89,3.96
2/1/2013,3.35,3.25,3.17,3.18,3.19,3.31,3.46,3.64,3.78,3.88,3.95
1/31/2013,3.24,3.25,3.16,3.16,3.17,3.3,3.48,3.62,3.74,3.84,3.91
1/30/2013,3.24,3.31,3.2,3.2,3.19,3.33,3.48,3.65,3.795,3.89,3.96
1/29/2013,3.13,3.29,3.18,3.18,3.16,3.3,3.44,3.58,3.72,3.835,3.905
1/28/2013,2.98,3.29,3.18,3.17,3.16,3.3,3.44,3.58,3.715,3.82,3.89
1/25/2013,2.71,3.28,3.13,3.14,3.15,3.28,3.38,3.51,3.625,3.76,3.83
1/24/2013,2.7571,3.28,3.17,3.17,3.165,3.27,3.4,3.53,3.615,3.72,3.79
1/23/2013,3,3.28,3.21,3.21,3.22,3.32,3.45,3.55,3.635,3.76,3.83
1/22/2013,3.0006,3.21,3.2,3.18,3.2,3.28,3.41,3.52,3.61,3.72,3.79
1/21/2013,3.0141,3.21,3.16,3.14,3.16,3.26,3.37,3.5,3.59,3.7,3.77
1/18/2013,2.88,3.25,3.17,3.15,3.16,3.32,3.4,3.57,3.64,3.75,3.82
1/17/2013,2.81,3.36,3.33,3.28,3.3,3.4,3.53,3.64,3.73,3.84,3.91
1/16/2013,2.8,3.37,3.35,3.32,3.36,3.45,3.56,3.67,3.765,3.875,3.945
1/15/2013,2.87,3.39,3.36,3.33,3.36,3.49,3.65,3.73,3.815,3.94,4.01
1/14/2013,2.8,3.41,3.39,3.35,3.36,3.47,3.59,3.76,3.87,3.98,4.05
1/11/2013,2.76,3.43,3.41,3.36,3.36,3.48,3.59,3.75,3.845,3.97,4.04
1/10/2013,3.0039,3.44,3.42,3.38,3.38,3.48,3.59,3.75,3.82,3.93,4
1/9/2013,3.036,3.44,3.39,3.34,3.35,3.46,3.55,3.69,3.735,3.86,3.94
1/8/2013,3.17,3.47,3.41,3.35,3.39,3.46,3.55,3.68,3.755,3.87,3.955
1/7/2013,3.21,3.53,3.45,3.39,3.39,3.49,3.57,3.6947,3.755,3.88,3.95
1/4/2013,4.08,3.63,3.5,3.45,3.44,3.53,3.63,3.68,3.82,3.83,3.99
1/3/2013,4.59,3.61,3.48,3.4,3.36,3.48,3.54,3.68,3.765,3.87,3.95
1/2/2013,4.59,3.61,3.55,3.43,3.34,3.49,3.5,3.66,3.785,3.885,3.97
12/31/2012,4.59,3.52,3.4,3.365,3.34,3.41,3.47,3.57,3.68,3.79,3.86
12/28/2012,4.08,3.53,3.39,3.32,3.34,3.41,3.47,3.57,3.665,3.78,3.855
12/27/2012,4,3.53,3.39,3.32,3.32,3.41,3.46,3.57,3.67,3.78,3.85
12/26/2012,3.87,3.46,3.365,3.32,3.34,3.41,3.46,3.54,3.665,3.71,3.795
12/25/2012,3.83,3.46,3.365,3.32,3.34,3.41,3.46,3.54,3.665,3.71,3.795
12/24/2012,3.16,3.45,3.38,3.32,3.34,3.41,3.46,3.54,3.64,3.78,3.85
12/21/2012,3.47,3.46,3.39,3.34,3.34,3.41,3.46,3.54,3.68,3.79,3.86
12/20/2012,3.424,3.46,3.41,3.36,3.34,3.41,3.46,3.54,3.695,3.8,3.87
12/19/2012,3.05,3.41,3.38,3.4,3.35,3.34,3.46,3.57,3.7,3.8,3.87
12/18/2012,2.9952,3.38,3.35,3.32,3.33,3.34,3.46,3.54,3.62,3.73,3.8
12/17/2012,3.05,3.38,3.34,3.32,3.32,3.38,3.45,3.53,3.6,3.71,3.78
12/14/2012,3.01,3.4,3.36,3.34,3.33,3.34,3.46,3.54,3.62,3.73,3.8
12/13/2012,2.66,3.4,3.36,3.32,3.3,3.34,3.46,3.54,3.61,3.71,3.78
12/12/2012,3.02,3.43,3.4,3.29,3.3,3.34,3.43,3.5,3.56,3.67,3.74
12/11/2012,3.05,3.45,3.39,3.32,3.31,3.38,3.47,3.53,3.57,3.68,3.75
12/10/2012,3.03,3.5,3.43,3.38,3.38,3.4,3.46,3.53,3.59,3.69,3.76
12/7/2012,3.0571,3.5,3.4,3.32,3.33,3.33,3.43,3.5,3.495,3.63,3.7
12/6/2012,2.902,3.5,3.4,3.32,3.31,3.33,3.43,3.5,3.48,3.61,3.68
12/5/2012,2.82,3.5,3.4,3.32,3.315,3.34,3.43,3.475,3.495,3.61,3.68
12/4/2012,2.8846,3.6,3.445,3.335,3.33,3.35,3.43,3.495,3.55,3.6,3.68
12/3/2012,3.35,3.59,3.45,3.4,3.39,3.41,3.46,3.5158,3.58,3.68,3.75
11/30/2012,3.3925,3.605,3.47,3.4,3.39,3.41,3.46,3.54,3.6,3.63,3.71
11/29/2012,3.35,3.59,3.475,3.405,3.3925,3.405,3.46,3.525,3.6,3.66,3.71
11/28/2012,3.38,3.59,3.475,3.395,3.345,3.385,3.45,3.51,3.57,3.68,3.75
11/27/2012,2.875,3.475,3.46,3.36,3.325,3.37,3.42,3.5,3.575,3.65,3.735
11/26/2012,2.876,3.44,3.37,3.31,3.27,3.31,3.36,3.42,3.5,3.575,3.66
11/23/2012,2.84,3.42,3.36,3.31,3.27,3.31,3.36,3.42,3.5,3.56,3.67
11/22/2012,3.23,3.43,3.38,3.33,3.285,3.31,3.36,3.425,3.485,3.6,3.67
11/21/2012,3.21,3.4,3.35,3.28,3.225,3.275,3.3,3.365,3.43,3.54,3.61
11/20/2012,3.37,3.395,3.355,3.275,3.225,3.26,3.29,3.365,3.42,3.53,3.6
11/19/2012,3.23,3.295,3.26,3.205,3.19,3.24,3.29,3.33,3.385,3.5,3.57
11/16/2012,2.93,3.295,3.275,3.195,3.19,3.21,3.29,3.34,3.355,3.45,3.525
11/15/2012,3.3162,3.3,3.28,3.23,3.215,3.235,3.27,3.335,3.4,3.48,3.545
11/14/2012,3.355,3.28,3.265,3.185,3.18,3.19,3.23,3.29,3.37,3.435,3.49
11/13/2012,3.17,3.275,3.23,3.16,3.15,3.17,3.21,3.28,3.32,3.425,3.49
11/12/2012,3.09,3.265,3.23,3.17,3.15,3.17,3.22,3.27,3.34,3.43,3.5
11/9/2012,3.13,3.265,3.21,3.16,3.15,3.17,3.22,3.27,3.32,3.43,3.49
11/8/2012,3.31,3.255,3.21,3.18,3.15,3.19,3.22,3.27,3.33,3.435,3.5
11/7/2012,3.15,3.23,3.24,3.165,3.155,3.17,3.21,3.285,3.35,3.46,3.505
11/6/2012,3.2037,3.245,3.235,3.165,3.15,3.17,3.22,3.27,3.325,3.435,3.485
11/5/2012,3.34,3.3,3.24,3.165,3.15,3.21,3.25,3.3,3.34,3.45,3.52
11/2/2012,3.4379,3.3,3.26,3.23,3.19,3.23,3.26,3.33,3.38,3.48,3.55
11/1/2012,3.46,3.27,3.23,3.19,3.14,3.19,3.24,3.29,3.355,3.425,3.53
10/31/2012,3.22,3.25,3.22,3.17,3.14,3.17,3.21,3.25,3.33,3.44,3.51
10/30/2012,3.25,3.26,3.23,3.16,3.13,3.16,3.2,3.25,3.295,3.42,3.49
10/29/2012,4.18,3.32,3.25,3.16,3.17,3.15,3.2,3.23,3.275,3.38,3.45
10/26/2012,3.59,3.32,3.26,3.19,3.17,3.16,3.19,3.22,3.29,3.365,3.47
10/25/2012,3.62,3.32,3.26,3.19,3.17,3.15,3.19,3.22,3.265,3.38,3.45
10/24/2012,3.18,3.25,3.21,3.13,3.11,3.11,3.16,3.2,3.225,3.34,3.41
10/23/2012,2.92,3.08,3.14,3.1,3.04,3.09,3.15,3.19,3.235,3.305,3.36
10/22/2012,2.73,3.13,3.12,3.07,3.03,3.07,3.09,3.14,3.23,3.34,3.41
10/19/2012,2.72,3.04,3.09,3.06,3.07,3.04,3.12,3.19,3.225,3.33,3.4
10/18/2012,2.72,3.13,3.12,3.09,3.06,3.07,3.12,3.19,3.24,3.35,3.42
10/17/2012,2.87,3.19,3.17,3.09,3.06,3.07,3.14,3.16,3.23,3.34,3.41
10/16/2012,2.8,3.16,3.16,3.08,3.06,3.04,3.07,3.1,3.135,3.25,3.32
10/15/2012,2.8,3.18,3.18,3.09,3.06,3.03,3.07,3.1,3.125,3.25,3.32
10/12/2012,3.2242,3.3,3.23,3.12,3.12,3.01,3.07,3.1,3.13,3.23,3.3
10/11/2012,3.19,3.33,3.25,3.16,3.12,3.05,3.07,3.08,3.12,3.23,3.3
10/10/2012,3.1674,3.35,3.27,3.17,3.12,3.03,3.07,3.08,3.12,3.25,3.32
10/9/2012,3.78,3.41,3.27,3.16,3.05,2.97,2.99,3.02,3.04,3.06,3.06
10/8/2012,3.81,3.43,3.3,3.17,3.05,2.97,2.99,3.01,3.03,3.03,3.03
10/5/2012,3.05,3.35,3.25,3.13,3.01,2.95,2.96,2.98,3,3.02,3.03
10/4/2012,3.05,3.35,3.25,3.13,3.01,2.95,2.96,2.98,3,3.02,3.03
10/3/2012,3.05,3.35,3.25,3.09,3.01,2.95,2.96,2.98,3,3.02,3.03
10/2/2012,3.05,3.35,3.25,3.09,3.01,2.95,2.96,2.98,3,3.02,3.03
10/1/2012,3.05,3.35,3.25,3.09,3.01,2.95,2.96,2.98,3,3.02,3.03
9/28/2012,2.9,3.35,3.25,3.13,3.01,2.95,2.95,2.99,3.02,3.13,3.2
9/27/2012,3.75,3.47,3.27,3.14,3.03,2.92,2.95,2.97,2.99,3,3.01
9/26/2012,3.75,3.48,3.27,3.14,3.02,2.92,2.95,2.97,2.98,3,3.02
9/25/2012,4.7167,3.54,3.32,3.17,3.06,2.95,2.99,2.99,2.98,3,3.02
9/24/2012,4.48,3.465,3.37,3.235,3.12,3.01,3.02,3.04,3.05,3.08,3.08
9/21/2012,4.45,3.465,3.38,3.25,3.11,3.02,3.01,3.03,3.05,3.08,3.08
9/20/2012,3.86,3.325,3.36,3.23,3.11,3.01,3,3.01,3.02,3.08,3.08
9/19/2012,3.2827,3.325,3.31,3.22,3.12,3.03,3.05,3.07,3.09,3.1,3.1
9/18/2012,3.16,3.325,3.25,3.15,3.05,2.97,2.98,3.02,3.05,3.06,3.08
9/17/2012,3.26,3.225,3.31,3.23,3.12,3.07,3.1,3.13,3.16,3.22,3.24
9/14/2012,3.38,3.225,3.26,3.19,3.09,3.02,3.05,3.08,3.11,3.13,3.15
9/13/2012,3.44,3.225,3.2,3.09,3,2.93,2.99,2.99,2.98,3.02,3.02
9/12/2012,3.43,3.125,3.21,3.09,2.99,2.96,2.99,3.02,3.05,3.08,3.1
9/11/2012,3,3.125,3.07,3.01,2.89,2.82,2.89,2.92,2.95,2.93,2.9
9/10/2012,3.02,3.125,3.13,3.045,2.92,2.85,2.88,2.89,2.9,2.93,2.9
9/7/2012,3.4,3.125,3.15,3.09,3.04,2.86,2.89,2.89,2.9,2.9,2.9
9/6/2012,3.436,3.125,3.1,3.04,2.88,2.76,2.7,2.69,2.71,2.73,2.75
9/5/2012,3.427,3.125,3.1,3.01,2.88,2.76,2.7,2.69,2.71,2.73,2.75
9/4/2012,2.49,3.125,2.96,2.905,2.82,2.72,2.7,2.69,2.67,2.75,2.75
9/3/2012,3.39,3.125,3.19,3.06,2.92,2.8,2.84,2.84,2.79,2.8,2.8
8/31/2012,3.5114,3.32,3.27,3.11,3,2.81,2.84,2.84,2.79,2.8,2.8
8/30/2012,3.594,3.32,3.24,3.12,3,2.83,2.84,2.84,2.8,2.8,2.8
8/29/2012,3.54,3.125,3.19,3.08,2.94,2.83,2.84,2.84,2.82,2.8,2.8
8/28/2012,3.08,3.125,3.13,3.03,2.94,2.83,2.84,2.84,2.82,2.8,2.8
8/27/2012,3.46,3.125,3.15,3.05,2.92,2.83,2.84,2.84,2.82,2.8,2.8
8/24/2012,3.6,3.125,3.16,3.03,2.92,2.83,2.84,2.84,2.82,2.8,2.8
8/23/2012,3.8,3.125,3.22,3.08,2.95,2.83,2.86,2.86,2.85,2.87,2.9
8/22/2012,3.7982,3.125,3.3,3.19,3.03,2.92,2.92,2.92,2.93,2.9,2.9
8/21/2012,3.75,3.125,3.17,3.075,2.88,2.82,2.82,2.83,2.84,2.82,2.9
8/20/2012,3.61,3.125,3.12,2.99,2.89,2.8,2.82,2.84,2.85,2.88,2.9
8/17/2012,3.92,3.05,2.945,2.855,2.72,2.65,2.68,2.74,2.73,2.8,2.85
8/16/2012,3.55,3.05,2.89,2.84,2.74,2.69,2.7,2.74,2.79,2.8,2.85
8/15/2012,3.456,2.775,2.86,2.82,2.74,2.64,2.7,2.74,2.78,2.8,2.85
8/14/2012,3.35,2.775,2.85,2.8,2.68,2.63,2.65,2.68,2.71,2.75,2.8
8/13/2012,3.34,2.775,2.81,2.73,2.63,2.58,2.64,2.66,2.68,2.75,2.8
8/10/2012,3.31,2.775,2.75,2.67,2.55,2.57,2.6,2.63,2.63,2.75,2.8
8/9/2012,3.32,2.775,2.82,2.74,2.6,2.56,2.6,2.63,2.66,2.75,2.8
8/8/2012,3.27,2.62,2.56,2.4,2.62,2.58,2.65,2.67,2.74,2.75,2.8
8/7/2012,3.27,2.62,2.82,2.76,2.62,2.58,2.63,2.67,2.71,2.75,2.8
8/6/2012,3.45,2.775,2.66,2.68,2.59,2.56,2.62,2.64,2.68,2.65,2.65
8/3/2012,3.44,2.775,2.66,2.615,2.46,2.41,2.46,2.52,2.58,2.56,2.61
8/2/2012,3.53,2.775,2.66,2.625,2.46,2.41,2.46,2.52,2.58,2.56,2.61
8/1/2012,3.425,3.18,2.65,2.61,2.46,2.41,2.46,2.52,2.58,2.56,2.61
7/31/2012,3.37,2.62,2.67,2.63,2.48,2.44,2.49,2.55,2.6,2.56,2.61
7/30/2012,3.1332,2.775,2.605,2.565,2.48,2.42,2.48,2.53,2.59,2.56,2.61
7/27/2012,3.13,2.825,2.605,2.565,2.45,2.39,2.4,2.51,2.57,2.56,2.61
7/26/2012,3.38,2.55,2.5,2.4,2.42,2.36,2.4,2.47,2.52,2.56,2.61
7/25/2012,3.35,2.825,2.605,2.56,2.4,2.34,2.37,2.44,2.52,2.56,2.61
7/24/2012,3.38,2.8,2.65,2.56,2.4,2.34,2.38,2.44,2.51,2.56,2.61
7/23/2012,3.56,2.8,2.65,2.56,2.41,2.33,2.39,2.43,2.48,2.56,2.61
7/20/2012,3.58,2.55,2.5,2.4,2.37,2.33,2.43,2.46,2.55,2.42,2.47
7/19/2012,3.56,2.8,2.595,2.485,2.39,2.35,2.45,2.49,2.54,2.42,2.47
7/18/2012,3.46,2.8,2.6,2.485,2.37,2.33,2.43,2.48,2.52,2.42,2.47
7/17/2012,3.2774,2.75,2.39,2.455,2.36,2.32,2.42,2.46,2.5,2.42,2.47
7/16/2012,3.2776,2.55,2.5,2.39,2.3,2.26,2.36,2.4,2.45,2.42,2.47
7/13/2012,3.3365,2.55,2.5,2.4,2.28,2.24,2.31,2.36,2.4,2.51,2.58
7/12/2012,3.2015,2.65,2.39,2.335,2.27,2.24,2.3,2.35,2.4,2.58,2.65
7/11/2012,3.273,2.55,2.5,2.375,2.3,2.29,2.35,2.42,2.51,2.58,2.65
7/10/2012,3.323,2.55,2.46,2.39,2.29,2.28,2.36,2.44,2.52,2.63,2.7
7/9/2012,3.347,2.55,2.5,2.4,2.36,2.35,2.41,2.5,2.59,2.8,2.9
7/6/2012,3.45,2.6,2.55,2.45,2.36,2.35,2.41,2.5,2.59,2.8,2.9
7/5/2012,4.04,2.75,2.59,2.535,2.44,2.43,2.53,2.61,2.68,2.8,2.9
7/4/2012,3.88,2.8,2.615,2.535,2.47,2.45,2.53,2.61,2.68,2.8,2.9
7/3/2012,4.21,2.68,2.65,2.56,2.47,2.45,2.53,2.61,2.68,2.8,2.9
7/2/2012,4.1632,2.8,2.665,2.615,2.54,2.52,2.6,2.67,2.74,2.8,2.9
6/29/2012,4.11,2.8,2.65,2.55,2.47,2.43,2.55,2.61,2.69,2.8,2.9
6/28/2012,3.93,2.69,2.67,2.65,2.5,2.48,2.55,2.61,2.69,2.8,2.9
6/27/2012,4.2,2.91,2.725,2.61,2.56,2.54,2.63,2.69,2.76,2.85,2.92
6/26/2012,4.2876,2.85,2.725,2.645,2.56,2.54,2.63,2.69,2.76,2.85,2.92
6/25/2012,4.24,2.665,2.67,2.65,2.56,2.54,2.62,2.68,2.75,2.85,2.92
6/22/2012,4.4,2.9,2.68,2.63,2.56,2.55,2.62,2.68,2.75,2.85,2.92
6/21/2012,4.4,2.925,2.685,2.7,2.59,2.58,2.64,2.71,2.78,2.85,2.91
6/20/2012,3.4247,2.8,2.685,2.67,2.59,2.57,2.65,2.72,2.79,2.85,2.91
6/19/2012,2.94,2.725,2.75,2.645,2.56,2.57,2.64,2.7,2.78,2.82,2.91
6/18/2012,2.58,2.65,2.6,2.585,2.52,2.54,2.61,2.69,2.77,2.82,2.91
6/15/2012,2.75,2.65,2.5,2.36,2.45,2.49,2.6,2.67,2.73,2.82,2.91
6/14/2012,2.7,2.64,2.59,2.565,2.48,2.49,2.6,2.68,2.75,2.9,3
6/13/2012,2.6864,2.64,2.59,2.6,2.52,2.54,2.62,2.71,2.8,2.9,3
6/12/2012,2.55,2.6,2.5,2.48,2.43,2.46,2.53,2.62,2.72,2.76,2.84
6/11/2012,2.4173,2.45,2.45,2.43,2.34,2.38,2.45,2.56,2.66,2.76,2.84
6/8/2012,2.44,2.675,2.5,2.36,2.28,2.31,2.43,2.51,2.6,2.69,2.8
6/7/2012,2.7,2.7,2.6,2.495,2.43,2.45,2.53,2.62,2.73,2.83,2.9
6/6/2012,2.5637,2.7,2.6,2.52,2.42,2.46,2.53,2.63,2.74,2.83,2.9
6/5/2012,2.6022,2.7,2.6,2.58,2.39,2.42,2.51,2.62,2.66,2.75,2.83
6/4/2012,2.5307,2.7,2.6,2.58,2.34,2.36,2.43,2.51,2.62,2.73,2.83
6/1/2012,2.366,2.7,2.6,2.58,2.36,2.34,2.4,2.5,2.62,2.73,2.83
5/31/2012,2.1419,2.75,2.65,2.43,2.35,2.37,2.48,2.58,2.63,2.73,2.83
5/30/2012,2.33,2.46,2.5,2.52,2.48,2.5,2.58,2.67,2.77,2.9,2.98
5/29/2012,2.6,2.465,2.475,2.605,2.51,2.56,2.63,2.71,2.81,2.9,2.98
5/28/2012,2.51,2.5,2.56,2.57,2.49,2.53,2.6,2.68,2.78,2.78,2.85
5/25/2012,2.54,2.665,2.465,2.475,2.44,2.47,2.53,2.6,2.72,2.78,2.85
5/24/2012,2.25,2.3,2.405,2.45,2.39,2.42,2.5,2.59,2.69,2.78,2.85
5/23/2012,2.43,3.06,2.715,2.715,2.59,2.62,2.72,2.81,2.89,2.96,3.04
5/22/2012,2.7,3.06,2.84,2.81,2.71,2.74,2.79,2.87,3,3.07,3.18
5/21/2012,2.6828,2.91,2.75,2.72,2.71,2.74,2.8,2.87,2.98,3.07,3.18
5/18/2012,2.6941,2.87,2.775,2.755,2.63,2.65,2.72,2.81,2.91,3.04,3.13
5/17/2012,2.69,2.835,2.725,2.765,2.7,2.7,2.77,2.86,2.95,3.04,3.13
5/16/2012,2.8077,2.905,2.835,2.725,2.64,2.7,2.82,2.9,2.97,3.06,3.12
5/15/2012,2.84,3.175,2.905,2.835,2.75,2.75,2.84,2.92,3,3.06,3.12
5/14/2012,3.1572,3.305,3.175,2.905,2.83,2.85,2.91,3,3.1,3.17,3.24
5/11/2012,3.22,3.23,3.26,3.11,3.05,3.03,3.07,3.13,3.21,3.37,3.42
5/10/2012,3.26,3.3,3.255,3.15,3.12,3.09,3.15,3.22,3.29,3.37,3.42
5/9/2012,3.34,3.41,3.31,3.25,3.17,3.12,3.17,3.22,3.28,3.37,3.42
5/8/2012,3.71,3.56,3.35,3.28,3.25,3.19,3.25,3.3,3.34,3.45,3.52
5/7/2012,3.786,3.55,3.43,3.35,3.28,3.22,3.27,3.32,3.37,3.53,3.6
5/4/2012,3.85,3.4,3.35,3.28,3.29,3.26,3.32,3.38,3.44,3.51,3.57
5/3/2012,3.862,3.48,3.39,3.33,3.22,3.2,3.26,3.33,3.4,3.37,3.45
5/2/2012,3.82,3.48,3.39,3.33,3.22,3.14,3.2,3.27,3.34,3.38,3.44
5/1/2012,3.886,3.485,3.36,3.24,3.17,3.1,3.17,3.23,3.29,3.38,3.44
4/30/2012,3.886,3.485,3.36,3.255,3.17,3.1,3.17,3.23,3.29,3.38,3.44
4/27/2012,3.886,3.185,3.245,3.225,3.17,3.1,3.17,3.23,3.29,3.38,3.44
4/26/2012,4.02,3.38,3.3,3.24,3.18,3.09,3.14,3.21,3.29,3.38,3.44
4/25/2012,3.91,3.38,3.31,3.24,3.15,3.08,3.14,3.21,3.29,3.38,3.44
4/24/2012,3.79,3.42,3.28,3.22,3.11,3.03,3.1,3.18,3.27,3.38,3.44
4/23/2012,3.8,3.44,3.3,3.24,3.13,3.07,3.14,3.21,3.29,3.38,3.44
4/20/2012,3.97,3.205,3.185,3.175,3.09,3.06,3.13,3.22,3.3,3.38,3.44
4/19/2012,3.8107,3.4,3.32,3.23,3.14,3.07,3.13,3.22,3.29,3.38,3.44
4/18/2012,3.76,3.38,3.315,3.255,3.13,3.08,3.16,3.24,3.31,3.38,3.44
4/17/2012,3.77,3.115,3.125,3.175,3.11,3.06,3.13,3.2,3.28,3.38,3.44
4/16/2012,3.83,3.38,3.3,3.24,3.12,3.06,3.13,3.2,3.28,3.38,3.44
4/13/2012,3.83,3.37,3.32,3.25,3.13,3.08,3.14,3.22,3.32,3.38,3.44
4/12/2012,3.826,3.39,3.335,3.27,3.15,3.09,3.17,3.25,3.33,3.36,3.45
4/11/2012,3.784,3.35,3.25,3.135,3.07,3.01,3.09,3.17,3.26,3.36,3.45
4/10/2012,3.7045,3.33,3.23,3.15,3.05,3.01,3.09,3.18,3.27,3.36,3.45
4/9/2012,3.76,3.35,3.25,3.175,3.06,3.02,3.1,3.19,3.28,3.38,3.46
4/6/2012,4.25,3.35,3.25,3.115,3.05,3.01,3.07,3.17,3.28,3.38,3.46
4/5/2012,3.9574,3.21,3.215,3.14,3.05,3.01,3.07,3.17,3.28,3.38,3.46
4/4/2012,3.709,3.21,3.175,3.095,2.99,2.94,3.01,3.12,3.24,3.38,3.46
4/3/2012,3.709,3.21,3.175,3.065,2.99,2.94,3.01,3.12,3.24,3.38,3.46
4/2/2012,3.709,3.21,3.18,3.1,2.99,2.94,3.01,3.12,3.24,3.38,3.46
3/30/2012,3.709,3.2,3.16,3.085,2.99,2.94,3.01,3.12,3.24,3.38,3.46
3/29/2012,3.505,3.21,3.17,3.08,3,2.94,3.03,3.12,3.21,3.38,3.46
3/28/2012,3.55,3.28,3.2,3.09,3.03,2.98,3.05,3.13,3.23,3.38,3.46
3/27/2012,3.21,3.2,3.095,3.1,3.05,3,3.08,3.17,3.26,3.38,3.46
3/26/2012,3.3,3.2,3.23,3.15,3.07,3.01,3.09,3.18,3.27,3.38,3.46
3/23/2012,2.98,3.19,3.055,3.105,3.02,2.98,3.04,3.14,3.24,3.4,3.48
3/22/2012,3.17,3.17,3.18,3.13,3.08,3,3.1,3.19,3.29,3.4,3.48
3/21/2012,3.075,3.33,3.3,3.22,3.1,3.09,3.17,3.26,3.37,3.44,3.58
3/20/2012,3.02,3.3,3.25,3.19,3.1,3.07,3.17,3.28,3.39,3.45,3.51
3/19/2012,2.885,3.27,3.13,3.11,3.04,3.03,3.13,3.23,3.35,3.43,3.48
3/16/2012,2.91,3.14,3.09,3.06,3.03,3.02,3.11,3.23,3.34,3.43,3.48
3/15/2012,2.89,3.09,3.14,3.09,3.06,3.04,3.12,3.22,3.34,3.43,3.48
3/14/2012,3.02,3.2,3.2,3.16,3.08,3.06,3.13,3.22,3.36,3.39,3.46
3/13/2012,3,3.2,3.17,3.13,3.05,3.01,3.06,3.16,3.29,3.36,3.46
3/12/2012,2.801,3.2,3.17,3.05,2.99,2.95,3.02,3.13,3.23,3.34,3.46
3/9/2012,2.9771,3.23,3.21,3.16,3.07,3.01,3.08,3.18,3.3,3.35,3.46
3/8/2012,2.9405,3.3,3.23,3.21,3.12,3.05,3.11,3.22,3.31,3.35,3.42
3/7/2012,3.11,3.33,3.27,3.24,3.15,3.08,3.13,3.2,3.31,3.38,3.46
3/6/2012,3.14,3.315,3.165,3.35,3.17,3.11,3.18,3.26,3.37,3.42,3.48
3/5/2012,3.2,3.365,3.37,3.31,3.23,3.16,3.23,3.3,3.38,3.43,3.48
3/2/2012,3.285,3.46,3.39,3.32,3.22,3.15,3.2,3.26,3.36,3.4,3.45
3/1/2012,3.29,3.365,3.195,3.31,3.2,3.1,3.15,3.22,3.31,3.4,3.45
2/29/2012,3.5,3.18,3.495,3.12,3.21,3.13,3.18,3.24,3.32,3.4,3.45
2/28/2012,3.66,3.26,3.34,3.34,3.27,3.16,3.22,3.28,3.37,3.4,3.45
2/27/2012,3.645,3.55,3.475,3.37,3.25,3.14,3.19,3.23,3.3,3.34,3.4
2/24/2012,4.5,3.65,3.49,3.35,3.25,3.09,3.13,3.19,3.27,3.34,3.4
2/23/2012,5.48,3.39,3.19,3.37,3.23,3.08,3.11,3.18,3.28,3.34,3.4
2/22/2012,5.03,3.39,3.19,3.265,3.22,3.09,3.11,3.18,3.28,3.34,3.4
2/21/2012,5.13,3.515,3.5,3.4,3.24,3.1,3.15,3.19,3.26,3.34,3.4
2/20/2012,5.3529,3.65,3.43,3.325,3.23,3.1,3.15,3.19,3.28,3.34,3.4
2/17/2012,5.21,3.81,3.58,3.43,3.31,3.17,3.23,3.26,3.3,3.4,3.45
2/16/2012,4.2346,3.65,3.5,3.37,3.24,3.14,3.2,3.26,3.31,3.4,3.45
2/15/2012,3.8918,3.465,3.2,3.32,3.19,3.12,3.2,3.28,3.34,3.4,3.45
2/14/2012,3.7593,3.465,3.2,3.32,3.18,3.09,3.14,3.22,3.29,3.35,3.41
2/13/2012,3.66,3.525,3.365,3.31,3.18,3.07,3.11,3.19,3.28,3.35,3.41
2/10/2012,3.63,3.54,3.34,3.27,3.17,3.1,3.14,3.22,3.33,3.41,3.47
2/9/2012,3.68,3.365,3.275,3.41,3.25,3.16,3.2,3.27,3.37,3.43,3.49
2/8/2012,3.72,3.34,3.15,3.225,3.17,3.08,3.13,3.21,3.31,3.36,3.42
2/7/2012,3.53,3.04,3.16,3.05,3.15,3.05,3.08,3.14,3.24,3.25,3.3
2/6/2012,3.46,3.415,3.21,3.31,3.06,2.94,2.97,3.03,3.12,3.18,3.25
2/3/2012,3.3176,3.02,3.19,3.04,2.98,2.85,2.86,2.92,2.99,3.06,3.12
2/2/2012,4.3304,3.575,3.35,3.24,3.07,2.93,2.94,3.02,3.08,3.14,3.2
2/1/2012,4.37,3.575,3.4,3.31,3.13,3.01,3.04,3.08,3.13,3.18,3.23
1/31/2012,4.3,3.1,3.065,3.17,3.06,2.93,2.96,3,3.05,3.1,3.15
1/30/2012,4.354,3.1,3.165,3.03,2.9,2.75,2.81,2.86,2.91,2.98,3.05
1/27/2012,3.63,3.295,3.15,3.2,2.84,2.68,2.75,2.8,2.86,2.92,2.98
1/26/2012,3.63,3.295,3.15,3.2,2.84,2.68,2.75,2.8,2.86,2.92,2.98
1/25/2012,3.63,3.625,3.15,3.025,2.84,2.68,2.75,2.8,2.86,2.92,2.98
1/24/2012,3.63,3.04,3.04,2.955,2.84,2.68,2.75,2.8,2.86,2.92,2.98
1/23/2012,3.63,3.79,3.29,3.06,2.84,2.68,2.75,2.8,2.86,2.92,2.98
1/20/2012,5.2,3.79,3.29,3.06,2.84,2.68,2.75,2.8,2.86,2.92,2.98
1/19/2012,6.01,3.8,3.305,3.15,2.95,2.74,2.81,2.87,2.93,2.99,3.05
1/18/2012,8.1,3.875,3.4,3.2,3.06,2.8,2.86,2.91,2.95,3,3.05
1/17/2012,7.09,3.295,3.15,3.2,2.93,2.74,2.78,2.83,2.88,2.93,2.98
1/16/2012,5.4825,3.275,3.12,3.13,2.95,2.76,2.81,2.85,2.9,2.95,3
1/13/2012,4.81,3.6,3.3,3.13,2.93,2.73,2.79,2.83,2.87,2.93,3
1/12/2012,4.16,3.5,3.22,3.085,2.94,2.72,2.79,2.83,2.88,2.93,3
1/11/2012,4.0026,3.265,3.1,3.1,2.9,2.69,2.74,2.8,2.86,2.88,2.95
1/10/2012,4.1,3.24,3.05,3.07,2.88,2.64,2.71,2.76,2.82,2.88,2.95
1/9/2012,4.5271,3.24,3.05,2.9,2.88,2.64,2.71,2.76,2.82,2.88,2.95
1/6/2012,4.31,3.24,3.05,2.9,2.8,2.6,2.67,2.75,2.81,2.89,2.94
1/5/2012,4.51,3.4,3.23,3.01,2.8,2.58,2.73,2.79,2.85,2.92,2.97
1/4/2012,4,3.35,3.23,2.97,2.75,2.58,2.7,2.77,2.83,2.89,2.95
1/3/2012,5.6,3.18,3,2.75,2.67,2.48,2.57,2.64,2.73,2.76,2.8
1/2/2012,5.6,3.4,3.13,2.86,2.67,2.48,2.57,2.64,2.73,2.76,2.8
12/30/2011,5.6,3.4,3.13,2.86,2.67,2.48,2.57,2.64,2.73,2.76,2.8
12/29/2011,5.4306,3.4,3.125,2.87,2.63,2.48,2.57,2.63,2.68,2.73,2.78
12/28/2011,4.75,3.27,3.13,2.9,2.63,2.48,2.57,2.63,2.68,2.73,2.78
12/27/2011,4.37,2.69,2.59,2.67,2.63,2.48,2.57,2.63,2.68,2.73,2.78
12/26/2011,4,3.18,3.05,2.8,2.63,2.48,2.57,2.63,2.68,2.73,2.78
12/23/2011,3.74,3.18,3.05,2.8,2.63,2.48,2.57,2.63,2.68,2.73,2.78
12/22/2011,3.774,3.18,3.05,2.81,2.63,2.48,2.57,2.63,2.68,2.73,2.78
12/21/2011,3.59,2.6,2.56,2.64,2.6,2.43,2.53,2.59,2.65,2.7,2.75
12/20/2011,3.21,3.05,2.9,2.65,2.57,2.41,2.53,2.59,2.65,2.7,2.75
12/19/2011,3.05,2.99,2.85,2.6,2.53,2.41,2.5,2.57,2.63,2.68,2.73
12/16/2011,3.07,2.96,2.92,2.735,2.61,2.46,2.55,2.63,2.7,2.75,2.8
12/15/2011,3.461,3.06,3.02,2.82,2.68,2.56,2.64,2.69,2.74,2.78,2.82
12/14/2011,3.23,3.05,3.03,2.83,2.75,2.6,2.68,2.72,2.77,2.83,2.87
12/13/2011,3.51,3.07,3.05,2.92,2.75,2.6,2.68,2.72,2.8,2.83,2.87
12/12/2011,3.55,3.03,2.96,2.78,2.62,2.52,2.59,2.66,2.73,2.78,2.83
12/9/2011,3.5413,2.68,2.57,2.7,2.62,2.52,2.59,2.66,2.73,2.78,2.83
12/8/2011,3.48,3.18,2.95,2.75,2.64,2.55,2.63,2.71,2.78,2.83,2.87
12/7/2011,3.4333,3.18,2.975,2.82,2.64,2.55,2.63,2.71,2.78,2.78,2.82
12/6/2011,3.4,3.05,2.98,2.73,2.59,2.51,2.58,2.64,2.74,2.78,2.82
12/5/2011,3.3,2.76,2.62,2.55,2.55,2.48,2.58,2.65,2.72,2.76,2.8
12/2/2011,3.65,2.98,2.76,2.62,2.6,2.49,2.59,2.65,2.7,2.73,2.78
12/1/2011,3.98,3.2,3.025,2.9,2.7,2.56,2.64,2.69,2.74,2.8,2.85
11/30/2011,3.98,3.425,3.225,3.05,2.84,2.68,2.73,2.79,2.84,2.9,2.95
11/29/2011,3.668,3.45,3.27,3.04,2.9,2.79,2.81,2.87,2.92,2.96,3.01
11/28/2011,3.98,3.56,3.27,3.06,2.9,2.79,2.81,2.87,2.91,2.96,3.01
11/25/2011,4.0232,3.5,3.25,3.06,2.87,2.72,2.76,2.82,2.86,2.96,3.01
11/24/2011,4.09,3.18,3.15,3.12,2.88,2.73,2.78,2.83,2.89,2.96,3.01
11/23/2011,4.33,3.1,3.1,2.98,2.93,2.78,2.82,2.87,2.9,2.96,3.01
11/22/2011,4.4,3.5,3.32,3.15,3.04,2.93,3,3.05,3.1,3.16,3.22
11/21/2011,4.22,3.3,3.25,3.15,3.05,2.95,3.01,3.07,3.11,3.18,3.24
11/18/2011,3.7,2.99,3.06,3.14,3.03,2.96,3,3.11,3.15,3.2,3.25
11/17/2011,3.552,3.4,3.27,3.12,3.03,2.99,3.06,3.11,3.15,3.2,3.25
11/16/2011,3.39,3.37,3.27,3.09,2.96,2.94,3.04,3.1,3.15,3.2,3.25
11/15/2011,3.3,3.34,3.24,3.11,2.95,2.94,3.02,3.06,3.1,3.15,3.2
11/14/2011,3.31,3.32,3.225,3.07,2.95,2.94,2.99,3.04,3.07,3.12,3.16
11/11/2011,3.5045,3.34,3.2,3.07,2.94,2.91,2.96,3.02,3.08,3.1,3.16
11/10/2011,3.482,3.325,3.1,3,2.92,2.9,2.96,3.02,3.08,3.1,3.16
11/9/2011,3.54,3.2,3.17,3.08,2.94,2.9,2.98,3.05,3.1,3.17,3.22
11/8/2011,3.57,3.27,3.21,3.14,3.08,3.06,3.14,3.19,3.24,3.27,3.31
11/7/2011,3.5704,3.34,3.28,3.21,3.15,3.14,3.17,3.22,3.27,3.34,3.39
11/4/2011,3.5019,3.34,3.28,3.22,3.15,3.14,3.17,3.22,3.27,3.34,3.39
11/3/2011,3.4,3.35,3.475,3.31,3.2,3.13,3.21,3.29,3.35,3.4,3.45
11/2/2011,3.72,3.65,3.575,3.52,3.34,3.23,3.34,3.39,3.45,3.48,3.52
11/1/2011,4.348,3.61,3.61,3.47,3.39,3.28,3.35,3.4,3.44,3.48,3.52
10/31/2011,4.88,3.74,3.65,3.61,3.52,3.46,3.5,3.52,3.54,3.56,3.59
10/28/2011,4.88,3.75,3.66,3.62,3.53,3.48,3.5,3.53,3.56,3.57,3.58
10/27/2011,4.48,3.83,3.7,3.66,3.57,3.45,3.43,3.45,3.5,3.53,3.55
10/26/2011,4.08,3.725,3.64,3.635,3.56,3.45,3.43,3.45,3.5,3.53,3.55
10/25/2011,3.4,3.725,3.64,3,3.54,3.45,3.43,3.45,3.5,3.53,3.55
10/24/2011,3.4,3.6,3.59,3.56,3.43,3.39,3.41,3.45,3.46,3.47,3.48
10/21/2011,3.46,3.58,3.54,3.5,3.38,3.29,3.33,3.36,3.4,3.44,3.48
10/20/2011,3.47,3.54,3.5,3.46,3.38,3.29,3.33,3.36,3.4,3.44,3.48
10/19/2011,3.36,3.55,3.51,3.47,3.38,3.33,3.36,3.39,3.42,3.45,3.48
10/18/2011,3.515,3.53,3.49,3.45,3.36,3.33,3.35,3.37,3.39,3.41,3.43
10/17/2011,3.34,3.55,3.51,3.47,3.38,3.34,3.36,3.38,3.41,3.4,3.43
10/14/2011,3.15,3.4,3.4,3.4,3.31,3.29,3.31,3.33,3.37,3.4,3.43
10/13/2011,3.16,3.525,3.5,3.485,3.43,3.31,3.32,3.34,3.37,3.4,3.43
10/12/2011,3.33,3.6,3.615,3.57,3.5,3.34,3.35,3.37,3.38,3.41,3.44
10/11/2011,4.2019,3.77,3.7,3.68,3.54,3.34,3.34,3.33,3.33,3.36,3.39
10/10/2011,4.45,3.76,3.7,3.7,3.6,3.38,3.36,3.34,3.31,3.34,3.37
10/7/2011,5.01,3.95,3.775,3.73,3.62,3.34,3.36,3.33,3.27,3.33,3.36
10/6/2011,5.01,3.75,3.66,3.66,3.62,3.34,3.36,3.33,3.27,3.33,3.36
10/5/2011,5.01,3.95,3.775,3.73,3.62,3.34,3.36,3.33,3.27,3.33,3.36
10/4/2011,5.01,3.95,3.775,3.73,3.62,3.34,3.36,3.33,3.27,3.33,3.36
10/3/2011,5.01,3.95,3.775,3.73,3.62,3.34,3.36,3.33,3.27,3.33,3.36
9/30/2011,5.01,3.95,3.8,3.715,3.65,3.4,3.36,3.33,3.3,3.33,3.36
9/29/2011,5.075,4.05,3.84,3.805,3.73,3.51,3.48,3.46,3.43,3.47,3.52
9/28/2011,4.7894,3.95,3.875,3.83,3.74,3.53,3.5,3.48,3.45,3.5,3.55
9/27/2011,4.61,3.975,3.925,3.84,3.78,3.62,3.58,3.56,3.54,3.58,3.62
9/26/2011,3.58,3.925,3.8,3.73,3.68,3.5,3.45,3.44,3.43,3.47,3.5
9/23/2011,4.17,4.175,4.075,3.975,3.83,3.58,3.51,3.48,3.47,3.49,3.51
9/22/2011,3.92,4.2,4.2,4.07,3.96,3.64,3.51,3.47,3.45,3.53,3.62
9/21/2011,4.07,4.4,4.315,4.3,4.1,3.73,3.6,3.54,3.52,3.57,3.62
9/20/2011,3.99,4.45,4.425,4.245,4.13,3.74,3.62,3.53,3.51,3.57,3.62
9/19/2011,3.55,4.4,4.425,4.33,4.18,3.82,3.69,3.6,3.56,3.62,3.68
9/16/2011,3.3239,4.425,4.35,4.25,4.11,3.83,3.7,3.63,3.58,3.64,3.7
9/15/2011,3.3522,4.3,4.12,4.15,4.09,3.76,3.66,3.58,3.53,3.58,3.63
9/14/2011,3.2928,4.275,4.225,4.105,3.96,3.66,3.59,3.53,3.46,3.5,3.55
9/13/2011,3.2838,4.35,4.2,4.175,4,3.68,3.63,3.57,3.52,3.59,3.63
9/12/2011,3.63,4.5,4.56,4.34,4.2,3.81,3.7,3.65,3.61,3.64,3.67
9/9/2011,3.63,4.5,4.56,4.34,4.2,3.81,3.7,3.65,3.61,3.64,3.67
9/8/2011,4.0208,4.775,4.605,4.37,4.19,3.82,3.74,3.69,3.63,3.6,3.66
9/7/2011,4.34,4.675,4.575,4.375,4.23,3.84,3.73,3.66,3.6,3.6,3.66
9/6/2011,4.4833,4.675,4.575,4.365,4.24,3.82,3.69,3.62,3.53,3.58,3.64
9/5/2011,4.8654,4.775,4.7,4.415,4.22,3.92,3.8,3.68,3.61,3.68,3.76
9/2/2011,4.201,4.775,4.7,4.415,4.22,3.93,3.86,3.76,3.72,3.76,3.8
9/1/2011,4.77,4.65,4.55,4.385,4.25,4.02,3.9,3.84,3.8,3.89,3.98
8/31/2011,4.9503,4.8,4.7,4.525,4.35,4.13,4.03,3.93,3.9,4,4.1
8/30/2011,5,4.8,4.525,4.45,4.33,4.16,4.06,3.98,3.91,4.05,4.12
8/29/2011,4.39,4.4,4.3,4.255,3.88,3.82,4.08,3.78,3.75,3.85,3.84
8/26/2011,4.08,4.05,3.2,3.79,3.88,3.82,3.8,3.77,3.74,3.79,3.84
8/25/2011,4.485,4.05,3.9,3.78,3.74,3.65,3.63,3.61,3.61,3.63,3.65
8/24/2011,4.45,4.05,3.9,3.83,3.72,3.65,3.63,3.61,3.61,3.63,3.65
8/23/2011,5.21,4.1,3.925,3.86,3.77,3.64,3.59,3.58,3.56,3.6,3.65
8/22/2011,5,3.925,3.87,3.81,3.77,3.64,3.6,3.58,3.57,3.61,3.65
8/19/2011,4.17,3.725,3.675,3.65,3.64,3.57,3.55,3.53,3.5,3.52,3.54
8/18/2011,3.72,3.75,3.75,3.715,3.66,3.66,3.65,3.64,3.63,3.68,3.73
8/17/2011,3.22,3.4,3.05,3.825,3.96,3.69,3.71,3.74,3.75,3.81,3.87
8/16/2011,3.24,3.4,3.64,3.785,3.96,3.62,3.66,3.69,3.71,3.78,3.83
8/15/2011,3.2425,3.4,3.58,3.53,3.96,3.54,3.57,3.63,3.66,3.7,3.75
8/12/2011,3.09,3.4,3.58,3.53,3.96,3.48,3.53,3.55,3.58,3.65,3.7
8/11/2011,3.1029,3.35,3.53,3.57,3.96,3.45,3.46,3.47,3.48,3.58,3.65
8/10/2011,3.13,3.4,3.62,3.67,3.96,3.62,3.65,3.68,3.7,3.75,3.81
8/9/2011,3.09,3.4,3.62,3.67,3.96,3.64,3.66,3.68,3.7,3.74,3.78
8/8/2011,3.01,3.65,3.6,3.7,3.96,3.71,3.74,3.76,3.78,3.8,3.85
8/5/2011,3,4.1,3.88,3.85,3.96,3.75,3.78,3.8,3.81,3.85,3.95
8/4/2011,3.26,4.2,4.1,4.075,3.96,3.97,3.96,3.97,3.99,4.02,4.07
8/3/2011,4.11,4.3,4.29,4.19,4.03,3.98,4,4,4,4.05,4.1
8/2/2011,4.9,4.3,4.29,4.2,3.98,4.04,4.05,4.05,4.06,4.15,4.2
8/1/2011,5.03,4.3,4.275,4.2,3.98,4.07,4.09,4.1,4.13,4.18,4.23
7/29/2011,5.15,4.3,4.4,4.25,3.98,4.05,4.06,4.07,4.09,4.18,4.23
7/28/2011,5.08,4.3,4.4,4.25,3.98,4.08,4.1,4.12,4.14,4.18,4.23
7/27/2011,5.02,4.3,4.4,4.25,3.98,4.17,4.16,4.17,4.18,4.22,4.27
7/26/2011,4.99,4.3,4.4,4.25,3.98,4.13,4.13,4.14,4.15,4.2,4.25
7/25/2011,5.231,4.3,4.4,4.25,3.98,4.09,4.1,4.11,4.13,4.17,4.21
7/22/2011,5.2,4.3,4.39,4.25,3.98,4.08,4.09,4.11,4.13,4.17,4.21
7/21/2011,5.72,4.3,4.325,4.3,3.98,4.04,4.15,4.11,4.16,4.21,4.3
7/20/2011,5.3,4.3,4.13,4.03,3.98,4.02,4.07,4.07,4.14,4.16,4.25
7/19/2011,4.53,4.2,3.855,3.88,3.9,3.9,3.96,4.01,4.05,4.1,4.18
7/18/2011,4.52,4.2,3.855,3.88,3.8,3.8,3.85,3.9,3.95,4.08,4.18
7/15/2011,4.1,4.2,3.855,3.79,3.78,3.78,3.83,3.9,3.94,4.08,4.18
7/14/2011,4.75,4.2,3.855,3.8,3.81,3.8,3.87,3.93,3.97,4.08,4.18
7/13/2011,3.69,4.2,3.855,3.8,3.74,3.79,3.87,3.93,3.97,4.05,4.15
7/12/2011,4.88,4.2,3.9,3.78,3.69,3.7,3.76,3.82,3.87,4.01,4.11
7/11/2011,5.37,4.2,3.9,3.815,3.77,3.79,3.87,3.96,4.02,4.1,4.19
7/8/2011,6.28,4.2,3.925,3.82,3.76,3.81,3.9,3.98,4.05,4.15,4.25
7/7/2011,5.62,4.2,4,3.89,3.8,3.83,3.9,3.96,4.03,4.15,4.25
7/6/2011,7.44,4.2,4,3.89,3.81,3.84,3.93,4,4.06,4.15,4.22
7/5/2011,6.78,4.2,4,3.89,3.77,3.83,3.92,3.98,4.04,4.13,4.18
7/4/2011,4.79,4.2,3.9,3.89,3.71,3.76,3.86,3.92,3.97,4.08,4.18
7/1/2011,5.94,4.2,3.9,3.89,3.75,3.79,3.86,3.93,4.01,4.14,4.18
6/30/2011,6.61,4.2,3.94,3.89,3.79,3.83,3.91,3.95,4.02,4.1,4.18
6/29/2011,6.335,4.45,3.94,3.89,3.75,3.8,3.85,3.89,3.93,3.99,4.05
6/28/2011,6.391,4.45,4.1,3.89,3.71,3.75,3.78,3.83,3.87,3.94,4.02
6/27/2011,7.28,4,3.8,3.89,3.68,3.68,3.72,3.76,3.79,3.9,4
6/24/2011,8.6,4.5,4.15,3.89,3.78,3.8,3.82,3.85,3.88,3.95,4.06
6/23/2011,9.11,4.45,4.1,4.02,3.87,3.87,3.89,3.95,3.98,4.07,4.14
6/22/2011,8.85,4.2,4.1,3.95,3.91,3.89,3.92,3.95,3.98,3.95,4.05
6/21/2011,8.32,4.2,4.1,3.79,3.8,3.8,3.82,3.84,3.86,3.97,4.05
6/20/2011,7.5,3.9,3.8,3.79,3.72,3.73,3.75,3.77,3.79,3.9,4.02
6/17/2011,6.7035,4,3.9,3.79,3.75,3.74,3.76,3.8,3.82,3.92,4.02
6/16/2011,6.63,4,3.9,3.79,3.76,3.74,3.76,3.8,3.82,3.92,4.02
6/15/2011,6.19,4,3.8,3.79,3.75,3.75,3.8,3.84,3.91,3.97,4.04
6/14/2011,4.18,3.65,3.63,3.48,3.6,3.61,3.7,3.77,3.81,3.91,4.03
6/13/2011,4.6,3.5,3.49,3.48,3.42,3.49,3.58,3.65,3.69,3.81,3.91
6/10/2011,4.62,3.5,3.49,3.5,3.45,3.52,3.62,3.69,3.75,3.88,3.98
6/9/2011,4.09,3.5,3.45,3.48,3.44,3.51,3.61,3.69,3.75,3.92,4.02
6/8/2011,3.23,3.5,3.45,3.485,3.41,3.52,3.63,3.71,3.78,3.92,4.02
6/7/2011,3.23,3.5,3.45,3.44,3.37,3.49,3.61,3.69,3.75,3.9,4.01
6/6/2011,3.52,3.5,3.455,3.465,3.37,3.5,3.63,3.71,3.78,3.93,4.03
6/3/2011,3.52,3.5,3.45,3.465,3.37,3.5,3.63,3.71,3.78,3.93,4.03
6/2/2011,3.51,3.5,3.45,3.465,3.4,3.55,3.65,3.71,3.78,3.93,4.03
6/1/2011,3.9212,3.5,3.45,3.48,3.44,3.58,3.7,3.77,3.85,4.04,4.22
5/31/2011,3.85,3.5,3.45,3.405,3.41,3.55,3.66,3.75,3.82,3.95,4.06
5/30/2011,3.2,3.7,3.5,3.43,3.38,3.5,3.61,3.7,3.78,3.91,4.02
5/27/2011,4.4,3.7,3.5,3.37,3.39,3.52,3.63,3.72,3.8,3.93,4.04
5/26/2011,5.06,3.7,3.5,3.515,3.46,3.56,3.65,3.74,3.82,3.98,4.1
5/25/2011,5.264,3.7,3.5,3.55,3.47,3.57,3.65,3.72,3.78,3.89,4
5/24/2011,4.69,3.7,3.5,3.5,3.48,3.55,3.67,3.76,3.84,3.97,4.08
5/23/2011,4.71,3.7,3.5,3.515,3.47,3.57,3.69,3.76,3.84,4.03,4.21
5/20/2011,3.8806,3.7,3.5,3.545,3.5,3.62,3.73,3.84,3.93,4.05,4.16
5/19/2011,3.41,3.7,3.5,3.5,3.42,3.59,3.74,3.85,3.96,4.16,4.14
5/18/2011,3.28,3.7,3.5,3.485,3.44,3.59,3.71,3.81,3.9,4.02,4.13
5/17/2011,4.65,3.7,3.5,3.44,3.42,3.57,3.68,3.77,3.85,3.95,4.05
5/16/2011,4.64,3.7,3.5,3.43,3.45,3.55,3.65,3.74,3.81,3.91,4.01
5/13/2011,3.52,3.3,3.35,3.49,3.44,3.56,3.69,3.79,3.85,4.01,4.15
5/12/2011,2.7828,3.15,3.25,3.34,3.31,3.46,3.63,3.74,3.85,4.05,4.11
5/11/2011,2.797,3.15,3.29,3.42,3.39,3.58,3.77,3.91,3.99,4.19,4.37
5/10/2011,2.79,3.35,3.35,3.42,3.41,3.62,3.81,3.92,4.03,4.23,4.41
5/9/2011,2.7548,3.15,3.29,3.42,3.37,3.57,3.77,3.89,4,4.2,4.38
5/6/2011,2.781,3.15,3.29,3.42,3.41,3.59,3.76,3.9,4.02,4.2,4.36
5/5/2011,2.969,3.15,3.29,3.45,3.43,3.63,3.82,3.96,4.07,4.25,4.41
5/4/2011,3.03,3.15,3.29,3.385,3.4,3.62,3.82,3.95,4.06,4.24,4.4
5/3/2011,2.95,3.15,3.19,3.385,3.38,3.61,3.81,3.96,4.08,4.28,4.46
5/2/2011,2.91,3.35,3.325,3.385,3.42,3.62,3.81,3.98,4.1,4.32,4.5
4/29/2011,2.91,3.15,3.19,3.385,3.42,3.62,3.81,3.98,4.1,4.32,4.5
4/28/2011,3.052,3.15,3.19,3.385,3.36,3.61,3.81,3.96,4.08,4.28,4.46
4/27/2011,3.756,3.4,3.325,3.35,3.36,3.62,3.83,4,4.13,4.33,4.51
4/26/2011,4.427,3.4,3.325,3.385,3.4,3.62,3.84,4.01,4.13,4.33,4.51
4/25/2011,3.87,3.4,3.3,3.4,3.39,3.65,3.84,4.03,4.15,4.33,4.53
4/22/2011,3.39,3.27,3.31,3.385,3.39,3.65,3.84,4.03,4.15,4.33,4.53
4/21/2011,3.9016,3.15,3.19,3.385,3.43,3.69,3.89,4.02,4.17,4.31,4.59
4/20/2011,2.9986,3.15,3.19,3.335,3.39,3.65,3.85,4,4.15,4.35,4.53
4/19/2011,2.9574,3.15,3.19,3.335,3.35,3.62,3.82,4,4.14,4.31,4.57
4/18/2011,2.697,3.15,3.19,3.3,3.33,3.61,3.83,3.98,4.15,4.35,4.53
4/15/2011,2.355,3.15,3.19,3.3,3.31,3.61,3.83,4,4.14,4.35,4.53
4/14/2011,2.39,3.15,3.19,3.25,3.28,3.56,3.79,3.97,4.12,4.33,4.51
4/13/2011,1.97,3.15,3.19,3.23,3.25,3.53,3.76,3.95,4.1,4.31,4.49
4/12/2011,1.95,3.15,3.19,3.225,3.26,3.52,3.75,3.94,4.09,4.3,4.48
4/11/2011,2.0065,3.15,3.19,3.25,3.33,3.57,3.78,3.97,4.12,4.33,4.51
4/8/2011,2.483,3.15,3.19,3.28,3.36,3.61,3.83,4.02,4.17,4.38,4.56
4/7/2011,1.98,3.15,3.19,3.28,3.31,3.56,3.78,3.97,4.12,4.33,4.51
4/6/2011,2.3965,3.15,3.19,3.29,3.35,3.61,3.84,4.03,4.18,4.39,4.57
4/5/2011,2.785,3.1,3.215,3.26,3.3,3.58,3.81,3.98,4.13,4.33,4.51
4/4/2011,2.785,3.15,3.17,3.26,3.3,3.58,3.81,3.98,4.13,4.33,4.51
4/1/2011,2.785,3.15,3.17,3.26,3.27,3.56,3.79,3.97,4.13,4.35,4.52
3/31/2011,2.85,3.15,3.17,3.2,3.3,3.6,3.84,4.02,4.18,4.4,4.57
3/30/2011,2.635,3.15,3.17,3.2,3.26,3.56,3.8,3.98,4.14,4.36,4.53
3/29/2011,2.1062,3.15,3.175,3.2,3.23,3.5,3.72,3.9,4.08,4.28,4.46
3/28/2011,2.29,3.15,3.17,3.17,3.19,3.44,3.66,3.85,4.05,4.25,4.43
3/25/2011,2.24,3.15,3.22,3.17,3.22,3.47,3.67,3.87,4.03,4.19,4.41
3/24/2011,2.74,3.15,3.22,3.2,3.26,3.48,3.68,3.86,4.01,4.23,4.4
3/23/2011,2.73,3.15,3.2,3.26,3.3,3.53,3.71,3.88,4.04,4.24,4.42
3/22/2011,2.845,3.2,3.25,3.36,3.35,3.58,3.82,3.98,4.11,4.31,4.49
3/21/2011,2.9696,3.08,3.15,3.27,3.31,3.57,3.78,3.95,4.09,4.29,4.47
3/18/2011,2.016,3,3.05,3.1,3.17,3.41,3.61,3.78,3.93,4.13,4.31
3/17/2011,2,2.9,2.96,3.05,3.1,3.28,3.46,3.63,3.79,4.01,4.18
3/16/2011,2,3,3.09,3.25,3.25,3.44,3.62,3.79,3.95,4.17,4.34
3/15/2011,1.997,2.95,3,3.37,3.15,3.34,3.52,3.69,3.84,4.02,4.14
3/14/2011,2.052,3,3.13,3.24,3.3,3.51,3.7,3.88,4.05,4.28,4.47
3/11/2011,2.059,3.4,3.41,3.37,3.37,3.62,3.8,3.97,4.13,4.28,4.46
3/10/2011,2.25,3.4,3.41,3.37,3.39,3.61,3.81,3.98,4.14,4.37,4.56
3/9/2011,2.16,3.45,3.27,3.36,3.52,3.7,3.92,4.1,4.23,4.22,4.4
3/8/2011,2.2174,3.48,3.49,4.63,3.52,3.67,3.92,4.08,4.23,4.28,4.4
3/7/2011,2.18,3.48,3.54,4.63,3.65,3.85,4.04,4.19,4.34,4.5,4.69
3/4/2011,2.217,3.6,3.66,4.69,3.73,3.95,4.14,4.28,4.44,4.64,4.76
3/3/2011,2.4455,3.6,3.66,3.725,3.75,3.94,4.12,4.28,4.44,4.58,4.75
3/2/2011,3.013,3.73,3.75,3.725,3.77,3.95,4.15,4.29,4.42,4.58,4.81
3/1/2011,3.01,3.73,3.75,4.395,3.78,3.97,4.13,4.28,4.41,4.61,4.79
2/28/2011,3.03,3.63,3.625,4.385,3.7,3.86,4.05,4.2,4.32,4.52,4.7
2/25/2011,3.11,3.63,3.65,4.395,3.73,3.88,4.07,4.21,4.36,4.49,4.68
2/24/2011,3.4,3.63,3.65,4.38,3.7,3.88,4.05,4.21,4.37,4.6,4.8
2/23/2011,6.24,3.8,3.8,4.43,3.87,4.05,4.15,4.38,4.53,4.76,4.96
2/22/2011,6.26,3.81,3.84,4.56,3.86,4.04,4.22,4.4,4.55,4.78,4.98
2/21/2011,6.085,3.95,3.97,4.56,3.99,4.19,4.36,4.54,4.68,4.87,5.05
2/18/2011,2.81,3.75,3.79,4.46,3.83,4.03,4.23,4.4,4.58,4.74,5
2/17/2011,2.9255,3.7,3.77,4.45,3.86,4.07,4.27,4.46,4.64,4.88,5.07
2/16/2011,2.5894,3.7,3.77,4.45,3.87,4.08,4.28,4.47,4.65,4.89,5.08
2/15/2011,2.64,3.55,3.68,4.375,3.78,4.01,4.26,4.44,4.61,4.85,5.03
2/14/2011,2.715,3.55,3.68,4.465,3.73,3.92,4.15,4.28,4.47,4.63,4.84
2/11/2011,3.95,3.83,3.85,4.58,3.84,4.01,4.19,4.37,4.54,4.78,4.98
2/10/2011,3.98,3.75,3.8,4.59,3.83,3.98,4.17,4.34,4.54,4.78,4.96
2/9/2011,4.07,3.75,3.8,4.615,3.93,4.07,4.26,4.44,4.63,4.87,5.05
2/8/2011,3.3,3.4,3.48,4.465,3.68,3.91,3.95,4.2,4.41,4.62,4.7
2/7/2011,3.3,3.4,3.48,4.465,3.62,3.91,4.1,4.26,4.42,4.55,4.91
2/4/2011,3.3,3.9,3.75,4.465,3.76,3.91,4.1,4.26,4.42,4.55,4.91
2/3/2011,3.3,3.9,3.75,4.465,3.73,3.83,4.05,4.21,4.38,4.57,4.75
2/2/2011,3.3,3.4,3.48,4.465,3.73,3.83,4.05,4.21,4.38,4.57,4.75
2/1/2011,3.3,3.4,3.48,4.465,3.63,3.75,3.95,4.14,4.33,4.57,4.75
1/31/2011,8.14,4,3.83,4.465,3.79,3.91,4.08,4.24,4.4,4.64,4.85
1/28/2011,8.14,4,3.8,4.47,3.75,3.89,4.06,4.22,4.38,4.62,4.83
1/27/2011,8.3484,4,3.78,4.315,3.61,3.77,3.94,4.14,4.28,3.48,3.63
1/26/2011,7.82,3.9,3.7,4.23,3.57,3.71,3.89,4.08,4.26,3.48,3.63
1/25/2011,7.65,3.8,3.7,4.255,3.58,3.71,3.95,4.08,4.24,3.48,3.63
1/24/2011,4.8,3.76,3.1,3.85,3.52,3.71,3.89,4.06,4.22,3.48,3.63
1/21/2011,7.3,3.6,3.5,4.1,3.5,3.68,3.86,4.02,4.16,3.48,3.63
1/20/2011,6.03,3.4,3.46,4.075,3.53,3.73,3.92,4.07,4.18,3.48,3.63
1/19/2011,4.05,3.33,3.4,3.85,3.48,3.71,3.92,4.11,4.28,3.48,3.63
1/18/2011,2.74,3.23,3.27,4.21,3.39,3.62,3.87,4.04,4.21,3.48,3.63
1/17/2011,2.58,3.23,3.27,4.21,3.31,3.54,3.76,3.96,4.13,3.48,3.63
1/14/2011,2.5617,3.1,3.1,3.2,3.27,3.48,3.75,3.97,4.11,3.48,3.63
1/13/2011,2.3458,3.1,3.1,3.15,3.19,3.45,3.7,3.93,4.11,3.48,3.63
1/12/2011,2.49,3.1,3.1,3.1,3.13,3.43,3.69,3.88,4.04,3.48,3.63
1/11/2011,2.4588,3.1,3.1,3.1,3.12,3.37,3.63,3.78,3.94,3.48,3.63
1/10/2011,2.378,3.1,3.1,2.95,3.14,3.38,3.57,3.75,3.9,3.48,3.63
1/7/2011,2.82,3.23,3.15,2.95,3.12,3.35,3.56,3.71,3.83,3.48,3.63
1/6/2011,3.14,3.23,3.15,2.95,3.13,3.34,3.55,3.7,3.82,3.48,3.63
1/5/2011,3.26,3.3,3.1,2.95,3.06,3.28,3.49,3.64,3.76,3.48,3.63
1/4/2011,4.31,3.3,3.1,2.95,3.08,3.3,3.5,3.64,3.76,3.48,3.63
1/3/2011,6.34,3.3,3.1,2.95,3.08,3.31,3.52,3.67,3.78,3.48,3.63
12/31/2010,6.34,2.87,2.99,2.95,3.13,3.35,3.54,3.69,3.77,3.48,3.63
12/30/2010,6.27,2.87,2.99,2.95,3.16,3.33,3.56,3.67,3.79,3.48,3.63
12/29/2010,6.07,2.87,2.99,2.95,3.15,3.34,3.54,3.7,3.82,3.48,3.63
12/28/2010,5.79,2.87,2.99,2.95,3.18,3.37,3.57,3.73,3.85,3.48,3.63
12/27/2010,5.2739,2.87,2.99,2.95,3.17,3.37,3.59,3.73,3.85,3.48,3.63
12/24/2010,5.6,2.87,2.99,2.95,3.08,3.25,3.5,3.63,3.75,3.48,3.63
12/23/2010,5.672,2.87,2.99,2.95,3.05,3.24,3.47,3.63,3.75,3.48,3.63
12/22/2010,4.17,2.87,2.99,2.95,3.02,3.2,3.44,3.62,3.74,3.48,3.63
12/21/2010,4.075,2.87,2.99,2.95,3.01,3.23,3.46,3.61,3.73,3.48,3.63
12/20/2010,3.54,2.87,2.99,2.95,2.99,3.19,3.43,3.58,3.7,3.48,3.63
12/17/2010,3.72,2.87,2.99,3.05,3.06,3.25,3.5,3.65,3.77,3.48,3.63
12/16/2010,3.27,2.87,2.99,3.05,3.1,3.3,3.53,3.69,3.82,3.48,3.63
12/15/2010,3.58,2.87,2.99,3.05,3.08,3.29,3.5,3.69,3.83,3.48,3.63
12/14/2010,3.2928,2.87,2.99,2.65,3.07,3.3,3.51,3.69,3.82,3.48,3.63
12/13/2010,2.5748,2.87,2.99,2.65,3.05,3.26,3.49,3.67,3.8,3.48,3.63
12/10/2010,2.4911,2.93,3.05,2.65,3.14,3.34,3.57,3.75,3.88,3.48,3.63
12/9/2010,2.4935,2.78,2.84,2.65,3.07,3.3,3.53,3.72,3.86,3.48,3.63
12/8/2010,2.51,2.78,2.84,2.65,2.97,3.15,3.47,3.61,3.81,3.48,3.63
12/7/2010,2.08,2.73,2.79,2.65,2.9,3.12,3.34,3.53,3.72,3.48,3.63
12/6/2010,3.092,2.81,2.85,2.65,2.92,3.1,3.38,3.57,3.7,3.48,3.63
12/3/2010,3.3342,2.95,3.03,2.65,3.07,3.28,3.53,3.7,3.84,3.48,3.63
12/2/2010,3.3499,2.95,3.03,2.65,3.05,3.3,3.53,3.74,3.85,3.48,3.63
12/1/2010,3.3548,2.95,3.03,2.65,3.06,3.29,3.54,3.71,3.85,3.48,3.63
11/30/2010,3.31,2.95,3.03,2.65,3.18,3.36,3.57,3.78,3.85,3.48,3.63
11/29/2010,2.6767,2.9,3.09,2.65,2.96,3.41,3.75,3.88,3.98,3.48,3.63
11/26/2010,2.73,2.9,3,2.65,3.01,3.39,3.72,3.83,3.93,3.48,3.63
11/25/2010,2.4826,1.88,2.6,2.65,3.01,3.36,3.6,3.75,3.83,3.48,3.63
11/24/2010,2.33,1.88,2.6,2.65,2.96,3.27,3.57,3.65,3.8,3.48,3.63
11/23/2010,2.222,1.88,2.6,2.65,2.83,3.23,3.6,3.73,3.89,3.48,3.63
11/22/2010,2.15,1.88,2.6,2.65,2.83,3.23,3.52,3.71,3.86,3.48,3.63
11/19/2010,2.06,1.88,2.6,2.65,2.72,3.06,3.35,3.54,3.71,3.48,3.63
11/18/2010,1.9857,1.88,1.91,1.94,2.64,3.01,3.33,3.53,3.7,3.48,3.63
11/17/2010,1.93,1.88,1.91,1.94,2.64,3,3.37,3.54,3.73,3.48,3.63
11/16/2010,1.7385,1.88,1.91,1.94,2.58,2.97,3.4,3.55,3.77,3.48,3.63
11/15/2010,1.788,1.88,1.91,1.94,2.61,3,3.4,3.58,3.78,3.48,3.63
11/12/2010,1.6895,1.88,1.91,1.94,2.55,2.95,3.36,3.58,3.78,3.48,3.63
11/11/2010,1.678,1.88,1.91,1.94,2.58,2.98,3.4,3.6,3.8,3.48,3.63
11/10/2010,1.6407,1.88,1.91,1.94,2.52,2.92,3.32,3.58,3.8,3.48,3.63
11/9/2010,1.6453,1.88,1.91,1.94,2.45,2.85,3.26,3.55,3.75,3.48,3.63
11/8/2010,1.6303,1.88,1.91,1.94,2.39,2.77,3.16,3.43,3.65,3.48,3.63
11/5/2010,1.609,1.88,1.91,1.94,2.42,2.83,3.23,3.49,3.72,3.48,3.63
11/4/2010,1.8329,1.88,1.91,1.94,2.44,2.85,3.23,3.48,3.72,3.48,3.63
11/3/2010,1.8263,1.88,1.91,1.94,2.39,2.37,3.12,3.42,3.67,3.48,3.63
11/2/2010,1.825,1.88,1.91,1.94,2.37,2.37,3.05,3.31,3.56,3.48,3.63
11/1/2010,2.002,1.88,1.91,1.94,2.32,2.37,2.97,3.26,3.45,3.48,3.63
10/29/2010,2.0317,1.88,1.91,1.94,2.29,2.37,2.91,3.19,3.39,3.48,3.63
10/28/2010,2.0376,1.88,1.91,1.94,2.3,2.37,2.92,3.19,3.41,3.48,3.63
10/27/2010,2.0362,1.88,1.91,1.94,2.31,2.37,2.92,3.21,3.43,3.48,3.63
10/26/2010,1.95,1.88,1.91,1.94,2.34,2.37,2.94,3.21,3.44,3.48,3.63
10/25/2010,1.9511,1.88,1.91,1.94,2.31,2.37,2.93,3.2,3.42,3.48,3.63
10/22/2010,1.942,1.88,1.91,1.94,2.31,2.37,2.95,3.2,3.4,3.48,3.63
10/21/2010,1.93,1.88,1.91,1.94,2.33,2.37,2.95,3.2,3.42,3.48,3.63
10/20/2010,1.969,1.88,1.91,1.94,2.32,2.37,2.95,3.05,3.34,3.48,3.63
10/19/2010,1.9335,1.88,1.91,1.94,2.13,2.37,2.67,2.87,3.07,3.3,3.47
10/18/2010,1.958,1.88,1.91,1.94,2.14,2.39,2.66,2.88,3.07,3.3,3.47
10/15/2010,1.9397,1.88,1.91,1.94,2.13,2.38,2.63,2.85,3.03,3.26,3.43
10/14/2010,1.95,1.88,1.91,1.94,2.12,2.34,2.58,2.8,2.97,3.17,3.31
10/13/2010,1.9437,1.88,1.91,1.94,2.13,2.35,2.59,2.81,2.98,3.18,3.32
10/12/2010,1.908,1.88,1.91,1.94,2.11,2.35,2.57,2.79,2.96,3.18,3.32
10/11/2010,1.9579,1.88,1.91,1.94,2.12,2.34,2.56,2.78,2.95,3.15,3.29
10/8/2010,2.696,1.88,1.91,1.94,2.13,2.35,2.55,2.75,2.91,3.11,3.25
10/7/2010,2.8558,1.88,1.91,1.94,2.12,2.31,2.5,2.7,2.86,3.01,3.15
10/6/2010,2.8558,1.88,1.91,1.94,2.12,2.31,2.5,2.7,2.86,3.01,3.15
10/5/2010,2.8558,1.88,1.91,1.94,2.12,2.31,2.5,2.7,2.86,3.01,3.15
10/4/2010,2.8558,1.88,1.91,1.94,2.12,2.33,2.54,2.74,2.9,3.08,3.17
10/1/2010,2.8558,1.88,1.91,1.94,2.14,2.33,2.54,2.74,2.9,3.08,3.17
9/30/2010,2.8558,1.88,1.91,1.94,2.14,2.33,2.54,2.74,2.9,3.08,3.17
9/29/2010,2.72,1.88,1.91,1.94,2.12,2.32,2.53,2.71,2.87,3.07,3.21
9/28/2010,2.46,1.88,1.91,1.94,2.11,2.3,2.5,2.7,2.84,3.05,3.15
9/27/2010,2.43,1.88,1.91,1.94,2.13,2.34,2.54,2.74,2.9,3.1,3.24
9/24/2010,2.31,1.88,1.91,1.94,2.15,2.38,2.57,2.72,2.92,3.07,3.22
9/23/2010,2.31,1.88,1.91,1.94,2.14,2.36,2.57,2.77,2.94,3.14,3.28
9/22/2010,2.31,1.88,1.91,1.94,2.14,2.36,2.57,2.77,2.94,3.14,3.28
9/21/2010,2.31,1.88,1.91,1.94,2.16,2.38,2.59,2.8,2.96,3.16,3.3
9/20/2010,2.2445,1.88,1.91,1.94,2.18,2.37,2.58,2.74,2.93,3.13,3.27
9/17/2010,2.04,1.88,1.91,1.94,2.12,2.38,2.58,2.8,2.94,3.09,3.25
9/16/2010,2.535,1.88,1.91,1.94,2.16,2.35,2.56,2.74,2.88,3.08,3.22
9/15/2010,2.2335,1.88,2.1,2.14,2.14,2.33,2.52,2.68,2.83,3.03,3.17
9/14/2010,2.386,1.88,1.91,1.94,2.1,2.29,2.49,2.67,2.8,3,3.14
9/13/2010,2.4036,1.88,1.91,1.94,2.13,2.32,2.53,2.72,2.84,3.04,3.18
9/10/2010,2.2926,1.88,1.91,1.94,2.05,2.23,2.44,2.62,2.76,2.96,3.1
9/9/2010,2.27,1.88,1.91,1.94,2.02,2.21,2.41,2.57,2.72,2.92,3.06
9/8/2010,2.235,1.88,1.91,1.94,2,2.18,2.39,2.56,2.69,2.89,3.03
9/7/2010,2.26,1.88,1.91,1.94,1.99,2.19,2.45,2.57,2.7,2.91,3.05
9/6/2010,2.2486,1.88,1.91,1.94,1.99,2.19,2.4,2.57,2.72,2.91,3.05
9/3/2010,2.34,1.88,1.91,1.94,1.97,2.18,2.39,2.56,2.7,2.9,2.98
9/2/2010,2.5,1.88,1.91,1.94,1.98,2.18,2.37,2.54,2.68,2.88,3.02
9/1/2010,2.97,1.88,1.91,1.995,1.98,2.18,2.38,2.54,2.69,2.9,3.05
8/31/2010,2.92,1.88,1.91,1.94,2.01,2.2,2.42,2.53,2.7,2.89,3.02
8/30/2010,2.25,1.88,1.91,1.94,2,2.17,2.36,2.52,2.67,2.88,3.03
8/27/2010,2.22,1.88,1.91,1.94,1.99,2.19,2.39,2.53,2.68,2.89,3.04
8/26/2010,1.83,1.88,1.91,1.94,1.99,2.18,2.38,2.54,2.67,2.88,3.03
8/25/2010,1.7687,1.88,1.91,1.94,1.94,2.14,2.36,2.51,2.65,2.79,2.94
8/24/2010,1.75,1.88,1.91,1.94,1.95,2.15,2.36,2.51,2.65,2.86,3.01
8/23/2010,1.74,1.88,1.91,1.94,1.96,2.16,2.38,2.53,2.68,2.83,3.04
8/20/2010,1.7446,1.88,1.91,1.94,1.95,2.16,2.38,2.54,2.69,2.89,2.97
8/19/2010,1.745,1.88,1.91,1.94,1.99,2.2,2.41,2.57,2.72,2.93,3.08
8/18/2010,1.78,1.88,1.91,1.94,1.97,2.17,2.38,2.54,2.69,2.9,3.05
8/17/2010,1.8,1.88,1.91,1.94,1.98,2.17,2.38,2.54,2.68,2.87,3.01
8/16/2010,1.7774,1.88,1.91,1.94,1.94,2.16,2.34,2.52,2.66,2.85,3.01
8/13/2010,1.748,1.87,1.91,1.94,1.93,2.15,2.33,2.52,2.66,2.85,3.05
8/12/2010,1.733,1.93,1.99,2.46,1.91,2.13,2.34,2.49,2.63,2.83,3.02
8/11/2010,1.7079,1.93,1.99,2.46,1.95,2.15,2.39,2.56,2.66,2.95,3.1
8/10/2010,1.7394,1.93,1.99,2.46,1.98,2.2,2.44,2.63,2.77,2.99,3.14
8/9/2010,1.6957,1.93,1.99,2.46,2.01,2.21,2.48,2.65,2.8,3.03,3.18
8/6/2010,1.705,1.93,1.99,2.46,2.03,2.24,2.51,2.68,2.82,3.05,3.2
8/5/2010,1.695,1.93,1.99,2.46,2.03,2.25,2.51,2.69,2.82,3.05,3.2
8/4/2010,1.642,1.93,1.99,2.46,2.04,2.25,2.52,2.71,2.88,3.07,3.22
8/3/2010,1.685,1.93,1.99,2.46,2.06,2.26,2.53,2.71,2.86,3.09,3.24
8/2/2010,1.643,1.93,1.99,2.46,2.05,2.28,2.51,2.7,2.87,3.11,3.29
7/30/2010,1.6833,1.93,1.99,2.46,2.06,2.26,2.51,2.7,2.85,3.08,3.23
7/29/2010,1.68,1.93,1.99,2.46,2,2.27,2.48,2.67,2.84,3.08,3.26
7/28/2010,1.69,1.95,2.03,2.53,2.04,2.27,2.51,2.69,2.84,3.06,3.23
7/27/2010,1.745,1.95,2.03,2.53,2.06,2.35,2.55,2.71,2.91,3.15,3.22
7/26/2010,1.7302,1.95,2.03,2.53,2.04,2.3,2.5,2.69,2.87,3.07,3.25
7/23/2010,1.77,2,2,2.49,2.1,2.32,2.52,2.73,2.85,3.11,3.26
7/22/2010,1.716,2,2,2.49,2.02,2.27,2.46,2.64,2.81,3.02,3.2
7/21/2010,1.846,2,2,2.49,2.07,2.28,2.5,2.65,2.83,3.03,3.18
7/20/2010,1.8302,2,2,2.49,2.07,2.26,2.5,2.65,2.79,3.02,3.17
7/19/2010,1.86,2,2,2.49,1.99,2.24,2.43,2.61,2.78,2.99,3.17
7/16/2010,1.866,2.05,2.05,2.49,2.07,2.27,2.48,2.66,2.82,3.05,3.2
7/15/2010,1.8673,2.05,2.05,2.49,2.03,2.28,2.48,2.69,2.85,3.06,3.24
7/14/2010,1.801,2.05,2.05,2.49,2.1,2.3,2.52,2.72,2.88,3.11,3.26
7/13/2010,1.989,2.05,2.05,2.49,2.08,2.24,2.47,2.66,2.83,3.05,3.25
7/12/2010,2.07,2.3,2.135,2.25,2.18,2.38,2.6,2.78,2.96,3.19,3.34
7/9/2010,2.3191,2.3,2.135,2.25,2.1,2.46,2.54,2.72,2.89,3.1,3.28
7/8/2010,2.42,2.3,2.22,2.51,2.18,2.37,2.6,2.76,2.91,3.14,3.29
7/7/2010,2.4577,2.3,2.22,2.51,2.2,2.41,2.61,2.78,2.95,3.18,3.33
7/6/2010,2.6927,2.3,2.22,2.51,2.25,2.44,2.63,2.8,2.96,3.19,3.34
7/5/2010,2.5817,2.3,2.22,2.51,2.21,2.45,2.65,2.81,2.96,3.13,3.3
7/2/2010,2.6137,2.3,2.22,2.51,2.2,2.41,2.63,2.8,2.95,3.15,3.36
7/1/2010,2.692,2.3,2.22,2.51,2.23,2.42,2.62,2.8,2.94,3.17,3.32
6/30/2010,2.62,2.3,2.22,2.51,2.18,2.45,2.66,2.83,2.99,3.2,3.38
6/29/2010,2.8794,2.38,2.26,2.51,2.25,2.46,2.66,2.83,3,3.24,3.39
6/28/2010,2.83,2.38,2.26,2.51,2.22,2.51,2.72,2.89,3.05,3.26,3.44
6/25/2010,3.1551,2.38,2.05,2.15,2.3,2.56,2.76,2.92,3.1,3.33,3.48
6/24/2010,2.87,2.38,2.28,2.51,2.25,2.57,2.78,2.95,3.11,3.32,3.5
6/23/2010,2.72,2.4,2.3,2.51,2.31,2.58,2.8,2.95,3.14,3.37,3.52
6/22/2010,2.835,2.4,2.3,2.51,2.31,2.59,2.8,2.97,3.15,3.38,3.53
6/21/2010,2.64,2.4,2.25,2.41,2.34,2.64,2.83,3,3.16,3.32,3.55
6/18/2010,2.6832,2.29,2.25,2.44,2.32,2.67,2.86,3.03,3.2,3.41,3.59
6/17/2010,2.606,2.29,2.25,2.44,2.28,2.63,2.81,2.98,3.15,3.36,3.54
6/16/2010,2.7333,2.29,2.25,2.44,2.35,2.63,2.82,2.97,3.13,3.31,3.46
6/15/2010,2.7333,2.29,2.25,2.44,2.35,2.64,2.82,2.99,3.15,3.38,3.53
6/14/2010,2.7333,2.29,2.25,2.44,2.33,2.61,2.79,2.94,3.13,3.36,3.51
6/11/2010,2.7333,2.29,2.25,2.44,2.27,2.58,2.78,2.94,3.11,3.32,3.5
6/10/2010,2.4668,2.22,2.19,2.44,2.34,2.59,2.77,2.93,3.08,3.28,3.47
6/9/2010,2.2078,2.2,2.17,2.38,2.18,2.5,2.7,2.88,3.04,3.25,3.43
6/8/2010,2.1875,2.2,2.17,2.38,2.15,2.47,2.68,2.86,3.02,3.25,3.4
6/7/2010,1.925,2,2.05,2.38,2.2,2.48,2.68,2.86,3.05,3.25,3.35
6/4/2010,2.22,2.1,2.11,2.38,2.13,2.49,2.7,2.89,3.07,3.28,3.46
6/3/2010,2.95,2.3,2.2,2.38,2.22,2.52,2.74,2.92,3.13,3.31,3.49
6/2/2010,3.276,2.23,2.23,2.38,2.25,2.5,2.76,2.95,3.12,3.3,3.43
6/1/2010,3.1964,2.15,2.15,2.3,2.14,2.46,2.67,2.88,3.05,3.25,3.42
5/31/2010,2.51,2,2.05,2.3,2.08,2.42,2.64,2.84,3,3.2,3.38
5/28/2010,2.6,2,2.05,2.3,2.13,2.43,2.63,2.82,3.01,3.24,3.39
5/27/2010,2.395,2,2.05,2.3,2.1,2.47,2.69,2.87,3.01,3.22,3.36
5/26/2010,2.16,1.92,1.98,2.22,2.1,2.39,2.63,2.81,2.95,3.15,3.3
5/25/2010,1.94,1.92,1.98,2.22,2.13,2.42,2.62,2.82,3.02,3.18,3.28
5/24/2010,1.86,1.92,1.98,2.22,2.07,2.45,2.7,2.89,3.04,3.24,3.44
5/21/2010,1.8079,1.86,1.92,2.22,2.09,2.4,2.61,2.79,2.98,3.23,3.38
5/20/2010,1.8,1.86,1.92,2.22,2.08,2.42,2.62,2.86,3.05,3.22,3.35
5/19/2010,1.7822,1.86,1.92,2.22,2.08,2.42,2.63,2.84,3.03,3.23,3.43
5/18/2010,1.75,1.86,1.93,2.22,2.08,2.43,2.71,2.91,3.1,3.32,3.5
5/17/2010,1.748,1.86,1.93,2.22,2.05,2.46,2.73,2.92,3.1,3.3,3.45
5/14/2010,1.754,1.86,1.93,2.22,2.02,2.46,2.72,2.92,3.14,3.36,3.5
5/13/2010,1.743,1.86,1.93,2.22,2.11,2.49,2.76,2.93,3.18,3.3,3.45
5/12/2010,1.725,1.86,1.93,2.22,2.06,2.43,2.69,2.9,3.09,3.24,3.41
5/11/2010,1.716,1.86,1.93,2.22,2.03,2.48,2.8,3.02,3.17,3.41,3.51
5/10/2010,1.698,1.85,1.92,2.22,2.08,2.45,2.68,2.95,3.13,3.36,3.53
5/7/2010,1.7108,1.85,1.92,2.22,2.03,2.38,2.69,2.9,3.04,3.31,3.52
5/6/2010,1.69,1.8,1.9,2.22,2.01,2.44,2.8,3.05,3.23,3.53,3.6
5/5/2010,1.655,1.8,1.9,2.27,2.11,2.49,2.82,3.08,3.29,3.5,3.7
5/4/2010,1.611,1.8,1.9,2.27,2.09,2.5,2.87,3.18,3.35,3.59,3.8
5/3/2010,1.6,1.8,1.9,2.27,2.05,2.51,2.91,3.2,3.41,3.74,3.8
4/30/2010,1.6,1.8,1.9,2.27,2.09,2.47,2.83,3.13,3.35,3.68,3.79
4/29/2010,1.6021,1.6,1.78,2.27,2.03,2.49,2.88,3.16,3.34,3.57,3.75
4/28/2010,1.6155,1.6,1.76,2.27,2.07,2.45,2.82,3.1,3.39,3.53,3.68
4/27/2010,1.6482,1.6,1.76,2.27,2.09,2.47,2.85,3.15,3.37,3.6,3.78
4/26/2010,1.653,1.6,1.76,2.27,2,2.43,2.83,3.13,3.33,3.66,3.74
4/23/2010,1.7,1.84,1.94,2.27,2.08,2.48,2.87,3.18,3.39,3.64,3.8
4/22/2010,1.645,1.84,1.94,2.27,2.07,2.47,2.86,3.16,3.37,3.6,3.78
4/21/2010,1.69,1.84,1.94,2.27,2.11,2.54,2.93,3.24,3.45,3.68,3.86
4/20/2010,1.648,1.84,1.94,2.27,2.1,2.61,2.99,3.27,3.47,3.66,3.84
4/19/2010,1.6071,1.84,1.94,2.27,2.12,2.54,2.94,3.22,3.44,3.67,3.85
4/16/2010,1.675,1.84,1.94,2.27,2.2,2.66,3.12,3.39,3.6,3.82,4.02
4/15/2010,1.68,1.84,1.94,2.27,2.22,2.66,3.07,3.36,3.57,3.87,3.95
4/14/2010,1.655,1.84,1.94,2.3,2.13,2.67,3.09,3.38,3.59,3.89,3.98
4/13/2010,1.69,1.84,1.95,2.3,2.15,2.62,3.02,3.32,3.52,3.72,3.93
4/12/2010,1.656,1.84,1.95,2.3,2.23,2.74,3.18,3.37,3.66,3.83,4.01
4/9/2010,1.6935,1.84,1.97,2.11,2.22,2.73,3.15,3.44,3.65,3.86,4.06
4/8/2010,1.697,1.84,1.97,2.11,2.22,2.75,3.19,3.46,3.68,3.91,4.09
4/7/2010,1.7,1.84,1.97,2.11,2.23,2.77,3.19,3.49,3.73,3.94,4.12
4/6/2010,1.61,1.84,1.97,2.11,2.22,2.75,3.18,3.48,3.7,3.93,4.13
4/5/2010,1.588,1.84,1.97,2.11,2.23,2.74,3.15,3.43,3.7,3.82,4.02
4/2/2010,1.588,1.84,1.97,2.11,2.22,2.73,3.16,3.44,3.67,3.9,4.1
4/1/2010,1.568,1.84,1.97,2.11,2.23,2.76,3.19,3.48,3.69,3.94,4.14
3/31/2010,1.61,1.84,1.98,2.125,2.24,2.75,3.17,3.46,3.69,3.92,4.12
3/30/2010,1.64,1.84,1.98,2.125,2.23,2.73,3.15,3.43,3.67,3.9,4.1
3/29/2010,1.5604,1.84,1.98,2.14,2.23,2.73,3.15,3.45,3.67,3.9,4.1
3/26/2010,1.5604,1.84,1.95,2.3,2.2,2.69,3.11,3.4,3.61,3.91,4.05
3/25/2010,1.575,1.84,1.95,2.3,2.21,2.7,3.12,3.39,3.6,3.9,4.07
3/24/2010,1.5697,1.84,1.95,2.3,2.15,2.69,3.11,3.4,3.61,3.91,4.02
3/23/2010,1.5885,1.84,1.95,2.3,2.19,2.69,3.1,3.37,3.59,3.82,4.02
3/22/2010,1.605,1.84,1.95,2.14,2.16,2.67,3.08,3.35,3.55,3.85,4
3/19/2010,1.63,1.84,1.95,2.3,2.2,2.63,3.03,3.32,3.54,3.76,3.96
3/18/2010,1.64,1.84,1.95,2.3,2.15,2.65,3.05,3.32,3.52,3.82,4.07
3/17/2010,1.655,1.84,1.95,2.3,2.17,2.74,3.12,3.38,3.55,3.85,4.05
3/16/2010,1.635,1.84,1.95,2.3,2.19,2.78,3.18,3.45,3.65,3.95,4.2
3/15/2010,1.656,1.84,1.95,2.3,2.24,2.79,3.2,3.47,3.66,3.93,4.13
3/12/2010,1.67,1.84,1.95,2.3,2.27,2.84,3.22,3.5,3.72,3.99,4.19
3/11/2010,1.699,1.84,1.95,2.3,2.2,2.82,3.23,3.51,3.73,4.03,4.28
3/10/2010,1.72,1.83,1.94,2.3,2.26,2.85,3.25,3.53,3.74,3.98,4.2
3/9/2010,1.65,1.83,1.95,2.12,2.24,2.8,3.23,3.5,3.73,4,4.17
3/8/2010,1.645,1.73,1.91,2.09,2.23,2.76,3.17,3.48,3.71,3.98,4.18
3/5/2010,1.695,1.73,1.91,2.09,2.23,2.8,3.2,3.46,3.75,3.95,4.13
3/4/2010,1.69,1.73,1.91,2.09,2.24,2.81,3.22,3.48,3.71,3.98,4.18
3/3/2010,1.75,1.73,1.91,2.09,2.24,2.82,3.23,3.49,3.72,3.99,4.19
3/2/2010,1.7422,1.73,1.91,2.09,2.17,2.77,3.15,3.45,3.67,3.97,4.22
3/1/2010,1.66,1.73,1.9333,2.1367,2.21,2.8,3.2,3.48,3.7,3.97,4.17
2/26/2010,1.67,1.73,1.9333,2.1367,2.22,2.8,3.2,3.48,3.67,3.94,4.14
2/25/2010,1.692,1.73,1.9333,2.1367,2.27,2.86,3.29,3.55,3.77,4.03,4.15
2/24/2010,1.65,1.73,1.9333,2.1367,2.27,2.87,3.29,3.56,3.79,4.01,4.21
2/23/2010,1.602,1.73,1.95,2.15,2.3,2.93,3.36,3.62,3.84,4.1,4.26
2/22/2010,1.48,1.73,1.9333,2.1367,2.24,2.91,3.34,3.6,3.83,4.14,4.39
2/19/2010,2.61,1.73,1.93,2.13,2.35,2.95,3.35,3.62,3.85,4.12,4.27
2/18/2010,2.61,1.73,1.93,2.13,2.28,2.89,3.3,3.56,3.78,4.12,4.2
2/17/2010,2.61,1.73,1.93,2.13,2.28,2.89,3.3,3.56,3.78,4.12,4.2
2/16/2010,2.61,1.73,1.93,2.13,2.23,2.89,3.32,3.56,3.82,4.1,4.27
2/15/2010,2.61,1.73,1.93,2.13,2.23,2.89,3.32,3.56,3.82,4.1,4.27
2/12/2010,2.61,1.73,1.93,2.13,2.23,2.89,3.32,3.56,3.82,4.1,4.27
2/11/2010,2.5,1.73,1.9267,2.1233,2.28,2.88,3.31,3.57,3.77,3.99,4.19
2/10/2010,1.9,1.73,1.9267,2.1233,2.25,2.89,3.31,3.58,3.8,4.12,4.27
2/9/2010,1.905,1.73,1.9267,2.1233,2.25,2.89,3.32,3.59,3.8,4.07,4.27
2/8/2010,1.83,1.73,1.9267,2.1233,2.25,2.87,3.31,3.57,3.78,4.07,4.18
2/5/2010,1.73,1.73,1.9267,2.1233,2.24,2.86,3.32,3.59,3.76,4.13,4.23
2/4/2010,1.8,1.73,1.9267,2.1233,2.22,2.9,3.35,3.62,3.83,4.1,4.3
2/3/2010,1.75,1.73,1.93,2.12,2.23,2.95,3.39,3.65,3.88,4.12,4.35
2/2/2010,1.8,1.73,1.92,2.11,2.25,2.9,3.35,3.6,3.83,4.1,4.28
2/1/2010,1.8377,1.73,1.92,2.11,2.24,2.87,3.29,3.58,3.76,3.98,4.18
1/29/2010,1.8913,1.73,1.9233,2.1167,2.22,2.85,3.28,3.57,3.75,3.97,4.17
1/28/2010,1.8733,1.73,1.9233,2.1167,2.21,2.93,3.33,3.63,3.88,4.2,4.31
1/27/2010,1.55,1.7,1.91,2.12,2.2,2.87,3.32,3.6,3.82,4.09,4.29
1/26/2010,1.5406,1.7,1.91,2.12,2.21,2.87,3.3,3.6,3.82,4.09,4.29
1/25/2010,1.3344,1.7,1.91,2,2.25,2.95,3.37,3.65,3.87,4.12,4.35
1/22/2010,1.485,1.7,1.91,2.12,2.26,2.95,3.36,3.67,3.88,4.1,4.3
1/21/2010,1.43,1.7,1.75,1.95,2.23,2.93,3.35,3.66,3.87,4.13,4.33
1/20/2010,1.4683,1.7,1.9033,2.1067,2.26,2.98,3.41,3.7,3.93,4.2,4.4
1/19/2010,1.366,1.7,1.91,2.12,2.24,2.95,3.37,3.68,3.91,4.18,4.38
1/18/2010,1.3935,1.7,1.91,2.12,2.23,2.99,3.41,3.72,3.96,4.18,4.35
1/15/2010,1.43,1.7,1.82,2.02,2.22,2.92,3.35,3.65,3.87,4.13,4.3
1/14/2010,1.467,1.7,1.9333,2.1667,2.28,2.94,3.4,3.72,3.9,4.21,4.35
1/13/2010,1.385,1.7,1.9333,2.1667,2.3,2.97,3.4,3.73,3.95,4.3,4.41
1/12/2010,1.46,1.7,1.8833,2.0667,2.16,2.85,3.31,3.65,3.91,4.21,4.38
1/11/2010,1.3726,1.7,1.8833,2.0667,2.19,2.9,3.37,3.74,4,4.29,4.47
1/8/2010,1.39,1.7,1.8833,2.0667,2.26,2.91,3.39,3.75,4.05,4.32,4.53
1/7/2010,1.3936,1.7,1.88,2.06,2.14,2.81,3.26,3.61,3.87,4.19,4.42
1/6/2010,1.4047,1.65,1.78,1.94,2.08,2.69,3.14,3.47,3.72,3.95,4.29
1/5/2010,1.4,1.65,1.76,1.94,2.13,2.72,3.16,3.48,3.75,3.98,4.18
1/4/2010,1.44,1.65,1.8,1.95,2.12,2.73,3.18,3.49,3.73,3.98,4.18
12/31/2009,1.568,1.65,1.79,1.93,2.05,2.66,3.08,3.44,3.68,4.01,4.19
12/30/2009,1.5866,1.65,1.79,1.93,2.05,2.66,3.08,3.41,3.66,3.91,4.11
12/29/2009,1.595,1.65,1.79,1.93,2.1,2.7,3.12,3.45,3.68,3.97,4.1
12/28/2009,1.55,1.65,1.79,1.93,2.06,2.68,3.1,3.42,3.67,3.95,4.08
12/25/2009,1.4311,1.65,1.79,1.93,2.03,2.65,3.05,3.37,3.59,3.86,4
12/24/2009,1.3926,1.65,1.79,1.93,2.03,2.65,3.05,3.37,3.59,3.86,4
12/23/2009,1.4043,1.65,1.79,1.93,2.02,2.61,3.04,3.35,3.58,3.83,4.03
12/22/2009,1.45,1.65,1.79,1.93,2.02,2.62,3.02,3.34,3.57,3.86,4.05
12/21/2009,1.4439,1.65,1.79,1.93,2.05,2.63,3.02,3.32,3.53,3.88,3.98
12/18/2009,1.4606,1.65,1.79,1.93,2,2.59,2.99,3.32,3.54,3.83,4.02
12/17/2009,1.45,1.65,1.79,1.93,2.04,2.62,3.03,3.36,3.57,3.86,4.05
12/16/2009,1.4561,1.65,1.79,1.93,2.03,2.59,3.01,3.33,3.55,3.8,4
12/15/2009,1.4536,1.65,1.79,1.93,2.04,2.59,3.01,3.34,3.56,3.88,4.05
12/14/2009,1.4807,1.65,1.79,1.93,2.02,2.58,2.99,3.32,3.55,3.84,3.99
12/11/2009,1.49,1.65,1.79,1.93,1.97,2.57,2.98,3.28,3.5,3.79,4
12/10/2009,1.4648,1.65,1.7967,1.9433,2.04,2.59,3,3.32,3.55,3.83,4.01
12/9/2009,1.485,1.65,1.78,1.91,1.94,2.55,2.97,3.27,3.5,3.79,4
12/8/2009,1.463,1.65,1.7933,1.9367,2.02,2.59,3.01,3.32,3.56,3.82,3.95
12/7/2009,1.5,1.65,1.77,1.92,2.05,2.6,3.02,3.35,3.62,3.85,3.99
12/4/2009,1.5024,1.65,1.7833,1.9167,2,2.57,2.98,3.28,3.51,3.8,3.9
12/3/2009,1.491,1.65,1.76,1.87,2.02,2.57,2.97,3.29,3.5,3.73,3.9
12/2/2009,1.475,1.65,1.73,1.85,1.99,2.55,2.95,3.27,3.48,3.74,3.9
12/1/2009,1.4591,1.65,1.76,1.87,1.98,2.49,2.91,3.21,3.43,3.69,3.85
11/30/2009,1.474,1.65,1.71,1.83,1.88,2.43,2.8,3.09,3.31,3.6,3.83
11/27/2009,1.4676,1.65,1.77,1.89,1.93,2.49,2.84,3.16,3.38,3.72,3.93
11/26/2009,1.43,1.65,1.77,1.89,1.91,2.48,2.87,3.19,3.45,3.78,4.11
11/25/2009,1.4255,1.65,1.73,1.85165,1.93,2.5,2.91,3.2,3.47,3.81,4.06
11/24/2009,1.4,1.65,1.7833,1.9167,2,2.53,2.96,3.28,3.49,3.83,4.06
11/23/2009,1.47,1.65,1.7833,1.9167,2.02,2.54,2.94,3.28,3.5,3.85,4.12
11/20/2009,1.4483,1.65,1.7833,1.9167,1.97,2.5,2.91,3.26,3.47,3.84,4.14
11/19/2009,1.38,1.65,1.7833,1.9167,1.95,2.57,2.98,3.29,3.52,3.89,4.22
11/18/2009,1.405,1.65,1.7867,1.9233,2.02,2.57,2.98,3.36,3.53,3.93,4.23
11/17/2009,1.4288,1.65,1.75,1.9,2.05,2.59,3,3.34,3.57,3.9,4.23
11/16/2009,1.3548,1.65,1.75,1.9,2.07,2.62,3.03,3.38,3.61,3.92,4.23
11/13/2009,1.479,1.65,1.75,1.9,2.05,2.56,3,3.3,3.56,3.9,4.2
11/12/2009,1.475,1.65,1.7867,1.9233,2.05,2.6,3.02,3.35,3.58,3.85,4.23
11/11/2009,1.46,1.65,1.8133,1.9767,2.05,2.63,3.01,3.36,3.58,3.95,4.25
11/10/2009,1.4904,1.65,1.8133,1.9767,2.06,2.61,3.01,3.37,3.56,3.93,4.23
11/9/2009,1.4664,1.65,1.8,1.9767,2.04,2.66,3.07,3.38,3.61,3.98,4.31
11/6/2009,1.4408,1.65,1.8,1.95,2.09,2.62,3.08,3.4,3.66,4,4.33
11/5/2009,1.449,1.65,1.81,1.95,2.08,2.67,3.09,3.42,3.63,4,4.3
11/4/2009,1.41,1.65,1.8,1.95,2.1,2.68,3.08,3.42,3.67,3.98,4.28
11/3/2009,1.478,1.65,1.8,1.95,2.07,2.63,3.1,3.44,3.65,4,4.3
11/2/2009,1.34,1.65,1.875,1.975,2.06,2.62,3.04,3.4,3.63,3.98,4.28
10/30/2009,1.36,1.75,1.82,1.92,2.06,2.63,3.05,3.38,3.61,3.99,4.31
10/29/2009,1.4678,1.75,1.8967,2.0433,2.09,2.65,3.07,3.42,3.63,4.01,4.3
10/28/2009,1.4762,1.75,1.8967,2.0433,2.13,2.65,3.09,3.43,3.67,3.99,4.29
10/27/2009,1.4792,1.75,1.8967,2.0433,2.12,2.72,3.14,3.44,3.7,4.05,4.35
10/26/2009,1.4792,1.75,1.8967,2.0433,2.17,2.74,3.15,3.46,3.71,4.06,4.36
10/23/2009,1.45,1.75,1.8967,2.0433,2.15,2.74,3.15,3.44,3.69,4.06,4.39
10/22/2009,1.522,1.75,1.8967,2.0433,2.09,2.69,3.09,3.4,3.63,3.99,4.29
10/21/2009,1.54,1.75,1.8867,2.0233,2.11,2.66,3.05,3.35,3.52,3.87,4.25
10/20/2009,1.518,1.75,1.8867,2.0233,2.1,2.63,3.03,3.36,3.56,3.93,4.23
10/19/2009,1.5415,1.75,1.8867,2.0233,2.06,2.63,3.05,3.36,3.58,3.91,4.21
10/16/2009,1.528,1.75,1.8667,1.9833,2.11,2.66,3.06,3.37,3.58,3.93,4.23
10/15/2009,1.5272,1.75,1.8633,1.9767,2.13,2.54,3.06,3.25,3.47,3.8,4.1
10/14/2009,1.5514,1.6,1.7133,1.8267,2.02,2.55,2.96,3.25,3.44,3.81,4.11
10/13/2009,1.583,1.6,1.7133,1.8267,2.01,2.53,2.92,3.22,3.42,3.79,4.09
10/12/2009,1.5924,1.6,1.7133,1.8267,2,2.39,2.79,3.1,3.32,3.65,3.95
10/9/2009,1.698,1.6,1.7067,1.8133,1.93,2.44,2.82,3.13,3.32,3.67,3.89
10/8/2009,1.86,1.6,1.7067,1.8133,1.87,2.37,2.79,3.09,3.29,3.64,3.8
10/7/2009,1.86,1.6,1.7067,1.8133,1.87,2.37,2.79,3.09,3.29,3.64,3.8
10/6/2009,1.86,1.6,1.7067,1.8133,1.87,2.37,2.79,3.09,3.29,3.64,3.8
10/5/2009,1.86,1.6,1.7067,1.8133,1.82,2.37,2.77,3.08,3.29,3.64,3.8
10/2/2009,1.86,1.6,1.7,1.8,1.87,2.34,2.74,3.03,3.23,3.6,3.9
10/1/2009,1.86,1.6,1.7,1.8,1.87,2.37,2.79,3.09,3.29,3.66,3.8
9/30/2009,1.86,1.6,1.7,1.8,1.87,2.37,2.8,3.1,3.3,3.66,3.8
9/29/2009,1.6684,1.6,1.7,1.8,1.85,2.33,2.75,3.05,3.28,3.65,3.8
9/28/2009,1.574,1.6,1.7,1.8,1.86,2.32,2.74,3.05,3.25,3.6,3.9
9/25/2009,1.63,1.6,1.715,1.805,1.87,2.35,2.77,3.07,3.27,3.62,3.92
9/24/2009,1.75,1.6,1.7,1.8,1.87,2.37,2.77,3.09,3.3,3.67,3.97
9/23/2009,1.57,1.6,1.7,1.8,1.8,2.35,2.77,3.08,3.3,3.63,3.93
9/22/2009,1.5967,1.55,1.6367,1.7233,1.84,2.35,2.77,3.07,3.3,3.5,3.94
9/21/2009,1.625,1.55,1.6367,1.7233,1.84,2.34,2.74,3.05,3.25,3.62,3.95
9/18/2009,1.516,1.55,1.6367,1.7233,1.86,2.34,2.72,3.05,3.25,3.59,3.9
9/17/2009,1.4679,1.55,1.6367,1.7233,1.85,2.35,2.74,3.03,3.25,3.63,3.8
9/16/2009,1.4485,1.55,1.6367,1.7233,1.83,2.3,2.72,3.02,3.24,3.61,3.91
9/15/2009,1.46,1.55,1.6367,1.7233,1.84,2.32,2.71,3.02,3.23,3.55,3.86
9/14/2009,1.46,1.55,1.6367,1.7233,1.8,2.26,2.66,2.98,3.2,3.55,3.85
9/11/2009,1.4,1.55,1.6367,1.7233,1.85,2.3,2.65,2.97,3.19,3.56,3.86
9/10/2009,1.545,1.55,1.6367,1.7233,1.8,2.25,2.65,2.95,3.17,3.52,3.82
9/9/2009,1.6575,1.55,1.6367,1.7233,1.84,2.29,2.66,2.96,3.18,3.55,3.85
9/8/2009,1.71,1.55,1.6367,1.7233,1.84,2.27,2.68,2.97,3.19,3.45,3.87
9/7/2009,1.7279,1.55,1.675,1.775,1.8,2.26,2.67,2.97,3.19,3.52,3.82
9/4/2009,1.7559,1.55,1.6433,1.7367,1.82,2.28,2.67,2.97,3.2,3.55,3.85
9/3/2009,1.69,1.55,1.6433,1.7367,1.8,2.25,2.62,2.9,3.12,3.47,3.77
9/2/2009,1.57,1.55,1.6433,1.7367,1.82,2.27,2.68,2.97,3.18,3.5,3.82
9/1/2009,1.33,1.55,1.7,1.8,1.77,2.25,2.65,2.95,3.18,3.45,3.82
8/31/2009,1.4763,1.55,1.72165,1.775,1.73,2.28,2.7,3.01,3.24,3.57,3.87
8/28/2009,1.3974,1.75,1.8,1.85,1.83,2.31,2.72,3.04,3.27,3.65,3.95
8/27/2009,1.37,1.75,1.8,1.85,1.84,2.35,2.77,3.07,3.3,3.63,3.93
8/26/2009,1.381,1.75,1.8067,1.8633,1.87,2.41,2.77,3.08,3.31,3.66,3.93
8/25/2009,1.357,1.75,1.8067,1.8633,1.88,2.39,2.79,3.06,3.28,3.61,3.91
8/24/2009,1.2827,1.75,1.8,1.85,1.89,2.37,2.78,3.03,3.32,3.55,3.8
8/21/2009,1.2594,1.75,1.8,1.85,1.87,2.38,2.78,3.04,3.27,3.63,3.93
8/20/2009,1.269,1.75,1.8,1.85,1.8,2.36,2.75,3.01,3.22,3.5,3.85
8/19/2009,1.275,1.75,1.67,1.77,1.85,2.33,2.71,3.01,3.23,3.67,3.91
8/18/2009,1.2953,1.75,1.8133,1.8767,1.84,2.4,2.79,3.05,3.26,3.59,3.89
8/17/2009,1.3933,1.75,1.8367,1.9233,1.93,2.42,2.8,3.05,3.28,3.64,3.94
8/14/2009,1.4162,1.75,1.8367,1.9233,1.97,2.47,2.85,3.1,3.35,3.69,3.95
8/13/2009,1.4495,1.75,1.8367,1.9233,1.94,2.44,2.84,3.1,3.32,3.71,4.01
8/12/2009,1.5575,1.75,1.8367,1.9233,1.96,2.49,2.88,3.15,3.32,3.66,3.96
8/11/2009,1.5575,1.75,1.8367,1.9233,1.95,2.46,2.84,3.1,3.33,3.68,3.98
8/10/2009,1.63,1.75,1.8367,1.9233,1.98,2.49,2.88,3.14,3.34,3.69,3.99
8/7/2009,1.6042,1.75,1.8367,1.9233,2,2.48,2.85,3.12,3.33,3.69,4
8/6/2009,1.626,1.75,1.8367,1.9233,1.91,2.49,2.87,3.11,3.33,3.71,4.01
8/5/2009,1.81,1.75,1.8333,1.9167,1.99,2.48,2.87,3.08,3.33,3.67,3.97
8/4/2009,1.4985,1.75,1.84,1.93,1.98,2.42,2.85,3.1,3.33,3.64,3.94
8/3/2009,2.143,1.75,1.84,1.93,2,2.45,2.8,3.04,3.25,3.58,3.88
7/31/2009,1.9361,1.75,1.84665,1.94335,1.97,2.48,2.86,3.1,3.29,3.64,3.94
7/30/2009,1.655,1.75,1.8433,1.9367,2,2.48,2.83,3.07,3.28,3.61,3.91
7/29/2009,1.51,1.75,1.81,1.87,1.93,2.45,2.81,3.07,3.27,3.63,3.93
7/28/2009,1.6055,1.75,1.81,1.87,1.97,2.51,2.85,3.08,3.33,3.68,3.98
7/27/2009,1.6055,1.75,1.81,1.87,1.83,2.4,2.78,3.03,3.25,3.57,3.87
7/24/2009,1.72,1.75,1.8,1.855,1.86,2.37,2.72,2.97,3.18,3.56,3.85
7/23/2009,2,1.75,1.8,1.85,1.9,2.33,2.75,2.94,3.13,3.46,3.86
7/22/2009,2.05,1.75,1.8067,1.8633,1.92,2.4,2.78,3,3.2,3.53,3.83
7/21/2009,2.08,1.75,1.925,1.975,1.97,2.45,2.8,3.07,3.28,3.66,3.95
7/20/2009,1.6985,1.75,1.8333,1.9167,2.01,2.49,2.88,3.16,3.38,3.73,4.03
7/17/2009,1.5288,1.75,1.8667,1.9833,2.11,2.64,2.94,3.17,3.42,3.77,4.1
7/16/2009,1.523,1.75,1.8667,1.9833,2.1,2.53,2.85,3.11,3.34,3.7,4
7/15/2009,1.445,1.65,1.78,1.91,2.08,2.57,2.85,3.03,3.29,3.62,3.95
7/14/2009,1.38,1.4,1.9,1.975,2.02,2.44,2.74,2.94,3.16,3.56,3.84
7/13/2009,1.2637,1.4,1.4533,1.5067,1.99,2.33,2.65,2.87,3.09,3.46,3.76
7/10/2009,1.227,1.64,1.95,2.025,2.06,2.45,2.73,2.89,3.2,3.51,3.81
7/9/2009,1.234,1.64,1.84,2.05,2.08,2.41,2.64,2.87,3.09,3.39,3.69
7/8/2009,1.223,1.65,1.85,1.95,2.07,2.35,2.62,2.83,3.1,3.45,3.8
7/7/2009,1.2265,1.65,1.8,1.9,1.97,2.27,2.54,2.82,3.04,3.43,3.75
7/6/2009,1.2345,1.35,1.55,1.85,1.85,2.16,2.45,2.72,2.98,3.35,3.65
7/3/2009,1.2575,1.3,1.48,1.76,1.77,2.08,2.36,2.69,2.98,3.33,3.63
7/2/2009,1.327,1.3,1.45,1.66,1.77,2.09,2.37,2.69,2.98,3.34,3.67
7/1/2009,1.1654,1.25,1.4,1.59,1.64,1.95,2.24,2.55,2.87,3.2,3.55
6/30/2009,1.2227,1.25,1.4,1.59,1.6,1.91,2.21,2.53,2.81,3.18,3.46
6/29/2009,1.196,1.03,1.06,1.09,1.56,1.89,2.19,2.48,2.77,3.13,3.42
6/26/2009,1.174,1.03,1.06,1.09,1.54,1.88,2.19,2.46,2.78,3.13,3.45
6/25/2009,1.1312,1.03,1.06,1.09,1.55,1.86,2.17,2.45,2.75,3.13,3.43
6/24/2009,1.1938,1.03,1.16,1.19,1.52,1.89,2.14,2.44,2.77,3.11,3.4
6/23/2009,1.113,1.03,1.16,1.19,1.52,1.86,2.15,2.44,2.73,3.08,3.4
6/22/2009,1.092,1.03,1.06,1.09,1.55,1.89,2.17,2.48,2.76,3.13,3.45
6/19/2009,0.99,1.03,1.16,1.09,1.55,1.87,2.17,2.43,2.75,3.12,3.42
6/18/2009,0.955,1.03,1.16,1.335,1.47,1.78,2.1,2.4,2.7,3.05,3.4
6/17/2009,0.944,1.03,1.06,1.09,1.45,1.78,2.08,2.38,2.65,2.9,3.34
6/16/2009,0.9463,1.03,1.34,1.405,1.43,1.78,2.06,2.39,2.65,3.03,3.35
6/15/2009,0.9435,1.03,1.06,1.09,1.41,1.8,2.08,2.36,2.68,3,3.45
6/12/2009,0.946,1.03,1.06,1.09,1.45,1.81,2.09,2.39,2.7,2.9,3.4
6/11/2009,0.9408,1.03,1.06,1.09,1.44,1.82,2.12,2.46,2.75,3.07,3.37
6/10/2009,0.9421,1.03,1.18,1.35,1.41,1.77,2.1,2.4,2.7,3.04,3.33
6/9/2009,0.956,1.03,1.325,1.375,1.4,1.73,2,2.31,2.57,2.95,3.23
6/8/2009,0.9452,1.03,1.18,1.35,1.4,1.71,2.02,2.3,2.58,2.88,3.18
6/5/2009,0.9487,1.03,1.06,1.09,1.35,1.64,1.92,2.22,2.5,2.8,3.13
6/4/2009,0.9461,1.03,1.06,1.09,1.37,1.62,1.92,2.19,2.48,2.77,3.07
6/3/2009,0.9518,1.03,1.06,1.09,1.37,1.67,1.95,2.22,2.5,2.85,3.15
6/2/2009,0.945,1.03,1.25,1.3,1.33,1.63,1.92,2.21,2.49,2.84,3.14
6/1/2009,0.94,1.03,1.06,1.28,1.32,1.62,1.9,2.2,2.45,2.73,3.03
5/29/2009,0.96,1.03,1.06,1.09,1.32,1.58,1.88,2.17,2.44,2.77,3
5/28/2009,0.96,1.03,1.255,1.09,1.3,1.6,1.9,2.2,2.42,2.66,3
5/27/2009,0.96,1.03,1.06,1.09,1.32,1.58,1.87,2.15,2.42,2.66,3
5/26/2009,0.961,1.03,1.06,1.09,1.3,1.58,1.86,2.17,2.42,2.7,3
5/25/2009,0.9645,1.03,1.225,1.275,1.3,1.59,1.88,2.15,2.45,2.85,3.12
5/22/2009,0.98,1.03,1.06,1.09,1.17,1.5,1.78,2.13,2.39,2.71,2.98
5/21/2009,0.97,1.03,1.06,1.125,1.17,1.52,1.79,2.06,2.39,2.69,2.98
5/20/2009,0.97,1.03,1.105,1.155,1.18,1.49,1.8,2.08,2.39,2.69,2.98
5/19/2009,0.9681,1.03,1.06,1.09,1.2,1.48,1.8,2.09,2.36,2.65,3
5/18/2009,0.9561,1.03,1.05,1.115,1.16,1.46,1.82,2.1,2.35,2.7,2.96
5/15/2009,0.96,1.03,1.06,1.125,1.15,1.45,1.75,2.05,2.35,2.69,3
5/14/2009,0.947,1.03,1.06,1.09,1.18,1.47,1.8,2.06,2.39,2.7,3.02
5/13/2009,0.9556,1.03,1.06,1.09,1.17,1.47,1.77,2.07,2.36,2.65,2.95
5/12/2009,0.9563,1.03,1.06,1.09,1.23,1.54,1.84,2.13,2.46,2.7,3.08
5/11/2009,0.935,1.03,1.055,1.13,1.25,1.57,1.86,2.15,2.45,2.74,3.04
5/8/2009,0.9268,1.03,1.06,1.09,1.29,1.61,1.89,2.21,2.48,2.75,3.05
5/7/2009,0.9395,1.03,1.06,1.09,1.28,1.59,1.87,2.19,2.47,2.75,3.05
5/6/2009,0.9326,1.03,1.06,1.09,1.29,1.59,1.9,2.17,2.45,2.75,3.05
5/5/2009,0.9379,1.03,1.06,1.09,1.27,1.57,1.9,2.2,2.49,2.85,3.07
5/4/2009,0.9494,1.03,1.06,1.09,1.32,1.64,1.94,2.22,2.51,2.85,3.1
5/1/2009,0.9481,1.03,1.1,1.23,1.3,1.59,1.92,2.2,2.49,2.78,3.05
4/30/2009,0.9481,1.03,1.1,1.23,1.3,1.59,1.92,2.2,2.49,2.78,3.05
4/29/2009,0.9467,1.03,1.04,1.06,1.26,1.57,1.87,2.18,2.43,2.78,3.09
4/28/2009,0.947,1.03,1.06,1.09,1.3,1.57,1.87,2.17,2.44,2.75,3.1
4/27/2009,0.96,1.03,1.06,1.09,1.34,1.62,1.9,2.18,2.48,2.8,3.13
4/24/2009,0.98,1.03,1.06,1.09,1.36,1.67,1.96,2.24,2.56,2.9,3.18
4/23/2009,0.967,1.03,1.06,1.09,1.31,1.55,1.88,2.18,2.55,2.85,3.2
4/22/2009,0.955,1.03,1.06,1.09,1.28,1.63,1.93,2.2,2.5,2.83,3.1
4/21/2009,0.9172,1.03,1.06,1.09,1.3,1.47,1.8,2.26,2.4,2.9,3.2
4/20/2009,0.9128,1.13,1.13835,1.205,1.17,1.56,1.88,2.17,2.43,2.82,3.14
4/17/2009,0.925,1.03,1.2,1.225,1.2,1.52,1.83,2.18,2.43,2.8,3.2
4/16/2009,0.9247,1.13,1.16,1.19,1.27,1.62,1.92,2.25,2.53,2.85,3.15
4/15/2009,0.9234,1.13,1.16,1.19,1.28,1.6,1.92,2.18,2.53,2.85,3.2
4/14/2009,0.9209,1.13,1.16,1.19,1.23,1.63,2,2.35,2.58,2.88,3.25
4/13/2009,0.914,1.13,1.225,1.305,1.32,1.7,2.12,2.38,2.69,3.05,3.35
4/10/2009,0.945,1.13,1.14,1.2,1.23,1.63,1.98,2.28,2.58,2.95,3.25
4/9/2009,0.955,1.13,1.16,1.19,1.18,1.62,1.95,2.21,2.52,2.95,3.22
4/8/2009,0.955,1.13,1.16,1.19,1.18,1.52,1.83,2.13,2.4,2.78,3.06
4/7/2009,0.957,1.13,1.16,1.19,1.2,1.56,1.88,2.11,2.45,2.75,3.05
4/6/2009,0.95,1.13,1.16,1.19,1.21,1.55,1.88,2.13,2.45,2.65,2.95
4/3/2009,0.95,1.13,1.14,1.185,1.2,1.55,1.85,2.15,2.43,2.77,3
4/2/2009,0.9559,1.13,1.16,1.19,1.12,1.5,1.81,2.09,2.34,2.71,2.99
4/1/2009,0.96,1.13,1.1367,1.1433,1.12,1.44,1.73,2.02,2.28,2.6,2.9
3/31/2009,0.942,1.13,1.1367,1.11,1.05,1.41,1.73,2,2.28,2.6,2.9
3/30/2009,0.9467,1.13,1.07,1.12,1.08,1.41,1.73,2,2.27,2.65,2.85
3/27/2009,0.97,1,1.0467,1.0933,1.09,1.4,1.75,2.03,2.31,2.58,2.85
3/26/2009,0.935,1,1.0467,1.0933,1.15,1.43,1.73,2.07,2.3,2.6,2.85
3/25/2009,0.9377,1,1.0367,1.0733,1.13,1.41,1.7,2,2.28,2.5,2.75
3/24/2009,0.9429,1,1.0367,1.0733,1.09,1.38,1.7,2,2.25,2.5,2.75
3/23/2009,0.9753,1,1.0367,1.0733,1.01,1.36,1.64,1.9,2.13,2.45,2.69
3/20/2009,0.987,1,1.0333,1.0667,1.09,1.34,1.61,1.86,2.13,2.4,2.65
3/19/2009,0.978,1,1.0433,1.0867,1.09,1.31,1.58,1.9,2.1,2.4,2.65
3/18/2009,0.911,1,1.0433,1.0867,1.1,1.33,1.63,1.88,2.13,2.45,2.72
3/17/2009,0.9472,1,1.0433,1.0867,1.09,1.37,1.64,1.9,2.13,2.5,2.82
3/16/2009,0.985,1,1.04,1.08,1.09,1.38,1.68,1.9,2.15,2.43,2.85
3/13/2009,0.948,1,1.04,1.08,1.1,1.31,1.65,1.88,2.14,2.48,2.8
3/12/2009,0.94,1,1.04,1.08,1.1,1.33,1.62,1.88,2.13,2.42,2.73
3/11/2009,0.9626,1,1.0333,1.0667,1.11,1.34,1.65,1.87,2.1,2.42,2.73
3/10/2009,0.95,1,1.0333,1.0667,1.09,1.32,1.61,1.88,2.08,2.35,2.7
3/9/2009,0.975,1,1.0333,1.0667,1.1,1.32,1.62,1.88,2.1,2.4,2.7
3/6/2009,0.94,1,1.0333,1.0667,1.08,1.3,1.6,1.85,2.07,2.37,2.61
3/5/2009,0.9461,1,1.0433,1.0867,1.05,1.3,1.6,1.85,2.1,2.43,2.67
3/4/2009,0.955,1,1.07,1.09,1.12,1.41,1.72,1.89,2.2,2.5,2.8
3/3/2009,0.9567,1,1.04,1.08,1.02,1.31,1.55,1.77,2.05,2.21,2.39
3/2/2009,0.9544,1,1.05,1.06,1.07,1.27,1.58,1.75,1.99,2.25,2.47
2/27/2009,0.955,1,1.05,1.06,1.06,1.25,1.55,1.71,1.9,2.2,2.42
2/26/2009,0.9463,1,1.0333,1.0667,1.05,1.29,1.58,1.75,1.99,2.19,2.41
2/25/2009,0.955,1,1.0333,1.0667,1,1.3,1.55,1.77,1.96,2.21,2.39
2/24/2009,0.9612,1,1.0333,1.0667,1.09,1.31,1.6,1.76,2.01,2.27,2.51
2/23/2009,1.0164,1,1.055,1.08,1.06,1.3,1.56,1.79,1.98,2.18,2.49
2/20/2009,0.9936,1,0.74,0.84,1.07,1.34,1.64,1.88,2.06,2.29,2.47
2/19/2009,0.957,1,1.0233,1.0467,1.05,1.32,1.59,1.85,2.05,2.33,2.57
2/18/2009,0.9655,1,1.0233,1.0467,0.97,1.36,1.67,1.91,2,2.32,2.5
2/17/2009,0.965,1,1.02,1.04,1.05,1.34,1.62,1.87,2.07,2.36,2.5
2/16/2009,0.9663,1,1.02,1.04,0.96,1.35,1.66,1.9,2.08,2.31,2.49
2/13/2009,0.97,1,1.02,1.03,1,1.25,1.52,1.8,2,2.25,2.52
2/12/2009,0.939,1,1,1,0.9,1.29,1.6,1.84,2.02,2.25,2.54
2/11/2009,0.935,1,1.01,1.03,0.98,1.35,1.65,1.93,2.15,2.4,2.78
2/10/2009,0.944,1,1.07,1.09,1.07,1.4,1.77,2.04,2.29,2.55,2.8
2/9/2009,0.944,1,1.0633,1.1267,1.09,1.5,1.86,2.12,2.33,2.61,2.81
2/6/2009,0.937,1.04,1.095,1.095,1.16,1.52,1.85,2.13,2.33,2.53,2.73
2/5/2009,0.9435,1.04,1.0667,1.14,1.05,1.4,1.73,2.02,2.2,2.45,2.65
2/4/2009,0.9461,0.95,1.04,1.07,1.06,1.27,1.62,1.89,2.07,2.27,2.59
2/3/2009,0.9412,0.95,1.03,1.05,0.98,1.25,1.5,1.77,1.9,2.1,2.35
2/2/2009,0.9118,0.95,0.95,0.95,0.93,1.11,1.31,1.55,1.76,1.93,2.2
1/30/2009,1.03,0.95,0.95,0.95,0.9,1.1,1.27,1.45,1.63,1.88,2.13
1/29/2009,1.03,0.95,0.95,0.95,0.9,1.1,1.27,1.45,1.63,1.88,2.13
1/28/2009,1.03,0.95,0.95,0.95,0.9,1.1,1.27,1.45,1.67,1.88,2.13
1/27/2009,1.03,0.95,0.95,0.95,0.9,1.1,1.27,1.45,1.67,1.88,2.13
1/26/2009,1.03,0.95,0.95,0.95,0.9,1.1,1.27,1.45,1.67,1.88,2.13
1/23/2009,1.03,0.95,0.95,0.95,0.9,1.1,1.27,1.45,1.67,1.88,2.13
1/22/2009,1.0271,0.95,0.95,0.95,0.85,1.05,1.25,1.44,1.62,1.88,2.12
1/21/2009,0.94,0.95,0.94,0.93,0.82,1.02,1.22,1.41,1.59,1.85,2.09
1/20/2009,0.8746,0.9,0.8933,0.8867,0.96,1.05,1.25,1.48,1.65,1.85,2.17
1/19/2009,0.91,0.9,0.88,0.88,0.87,1,1.12,1.35,1.56,1.75,2
1/16/2009,0.9186,0.9,0.8933,0.8867,0.87,0.95,1.15,1.36,1.56,1.82,2.06
1/15/2009,0.904,0.75,0.7433,0.7367,0.78,0.93,1.12,1.25,1.53,1.72,1.95
1/14/2009,0.925,0.75,0.7433,0.7367,0.75,0.88,1.07,1.24,1.44,1.7,1.9
1/13/2009,0.93,0.75,0.75,0.75,0.72,0.8,0.97,1.16,1.34,1.6,1.84
1/12/2009,0.9367,0.9,0.8667,0.8333,0.73,0.82,0.99,1.19,1.38,1.61,1.8
1/9/2009,0.946,0.9,0.78,0.77,0.74,0.84,1,1.21,1.4,1.66,1.91
1/8/2009,0.99,0.9,0.80835,0.8333,0.7,0.87,1.05,1.25,1.45,1.72,1.98
1/7/2009,1.015,0.9,0.8733,0.8467,0.76,0.87,1.06,1.26,1.45,1.69,1.93
1/6/2009,0.991,0.9,0.81165,0.79,0.76,0.87,1,1.24,1.48,1.73,1.85
1/5/2009,1.0086,0.9,0.8767,0.8533,0.86,0.89,1.04,1.235,1.465,1.7298,1.97
1/2/2009,1.0054,0.9,0.8767,0.8533,1.05,1.1,1.03,1.3991,1.425,1.7796,2
12/31/2008,1.0054,0.9,0.8767,0.8533,1.05,1.1,1.03,1.3991,1.425,1.7796,2
12/30/2008,1.065,0.9,0.8767,0.8533,0.845,1.1,1.015,1.3991,1.4,1.7796,2
