Date, Close
2000-01-03,27.58
2000-01-04,25.25
2000-01-05,25.62
2000-01-06,23.4
2000-01-07,24.51
2000-01-10,24.08
2000-01-11,22.85
2000-01-12,21.48
2000-01-13,23.84
2000-01-14,24.74
2000-01-18,25.61
2000-01-19,26.25
2000-01-20,27.96
2000-01-21,27.42
2000-01-24,26.18
2000-01-25,27.65
2000-01-26,27.15
2000-01-27,27.1
2000-01-28,25.04
2000-01-31,25.56
2000-02-01,24.7
2000-02-02,24.34
2000-02-03,25.45
2000-02-04,26.61
2000-02-07,28.1
2000-02-08,28.3
2000-02-09,27.75
2000-02-10,27.96
2000-02-11,26.79
2000-02-14,28.53
2000-02-15,29.32
2000-02-16,28.12
2000-02-17,28.3
2000-02-18,27.41
2000-02-22,28.04
2000-02-23,28.64
2000-02-24,28.38
2000-02-25,27.19
2000-02-28,27.9
2000-02-29,28.24
2000-03-01,32.1
2000-03-02,30.06
2000-03-03,31.53
2000-03-06,30.97
2000-03-07,30.27
2000-03-08,30.06
2000-03-09,30.12
2000-03-10,30.98
2000-03-13,29.89
2000-03-14,28.15
2000-03-15,28.64
2000-03-16,29.95
2000-03-17,30.8
2000-03-20,30.3
2000-03-21,33.24
2000-03-22,35.52
2000-03-23,34.81
2000-03-24,34.17
2000-03-27,34.38
2000-03-28,34.28
2000-03-29,33.49
2000-03-30,30.98
2000-03-31,33.46
2000-04-03,32.84
2000-04-04,31.36
2000-04-05,32.12
2000-04-06,30.84
2000-04-07,32.46
2000-04-10,30.8
2000-04-11,29.43
2000-04-12,26.92
2000-04-13,28.04
2000-04-14,27.56
2000-04-17,30.52
2000-04-18,31.26
2000-04-19,29.84
2000-04-20,29.29
2000-04-24,29.69
2000-04-25,31.61
2000-04-26,29.89
2000-04-27,31.23
2000-04-28,30.56
2000-05-01,30.63
2000-05-02,29.04
2000-05-03,28.35
2000-05-04,27.27
2000-05-05,27.87
2000-05-08,27.13
2000-05-09,25.98
2000-05-10,24.47
2000-05-11,25.33
2000-05-12,26.51
2000-05-15,24.88
2000-05-16,26.04
2000-05-17,24.97
2000-05-18,24.82
2000-05-19,23.16
2000-05-22,22.16
2000-05-23,21.14
2000-05-24,21.6
2000-05-25,21.5
2000-05-26,21.28
2000-05-30,21.57
2000-05-31,20.69
2000-06-01,21.96
2000-06-02,22.8
2000-06-05,22.5
2000-06-06,22.88
2000-06-07,23.79
2000-06-08,23.36
2000-06-09,23.59
2000-06-12,22.47
2000-06-13,23.28
2000-06-14,22.28
2000-06-15,22.76
2000-06-16,22.47
2000-06-19,23.8
2000-06-20,24.94
2000-06-21,27.41
2000-06-22,26.48
2000-06-23,25.47
2000-06-26,26.67
2000-06-27,25.5
2000-06-28,26.82
2000-06-29,25.25
2000-06-30,25.81
2000-07-03,26.27
2000-07-05,25.44
2000-07-06,25.53
2000-07-07,26.82
2000-07-10,28.15
2000-07-11,28.06
2000-07-12,29.01
2000-07-13,27.84
2000-07-14,28.43
2000-07-17,28.73
2000-07-18,28.21
2000-07-19,25.96
2000-07-20,27.16
2000-07-21,26.39
2000-07-24,23.99
2000-07-25,24.67
2000-07-26,24.67
2000-07-27,25.62
2000-07-28,23.8
2000-07-31,25.04
2000-08-01,24.3
2000-08-02,23.28
2000-08-03,23.65
2000-08-04,23.35
2000-08-07,23.62
2000-08-08,23.03
2000-08-09,23.4
2000-08-10,23.43
2000-08-11,23.5
2000-08-14,23.19
2000-08-15,23.01
2000-08-16,23.9
2000-08-17,25.35
2000-08-18,24.64
2000-08-21,24.88
2000-08-22,25.47
2000-08-23,26.76
2000-08-24,27.65
2000-08-25,27.99
2000-08-28,28.61
2000-08-29,29.16
2000-08-30,29.32
2000-08-31,30.03
2000-09-01,31.26
2000-09-05,30.77
2000-09-06,28.79
2000-09-07,30.55
2000-09-08,29.01
2000-09-11,28.79
2000-09-12,28.45
2000-09-13,28.58
2000-09-14,28.02
2000-09-15,27.21
2000-09-18,29.89
2000-09-19,29.53
2000-09-20,30.08
2000-09-21,27.93
2000-09-22,25.72
2000-09-25,26.36
2000-09-26,25.35
2000-09-27,24.11
2000-09-28,26.36
2000-09-29,12.69
2000-10-02,11.95
2000-10-03,10.99
2000-10-04,11.64
2000-10-05,10.87
2000-10-06,10.93
2000-10-09,10.72
2000-10-10,10.28
2000-10-11,9.67
2000-10-12,9.85
2000-10-13,10.87
2000-10-16,10.59
2000-10-17,9.91
2000-10-18,9.91
2000-10-19,9.33
2000-10-20,9.61
2000-10-23,10.04
2000-10-24,9.3
2000-10-25,9.12
2000-10-26,9.12
2000-10-27,9.15
2000-10-30,9.51
2000-10-31,9.64
2000-11-01,10.1
2000-11-02,10.99
2000-11-03,10.96
2000-11-06,10.56
2000-11-07,10.5
2000-11-08,9.88
2000-11-09,9.95
2000-11-10,9.39
2000-11-13,9.54
2000-11-14,9.98
2000-11-15,9.79
2000-11-16,9.36
2000-11-17,9.12
2000-11-20,9.33
2000-11-21,9.27
2000-11-22,9.12
2000-11-24,9.51
2000-11-27,9.21
2000-11-28,8.88
2000-11-29,8.65
2000-11-30,8.13
2000-12-01,8.41
2000-12-04,8.22
2000-12-05,8.38
2000-12-06,7.05
2000-12-07,7.05
2000-12-08,7.42
2000-12-11,7.48
2000-12-12,7.58
2000-12-13,7.39
2000-12-14,7.11
2000-12-15,6.93
2000-12-18,7.02
2000-12-19,6.9
2000-12-20,7.09
2000-12-21,6.93
2000-12-22,7.39
2000-12-26,7.24
2000-12-27,7.3
2000-12-28,7.3
2000-12-29,7.33
2001-01-02,7.33
2001-01-03,8.07
2001-01-04,8.41
2001-01-05,8.07
2001-01-08,8.16
2001-01-09,8.47
2001-01-10,8.16
2001-01-11,8.87
2001-01-12,8.47
2001-01-16,8.44
2001-01-17,8.28
2001-01-18,9.21
2001-01-19,9.61
2001-01-22,9.48
2001-01-23,10.1
2001-01-24,10.1
2001-01-25,9.82
2001-01-26,9.64
2001-01-29,10.69
2001-01-30,10.72
2001-01-31,10.65
2001-02-01,10.41
2001-02-02,10.16
2001-02-05,9.95
2001-02-06,10.41
2001-02-07,10.22
2001-02-08,10.22
2001-02-09,9.42
2001-02-12,9.7
2001-02-13,9.42
2001-02-14,9.61
2001-02-15,9.88
2001-02-16,9.36
2001-02-20,9.02
2001-02-21,9.3
2001-02-22,9.27
2001-02-23,9.27
2001-02-26,9.61
2001-02-27,9.54
2001-02-28,8.99
2001-03-01,9.24
2001-03-02,9.48
2001-03-05,10.04
2001-03-06,10.59
2001-03-07,10.47
2001-03-08,10.25
2001-03-09,9.98
2001-03-12,9.17
2001-03-13,9.64
2001-03-14,10.07
2001-03-15,9.7
2001-03-16,9.67
2001-03-19,10.13
2001-03-20,9.7
2001-03-21,9.91
2001-03-22,10.65
2001-03-23,11.33
2001-03-26,10.73
2001-03-27,11.27
2001-03-28,10.92
2001-03-29,11.1
2001-03-30,10.87
2001-04-02,10.64
2001-04-03,9.97
2001-04-04,9.61
2001-04-05,10.28
2001-04-06,10.15
2001-04-09,10.12
2001-04-10,10.86
2001-04-11,10.74
2001-04-12,11.05
2001-04-16,10.56
2001-04-17,10.05
2001-04-18,11.23
2001-04-19,12.67
2001-04-20,12.34
2001-04-23,11.95
2001-04-24,11.84
2001-04-25,12.18
2001-04-26,12.17
2001-04-27,12.91
2001-04-30,12.56
2001-05-01,12.78
2001-05-02,13.1
2001-05-03,12.3
2001-05-04,12.69
2001-05-07,12.3
2001-05-08,12.11
2001-05-09,11.82
2001-05-10,11.33
2001-05-11,11.26
2001-05-14,11.48
2001-05-15,11.42
2001-05-16,11.87
2001-05-17,11.6
2001-05-18,11.59
2001-05-21,11.61
2001-05-22,11.58
2001-05-23,11.45
2001-05-24,11.43
2001-05-25,11.21
2001-05-29,10.58
2001-05-30,9.75
2001-05-31,9.83
2001-06-01,10.29
2001-06-04,10.18
2001-06-05,10.32
2001-06-06,10.21
2001-06-07,10.67
2001-06-08,10.5
2001-06-11,9.87
2001-06-12,10.01
2001-06-13,10.09
2001-06-14,9.8
2001-06-15,10.07
2001-06-18,10.02
2001-06-19,9.95
2001-06-20,10.68
2001-06-21,11.08
2001-06-22,10.97
2001-06-25,11.82
2001-06-26,11.7
2001-06-27,11.5
2001-06-28,11.6
2001-06-29,11.46
2001-07-02,11.78
2001-07-03,11.75
2001-07-05,11.43
2001-07-06,10.85
2001-07-09,11.18
2001-07-10,10.42
2001-07-11,11.11
2001-07-12,12.
2001-07-13,12.24
2001-07-16,11.81
2001-07-17,12.37
2001-07-18,10.24
2001-07-19,9.83
2001-07-20,9.84
2001-07-23,9.63
2001-07-24,9.41
2001-07-25,9.1
2001-07-26,9.16
2001-07-27,9.34
2001-07-30,9.33
2001-07-31,9.26
2001-08-01,9.39
2001-08-02,9.77
2001-08-03,9.61
2001-08-06,9.43
2001-08-07,9.48
2001-08-08,9.31
2001-08-09,9.39
2001-08-10,9.37
2001-08-13,9.41
2001-08-14,9.23
2001-08-15,9.09
2001-08-16,9.19
2001-08-17,8.9
2001-08-20,8.93
2001-08-21,8.83
2001-08-22,8.97
2001-08-23,8.78
2001-08-24,9.15
2001-08-27,9.32
2001-08-28,9.07
2001-08-29,8.79
2001-08-30,8.79
2001-08-31,9.14
2001-09-04,8.99
2001-09-05,9.14
2001-09-06,8.73
2001-09-07,8.51
2001-09-10,8.56
2001-09-17,8.37
2001-09-18,8.02
2001-09-19,8.39
2001-09-20,7.73
2001-09-21,7.75
2001-09-24,8.11
2001-09-25,7.66
2001-09-26,7.46
2001-09-27,7.64
2001-09-28,7.64
2001-10-01,7.66
2001-10-02,7.42
2001-10-03,7.38
2001-10-04,7.82
2001-10-05,7.95
2001-10-08,7.98
2001-10-09,7.88
2001-10-10,8.29
2001-10-11,8.74
2001-10-12,8.87
2001-10-15,8.86
2001-10-16,8.87
2001-10-17,8.37
2001-10-18,8.87
2001-10-19,9.02
2001-10-22,9.37
2001-10-23,8.94
2001-10-24,9.34
2001-10-25,9.46
2001-10-26,9.2
2001-10-29,8.69
2001-10-30,8.67
2001-10-31,8.65
2001-11-01,9.16
2001-11-02,9.15
2001-11-05,9.4
2001-11-06,9.64
2001-11-07,9.65
2001-11-08,9.22
2001-11-09,9.22
2001-11-12,9.24
2001-11-13,9.54
2001-11-14,9.66
2001-11-15,9.58
2001-11-16,9.35
2001-11-19,9.85
2001-11-20,9.62
2001-11-21,9.7
2001-11-23,9.78
2001-11-26,10.53
2001-11-27,10.35
2001-11-28,10.12
2001-11-29,10.06
2001-11-30,10.5
2001-12-03,10.37
2001-12-04,11.04
2001-12-05,11.71
2001-12-06,11.22
2001-12-07,11.11
2001-12-10,11.11
2001-12-11,10.73
2001-12-12,10.59
2001-12-13,10.35
2001-12-14,10.05
2001-12-17,10.16
2001-12-18,10.35
2001-12-19,10.65
2001-12-20,10.18
2001-12-21,10.35
2001-12-24,10.52
2001-12-26,10.59
2001-12-27,10.87
2001-12-28,11.05
2001-12-31,10.79
2002-01-02,11.48
2002-01-03,11.62
2002-01-04,11.67
2002-01-07,11.28
2002-01-08,11.14
2002-01-09,10.67
2002-01-10,10.46
2002-01-11,10.37
2002-01-14,10.42
2002-01-15,10.69
2002-01-16,10.24
2002-01-17,11.08
2002-01-18,10.92
2002-01-22,10.75
2002-01-23,11.34
2002-01-24,11.44
2002-01-25,11.46
2002-01-28,11.47
2002-01-29,11.37
2002-01-30,11.87
2002-01-31,12.18
2002-02-01,12.03
2002-02-04,12.49
2002-02-05,12.54
2002-02-06,12.16
2002-02-07,11.97
2002-02-08,11.84
2002-02-11,12.31
2002-02-12,12.18
2002-02-13,12.32
2002-02-14,12.12
2002-02-15,11.78
2002-02-19,11.15
2002-02-20,11.4
2002-02-21,10.59
2002-02-22,11.2
2002-02-25,11.73
2002-02-26,11.66
2002-02-27,10.82
2002-02-28,10.69
2002-03-01,11.55
2002-03-04,11.97
2002-03-05,11.59
2002-03-06,11.86
2002-03-07,12.01
2002-03-08,12.15
2002-03-11,12.35
2002-03-12,12.18
2002-03-13,12.07
2002-03-14,12.04
2002-03-15,12.29
2002-03-18,12.19
2002-03-19,12.24
2002-03-20,12.28
2002-03-21,11.96
2002-03-22,11.87
2002-03-25,11.51
2002-03-26,11.56
2002-03-27,11.56
2002-03-28,11.66
2002-04-01,12.05
2002-04-02,11.86
2002-04-03,11.7
2002-04-04,12.27
2002-04-05,12.19
2002-04-08,12.1
2002-04-09,11.87
2002-04-10,12.15
2002-04-11,12.25
2002-04-12,12.35
2002-04-15,12.32
2002-04-16,12.68
2002-04-17,12.87
2002-04-18,12.52
2002-04-19,12.31
2002-04-22,12.09
2002-04-23,11.95
2002-04-24,11.71
2002-04-25,11.88
2002-04-26,11.34
2002-04-29,11.81
2002-04-30,11.96
2002-05-01,11.82
2002-05-02,11.67
2002-05-03,11.58
2002-05-06,11.16
2002-05-07,11.07
2002-05-08,12.01
2002-05-09,11.92
2002-05-10,11.49
2002-05-13,11.8
2002-05-14,12.62
2002-05-15,12.46
2002-05-16,12.42
2002-05-17,12.32
2002-05-20,12.19
2002-05-21,11.56
2002-05-22,11.98
2002-05-23,12.41
2002-05-24,11.9
2002-05-28,11.82
2002-05-29,11.82
2002-05-30,11.92
2002-05-31,11.48
2002-06-03,11.29
2002-06-04,11.22
2002-06-05,11.19
2002-06-06,10.92
2002-06-07,10.54
2002-06-10,10.58
2002-06-11,10.08
2002-06-12,9.9
2002-06-13,9.63
2002-06-14,9.9
2002-06-17,10.12
2002-06-18,9.93
2002-06-19,8.44
2002-06-20,8.43
2002-06-21,8.3
2002-06-24,8.51
2002-06-25,8.45
2002-06-26,8.15
2002-06-27,8.41
2002-06-28,8.73
2002-07-01,8.41
2002-07-02,8.35
2002-07-03,8.65
2002-07-05,9.23
2002-07-08,8.87
2002-07-09,8.64
2002-07-10,8.53
2002-07-11,9.02
2002-07-12,8.63
2002-07-15,8.98
2002-07-16,8.8
2002-07-17,7.7
2002-07-18,7.39
2002-07-19,7.37
2002-07-22,7.35
2002-07-23,7.13
2002-07-24,7.49
2002-07-25,7.08
2002-07-26,7.07
2002-07-29,7.4
2002-07-30,7.6
2002-07-31,7.52
2002-08-01,7.29
2002-08-02,7.12
2002-08-05,6.89
2002-08-06,7.26
2002-08-07,7.41
2002-08-08,7.54
2002-08-09,7.39
2002-08-12,7.39
2002-08-13,7.19
2002-08-14,7.47
2002-08-15,7.69
2002-08-16,7.79
2002-08-19,7.87
2002-08-20,7.84
2002-08-21,7.94
2002-08-22,7.87
2002-08-23,7.75
2002-08-26,7.65
2002-08-27,7.32
2002-08-28,7.24
2002-08-29,7.24
2002-08-30,7.27
2002-09-03,6.92
2002-09-04,7.13
2002-09-05,6.99
2002-09-06,7.09
2002-09-09,7.08
2002-09-10,7.06
2002-09-11,7.04
2002-09-12,6.97
2002-09-13,6.98
2002-09-16,7.14
2002-09-17,7.29
2002-09-18,7.4
2002-09-19,7.18
2002-09-20,7.33
2002-09-23,7.32
2002-09-24,7.21
2002-09-25,7.36
2002-09-26,7.24
2002-09-27,7.25
2002-09-30,7.14
2002-10-01,7.15
2002-10-02,6.98
2002-10-03,7.05
2002-10-04,6.91
2002-10-07,6.78
2002-10-08,6.74
2002-10-09,6.7
2002-10-10,6.95
2002-10-11,7.15
2002-10-14,7.28
2002-10-15,7.47
2002-10-16,7.17
2002-10-17,6.95
2002-10-18,7.07
2002-10-21,7.17
2002-10-22,7.24
2002-10-23,7.33
2002-10-24,7.24
2002-10-25,7.6
2002-10-28,7.69
2002-10-29,7.61
2002-10-30,7.87
2002-10-31,7.92
2002-11-01,8.06
2002-11-04,8.32
2002-11-05,8.33
2002-11-06,8.48
2002-11-07,7.88
2002-11-08,7.8
2002-11-11,7.47
2002-11-12,7.71
2002-11-13,7.68
2002-11-14,8.03
2002-11-15,7.86
2002-11-18,7.71
2002-11-19,7.52
2002-11-20,7.65
2002-11-21,8.06
2002-11-22,7.89
2002-11-25,7.87
2002-11-26,7.59
2002-11-27,7.75
2002-11-29,7.64
2002-12-02,7.48
2002-12-03,7.47
2002-12-04,7.38
2002-12-05,7.21
2002-12-06,7.37
2002-12-09,7.27
2002-12-10,7.53
2002-12-11,7.63
2002-12-12,7.48
2002-12-13,7.29
2002-12-16,7.32
2002-12-17,7.43
2002-12-18,7.18
2002-12-19,7.
2002-12-20,6.97
2002-12-23,7.14
2002-12-24,7.08
2002-12-26,7.1
2002-12-27,6.93
2002-12-30,6.93
2002-12-31,7.06
2003-01-02,7.29
2003-01-03,7.34
2003-01-06,7.34
2003-01-07,7.32
2003-01-08,7.17
2003-01-09,7.23
2003-01-10,7.25
2003-01-13,7.21
2003-01-14,7.2
2003-01-15,7.11
2003-01-16,7.2
2003-01-17,6.95
2003-01-21,6.91
2003-01-22,6.84
2003-01-23,6.98
2003-01-24,6.8
2003-01-27,6.96
2003-01-28,7.18
2003-01-29,7.36
2003-01-30,7.06
2003-01-31,7.08
2003-02-03,7.22
2003-02-04,7.19
2003-02-05,7.12
2003-02-06,7.11
2003-02-07,6.97
2003-02-10,7.07
2003-02-11,7.07
2003-02-12,7.09
2003-02-13,7.16
2003-02-14,7.23
2003-02-18,7.52
2003-02-19,7.32
2003-02-20,7.28
2003-02-21,7.39
2003-02-24,7.26
2003-02-25,7.4
2003-02-26,7.14
2003-02-27,7.32
2003-02-28,7.4
2003-03-03,7.22
2003-03-04,7.17
2003-03-05,7.2
2003-03-06,7.17
2003-03-07,7.16
2003-03-10,7.08
2003-03-11,7.01
2003-03-12,7.01
2003-03-13,7.25
2003-03-14,7.28
2003-03-17,7.4
2003-03-18,7.39
2003-03-19,7.37
2003-03-20,7.35
2003-03-21,7.39
2003-03-24,7.08
2003-03-25,7.17
2003-03-26,7.1
2003-03-27,7.14
2003-03-28,7.18
2003-03-31,6.97
2003-04-01,6.98
2003-04-02,7.19
2003-04-03,7.12
2003-04-04,7.1
2003-04-07,7.14
2003-04-08,7.12
2003-04-09,6.99
2003-04-10,7.08
2003-04-11,6.5
2003-04-14,6.69
2003-04-15,6.6
2003-04-16,6.52
2003-04-17,6.46
2003-04-21,6.47
2003-04-22,6.66
2003-04-23,6.69
2003-04-24,6.62
2003-04-25,6.58
2003-04-28,6.83
2003-04-29,6.93
2003-04-30,7.01
2003-05-01,7.08
2003-05-02,7.12
2003-05-05,7.93
2003-05-06,8.62
2003-05-07,8.7
2003-05-08,8.87
2003-05-09,9.02
2003-05-12,9.15
2003-05-13,9.2
2003-05-14,9.14
2003-05-15,9.23
2003-05-16,9.26
2003-05-19,8.92
2003-05-20,8.77
2003-05-21,8.8
2003-05-22,8.99
2003-05-23,9.03
2003-05-27,9.3
2003-05-28,9.01
2003-05-29,8.92
2003-05-30,8.84
2003-06-02,8.6
2003-06-03,8.53
2003-06-04,8.67
2003-06-05,8.69
2003-06-06,8.45
2003-06-09,8.27
2003-06-10,8.47
2003-06-11,8.6
2003-06-12,8.76
2003-06-13,8.58
2003-06-16,9.
2003-06-17,8.96
2003-06-18,9.42
2003-06-19,9.43
2003-06-20,9.46
2003-06-23,9.39
2003-06-24,9.25
2003-06-25,9.41
2003-06-26,9.5
2003-06-27,9.23
2003-06-30,9.39
2003-07-01,9.41
2003-07-02,9.49
2003-07-03,9.43
2003-07-07,9.79
2003-07-08,10.05
2003-07-09,9.8
2003-07-10,9.65
2003-07-11,9.78
2003-07-14,9.81
2003-07-15,9.66
2003-07-16,9.79
2003-07-17,10.3
2003-07-18,10.28
2003-07-21,10.16
2003-07-22,10.25
2003-07-23,10.24
2003-07-24,10.11
2003-07-25,10.61
2003-07-28,10.34
2003-07-29,10.21
2003-07-30,9.99
2003-07-31,10.39
2003-08-01,10.21
2003-08-04,10.45
2003-08-05,10.04
2003-08-06,9.67
2003-08-07,9.82
2003-08-08,9.68
2003-08-11,9.69
2003-08-12,9.71
2003-08-13,9.94
2003-08-14,9.84
2003-08-15,9.71
2003-08-18,10.02
2003-08-19,10.01
2003-08-20,10.35
2003-08-21,10.68
2003-08-22,10.29
2003-08-25,10.28
2003-08-26,10.37
2003-08-27,10.58
2003-08-28,10.93
2003-08-29,11.14
2003-09-02,11.26
2003-09-03,11.31
2003-09-04,11.25
2003-09-05,11.09
2003-09-08,11.2
2003-09-09,11.02
2003-09-10,10.93
2003-09-11,11.12
2003-09-12,11.38
2003-09-15,10.94
2003-09-16,11.02
2003-09-17,10.9
2003-09-18,11.27
2003-09-19,11.13
2003-09-22,10.88
2003-09-23,11.05
2003-09-24,10.5
2003-09-25,10.07
2003-09-26,10.19
2003-09-29,10.5
2003-09-30,10.21
2003-10-01,10.24
2003-10-02,10.14
2003-10-03,10.69
2003-10-06,10.98
2003-10-07,11.44
2003-10-08,11.36
2003-10-09,11.55
2003-10-10,11.67
2003-10-13,12.
2003-10-14,12.1
2003-10-15,12.23
2003-10-16,11.46
2003-10-17,11.21
2003-10-20,11.44
2003-10-21,11.42
2003-10-22,11.21
2003-10-23,11.33
2003-10-24,11.14
2003-10-27,11.14
2003-10-28,11.69
2003-10-29,11.67
2003-10-30,11.38
2003-10-31,11.28
2003-11-03,11.41
2003-11-04,11.29
2003-11-05,11.35
2003-11-06,11.39
2003-11-07,11.09
2003-11-10,10.79
2003-11-11,10.61
2003-11-12,11.
2003-11-13,11.05
2003-11-14,10.57
2003-11-17,10.41
2003-11-18,10.06
2003-11-19,10.06
2003-11-20,10.04
2003-11-21,9.99
2003-11-24,10.42
2003-11-25,10.19
2003-11-26,10.21
2003-11-28,10.3
2003-12-01,10.7
2003-12-02,10.61
2003-12-03,10.36
2003-12-04,10.42
2003-12-05,10.27
2003-12-08,10.37
2003-12-09,10.08
2003-12-10,10.04
2003-12-11,10.45
2003-12-12,10.29
2003-12-15,9.94
2003-12-16,9.91
2003-12-17,9.8
2003-12-18,9.87
2003-12-19,9.71
2003-12-22,9.78
2003-12-23,9.76
2003-12-24,10.06
2003-12-26,10.24
2003-12-29,10.42
2003-12-30,10.49
2003-12-31,10.53
2004-01-02,10.49
2004-01-05,10.92
2004-01-06,10.88
2004-01-07,11.13
2004-01-08,11.51
2004-01-09,11.33
2004-01-12,11.69
2004-01-13,11.88
2004-01-14,11.92
2004-01-15,11.26
2004-01-16,11.19
2004-01-20,11.2
2004-01-21,11.14
2004-01-22,10.93
2004-01-23,11.12
2004-01-26,11.34
2004-01-27,11.37
2004-01-28,11.1
2004-01-29,11.18
2004-01-30,11.12
2004-02-02,11.
2004-02-03,10.97
2004-02-04,10.74
2004-02-05,11.05
2004-02-06,11.19
2004-02-09,11.17
2004-02-10,11.32
2004-02-11,11.73
2004-02-12,11.69
2004-02-13,11.33
2004-02-17,11.41
2004-02-18,11.46
2004-02-19,11.07
2004-02-20,11.04
2004-02-23,10.93
2004-02-24,11.02
2004-02-25,11.24
2004-02-26,11.35
2004-02-27,11.79
2004-03-01,11.84
2004-03-02,11.73
2004-03-03,11.79
2004-03-04,12.4
2004-03-05,13.18
2004-03-08,12.81
2004-03-09,13.35
2004-03-10,13.64
2004-03-11,13.38
2004-03-12,13.58
2004-03-15,13.03
2004-03-16,12.72
2004-03-17,12.9
2004-03-18,12.65
2004-03-19,12.74
2004-03-22,12.74
2004-03-23,12.46
2004-03-24,12.56
2004-03-25,13.24
2004-03-26,13.32
2004-03-29,13.75
2004-03-30,13.76
2004-03-31,13.32
2004-04-01,13.36
2004-04-02,13.55
2004-04-05,13.95
2004-04-06,13.71
2004-04-07,13.46
2004-04-08,13.56
2004-04-12,13.82
2004-04-13,13.27
2004-04-14,13.13
2004-04-15,14.44
2004-04-16,14.38
2004-04-19,13.97
2004-04-20,13.66
2004-04-21,13.66
2004-04-22,13.69
2004-04-23,13.65
2004-04-26,13.37
2004-04-27,13.27
2004-04-28,13.03
2004-04-29,13.19
2004-04-30,12.7
2004-05-03,12.85
2004-05-04,12.88
2004-05-05,13.13
2004-05-06,13.1
2004-05-07,13.14
2004-05-10,12.95
2004-05-11,13.37
2004-05-12,13.45
2004-05-13,13.4
2004-05-14,13.33
2004-05-17,13.13
2004-05-18,13.33
2004-05-19,13.04
2004-05-20,13.16
2004-05-21,13.36
2004-05-24,13.47
2004-05-25,14.
2004-05-26,14.05
2004-05-27,13.88
2004-05-28,13.83
2004-06-01,13.83
2004-06-02,14.25
2004-06-03,13.99
2004-06-04,14.18
2004-06-07,14.69
2004-06-08,14.95
2004-06-09,14.88
2004-06-10,15.15
2004-06-14,14.84
2004-06-15,15.12
2004-06-16,16.13
2004-06-17,16.17
2004-06-18,16.22
2004-06-21,15.93
2004-06-22,16.26
2004-06-23,16.6
2004-06-24,16.35
2004-06-25,16.6
2004-06-28,16.01
2004-06-29,16.01
2004-06-30,16.03
2004-07-01,15.92
2004-07-02,15.31
2004-07-06,15.25
2004-07-07,14.97
2004-07-08,14.85
2004-07-09,14.8
2004-07-12,14.36
2004-07-13,14.4
2004-07-14,14.57
2004-07-15,16.23
2004-07-16,15.87
2004-07-19,15.75
2004-07-20,15.87
2004-07-21,15.58
2004-07-22,15.61
2004-07-23,15.13
2004-07-26,15.4
2004-07-27,15.98
2004-07-28,15.9
2004-07-29,16.08
2004-07-30,15.93
2004-08-02,15.56
2004-08-03,15.42
2004-08-04,15.66
2004-08-05,15.47
2004-08-06,14.67
2004-08-09,14.93
2004-08-10,15.53
2004-08-11,15.28
2004-08-12,14.96
2004-08-13,15.2
2004-08-16,15.17
2004-08-17,15.21
2004-08-18,15.64
2004-08-19,15.13
2004-08-20,15.18
2004-08-23,15.31
2004-08-24,15.74
2004-08-25,16.28
2004-08-26,17.08
2004-08-27,16.93
2004-08-30,16.81
2004-08-31,16.99
2004-09-01,17.67
2004-09-02,17.57
2004-09-03,17.36
2004-09-07,17.62
2004-09-08,17.91
2004-09-09,17.59
2004-09-10,17.67
2004-09-13,17.54
2004-09-14,17.49
2004-09-15,17.34
2004-09-16,17.91
2004-09-17,18.3
2004-09-20,18.58
2004-09-21,18.73
2004-09-22,18.19
2004-09-23,18.36
2004-09-24,18.37
2004-09-27,18.49
2004-09-28,18.74
2004-09-29,19.06
2004-09-30,19.09
2004-10-01,19.05
2004-10-04,19.11
2004-10-05,19.4
2004-10-06,20.02
2004-10-07,19.52
2004-10-08,19.25
2004-10-11,19.01
2004-10-12,18.87
2004-10-13,19.59
2004-10-14,22.16
2004-10-15,22.42
2004-10-18,23.53
2004-10-19,23.37
2004-10-20,23.39
2004-10-21,23.62
2004-10-22,23.36
2004-10-25,23.43
2004-10-26,23.64
2004-10-27,24.78
2004-10-28,25.72
2004-10-29,25.82
2004-11-01,25.84
2004-11-02,26.36
2004-11-03,27.25
2004-11-04,26.83
2004-11-05,26.96
2004-11-08,26.79
2004-11-09,26.63
2004-11-10,26.98
2004-11-11,27.25
2004-11-12,27.35
2004-11-15,27.22
2004-11-16,27.07
2004-11-17,27.05
2004-11-18,27.29
2004-11-19,27.18
2004-11-22,30.23
2004-11-23,30.19
2004-11-24,31.56
2004-11-26,31.81
2004-11-29,33.72
2004-11-30,33.04
2004-12-01,33.4
2004-12-02,32.13
2004-12-03,30.88
2004-12-06,32.41
2004-12-07,30.99
2004-12-08,31.18
2004-12-09,31.53
2004-12-10,32.1
2004-12-13,31.98
2004-12-14,32.17
2004-12-15,32.16
2004-12-16,32.82
2004-12-17,32.02
2004-12-20,30.9
2004-12-21,31.38
2004-12-22,31.41
2004-12-23,31.54
2004-12-27,31.12
2004-12-28,31.62
2004-12-29,31.75
2004-12-30,31.93
2004-12-31,31.73
2005-01-03,31.18
2005-01-04,31.5
2005-01-05,31.78
2005-01-06,31.81
2005-01-07,34.12
2005-01-10,33.98
2005-01-11,31.81
2005-01-12,32.25
2005-01-13,34.39
2005-01-14,34.59
2005-01-18,34.81
2005-01-19,34.43
2005-01-20,34.72
2005-01-21,34.73
2005-01-24,34.87
2005-01-25,35.5
2005-01-26,35.6
2005-01-27,35.79
2005-01-28,36.45
2005-01-31,37.89
2005-02-01,38.2
2005-02-02,39.24
2005-02-03,38.34
2005-02-04,38.85
2005-02-07,38.9
2005-02-08,39.86
2005-02-09,38.8
2005-02-10,38.61
2005-02-11,40.01
2005-02-14,41.7
2005-02-15,43.56
2005-02-16,44.41
2005-02-17,43.27
2005-02-18,42.77
2005-02-22,42.02
2005-02-23,43.47
2005-02-24,43.82
2005-02-25,43.85
2005-02-28,44.21
2005-03-01,43.85
2005-03-02,43.48
2005-03-03,41.18
2005-03-04,42.19
2005-03-07,42.13
2005-03-08,39.94
2005-03-09,38.78
2005-03-10,39.25
2005-03-11,39.68
2005-03-14,39.73
2005-03-15,40.36
2005-03-16,40.58
2005-03-17,41.64
2005-03-18,42.34
2005-03-21,43.06
2005-03-22,42.21
2005-03-23,41.93
2005-03-24,41.88
2005-03-28,41.91
2005-03-29,41.14
2005-03-30,42.18
2005-03-31,41.06
2005-04-01,40.3
2005-04-04,40.49
2005-04-05,41.28
2005-04-06,41.71
2005-04-07,42.93
2005-04-08,43.1
2005-04-11,41.31
2005-04-12,42.04
2005-04-13,40.44
2005-04-14,36.72
2005-04-15,34.84
2005-04-18,35.1
2005-04-19,36.55
2005-04-20,34.99
2005-04-21,36.64
2005-04-22,34.98
2005-04-25,36.44
2005-04-26,35.66
2005-04-27,35.43
2005-04-28,35.02
2005-04-29,35.54
2005-05-02,35.9
2005-05-03,35.68
2005-05-04,36.61
2005-05-05,36.15
2005-05-06,36.7
2005-05-09,36.43
2005-05-10,35.89
2005-05-11,35.09
2005-05-12,33.63
2005-05-13,34.26
2005-05-16,35.03
2005-05-17,34.85
2005-05-18,35.32
2005-05-19,37.
2005-05-20,37.
2005-05-23,39.18
2005-05-24,39.12
2005-05-25,39.2
2005-05-26,40.15
2005-05-27,39.97
2005-05-31,39.18
2005-06-01,39.71
2005-06-02,39.46
2005-06-03,37.68
2005-06-06,37.37
2005-06-07,36.01
2005-06-08,36.38
2005-06-09,37.1
2005-06-10,35.29
2005-06-13,35.38
2005-06-14,35.48
2005-06-15,36.59
2005-06-16,37.43
2005-06-17,37.75
2005-06-20,37.06
2005-06-21,37.31
2005-06-22,37.99
2005-06-23,38.32
2005-06-24,37.21
2005-06-27,36.56
2005-06-28,36.77
2005-06-29,35.84
2005-06-30,36.27
2005-07-01,35.97
2005-07-05,37.43
2005-07-06,36.85
2005-07-07,37.08
2005-07-08,37.69
2005-07-11,37.55
2005-07-12,37.68
2005-07-13,37.79
2005-07-14,40.16
2005-07-15,40.95
2005-07-18,40.89
2005-07-19,42.56
2005-07-20,43.
2005-07-21,42.66
2005-07-22,43.36
2005-07-25,43.17
2005-07-26,43.
2005-07-27,43.35
2005-07-28,43.16
2005-07-29,42.03
2005-08-01,42.13
2005-08-02,42.56
2005-08-03,42.59
2005-08-04,42.09
2005-08-05,42.36
2005-08-08,42.03
2005-08-09,43.18
2005-08-10,42.75
2005-08-11,43.36
2005-08-12,45.43
2005-08-15,46.99
2005-08-16,45.58
2005-08-17,46.46
2005-08-18,45.63
2005-08-19,45.16
2005-08-22,45.2
2005-08-23,45.07
2005-08-24,45.1
2005-08-25,45.39
2005-08-26,45.07
2005-08-29,45.17
2005-08-30,45.89
2005-08-31,46.21
2005-09-01,45.59
2005-09-02,45.55
2005-09-06,48.09
2005-09-07,47.97
2005-09-08,49.06
2005-09-09,50.56
2005-09-12,50.65
2005-09-13,50.08
2005-09-14,48.89
2005-09-15,49.14
2005-09-16,50.47
2005-09-19,51.87
2005-09-20,52.42
2005-09-21,51.35
2005-09-22,51.15
2005-09-23,52.43
2005-09-26,53.06
2005-09-27,52.66
2005-09-28,50.34
2005-09-29,51.58
2005-09-30,52.83
2005-10-03,53.65
2005-10-04,52.97
2005-10-05,52.01
2005-10-06,50.95
2005-10-07,50.55
2005-10-10,49.64
2005-10-11,50.84
2005-10-12,48.53
2005-10-13,52.96
2005-10-14,53.21
2005-10-17,52.66
2005-10-18,51.45
2005-10-19,54.14
2005-10-20,55.32
2005-10-21,54.85
2005-10-24,55.96
2005-10-25,55.28
2005-10-26,56.2
2005-10-27,54.6
2005-10-28,53.68
2005-10-31,56.75
2005-11-01,56.66
2005-11-02,59.08
2005-11-03,60.95
2005-11-04,60.26
2005-11-07,59.35
2005-11-08,59.03
2005-11-09,59.24
2005-11-10,60.29
2005-11-11,60.64
2005-11-14,60.56
2005-11-15,61.37
2005-11-16,64.01
2005-11-17,63.58
2005-11-18,63.62
2005-11-21,64.02
2005-11-22,65.55
2005-11-23,66.13
2005-11-25,68.33
2005-11-28,68.65
2005-11-29,67.11
2005-11-30,66.83
2005-12-01,70.56
2005-12-02,71.57
2005-12-05,70.78
2005-12-06,72.97
2005-12-07,72.87
2005-12-08,73.
2005-12-09,73.25
2005-12-12,73.82
2005-12-13,73.89
2005-12-14,70.96
2005-12-15,71.13
2005-12-16,70.08
2005-12-19,70.34
2005-12-20,71.06
2005-12-21,72.43
2005-12-22,72.94
2005-12-23,72.28
2005-12-27,73.15
2005-12-28,72.5
2005-12-29,70.41
2005-12-30,70.84
2006-01-03,73.66
2006-01-04,73.88
2006-01-05,73.3
2006-01-06,75.19
2006-01-09,74.94
2006-01-10,79.68
2006-01-11,82.68
2006-01-12,83.06
2006-01-13,84.35
2006-01-17,83.48
2006-01-18,81.29
2006-01-19,77.89
2006-01-20,74.98
2006-01-23,76.54
2006-01-24,74.93
2006-01-25,73.12
2006-01-26,71.28
2006-01-27,70.98
2006-01-30,73.91
2006-01-31,74.41
2006-02-01,74.32
2006-02-02,71.05
2006-02-03,70.8
2006-02-06,66.32
2006-02-07,66.62
2006-02-08,67.81
2006-02-09,64.01
2006-02-10,66.33
2006-02-13,63.77
2006-02-14,66.66
2006-02-15,68.21
2006-02-16,69.54
2006-02-17,69.27
2006-02-21,68.08
2006-02-22,70.28
2006-02-23,70.71
2006-02-24,70.42
2006-02-27,69.96
2006-02-28,67.49
2006-03-01,68.09
2006-03-02,68.6
2006-03-03,66.73
2006-03-06,64.53
2006-03-07,65.35
2006-03-08,64.7
2006-03-09,63.
2006-03-10,62.27
2006-03-13,64.72
2006-03-14,66.34
2006-03-15,65.27
2006-03-16,63.37
2006-03-17,63.72
2006-03-20,63.06
2006-03-21,60.91
2006-03-22,60.77
2006-03-23,59.28
2006-03-24,59.09
2006-03-27,58.64
2006-03-28,57.86
2006-03-29,61.42
2006-03-30,61.84
2006-03-31,61.81
2006-04-03,61.74
2006-04-04,60.28
2006-04-05,66.23
2006-04-06,70.2
2006-04-07,68.77
2006-04-10,67.67
2006-04-11,67.
2006-04-12,65.74
2006-04-13,65.5
2006-04-17,63.87
2006-04-18,65.26
2006-04-19,64.7
2006-04-20,66.65
2006-04-21,66.06
2006-04-24,64.79
2006-04-25,65.21
2006-04-26,67.16
2006-04-27,68.35
2006-04-28,69.37
2006-05-01,68.59
2006-05-02,70.58
2006-05-03,70.11
2006-05-04,70.1
2006-05-05,70.84
2006-05-08,70.84
2006-05-09,70.
2006-05-10,69.57
2006-05-11,67.16
2006-05-12,66.72
2006-05-15,66.8
2006-05-16,64.03
2006-05-17,64.31
2006-05-18,62.26
2006-05-19,63.57
2006-05-22,62.46
2006-05-23,62.23
2006-05-24,62.42
2006-05-25,63.39
2006-05-26,62.63
2006-05-30,60.33
2006-05-31,58.9
2006-06-01,61.27
2006-06-02,60.76
2006-06-05,59.13
2006-06-06,58.85
2006-06-07,57.71
2006-06-08,59.88
2006-06-09,58.38
2006-06-12,56.17
2006-06-13,57.48
2006-06-14,56.77
2006-06-15,58.52
2006-06-16,56.72
2006-06-19,56.37
2006-06-20,56.63
2006-06-21,57.02
2006-06-22,58.71
2006-06-23,57.97
2006-06-26,58.13
2006-06-27,56.59
2006-06-28,55.21
2006-06-29,58.11
2006-06-30,56.44
2006-07-03,57.11
2006-07-05,56.17
2006-07-06,54.96
2006-07-07,54.59
2006-07-10,54.2
2006-07-11,54.84
2006-07-12,52.19
2006-07-13,51.49
2006-07-14,49.93
2006-07-17,51.61
2006-07-18,52.13
2006-07-19,53.31
2006-07-20,59.62
2006-07-21,59.84
2006-07-24,60.53
2006-07-25,61.03
2006-07-26,62.94
2006-07-27,62.48
2006-07-28,64.64
2006-07-31,66.97
2006-08-01,66.2
2006-08-02,67.17
2006-08-03,68.58
2006-08-04,67.31
2006-08-07,66.23
2006-08-08,63.84
2006-08-09,62.67
2006-08-10,63.14
2006-08-11,62.72
2006-08-14,63.01
2006-08-15,65.48
2006-08-16,66.99
2006-08-17,66.61
2006-08-18,66.92
2006-08-21,65.59
2006-08-22,66.64
2006-08-23,66.33
2006-08-24,66.82
2006-08-25,67.75
2006-08-28,66.01
2006-08-29,65.51
2006-08-30,65.99
2006-08-31,66.86
2006-09-01,67.39
2006-09-05,70.44
2006-09-06,69.01
2006-09-07,71.74
2006-09-08,71.47
2006-09-11,71.45
2006-09-12,71.57
2006-09-13,73.12
2006-09-14,73.09
2006-09-15,73.02
2006-09-18,72.82
2006-09-19,72.7
2006-09-20,74.17
2006-09-21,73.56
2006-09-22,71.94
2006-09-25,74.65
2006-09-26,76.48
2006-09-27,75.3
2006-09-28,75.89
2006-09-29,75.86
2006-10-02,73.77
2006-10-03,73.
2006-10-04,74.28
2006-10-05,73.74
2006-10-06,73.14
2006-10-09,73.54
2006-10-10,72.74
2006-10-11,72.16
2006-10-12,74.17
2006-10-13,73.93
2006-10-16,74.3
2006-10-17,73.21
2006-10-18,73.45
2006-10-19,77.84
2006-10-20,78.79
2006-10-23,80.28
2006-10-24,79.87
2006-10-25,80.49
2006-10-26,80.99
2006-10-27,79.24
2006-10-30,79.25
2006-10-31,79.9
2006-11-01,78.01
2006-11-02,77.83
2006-11-03,77.15
2006-11-06,78.55
2006-11-07,79.34
2006-11-08,81.25
2006-11-09,82.13
2006-11-10,81.91
2006-11-13,83.12
2006-11-14,83.76
2006-11-15,82.83
2006-11-16,84.36
2006-11-17,84.6
2006-11-20,85.21
2006-11-21,87.31
2006-11-22,89.
2006-11-24,90.3
2006-11-27,88.24
2006-11-28,90.47
2006-11-29,90.46
2006-11-30,90.33
2006-12-01,89.99
2006-12-04,89.79
2006-12-05,89.94
2006-12-06,88.52
2006-12-07,85.77
2006-12-08,86.98
2006-12-11,87.46
2006-12-12,84.89
2006-12-13,87.75
2006-12-14,87.26
2006-12-15,86.44
2006-12-18,84.23
2006-12-19,85.05
2006-12-20,83.53
2006-12-21,81.69
2006-12-22,81.
2006-12-26,80.32
2006-12-27,80.33
2006-12-28,79.69
2006-12-29,83.61
2007-01-03,82.58
2007-01-04,84.41
2007-01-05,83.81
2007-01-08,84.23
2007-01-09,91.22
2007-01-10,95.59
2007-01-11,94.41
2007-01-12,93.24
2007-01-16,95.69
2007-01-17,93.57
2007-01-18,87.77
2007-01-19,87.21
2007-01-22,85.53
2007-01-23,84.45
2007-01-24,85.44
2007-01-25,85.
2007-01-26,84.14
2007-01-29,84.69
2007-01-30,84.31
2007-01-31,84.48
2007-02-01,83.51
2007-02-02,83.52
2007-02-05,82.72
2007-02-06,82.93
2007-02-07,84.9
2007-02-08,84.93
2007-02-09,82.06
2007-02-12,83.65
2007-02-13,83.47
2007-02-14,84.06
2007-02-15,83.97
2007-02-16,83.6
2007-02-20,84.65
2007-02-21,87.9
2007-02-22,88.21
2007-02-23,87.77
2007-02-26,87.22
2007-02-27,82.71
2007-02-28,83.38
2007-03-01,85.79
2007-03-02,84.17
2007-03-05,85.06
2007-03-06,86.91
2007-03-07,86.44
2007-03-08,86.72
2007-03-09,86.69
2007-03-12,88.56
2007-03-13,87.11
2007-03-14,88.69
2007-03-15,88.27
2007-03-16,88.29
2007-03-19,89.8
2007-03-20,90.15
2007-03-21,92.5
2007-03-22,92.59
2007-03-23,92.16
2007-03-26,94.46
2007-03-27,94.07
2007-03-28,91.88
2007-03-29,92.39
2007-03-30,91.56
2007-04-02,92.29
2007-04-03,93.13
2007-04-04,92.9
2007-04-05,93.3
2007-04-09,92.29
2007-04-10,92.88
2007-04-11,91.24
2007-04-12,90.85
2007-04-13,88.93
2007-04-16,90.1
2007-04-17,89.04
2007-04-18,89.09
2007-04-19,88.96
2007-04-20,89.65
2007-04-23,92.15
2007-04-24,91.88
2007-04-25,93.96
2007-04-26,97.4
2007-04-27,98.47
2007-04-30,98.35
2007-05-01,98.02
2007-05-02,98.93
2007-05-03,98.94
2007-05-04,99.34
2007-05-07,102.41
2007-05-08,103.53
2007-05-09,105.33
2007-05-10,105.78
2007-05-11,107.16
2007-05-14,107.77
2007-05-15,105.96
2007-05-16,105.78
2007-05-17,107.85
2007-05-18,108.42
2007-05-21,110.35
2007-05-22,111.89
2007-05-23,111.25
2007-05-24,109.08
2007-05-25,111.97
2007-05-29,112.69
2007-05-30,117.04
2007-05-31,119.43
2007-06-01,116.68
2007-06-04,119.57
2007-06-05,120.89
2007-06-06,121.84
2007-06-07,122.27
2007-06-08,122.68
2007-06-11,118.44
2007-06-12,118.63
2007-06-13,115.79
2007-06-14,117.02
2007-06-15,118.75
2007-06-18,123.27
2007-06-19,121.86
2007-06-20,119.78
2007-06-21,122.1
2007-06-22,121.21
2007-06-25,120.56
2007-06-26,117.91
2007-06-27,120.12
2007-06-28,118.81
2007-06-29,120.26
2007-07-02,119.5
2007-07-03,125.32
2007-07-05,130.82
2007-07-06,130.38
2007-07-09,128.43
2007-07-10,130.42
2007-07-11,130.46
2007-07-12,132.12
2007-07-13,135.73
2007-07-16,136.09
2007-07-17,136.89
2007-07-18,136.11
2007-07-19,137.96
2007-07-20,141.66
2007-07-23,141.61
2007-07-24,132.93
2007-07-25,135.26
2007-07-26,143.88
2007-07-27,141.76
2007-07-30,139.37
2007-07-31,129.84
2007-08-01,133.04
2007-08-02,134.5
2007-08-03,129.93
2007-08-06,133.28
2007-08-07,133.07
2007-08-08,132.06
2007-08-09,124.55
2007-08-10,123.18
2007-08-13,125.93
2007-08-14,122.23
2007-08-15,118.16
2007-08-16,115.35
2007-08-17,120.28
2007-08-20,120.44
2007-08-21,125.71
2007-08-22,130.58
2007-08-23,129.16
2007-08-24,133.33
2007-08-27,130.33
2007-08-28,124.98
2007-08-29,132.13
2007-08-30,134.27
2007-08-31,136.47
2007-09-04,142.06
2007-09-05,134.77
2007-09-06,133.05
2007-09-07,129.85
2007-09-10,134.72
2007-09-11,133.52
2007-09-12,134.86
2007-09-13,135.2
2007-09-14,136.79
2007-09-17,136.4
2007-09-18,138.87
2007-09-19,138.72
2007-09-20,138.27
2007-09-21,142.05
2007-09-24,146.12
2007-09-25,150.95
2007-09-26,150.55
2007-09-27,152.25
2007-09-28,151.24
2007-10-01,154.07
2007-10-02,156.15
2007-10-03,155.62
2007-10-04,153.97
2007-10-05,159.1
2007-10-08,165.47
2007-10-09,165.42
2007-10-10,164.36
2007-10-11,159.87
2007-10-12,164.82
2007-10-15,164.55
2007-10-16,167.11
2007-10-17,170.24
2007-10-18,170.98
2007-10-19,167.94
2007-10-22,171.82
2007-10-23,183.45
2007-10-24,183.23
2007-10-25,180.12
2007-10-26,182.01
2007-10-29,182.4
2007-10-30,184.28
2007-10-31,187.19
2007-11-01,184.71
2007-11-02,185.14
2007-11-05,183.47
2007-11-06,189.
2007-11-07,183.59
2007-11-08,172.92
2007-11-09,162.96
2007-11-12,151.52
2007-11-13,167.49
2007-11-14,163.69
2007-11-15,161.91
2007-11-16,163.97
2007-11-19,161.57
2007-11-20,166.39
2007-11-21,166.01
2007-11-23,169.04
2007-11-26,170.03
2007-11-27,172.27
2007-11-28,177.6
2007-11-29,181.61
2007-11-30,179.57
2007-12-03,176.26
2007-12-04,177.19
2007-12-05,182.8
2007-12-06,187.19
2007-12-07,191.47
2007-12-10,191.39
2007-12-11,185.8
2007-12-12,188.08
2007-12-13,189.04
2007-12-14,187.62
2007-12-17,181.72
2007-12-18,180.32
2007-12-19,180.46
2007-12-20,184.49
2007-12-21,191.09
2007-12-24,195.91
2007-12-26,196.06
2007-12-27,195.68
2007-12-28,196.92
2007-12-31,195.2
2008-01-02,192.01
2008-01-03,192.09
2008-01-04,177.43
2008-01-07,175.06
2008-01-08,168.76
2008-01-09,176.79
2008-01-10,175.43
2008-01-11,170.18
2008-01-14,176.18
2008-01-15,166.58
2008-01-16,157.32
2008-01-17,158.55
2008-01-18,159.01
2008-01-22,153.38
2008-01-23,137.05
2008-01-24,133.63
2008-01-25,128.12
2008-01-28,128.12
2008-01-29,129.63
2008-01-30,130.26
2008-01-31,133.39
2008-02-01,131.8
2008-02-04,129.74
2008-02-05,127.48
2008-02-06,120.23
2008-02-07,119.48
2008-02-08,123.65
2008-02-11,127.57
2008-02-12,123.04
2008-02-13,127.52
2008-02-14,125.61
2008-02-15,122.82
2008-02-19,120.4
2008-02-20,122.02
2008-02-21,119.77
2008-02-22,117.72
2008-02-25,118.
2008-02-26,117.42
2008-02-27,121.17
2008-02-28,128.02
2008-02-29,123.2
2008-03-03,119.96
2008-03-04,122.81
2008-03-05,122.68
2008-03-06,119.17
2008-03-07,120.47
2008-03-10,117.95
2008-03-11,125.5
2008-03-12,124.2
2008-03-13,126.08
2008-03-14,124.77
2008-03-17,124.89
2008-03-18,130.89
2008-03-19,127.78
2008-03-20,131.33
2008-03-24,137.5
2008-03-25,138.93
2008-03-26,142.95
2008-03-27,138.21
2008-03-28,140.93
2008-03-31,141.41
2008-04-01,147.35
2008-04-02,145.34
2008-04-03,149.4
2008-04-04,150.85
2008-04-07,153.62
2008-04-08,150.62
2008-04-09,149.24
2008-04-10,152.3
2008-04-11,145.
2008-04-14,145.63
2008-04-15,146.22
2008-04-16,151.46
2008-04-17,152.24
2008-04-18,158.7
2008-04-21,165.71
2008-04-22,157.87
2008-04-23,160.52
2008-04-24,166.48
2008-04-25,167.26
2008-04-28,169.73
2008-04-29,172.5
2008-04-30,171.42
2008-05-01,177.38
2008-05-02,178.31
2008-05-05,182.04
2008-05-06,183.94
2008-05-07,179.93
2008-05-08,182.37
2008-05-09,180.78
2008-05-12,185.42
2008-05-13,187.2
2008-05-14,183.55
2008-05-15,186.97
2008-05-16,184.89
2008-05-19,180.93
2008-05-20,183.2
2008-05-21,175.6
2008-05-22,174.47
2008-05-23,178.53
2008-05-27,183.72
2008-05-28,184.29
2008-05-29,183.97
2008-05-30,186.
2008-06-02,183.39
2008-06-03,182.67
2008-06-04,182.5
2008-06-05,186.67
2008-06-06,182.94
2008-06-09,178.97
2008-06-10,182.94
2008-06-11,178.18
2008-06-12,170.74
2008-06-13,169.86
2008-06-16,174.27
2008-06-17,178.79
2008-06-18,176.15
2008-06-19,178.27
2008-06-20,172.72
2008-06-23,170.64
2008-06-24,170.73
2008-06-25,174.81
2008-06-26,165.81
2008-06-27,167.62
2008-06-30,165.
2008-07-01,172.14
2008-07-02,165.73
2008-07-03,167.65
2008-07-07,172.61
2008-07-08,176.94
2008-07-09,171.72
2008-07-10,174.06
2008-07-11,170.07
2008-07-14,171.35
2008-07-15,167.17
2008-07-16,170.3
2008-07-17,169.31
2008-07-18,162.75
2008-07-21,163.87
2008-07-22,159.66
2008-07-23,163.84
2008-07-24,156.72
2008-07-25,159.76
2008-07-28,152.15
2008-07-29,154.8
2008-07-30,157.55
2008-07-31,156.64
2008-08-01,154.38
2008-08-04,151.
2008-08-05,158.3
2008-08-06,161.8
2008-08-07,161.19
2008-08-08,167.08
2008-08-11,171.04
2008-08-12,174.16
2008-08-13,176.69
2008-08-14,176.71
2008-08-15,173.18
2008-08-18,172.84
2008-08-19,171.01
2008-08-20,173.28
2008-08-21,171.75
2008-08-22,174.22
2008-08-25,170.04
2008-08-26,171.11
2008-08-27,172.13
2008-08-28,171.21
2008-08-29,167.06
2008-09-02,163.77
2008-09-03,164.53
2008-09-04,158.87
2008-09-05,157.85
2008-09-08,155.62
2008-09-09,149.47
2008-09-10,149.4
2008-09-11,150.43
2008-09-12,146.77
2008-09-15,138.32
2008-09-16,137.85
2008-09-17,125.97
2008-09-18,132.14
2008-09-19,138.86
2008-09-22,129.14
2008-09-23,125.
2008-09-24,126.84
2008-09-25,130.01
2008-09-26,126.37
2008-09-29,103.73
2008-09-30,112.01
2008-10-01,107.53
2008-10-02,98.64
2008-10-03,95.66
2008-10-06,96.71
2008-10-07,87.86
2008-10-08,88.48
2008-10-09,87.45
2008-10-10,95.39
2008-10-13,108.66
2008-10-14,102.57
2008-10-15,96.53
2008-10-16,100.41
2008-10-17,95.98
2008-10-20,97.01
2008-10-21,90.16
2008-10-22,95.46
2008-10-23,96.8
2008-10-24,94.98
2008-10-27,90.75
2008-10-28,98.46
2008-10-29,103.03
2008-10-30,109.42
2008-10-31,106.03
2008-11-03,105.4
2008-11-04,109.38
2008-11-05,101.8
2008-11-06,97.66
2008-11-07,96.81
2008-11-10,94.49
2008-11-11,93.39
2008-11-12,88.81
2008-11-13,95.04
2008-11-14,88.93
2008-11-17,86.86
2008-11-18,88.6
2008-11-19,85.03
2008-11-20,79.32
2008-11-21,81.38
2008-11-24,91.6
2008-11-25,89.48
2008-11-26,93.62
2008-11-28,91.32
2008-12-01,87.64
2008-12-02,91.12
2008-12-03,94.51
2008-12-04,90.08
2008-12-05,92.63
2008-12-08,98.27
2008-12-09,98.6
2008-12-10,96.78
2008-12-11,93.62
2008-12-12,96.84
2008-12-15,93.37
2008-12-16,94.04
2008-12-17,87.86
2008-12-18,88.13
2008-12-19,88.69
2008-12-22,84.49
2008-12-23,85.12
2008-12-24,83.8
2008-12-26,84.56
2008-12-29,85.35
2008-12-30,85.03
2008-12-31,84.11
2009-01-02,89.43
2009-01-05,93.2
2009-01-06,91.67
2009-01-07,89.69
2009-01-08,91.35
2009-01-09,89.26
2009-01-12,87.37
2009-01-13,86.43
2009-01-14,84.09
2009-01-15,82.17
2009-01-16,81.13
2009-01-20,77.06
2009-01-21,81.63
2009-01-22,87.07
2009-01-23,87.07
2009-01-26,88.34
2009-01-27,89.41
2009-01-28,92.83
2009-01-29,91.65
2009-01-30,88.82
2009-02-02,90.18
2009-02-03,91.63
2009-02-04,92.19
2009-02-05,95.06
2009-02-06,98.27
2009-02-09,101.02
2009-02-10,96.41
2009-02-11,95.41
2009-02-12,97.83
2009-02-13,97.72
2009-02-17,93.16
2009-02-18,93.
2009-02-19,89.32
2009-02-20,89.87
2009-02-23,85.69
2009-02-24,88.94
2009-02-25,89.83
2009-02-26,87.89
2009-02-27,88.01
2009-03-02,86.66
2009-03-03,87.08
2009-03-04,89.84
2009-03-05,87.55
2009-03-06,84.06
2009-03-09,81.9
2009-03-10,87.34
2009-03-11,91.33
2009-03-12,94.95
2009-03-13,94.53
2009-03-16,94.03
2009-03-17,98.21
2009-03-18,100.04
2009-03-19,100.14
2009-03-20,100.11
2009-03-23,106.09
2009-03-24,104.95
2009-03-25,104.94
2009-03-26,108.27
2009-03-27,105.3
2009-03-30,102.97
2009-03-31,103.59
2009-04-01,107.11
2009-04-02,111.07
2009-04-03,114.3
2009-04-06,116.73
2009-04-07,113.33
2009-04-08,114.63
2009-04-09,117.83
2009-04-13,118.47
2009-04-14,116.59
2009-04-15,115.93
2009-04-16,119.68
2009-04-17,121.62
2009-04-20,118.75
2009-04-21,119.99
2009-04-22,119.74
2009-04-23,123.58
2009-04-24,122.1
2009-04-27,122.92
2009-04-28,122.1
2009-04-29,123.32
2009-04-30,124.
2009-05-01,125.39
2009-05-04,130.15
2009-05-05,130.78
2009-05-06,130.57
2009-05-07,127.18
2009-05-08,127.31
2009-05-11,127.69
2009-05-12,122.61
2009-05-13,117.75
2009-05-14,121.16
2009-05-15,120.64
2009-05-18,124.81
2009-05-19,125.6
2009-05-20,124.04
2009-05-21,122.37
2009-05-22,120.72
2009-05-26,128.88
2009-05-27,131.11
2009-05-28,133.11
2009-05-29,133.83
2009-06-01,137.32
2009-06-02,137.46
2009-06-03,138.9
2009-06-04,141.65
2009-06-05,142.57
2009-06-08,141.76
2009-06-09,140.64
2009-06-10,138.21
2009-06-11,137.91
2009-06-12,134.98
2009-06-15,134.11
2009-06-16,134.37
2009-06-17,133.61
2009-06-18,133.9
2009-06-19,137.45
2009-06-22,135.37
2009-06-23,132.06
2009-06-24,134.24
2009-06-25,137.83
2009-06-26,140.37
2009-06-29,139.9
2009-06-30,140.36
2009-07-01,140.75
2009-07-02,137.98
2009-07-06,136.59
2009-07-07,133.43
2009-07-08,135.22
2009-07-09,134.38
2009-07-10,136.51
2009-07-13,140.27
2009-07-14,140.2
2009-07-15,144.74
2009-07-16,145.37
2009-07-17,149.54
2009-07-20,150.69
2009-07-21,149.31
2009-07-22,154.46
2009-07-23,155.52
2009-07-24,157.66
2009-07-27,157.77
2009-07-28,157.67
2009-07-29,157.7
2009-07-30,160.42
2009-07-31,161.01
2009-08-03,164.01
2009-08-04,163.14
2009-08-05,162.71
2009-08-06,161.53
2009-08-07,163.1
2009-08-10,162.32
2009-08-11,160.46
2009-08-12,162.91
2009-08-13,165.97
2009-08-14,164.35
2009-08-17,157.27
2009-08-18,161.61
2009-08-19,162.21
2009-08-20,163.91
2009-08-21,166.76
2009-08-24,166.6
2009-08-25,166.94
2009-08-26,164.97
2009-08-27,166.99
2009-08-28,167.58
2009-08-31,165.76
2009-09-01,162.9
2009-09-02,162.78
2009-09-03,164.13
2009-09-04,167.83
2009-09-08,170.41
2009-09-09,168.65
2009-09-10,170.05
2009-09-11,169.66
2009-09-14,171.19
2009-09-15,172.61
2009-09-16,179.22
2009-09-17,181.87
2009-09-18,182.33
2009-09-21,181.34
2009-09-22,181.8
2009-09-23,182.8
2009-09-24,181.15
2009-09-25,179.72
2009-09-28,183.44
2009-09-29,182.68
2009-09-30,182.65
2009-10-01,178.23
2009-10-02,182.21
2009-10-05,183.31
2009-10-06,187.25
2009-10-07,187.48
2009-10-08,186.52
2009-10-09,187.7
2009-10-12,188.03
2009-10-13,187.26
2009-10-14,188.51
2009-10-15,187.79
2009-10-16,185.31
2009-10-19,187.1
2009-10-20,195.87
2009-10-21,201.94
2009-10-22,202.22
2009-10-23,200.97
2009-10-26,199.53
2009-10-27,194.5
2009-10-28,189.6
2009-10-29,193.49
2009-10-30,185.76
2009-11-02,186.56
2009-11-03,186.
2009-11-04,188.03
2009-11-05,191.21
2009-11-06,191.51
2009-11-09,198.53
2009-11-10,200.03
2009-11-11,200.29
2009-11-12,199.05
2009-11-13,201.48
2009-11-16,203.62
2009-11-17,203.99
2009-11-18,202.96
2009-11-19,197.59
2009-11-20,197.01
2009-11-23,202.89
2009-11-24,201.47
2009-11-25,201.22
2009-11-27,197.67
2009-11-30,197.
2009-12-01,194.1
2009-12-02,193.38
2009-12-03,193.62
2009-12-04,190.51
2009-12-07,186.2
2009-12-08,187.11
2009-12-09,194.92
2009-12-10,193.57
2009-12-11,191.84
2009-12-14,194.11
2009-12-15,191.35
2009-12-16,192.19
2009-12-17,189.07
2009-12-18,192.59
2009-12-21,195.35
2009-12-22,197.45
2009-12-23,199.16
2009-12-24,206.
2009-12-28,208.53
2009-12-29,206.06
2009-12-30,208.56
2009-12-31,207.66
2010-01-04,210.9
2010-01-05,211.26
2010-01-06,207.9
2010-01-07,207.52
2010-01-08,208.9
2010-01-11,207.05
2010-01-12,204.7
2010-01-13,207.59
2010-01-14,206.38
2010-01-15,202.93
2010-01-19,211.91
2010-01-20,208.65
2010-01-21,205.04
2010-01-22,194.87
2010-01-25,200.12
2010-01-26,202.94
2010-01-27,204.86
2010-01-28,196.39
2010-01-29,189.27
2010-02-01,191.9
2010-02-02,193.01
2010-02-03,196.33
2010-02-04,189.26
2010-02-05,192.62
2010-02-08,191.3
2010-02-09,193.34
2010-02-10,192.28
2010-02-11,195.78
2010-02-12,197.47
2010-02-16,200.44
2010-02-17,199.6
2010-02-18,199.98
2010-02-19,198.74
2010-02-22,197.5
2010-02-23,194.19
2010-02-24,197.74
2010-02-25,199.06
2010-02-26,201.64
2010-03-01,205.95
2010-03-02,205.81
2010-03-03,206.29
2010-03-04,207.65
2010-03-05,215.77
2010-03-08,215.89
2010-03-09,219.78
2010-03-10,221.57
2010-03-11,222.22
2010-03-12,223.3
2010-03-15,220.58
2010-03-16,221.19
2010-03-17,220.86
2010-03-18,221.38
2010-03-19,219.02
2010-03-22,221.48
2010-03-23,225.04
2010-03-24,226.03
2010-03-25,223.35
2010-03-26,227.54
2010-03-29,229.01
2010-03-30,232.42
2010-03-31,231.58
2010-04-01,232.54
2010-04-05,235.02
2010-04-06,236.06
2010-04-07,237.1
2010-04-08,236.46
2010-04-09,238.27
2010-04-12,238.77
2010-04-13,238.9
2010-04-14,242.12
2010-04-15,245.3
2010-04-16,243.8
2010-04-19,243.48
2010-04-20,241.03
2010-04-21,255.45
2010-04-22,262.59
2010-04-23,266.89
2010-04-26,265.58
2010-04-27,258.23
2010-04-28,257.79
2010-04-29,264.73
2010-04-30,257.29
2010-05-03,262.48
2010-05-04,254.92
2010-05-05,252.27
2010-05-06,242.67
2010-05-07,232.43
2010-05-10,250.3
2010-05-11,252.79
2010-05-12,258.28
2010-05-13,254.6
2010-05-14,250.13
2010-05-17,250.52
2010-05-18,248.69
2010-05-19,244.73
2010-05-20,234.3
2010-05-21,238.8
2010-05-24,243.17
2010-05-25,241.65
2010-05-26,240.56
2010-05-27,249.66
2010-05-28,253.14
2010-06-01,257.04
2010-06-02,260.11
2010-06-03,259.29
2010-06-04,252.24
2010-06-07,247.29
2010-06-08,245.7
2010-06-09,239.66
2010-06-10,246.87
2010-06-11,249.82
2010-06-14,250.58
2010-06-15,255.91
2010-06-16,263.36
2010-06-17,267.92
2010-06-18,270.08
2010-06-21,266.24
2010-06-22,269.87
2010-06-23,267.03
2010-06-24,265.09
2010-06-25,262.82
2010-06-28,264.4
2010-06-29,252.44
2010-06-30,247.87
2010-07-01,244.87
2010-07-02,243.35
2010-07-06,245.01
2010-07-07,254.91
2010-07-08,254.34
2010-07-09,255.84
2010-07-12,253.55
2010-07-13,248.14
2010-07-14,249.05
2010-07-15,247.79
2010-07-16,246.27
2010-07-19,242.01
2010-07-20,248.23
2010-07-21,250.54
2010-07-22,255.25
2010-07-23,256.16
2010-07-26,255.51
2010-07-27,260.24
2010-07-28,257.16
2010-07-29,254.36
2010-07-30,253.51
2010-08-02,258.04
2010-08-03,258.12
2010-08-04,259.15
2010-08-05,257.89
2010-08-06,256.31
2010-08-09,257.94
2010-08-10,255.64
2010-08-11,246.55
2010-08-12,248.13
2010-08-13,245.48
2010-08-16,244.04
2010-08-17,248.3
2010-08-18,249.39
2010-08-19,246.25
2010-08-20,246.01
2010-08-23,242.22
2010-08-24,236.44
2010-08-25,239.36
2010-08-26,236.78
2010-08-27,238.11
2010-08-30,238.97
2010-08-31,239.56
2010-09-01,246.69
2010-09-02,248.5
2010-09-03,255.01
2010-09-07,254.06
2010-09-08,259.1
2010-09-09,259.24
2010-09-10,259.58
2010-09-13,263.16
2010-09-14,264.16
2010-09-15,266.29
2010-09-16,272.55
2010-09-17,271.36
2010-09-20,279.11
2010-09-21,279.64
2010-09-22,283.56
2010-09-23,284.72
2010-09-24,288.07
2010-09-27,286.92
2010-09-28,282.69
2010-09-29,283.19
2010-09-30,279.62
2010-10-01,278.41
2010-10-04,274.59
2010-10-05,284.74
2010-10-06,284.98
2010-10-07,285.01
2010-10-08,289.79
2010-10-11,291.06
2010-10-12,294.2
2010-10-13,295.77
2010-10-14,297.91
2010-10-15,310.16
2010-10-18,313.37
2010-10-19,304.99
2010-10-20,306.01
2010-10-21,305.02
2010-10-22,303.
2010-10-25,304.35
2010-10-26,303.57
2010-10-27,303.35
2010-10-28,300.8
2010-10-29,296.6
2010-11-01,299.76
2010-11-02,304.86
2010-11-03,308.25
2010-11-04,313.64
2010-11-05,312.52
2010-11-08,313.99
2010-11-09,311.48
2010-11-10,313.4
2010-11-11,312.04
2010-11-12,303.55
2010-11-15,302.57
2010-11-16,297.2
2010-11-17,296.13
2010-11-18,303.94
2010-11-19,302.27
2010-11-22,308.8
2010-11-23,304.24
2010-11-24,310.22
2010-11-26,310.42
2010-11-29,312.26
2010-11-30,306.62
2010-12-01,311.8
2010-12-02,313.52
2010-12-03,312.82
2010-12-06,315.49
2010-12-07,313.58
2010-12-08,316.34
2010-12-09,315.11
2010-12-10,315.9
2010-12-13,316.99
2010-12-14,315.63
2010-12-15,315.7
2010-12-16,316.58
2010-12-17,315.95
2010-12-20,317.52
2010-12-21,319.48
2010-12-22,320.43
2010-12-23,318.89
2010-12-27,319.96
2010-12-28,320.74
2010-12-29,320.56
2010-12-30,318.95
2010-12-31,317.87
2011-01-03,324.78
2011-01-04,326.47
2011-01-05,329.14
2011-01-06,328.88
2011-01-07,331.23
2011-01-10,337.47
2011-01-11,336.67
2011-01-12,339.41
2011-01-13,340.65
2011-01-14,343.41
2011-01-18,335.7
2011-01-19,333.91
2011-01-20,327.84
2011-01-21,321.97
2011-01-24,332.54
2011-01-25,336.43
2011-01-26,338.85
2011-01-27,338.22
2011-01-28,331.21
2011-01-31,334.38
2011-02-01,340.01
2011-02-02,339.31
2011-02-03,338.44
2011-02-04,341.46
2011-02-07,346.76
2011-02-08,350.03
2011-02-09,352.95
2011-02-10,349.38
2011-02-11,351.66
2011-02-14,353.96
2011-02-15,354.67
2011-02-16,357.85
2011-02-17,353.09
2011-02-18,345.46
2011-02-22,333.68
2011-02-23,337.64
2011-02-24,337.89
2011-02-25,343.1
2011-02-28,348.07
2011-03-01,344.23
2011-03-02,347.
2011-03-03,354.33
2011-03-04,354.76
2011-03-07,350.19
2011-03-08,350.59
2011-03-09,347.34
2011-03-10,341.63
2011-03-11,346.87
2011-03-14,348.42
2011-03-15,340.41
2011-03-16,325.21
2011-03-17,329.77
2011-03-18,325.86
2011-03-21,334.36
2011-03-22,336.24
2011-03-23,334.26
2011-03-24,339.95
2011-03-25,346.43
2011-03-28,345.34
2011-03-29,345.86
2011-03-30,343.56
2011-03-31,343.44
2011-04-01,339.55
2011-04-04,336.23
2011-04-05,333.96
2011-04-06,333.12
2011-04-07,333.16
2011-04-08,330.19
2011-04-11,325.99
2011-04-12,327.57
2011-04-13,331.24
2011-04-14,327.58
2011-04-15,322.7
2011-04-18,327.02
2011-04-19,332.95
2011-04-20,337.43
2011-04-21,345.6
2011-04-25,347.88
2011-04-26,345.32
2011-04-27,345.06
2011-04-28,341.71
2011-04-29,345.04
2011-05-02,341.24
2011-05-03,343.14
2011-05-04,344.49
2011-05-05,341.71
2011-05-06,341.62
2011-05-09,342.54
2011-05-10,344.37
2011-05-11,342.18
2011-05-12,341.53
2011-05-13,335.55
2011-05-16,328.45
2011-05-17,331.25
2011-05-18,334.93
2011-05-19,335.58
2011-05-20,330.34
2011-05-23,329.54
2011-05-24,327.36
2011-05-25,331.88
2011-05-26,330.13
2011-05-27,332.5
2011-05-31,342.77
2011-06-01,340.48
2011-06-02,341.07
2011-06-03,338.44
2011-06-06,333.12
2011-06-07,327.21
2011-06-08,327.41
2011-06-09,326.67
2011-06-10,321.16
2011-06-13,321.85
2011-06-14,327.6
2011-06-15,322.
2011-06-16,320.43
2011-06-17,315.6
2011-06-20,310.73
2011-06-21,320.57
2011-06-22,317.92
2011-06-23,326.41
2011-06-24,321.6
2011-06-27,327.21
2011-06-28,330.38
2011-06-29,329.18
2011-06-30,330.79
2011-07-01,338.27
2011-07-05,344.35
2011-07-06,346.64
2011-07-07,352.
2011-07-08,354.48
2011-07-11,348.85
2011-07-12,348.6
2011-07-13,352.81
2011-07-14,352.57
2011-07-15,359.61
2011-07-18,368.36
2011-07-19,371.37
2011-07-20,381.27
2011-07-21,381.66
2011-07-22,387.58
2011-07-25,392.7
2011-07-26,397.54
2011-07-27,386.88
2011-07-28,386.12
2011-07-29,384.8
2011-08-01,390.98
2011-08-02,383.25
2011-08-03,386.86
2011-08-04,371.88
2011-08-05,368.19
2011-08-08,348.07
2011-08-09,368.57
2011-08-10,358.4
2011-08-11,368.26
2011-08-12,371.51
2011-08-15,377.83
2011-08-16,374.95
2011-08-17,374.91
2011-08-18,360.73
2011-08-19,350.85
2011-08-22,351.26
2011-08-23,368.17
2011-08-24,370.71
2011-08-25,368.28
2011-08-26,378.
2011-08-29,384.3
2011-08-30,384.32
2011-08-31,379.23
2011-09-01,375.49
2011-09-02,368.61
2011-09-06,374.22
2011-09-07,378.35
2011-09-08,378.55
2011-09-09,371.99
2011-09-12,374.41
2011-09-13,379.03
2011-09-14,383.64
2011-09-15,387.24
2011-09-16,394.67
2011-09-19,405.64
2011-09-20,407.44
2011-09-21,406.15
2011-09-22,395.98
2011-09-23,398.42
2011-09-26,397.31
2011-09-27,393.45
2011-09-28,391.24
2011-09-29,384.89
2011-09-30,375.77
2011-10-03,369.15
2011-10-04,367.08
2011-10-05,372.75
2011-10-06,371.88
2011-10-07,364.42
2011-10-10,383.15
2011-10-11,394.47
2011-10-12,396.34
2011-10-13,402.49
2011-10-14,415.86
2011-10-17,413.88
2011-10-18,416.1
2011-10-19,392.82
2011-10-20,389.56
2011-10-21,387.16
2011-10-24,399.87
2011-10-25,391.98
2011-10-26,394.77
2011-10-27,398.8
2011-10-28,399.06
2011-10-31,398.89
2011-11-01,390.74
2011-11-02,391.63
2011-11-03,397.21
2011-11-04,394.42
2011-11-07,393.92
2011-11-08,400.32
2011-11-09,389.53
2011-11-10,379.62
2011-11-11,379.03
2011-11-14,373.74
2011-11-15,383.17
2011-11-16,379.17
2011-11-17,371.92
2011-11-18,369.49
2011-11-21,363.64
2011-11-22,371.03
2011-11-23,361.65
2011-11-25,358.28
2011-11-28,370.65
2011-11-29,367.77
2011-11-30,376.64
2011-12-01,382.29
2011-12-02,384.03
2011-12-05,387.29
2011-12-06,385.26
2011-12-07,383.43
2011-12-08,384.98
2011-12-09,387.89
2011-12-12,386.14
2011-12-13,383.15
2011-12-14,374.66
2011-12-15,373.43
2011-12-16,375.48
2011-12-19,376.65
2011-12-20,390.19
2011-12-21,390.68
2011-12-22,392.75
2011-12-23,397.46
2011-12-27,400.62
2011-12-28,396.78
2011-12-29,399.23
2011-12-30,399.11
2012-01-03,405.25
2012-01-04,407.43
2012-01-05,411.95
2012-01-06,416.26
2012-01-09,415.6
2012-01-10,417.08
2012-01-11,416.4
2012-01-12,415.26
2012-01-13,413.7
2012-01-17,418.52
2012-01-18,422.87
2012-01-19,421.53
2012-01-20,414.19
2012-01-23,421.19
2012-01-24,414.29
2012-01-25,440.16
2012-01-26,438.16
2012-01-27,440.77
2012-01-30,446.42
2012-01-31,449.84
2012-02-01,449.55
2012-02-02,448.5
2012-02-03,452.99
2012-02-06,457.22
2012-02-07,462.01
2012-02-08,469.75
2012-02-09,486.
2012-02-10,486.24
2012-02-13,495.29
2012-02-14,502.05
2012-02-15,490.43
2012-02-16,494.91
2012-02-17,494.82
2012-02-21,507.36
2012-02-22,505.58
2012-02-23,508.88
2012-02-24,514.81
2012-02-27,518.11
2012-02-28,527.62
2012-02-29,534.55
2012-03-01,536.55
2012-03-02,537.25
2012-03-05,525.4
2012-03-06,522.55
2012-03-07,522.97
2012-03-08,534.11
2012-03-09,537.24
2012-03-12,543.97
2012-03-13,559.84
2012-03-14,581.
2012-03-15,577.04
2012-03-16,577.05
2012-03-19,592.36
2012-03-20,597.15
2012-03-21,593.74
2012-03-22,590.62
2012-03-23,587.38
2012-03-26,598.15
2012-03-27,605.54
2012-03-28,608.64
2012-03-29,600.99
2012-03-30,590.83
2012-04-02,609.63
2012-04-03,620.17
2012-04-04,615.23
2012-04-05,624.46
2012-04-09,626.98
2012-04-10,619.3
2012-04-11,617.09
2012-04-12,613.71
2012-04-13,596.43
2012-04-16,571.69
2012-04-17,600.83
2012-04-18,599.49
2012-04-19,578.9
2012-04-20,564.65
2012-04-23,563.38
2012-04-24,552.13
2012-04-25,601.13
2012-04-26,598.86
2012-04-27,594.23
2012-04-30,575.49
2012-05-01,573.66
2012-05-02,577.46
2012-05-03,573.36
2012-05-04,557.03
2012-05-07,561.2
2012-05-08,559.92
2012-05-09,560.9
2012-05-10,562.22
2012-05-11,558.47
2012-05-14,550.1
2012-05-15,545.12
2012-05-16,538.14
2012-05-17,522.41
2012-05-18,522.67
2012-05-21,553.12
2012-05-22,548.87
2012-05-23,562.26
2012-05-24,557.1
2012-05-25,554.11
2012-05-29,563.95
2012-05-30,570.75
2012-05-31,569.33
2012-06-01,552.83
2012-06-04,556.08
2012-06-05,554.64
2012-06-06,563.15
2012-06-07,563.4
2012-06-08,571.88
2012-06-11,562.86
2012-06-12,567.78
2012-06-13,563.84
2012-06-14,563.22
2012-06-15,565.78
2012-06-18,577.26
2012-06-19,578.87
2012-06-20,577.22
2012-06-21,569.27
2012-06-22,573.63
2012-06-25,562.47
2012-06-26,563.71
2012-06-27,566.14
2012-06-28,560.77
2012-06-29,575.51
2012-07-02,583.9
2012-07-03,590.69
2012-07-05,601.07
2012-07-06,597.07
2012-07-09,604.96
2012-07-10,599.36
2012-07-11,595.64
2012-07-12,590.19
2012-07-13,596.17
2012-07-16,598.08
2012-07-17,598.11
2012-07-18,597.44
2012-07-19,605.38
2012-07-20,595.51
2012-07-23,595.05
2012-07-24,592.18
2012-07-25,566.61
2012-07-26,566.52
2012-07-27,576.65
2012-07-30,586.37
2012-07-31,601.88
2012-08-01,597.98
2012-08-02,598.95
2012-08-03,606.74
2012-08-06,613.49
2012-08-07,611.88
2012-08-08,610.84
2012-08-09,614.33
2012-08-10,615.29
2012-08-13,623.5
2012-08-14,625.17
2012-08-15,624.32
2012-08-16,629.78
2012-08-17,641.43
2012-08-20,658.29
2012-08-21,649.29
2012-08-22,661.97
2012-08-23,655.8
2012-08-24,656.38
2012-08-27,668.71
2012-08-28,667.84
2012-08-29,666.52
2012-08-30,657.02
2012-08-31,658.38
2012-09-04,668.01
2012-09-05,663.32
2012-09-06,669.29
2012-09-07,673.42
2012-09-10,655.9
2012-09-11,653.78
2012-09-12,662.88
2012-09-13,675.94
2012-09-14,684.15
2012-09-17,692.56
2012-09-18,694.67
2012-09-19,694.86
2012-09-20,691.49
2012-09-21,692.87
2012-09-24,683.66
2012-09-25,666.59
2012-09-26,658.32
2012-09-27,674.29
2012-09-28,660.22
2012-10-01,652.59
2012-10-02,654.49
2012-10-03,664.52
2012-10-04,659.92
2012-10-05,645.86
2012-10-08,631.59
2012-10-09,629.29
2012-10-10,634.3
2012-10-11,621.62
2012-10-12,623.21
2012-10-15,628.21
2012-10-16,643.09
2012-10-17,637.96
2012-10-18,626.11
2012-10-19,603.55
2012-10-22,627.49
2012-10-23,607.03
2012-10-24,610.47
2012-10-25,603.25
2012-10-26,597.77
2012-10-31,589.18
2012-11-01,590.39
2012-11-02,570.85
2012-11-05,578.59
2012-11-06,576.84
2012-11-07,554.77
2012-11-08,534.63
2012-11-09,543.89
2012-11-12,539.68
2012-11-13,539.75
2012-11-14,533.77
2012-11-15,522.57
2012-11-16,524.62
2012-11-19,562.45
2012-11-20,557.66
2012-11-21,558.45
2012-11-23,568.19
2012-11-26,586.11
2012-11-27,581.39
2012-11-28,579.56
2012-11-29,585.95
2012-11-30,581.89
2012-12-03,582.79
2012-12-04,572.51
2012-12-05,535.67
2012-12-06,544.07
2012-12-07,530.16
2012-12-10,526.75
2012-12-11,538.25
2012-12-12,535.88
2012-12-13,526.62
2012-12-14,506.84
2012-12-17,515.82
2012-12-18,530.81
2012-12-19,523.26
2012-12-20,518.71
2012-12-21,516.32
2012-12-24,517.16
2012-12-26,510.03
2012-12-27,512.08
2012-12-28,506.64
2012-12-31,529.09
2013-01-02,545.85
2013-01-03,538.96
2013-01-04,523.95
2013-01-07,520.86
2013-01-08,522.27
2013-01-09,514.1
2013-01-10,520.48
2013-01-11,517.29
2013-01-14,498.84
2013-01-15,483.1
2013-01-16,503.16
2013-01-17,499.77
2013-01-18,497.1
2013-01-22,501.85
2013-01-23,511.03
2013-01-24,447.89
2013-01-25,437.33
2013-01-28,447.22
2013-01-29,455.61
2013-01-30,454.18
2013-01-31,452.85
2013-02-01,450.99
2013-02-04,439.76
2013-02-05,455.19
2013-02-06,454.7
2013-02-07,468.22
2013-02-08,474.98
2013-02-11,479.93
2013-02-12,467.9
2013-02-13,467.01
2013-02-14,466.59
2013-02-15,460.16
2013-02-19,459.99
2013-02-20,448.85
2013-02-21,446.06
2013-02-22,450.81
2013-02-25,442.8
2013-02-26,448.97
2013-02-27,444.57
2013-02-28,441.4
2013-03-01,430.47
2013-03-04,420.05
2013-03-05,431.14
2013-03-06,425.66
2013-03-07,430.58
2013-03-08,431.72
2013-03-11,437.87
2013-03-12,428.43
2013-03-13,428.35
2013-03-14,432.5
2013-03-15,443.66
2013-03-18,455.72
2013-03-19,454.49
2013-03-20,452.08
2013-03-21,452.73
2013-03-22,461.91
2013-03-25,463.58
2013-03-26,461.14
2013-03-27,452.08
2013-03-28,442.66
2013-04-01,428.91
2013-04-02,429.79
2013-04-03,431.99
2013-04-04,427.72
2013-04-05,423.2
2013-04-08,426.21
2013-04-09,426.98
2013-04-10,435.69
2013-04-11,434.33
2013-04-12,429.8
2013-04-15,419.85
2013-04-16,426.24
2013-04-17,402.8
2013-04-18,392.05
2013-04-19,390.53
2013-04-22,398.67
2013-04-23,406.13
2013-04-24,405.46