"","date","indicator","X1M","X2M","X3M","X6M","X9M","X1Y","X2Y","X3Y","X4Y","X5Y","X7Y","X10Y"
"1",2010-03-22,0,3.875,3.95,4.025,4.365,4.7,4.945,5.6375,6.115,6.53,6.8175,7.19,7.475
"2",2010-03-23,0,3.825,3.925,4.02,4.35,4.66,4.95,5.645,6.135,6.51,6.81,7.19,7.47
"3",2010-03-24,0,3.825,3.925,4.02,4.35,4.66,4.99,5.67,6.16,6.535,6.8225,7.21,7.54
"4",2010-03-25,0,3.875,4,4.07,4.37,4.68,4.9875,5.68,6.19,6.565,6.87,7.205,7.51
"5",2010-03-26,0,3.9,4,4.12,4.4,4.69,4.9925,5.695,6.205,6.6,6.875,7.265,7.575
"6",2010-03-29,0,3.9,4,4.1,4.4,4.7,4.95,5.645,6.14,6.56,6.83,7.225,7.53
"7",2010-03-30,0,3.9,4,4.105,4.41,4.72,4.97,5.66,6.145,6.535,6.845,7.23,7.54
"8",2010-03-31,0,3.9,3.95,3.635,4.4,4.69,4.975,5.69,6.175,6.5775,6.88,7.205,7.53
"9",2010-04-01,0,3.9,3.95,4.1,4.39,4.69,4.975,5.69,6.185,6.57,6.88,7.245,7.555
"10",2010-04-02,0,3.9,3.95,4.1,4.39,4.69,4.975,5.69,6.175,6.57,6.875,7.245,7.555
"11",2010-04-05,0,3.9,3.95,4.1,4.405,4.705,4.98,5.7,6.195,6.595,6.905,7.245,7.555
"12",2010-04-06,0,3.9,3.95,4.05,4.37,4.68,4.9675,5.7,6.2,6.61,6.92,7.245,7.555
"13",2010-04-07,0,3.9,3.95,4.02,4.38,4.685,4.955,5.6925,6.19,6.6,6.905,7.245,7.555
"14",2010-04-08,0,3.9,3.95,4.07,4.42,4.7,4.9975,5.72,6.22,6.63,6.9225,7.245,7.555
"15",2010-04-09,0,3.9,3.95,4.1,4.43,4.73,5.025,5.76,6.26,6.66,6.955,7.305,7.57
"16",2010-04-12,0,3.9,3.95,4.14,4.46,4.74,5.03,5.79,6.3,6.7,7.015,7.325,7.55
"17",2010-04-13,0,3.9,3.95,4.14,4.4,4.75,5.065,5.7825,6.3,6.7025,7.005,7.375,7.59
"18",2010-04-14,0,3.9,3.95,4.14,4.4,4.75,5.1,5.83,6.33,6.675,7.05,7.375,7.55
"19",2010-04-15,0,3.9,3.95,4.19,4.49,4.84,5.095,5.825,6.325,6.72,7.035,7.35,7.56
"20",2010-04-16,0,3.95,3.95,4.19,4.5,4.81,5.1125,5.805,6.31,6.71,7.015,7.35,7.55
"21",2010-04-19,0,3.95,3.95,4.2,4.515,4.81,5.085,5.7775,6.285,6.685,6.98,7.375,7.675
"22",2010-04-20,0,3.95,4,4.15,4.4,4.725,4.935,5.64,6.18,6.595,6.93,7.275,7.67
"23",2010-04-21,0,3.95,4,4.125,4.335,4.675,4.9125,5.645,6.18,6.61,6.93,7.28,7.6125
"24",2010-04-22,0,3.95,4,4.075,4.33,4.65,4.85,5.585,6.13,6.565,6.88,7.275,7.6
"25",2010-04-23,0,3.9,4.05,4.075,4.3,4.6,4.875,5.605,6.1575,6.575,6.905,7.275,7.575
"26",2010-04-26,0,3.9,4.025,4.09,4.31,4.61,4.88,5.615,6.1675,6.5925,6.9125,7.28,7.5875
"27",2010-04-27,0,3.9,4.025,4.105,4.315,4.59,4.85,5.56,6.115,6.55,6.855,7.3,7.575
"28",2010-04-28,0,3.9,4.025,4.11,4.3,4.585,4.83,5.54,6.1,6.52,6.835,7.305,7.5875
"29",2010-04-29,1,3.9,1.5,4.1,4.285,4.59,4.835,5.5575,6.125,6.5425,6.855,7.275,7.575
"30",2010-04-30,1,3.95,1.5,4,4.31,4.6,4.82,5.545,6.12,6.54,6.835,7.215,7.515
"31",2010-05-03,1,3.95,1.5,4.1,4.31,4.6,4.81,5.5175,6.0925,6.52,6.835,7.215,7.51
"32",2010-05-04,1,3.95,1.5,4.12,4.32,4.61,4.8275,5.53,6.095,6.51,6.83,7.215,7.51
"33",2010-05-05,1,3.95,1.5,4.12,4.31,4.58,4.785,5.45,6.0125,6.4525,6.7575,7.17,7.5225
"34",2010-05-06,1,3.95,1.5,4.12,4.31,4.58,4.7725,5.41,5.98,6.3975,6.715,7.1525,7.4
"35",2010-05-07,0,4,4.05,4.12,4.32,4.55,4.76,5.435,5.9525,6.37,6.645,7.165,7.39
"36",2010-05-10,0,4,4.05,4.14,4.35,4.58,4.825,5.4925,6.015,6.4125,6.72,6.985,7.275
"37",2010-05-11,0,4,4.05,4.2,4.44,4.59,4.835,5.47,5.9725,6.36,6.6425,7,7.275
"38",2010-05-12,0,4,4.05,4.32,4.46,4.66,4.86,5.4675,5.94,6.31,6.6,6.97,7.25
"39",2010-05-13,0,4,4.05,4.35,4.49,4.68,4.84,5.435,5.875,6.205,6.5,6.905,7.275
"40",2010-05-14,0,4,4.05,4.37,4.52,4.7,4.84,5.415,5.85,6.19,6.49,6.87,7.275
"41",2010-05-17,0,4,4.05,4.37,4.5,4.66,4.8,5.375,5.82,6.1525,6.455,6.905,7.275
"42",2010-05-18,0,4,4.05,4.38,4.525,4.68,4.84,5.425,5.865,6.21,6.5075,6.905,7.275
"43",2010-05-19,0,4.25,4.05,4.33,4.495,4.655,4.82,5.37,5.7925,6.1225,6.41,6.725,6.99
"44",2010-05-20,0,4.35,4.1,4.48,4.55,4.72,4.85,5.38,5.8,6.115,6.41,6.755,7.025
"45",2010-05-21,0,4.35,4.1,4.455,4.525,4.695,4.86,5.3625,5.77,6.08,6.3675,6.66,6.93
"46",2010-05-24,0,4.35,4.1,4.52,4.61,4.76,4.96,5.41,5.8125,6.1075,6.37,6.725,6.975
"47",2010-05-25,0,4.55,4.175,4.56,4.64,4.79,4.945,5.37,5.7,6.0025,6.275,6.58,6.85
"48",2010-05-26,0,4.55,4.175,4.58,4.67,4.8,4.99,5.46,5.86,6.185,6.47,6.755,7.0375
"49",2010-05-27,0,4.55,4.175,4.58,4.67,4.8,4.995,5.4,5.88,6.2,6.495,6.795,7.065
"50",2010-05-28,0,4.55,4.175,4.64,4.7,4.75,4.96,5.465,5.91,6.23,6.515,6.8525,7.115
"51",2010-05-31,0,4.8,4.575,4.725,4.61,4.74,4.965,5.48,5.945,6.2275,6.53,6.795,7.065
"52",2010-06-01,0,4.8,4.575,4.85,4.675,4.855,4.995,5.4875,5.9325,6.24,6.5175,6.815,7.085
"53",2010-06-02,0,4.8,4.575,4.7,4.775,4.82,5.005,5.5,5.9275,6.21,6.515,6.855,7.125
"54",2010-06-03,0,4.8,4.575,4.73,4.775,4.85,5.075,5.55,5.9825,6.3225,6.615,6.9525,7.225
"55",2010-06-04,0,4.8,4.575,4.73,4.8,4.915,5.085,5.53,6.04,6.33,6.615,6.915,7.14
"56",2010-06-07,0,4.8,4.575,4.85,4.82,4.92,5.08,5.545,5.95,6.245,6.5325,6.84,7.11
"57",2010-06-08,0,5.35,4.95,5,4.9,4.99,5.14,5.575,5.955,6.24,6.53,6.795,7.07
"58",2010-06-09,0,5.35,4.95,5,4.9,5.01,5.13,5.58,5.975,6.275,6.565,6.855,7.105
"59",2010-06-10,0,5.35,4.95,4.95,4.95,5,5.155,5.635,6.03,6.3225,6.615,6.91,7.16
"60",2010-06-11,0,5.35,4.95,5.15,5.04,5.1,5.235,5.755,6.155,6.4,6.745,7.035,7.305
"61",2010-06-14,0,5.4,5.3,5.2,5.075,5.14,5.3125,5.845,6.255,6.555,6.8475,7.135,7.405
"62",2010-06-15,0,5.4,5.3,5.375,5.325,5.3,5.4825,6,6.385,6.66,6.905,7.15,7.49
"63",2010-06-16,0,5.4,5.3,5.35,5.3,5.35,5.42,5.895,6.28,6.5825,6.865,7.145,7.37
"64",2010-06-17,0,5.4,5.3,5.35,5.3,5.37,5.585,6.02,6.395,6.69,6.955,7.055,7.3225
"65",2010-06-18,0,5.4,5.3,5.315,5.45,5.475,5.54,5.96,6.315,6.5825,6.855,7.0725,7.2525
"66",2010-06-21,0,5.4,5.3,5.19,5.4,5.3,5.42,5.87,6.26,6.56,6.835,7.0925,7.365
"67",2010-06-22,0,5.4,5.3,5.19,5.255,5.335,5.44,5.89,6.275,6.54,6.81,7.055,7.2825
"68",2010-06-23,0,5.4,5.3,5.255,5.285,5.38,5.48,5.91,6.26,6.505,6.795,7.02,7.245
"69",2010-06-24,0,5.4,5.3,5.28,5.29,5.355,5.44,5.84,6.18,6.44,6.695,6.94,7.155
"70",2010-06-25,0,5.35,5.25,5.35,5.35,5.42,5.5675,5.975,6.3,6.56,6.805,6.98,7.15
"71",2010-06-28,0,5.35,5.25,5.29,5.41,5.455,5.57,5.975,6.31,6.55,6.795,7.0775,7.285
"72",2010-06-29,0,5.35,5.3,5.24,5.3,5.39,5.53,5.92,6.25,6.485,6.7275,6.955,7.145
"73",2010-06-30,0,5.3,5.3,5.19,5.23,5.35,5.475,5.875,6.215,6.47,6.71,6.9,7.08
"74",2010-07-01,0,5.3,5.3,5.19,5.21,5.33,5.39,5.785,6.13,6.38,6.625,6.89,7.105
"75",2010-07-02,0,5.325,5.325,5.18,5.125,5.325,5.415,5.795,6.14,6.375,6.65,6.875,7.075
"76",2010-07-05,0,5.425,5.425,5.47,5.5,5.55,5.6675,6.0125,6.31,6.54,6.78,6.985,7.185
"77",2010-07-06,0,5.425,5.425,5.47,5.5125,5.575,5.6975,6.0475,6.3525,6.595,6.82,6.945,7.145
"78",2010-07-07,0,5.425,5.425,5.46,5.425,5.545,5.65,5.975,6.295,6.5325,6.755,6.98,7.14
"79",2010-07-08,0,5.475,5.475,5.43,5.49,5.54,5.69,6.0275,6.33,6.565,6.78,6.93,7.14
"80",2010-07-09,0,5.5,5.5,5.5,5.58,5.61,5.7375,6.08,6.3775,6.605,6.82,7.02,7.18
"81",2010-07-12,0,5.5,5.5,5.5,5.575,5.625,5.705,6.035,6.34,6.565,6.775,6.94,7.15
"82",2010-07-13,0,5.5,5.5,5.48,5.5,5.58,5.6475,6.04,6.36,6.57,6.78,6.93,7.13
"83",2010-07-14,0,5.5,5.5,5.41,5.47,5.53,5.63,5.995,6.3,6.555,6.785,7,7.2
"84",2010-07-15,0,5.5,5.5,5.5,5.51,5.57,5.705,6.04,6.36,6.6,6.8,7,7.2
"85",2010-07-16,0,5.75,5.5,5.65,5.6,5.63,5.755,6.085,6.38,6.615,6.825,7,7.2
"86",2010-07-19,0,5.75,5.5,5.57,5.54,5.62,5.77,6.08,6.39,6.595,6.815,7,7.2
"87",2010-07-20,0,5.75,5.5,5.7,5.7,5.76,5.885,6.195,6.49,6.7,6.905,7.04,7.24
"88",2010-07-21,0,5.75,5.5,5.725,5.735,5.77,5.915,6.225,6.485,6.72,6.935,7.175,7.375
"89",2010-07-22,0,5.75,5.725,5.7,5.68,5.75,5.92,6.22,6.48,6.67,6.94,7.175,7.375
"90",2010-07-23,0,5.75,5.725,5.68,5.71,5.78,5.88,6.23,6.515,6.75,6.955,7.125,7.375
"91",2010-07-26,0,5.75,5.725,5.675,5.7,5.8,5.92,6.255,6.535,6.76,6.96,7.13,7.375
"92",2010-07-27,0,5.75,5.75,6,6.025,6.05,6.12,6.415,6.695,6.895,7.085,7.29,7.495
"93",2010-07-28,0,5.775,5.775,5.975,6.05,6.085,6.165,6.475,6.78,6.965,7.145,7.34,7.55
"94",2010-07-29,0,5.8,5.825,5.95,6.05,6.175,6.27,6.575,6.875,7.06,7.235,7.42,7.55
"95",2010-07-30,0,5.6,5.875,6,6.125,6.29,6.365,6.6675,6.915,7.095,7.275,7.395,7.685
"96",2010-08-02,0,5.6,5.875,6.07,6.15,6.3,6.455,6.725,6.975,7.16,7.355,7.465,7.76
"97",2010-08-03,0,5.6,5.875,6.1,6.14,6.225,6.325,6.585,6.865,7.08,7.275,7.395,7.68
"98",2010-08-04,0,5.6,5.875,6,6.075,6.2,6.285,6.535,6.82,7.055,7.245,7.445,7.645
"99",2010-08-05,0,5.6,5.975,6.02,6.15,6.3,6.39,6.685,6.975,7.215,7.425,7.59,7.785
"100",2010-08-06,0,5.6,5.85,6,6.085,6.18,6.27,6.56,6.865,7.105,7.29,7.495,7.645
"101",2010-08-09,0,5.6,5.85,6,6.05,6.17,6.24,6.515,6.805,7.045,7.235,7.425,7.515
"102",2010-08-10,0,5.6,5.8,6,6.06,6.17,6.26,6.535,6.805,7.015,7.195,7.36,7.53
"103",2010-08-11,0,5.6,5.8,5.95,6.06,6.15,6.225,6.49,6.74,6.96,7.125,7.255,7.45
"104",2010-08-12,0,5.775,5.875,6,6.075,6.18,6.265,6.475,6.715,6.925,7.105,7.27,7.395
"105",2010-08-13,0,5.825,5.875,6.03,6.065,6.18,6.22,6.4,6.665,6.855,7.04,7.245,7.36
"106",2010-08-16,0,5.8,5.85,6.05,6.05,6.13,6.18,6.36,6.62,6.8,6.97,7.105,7.27
"107",2010-08-17,0,5.8,5.85,6.05,6.1,6.13,6.25,6.445,6.675,6.85,7.015,7.09,7.29
"108",2010-08-18,0,5.8,5.85,6.15,6.15,6.175,6.25,6.475,6.725,6.915,7.115,7.22,7.3925
"109",2010-08-19,0,5.8,5.85,6.18,6.19,6.21,6.285,6.475,6.725,6.915,7.115,7.33,7.47
"110",2010-08-20,0,5.9,5.9,6.19,6.17,6.21,6.27,6.44,6.7,6.885,7.07,7.225,7.415
"111",2010-08-23,0,5.9,5.9,6.1,6.18,6.2,6.255,6.455,6.725,6.945,7.135,7.305,7.42
"112",2010-08-24,0,5.85,5.95,5.95,6.05,6.11,6.135,6.335,6.615,6.845,7.035,7.175,7.365
"113",2010-08-25,0,5.85,5.95,5.95,5.995,6.135,6.165,6.365,6.645,6.875,7.075,7.2,7.375
"114",2010-08-26,0,5.85,5.95,5.925,5.98,6.07,6.12,6.315,6.595,6.835,7.055,7.225,7.38
"115",2010-08-27,0,5.85,5.95,5.95,5.98,6.07,6.095,6.305,6.575,6.785,6.995,7.205,7.365
"116",2010-08-30,0,5.6,5.85,6.01,6,6.06,6.11,6.325,6.56,6.77,6.985,7.195,7.3
"117",2010-08-31,0,5.55,5.7,5.95,5.99,6.1,6.115,6.325,6.56,6.77,6.925,7.18,7.275
"118",2010-09-01,0,5.55,5.7,6.025,6.065,6.1,6.155,6.345,6.565,6.76,6.975,7.175,7.275
"119",2010-09-02,0,5.55,5.7,6.02,6.09,6.12,6.17,6.365,6.605,6.795,6.975,7.16,7.3
"120",2010-09-03,0,5.55,5.775,5.98,6.05,6.08,6.125,6.31,6.555,6.755,6.965,7.16,7.25
"121",2010-09-06,0,5.55,5.775,5.98,6.085,6.08,6.165,6.345,6.605,6.82,7.015,7.16,7.32
"122",2010-09-07,0,5.5,5.75,5.9,5.975,6.4,6.085,6.285,6.55,6.75,6.955,7.125,7.295
"123",2010-09-08,0,5.5,5.75,5.965,6,6.045,6.115,6.315,6.575,6.785,6.965,7.1,7.3
"124",2010-09-09,0,5.5,5.75,5.95,5.96,6.03,6.095,6.265,6.505,6.7,6.905,7.1,7.3
"125",2010-09-10,0,5.5,5.75,5.95,5.96,6.03,6.095,6.265,6.505,6.7,6.905,7.1,7.3
"126",2010-09-13,0,5.65,5.8,5.95,5.96,6.12,6.205,6.375,6.6,6.825,7.005,7.155,7.32
"127",2010-09-14,0,5.875,5.975,6.01,6.085,6.13,6.15,6.34,6.57,6.77,6.95,7.135,7.28
"128",2010-09-15,0,5.875,5.975,6.02,6.07,6.135,6.215,6.385,6.625,6.815,6.995,7.165,7.33
"129",2010-09-16,0,6.05,6.1,6.15,6.2,6.275,6.37,6.525,6.755,6.915,7.075,7.26,7.34
"130",2010-09-17,0,6.05,6.175,6.2,6.31,6.65,6.375,6.535,6.765,6.945,7.105,7.255,7.37
"131",2010-09-20,0,6.125,6.15,6.3,6.28,6.3,6.38,6.535,6.765,6.94,7.11,7.205,7.325
"132",2010-09-21,0,6.125,6.15,6.3,6.28,6.3,6.375,6.515,6.745,6.92,7.095,7.2475,7.36
"133",2010-09-22,0,6.125,6.15,6.3,6.28,6.28,6.37,6.495,6.72,6.9,7.06,7.1975,7.32
"134",2010-09-23,0,6.125,6.15,6.3,6.35,6.35,6.435,6.535,6.735,6.91,7.055,7.15,7.32
"135",2010-09-24,0,6.125,6.15,6.3,6.35,6.35,6.455,6.535,6.735,6.9,7.035,7.12,7.275
"136",2010-09-27,0,6.125,6.15,6.35,6.38,6.4,6.465,6.565,6.725,6.905,7.04,7.135,7.27
"137",2010-09-28,0,6.125,6.15,6.35,6.37,6.39,6.445,6.535,6.705,6.875,7.035,7.175,7.31
"138",2010-09-29,0,6.175,6.275,6.225,6.4,6.45,6.475,6.555,6.725,6.875,7.025,7.12,7.205
"139",2010-09-30,0,6.23,6.23,6.23,6.38,6.405,6.49,6.55,6.725,6.885,7.04,7.12,7.235
"140",2010-10-01,0,6.295,6.295,6.295,6.43,6.44,6.585,6.665,6.825,6.975,7.125,7.18,7.29
"141",2010-10-04,0,6.295,6.295,6.45,6.5,6.55,6.635,6.73,6.91,7.065,7.215,7.27,7.42
"142",2010-10-05,0,6.3,6.3,6.4,6.51,6.54,6.65,6.76,6.96,7.125,7.28,7.355,7.5
"143",2010-10-06,0,6.275,6.3,6.375,6.48,6.52,6.615,6.705,6.865,7.04,7.2125,7.28,7.4
"144",2010-10-07,0,6.275,6.275,6.45,6.5,6.55,6.635,6.735,6.895,7.05,7.195,7.28,7.35
"145",2010-10-08,0,6.275,6.275,6.3,6.495,6.56,6.66,6.77,6.9475,7.1075,7.255,7.3,7.42
"146",2010-10-11,0,6.275,6.275,6.45,6.5,6.58,6.64,6.7475,6.94,7.105,7.2525,7.345,7.39
"147",2010-10-12,0,6.275,6.275,6.4,6.45,6.5,6.635,6.7,6.875,7.045,7.1775,7.3,7.31
"148",2010-10-13,0,6.275,6.275,6.4,6.45,6.5,6.66,6.715,6.89,7.05,7.1725,7.25,7.3
"149",2010-10-14,0,6.275,6.3,6.4,6.52,6.59,6.64,6.7,6.865,7,7.14,7.25,7.3
"150",2010-10-15,0,6.275,6.3,6.5,6.55,6.675,6.655,6.7,6.87,7.01,7.13,7.25,7.2875
"151",2010-10-18,0,6.275,6.3,6.6,6.6,6.66,6.735,6.77,6.925,7.065,7.175,7.25,7.3
"152",2010-10-19,0,6.275,6.3,6.67,6.62,6.67,6.705,6.715,6.875,7.015,7.135,7.25,7.3
"153",2010-10-20,0,6.275,6.3,6.67,6.62,6.67,6.73,6.735,6.885,7.025,7.135,7.19,7.25
"154",2010-10-21,0,6.475,6.525,6.6,6.64,6.68,6.715,6.73,6.875,7.015,7.125,7.195,7.265
"155",2010-10-22,0,6.475,6.525,6.55,6.6,6.64,6.665,6.675,6.835,6.965,7.095,7.165,7.275
"156",2010-10-25,0,6.475,6.525,6.6,6.62,6.65,6.71,6.735,6.915,7.055,7.19,7.3,7.41
"157",2010-10-26,0,6.475,6.525,6.7,6.7,6.72,6.775,6.815,6.975,7.095,7.225,7.345,7.455
"158",2010-10-27,0,6.725,6.725,6.75,6.75,6.75,6.775,6.775,6.965,7.11,7.23,7.34,7.45
"159",2010-10-28,0,6.725,6.725,6.75,6.72,6.72,6.755,6.75,6.945,7.085,7.22,7.34,7.445
"160",2010-10-29,0,6.65,6.655,6.65,6.67,6.69,6.72,6.74,6.91,7.07,7.205,7.35,7.425
"161",2010-11-01,0,6.625,6.58,6.65,6.625,6.65,6.715,6.735,6.915,7.055,7.185,7.345,7.41
"162",2010-11-02,0,6.6,6.6,6.5,6.58,6.6,6.6,6.6,6.755,6.9,7.04,7.16,7.265
"163",2010-11-03,0,6.6,6.6,6.6,6.575,6.59,6.59,6.605,6.765,6.935,7.075,7.18,7.27
"164",2010-11-04,0,6.65,6.65,6.525,6.55,6.57,6.635,6.66,6.855,6.975,7.145,7.245,7.315
"165",2010-11-05,0,6.65,6.65,6.525,6.55,6.57,6.635,6.66,6.855,7.01,7.145,7.245,7.35
"166",2010-11-08,0,6.7,6.7,6.65,6.625,6.65,6.695,6.705,6.885,7.045,7.2,7.305,7.42
"167",2010-11-09,0,6.8,6.75,6.7,6.675,6.695,6.68,6.705,6.915,7.025,7.175,7.285,7.4
"168",2010-11-10,0,6.8,6.75,6.7,6.65,6.63,6.735,6.745,6.96,7.115,7.255,7.335,7.465
"169",2010-11-11,0,6.9,6.85,6.8,6.74,6.74,6.775,6.815,6.995,7.145,7.275,7.38,7.49
"170",2010-11-12,0,6.9,6.85,6.8,6.75,6.75,6.735,6.75,6.935,7.11,7.235,7.36,7.465
"171",2010-11-15,0,6.9,6.85,6.8,6.72,6.725,6.725,6.77,6.945,7.12,7.27,7.39,7.5
"172",2010-11-16,0,6.9,6.85,6.85,6.71,6.71,6.705,6.725,6.925,7.11,7.235,7.37,7.47
"173",2010-11-17,0,6.9,6.85,6.85,6.71,6.71,6.71,6.74,6.945,7.13,7.27,7.39,7.47
"174",2010-11-18,0,6.9,6.875,6.8,6.685,6.705,6.685,6.71,6.905,7.09,7.22,7.35,7.425
"175",2010-11-19,0,6.9,6.875,6.8,6.75,6.75,6.74,6.765,6.965,7.135,7.255,7.3,7.37
"176",2010-11-22,0,6.9,6.875,6.8,6.75,6.685,6.74,6.76,6.945,7.135,7.2525,7.34,7.42
"177",2010-11-23,0,6.825,6.8,6.775,6.69,6.7,6.7275,6.745,6.9125,7.1,7.225,7.34,7.4
"178",2010-11-24,0,6.825,6.8,6.8,6.715,6.75,6.77,6.78,6.95,7.095,7.225,7.35,7.43
"179",2010-11-25,0,6.85,6.825,6.8,6.79,6.77,6.7875,6.7975,6.965,7.115,7.245,7.31,7.37
"180",2010-11-26,0,6.85,6.825,6.85,6.775,6.76,6.795,6.8075,6.9825,7.1325,7.24,7.31,7.44
"181",2010-11-29,0,6.95,6.9,6.825,6.825,6.83,6.825,6.82,6.985,7.12,7.255,7.35,7.455
"182",2010-11-30,0,6.875,6.85,6.85,6.79,6.8,6.805,6.845,7.065,7.2,7.315,7.415,7.515
"183",2010-12-01,0,6.85,6.825,6.85,6.78,6.815,6.815,6.845,7.075,7.245,7.355,7.415,7.515
"184",2010-12-02,0,6.85,6.825,6.8,6.77,6.8,6.815,6.835,7.055,7.22,7.345,7.435,7.55
"185",2010-12-03,0,6.85,6.825,6.85,6.82,6.83,6.845,6.87,7.07,7.24,7.4,7.465,7.595
"186",2010-12-06,0,6.85,6.825,6.925,6.87,6.875,6.935,6.945,7.175,7.35,7.48,7.585,7.665
"187",2010-12-07,0,6.85,6.825,6.875,6.8,6.83,6.96,6.985,7.175,7.34,7.465,7.58,7.7
"188",2010-12-08,0,6.875,6.9,6.85,6.85,6.9,6.955,6.985,7.21,7.385,7.47,7.57,7.655
"189",2010-12-09,0,6.875,6.9,6.93,6.9,6.9,6.98,7.01,7.21,7.39,7.51,7.63,7.67
"190",2010-12-10,0,6.875,6.9,6.93,6.9,6.9,6.98,7.01,7.205,7.4,7.53,7.65,7.75
"191",2010-12-13,0,6.875,6.9,6.94,6.9,6.9,7.025,7.07,7.265,7.44,7.585,7.685,7.81
"192",2010-12-14,0,6.875,6.9,6.94,6.9,6.9,6.96,7.005,7.22,7.4,7.535,7.65,7.77
"193",2010-12-15,0,6.875,6.9,6.94,6.9,6.895,7.02,7.06,7.25,7.435,7.595,7.66,7.705
"194",2010-12-16,0,6.875,6.85,6.8,6.82,6.75,6.89,6.965,7.145,7.345,7.485,7.5,7.755
"195",2010-12-17,0,6.875,6.85,6.8,6.72,6.75,6.89,6.965,7.145,7.345,7.485,7.5,7.755
"196",2010-12-20,0,6.875,6.85,6.8,6.8,6.82,6.88,6.95,7.17,7.36,7.5,7.6,7.72
"197",2010-12-21,0,6.875,6.875,6.875,6.85,6.86,6.93,6.945,7.225,7.415,7.555,7.665,7.715
"198",2010-12-22,0,6.875,6.875,6.93,6.915,6.915,7.02,7.14,7.38,7.57,7.615,7.72,7.72
"199",2010-12-23,0,6.875,6.875,6.97,6.965,7.01,7.04,7.165,7.415,7.65,7.775,7.73,7.77
"200",2010-12-24,0,6.85,6.85,6.975,6.995,7.03,7.09,7.2,7.44,7.63,7.79,7.845,8.01
"201",2010-12-27,0,6.9,6.875,6.97,7.03,7.075,7.11,7.235,7.465,7.665,7.835,7.955,8.06
"202",2010-12-28,0,6.875,6.85,6.99,7.02,7.06,7.14,7.235,7.465,7.665,7.775,7.8,7.83
"203",2010-12-29,0,6.875,6.85,6.995,7.02,7.09,7.19,7.29,7.51,7.69,7.85,7.96,8.05
"204",2010-12-30,0,6.9,6.875,6.95,6.96,7.115,7.185,7.285,7.495,7.675,7.825,7.775,7.805
"205",2010-12-31,0,6.825,6.825,7.1,6.985,7.075,7.17,7.28,7.495,7.675,7.825,8.01,8.11
"206",2011-01-03,0,6.825,6.825,7.155,7.05,7.095,7.185,7.29,7.53,7.71,7.865,8.045,8.135
"207",2011-01-04,0,6.825,6.825,7.075,7.015,7.045,7.11,7.21,7.44,7.63,7.785,7.9,8.03
"208",2011-01-05,0,6.775,6.8,6.925,6.9,6.915,7.03,7.15,7.395,7.6,7.77,7.9,8.035
"209",2011-01-06,0,6.55,6.7,7,6.9,7.065,7.185,7.315,7.58,7.815,8.01,8.16,8.265
"210",2011-01-07,0,6.65,6.725,7,6.9,6.95,7.205,7.37,7.62,7.84,8,8.145,8.295
"211",2011-01-10,0,6.65,6.725,7.05,7.05,7.145,7.33,7.48,7.72,7.93,8.08,8.22,8.35
"212",2011-01-11,0,6.75,6.725,7.15,7.175,7.225,7.345,7.49,7.735,7.945,8.11,8.25,8.385
"213",2011-01-12,0,6.75,6.775,7.175,7.185,7.225,7.33,7.49,7.73,7.94,8.09,8.235,8.36
"214",2011-01-13,0,6.725,6.725,7.15,7.17,7.185,7.285,7.425,7.65,7.86,8.015,8.15,8.275
"215",2011-01-14,0,6.725,6.725,7.1,7.17,7.2,7.32,7.45,7.685,7.885,8.03,8.09,8.28
"216",2011-01-17,0,6.825,6.85,7.235,7.275,7.35,7.405,7.51,7.74,7.92,8.075,8.185,8.31
"217",2011-01-18,0,6.8,6.85,7.245,7.245,7.315,7.405,7.525,7.74,7.92,8.07,8.185,8.31
"218",2011-01-19,0,6.8,6.825,7.225,7.27,7.345,7.45,7.55,7.77,7.95,8.09,8.25,8.36
"219",2011-01-20,0,6.8,6.825,7.27,7.25,7.33,7.435,7.54,7.76,7.94,8.075,8.225,8.295
"220",2011-01-21,0,6.85,6.875,7.27,7.25,7.35,7.435,7.565,7.79,7.985,8.145,8.275,8.39
"221",2011-01-24,0,7.1,7.15,7.375,7.35,7.4,7.49,7.62,7.855,8.04,8.2,8.275,8.39
"222",2011-01-25,0,7.075,7.125,7.35,7.28,7.375,7.385,7.525,7.77,7.975,8.13,8.295,8.425
"223",2011-01-26,0,7.075,7.125,7.35,7.28,7.375,7.385,7.525,7.77,7.975,8.13,8.295,8.425
"224",2011-01-27,0,7.05,7.05,7.275,7.265,7.325,7.385,7.52,7.75,7.94,8.09,8.24,8.325
"225",2011-01-28,0,6.9,7.075,7.325,7.265,7.315,7.365,7.49,7.69,7.86,8.015,8.195,8.325
"226",2011-01-31,0,7,7.275,7.3,7.33,7.315,7.42,7.54,7.74,7.9,8.045,8.15,8.325
"227",2011-02-01,0,7,7.44,7.275,7.355,7.35,7.44,7.565,7.765,7.935,8.09,8.15,8.325
"228",2011-02-02,0,7,7.4,7.375,7.33,7.325,7.415,7.535,7.73,7.91,8.075,8.255,8.385
"229",2011-02-03,0,6.85,7.3,7.325,7.315,7.35,7.44,7.56,7.755,7.94,8.115,8.26,8.395
"230",2011-02-04,0,6.85,7.3,7.31,7.385,7.4,7.505,7.635,7.845,8.03,8.2,8.365,8.5
"231",2011-02-07,0,6.8,7.275,7.315,7.405,7.45,7.54,7.69,7.95,8.13,8.29,8.455,8.59
"232",2011-02-08,0,6.825,7.3,7.35,7.4,7.42,7.52,7.69,7.915,8.085,8.26,8.435,8.56
"233",2011-02-09,0,6.825,7.325,7.35,7.38,7.44,7.525,7.665,7.925,8.11,8.28,8.435,8.56
"234",2011-02-10,0,6.85,7.3,7.3,7.39,7.44,7.5,7.635,7.885,8.07,8.23,8.4,8.535
"235",2011-02-11,0,6.85,7.3,7.3125,7.3625,7.4125,7.47,7.61,7.84,8.01,8.17,8.335,8.46
"236",2011-02-14,0,6.95,7.35,7.35,7.4,7.42,7.5,7.635,7.86,8,8.14,8.33,8.465
"237",2011-02-15,0,6.95,7.35,7.35,7.38,7.435,7.53,7.66,7.885,8.035,8.18,8.325,8.46
"238",2011-02-16,0,6.95,7.35,7.32,7.35,7.39,7.53,7.66,7.885,8.035,8.18,8.325,8.46
"239",2011-02-17,0,6.9,7.325,7.335,7.365,7.385,7.48,7.61,7.84,7.99,8.13,8.295,8.43
"240",2011-02-18,0,6.9,7.35,7.34,7.38,7.42,7.52,7.63,7.86,8.01,8.16,8.29,8.425
"241",2011-02-21,0,6.9,7.375,7.325,7.385,7.42,7.495,7.615,7.845,8,8.145,8.245,8.425
"242",2011-02-22,0,6.9,7.375,7.35,7.37,7.405,7.5,7.63,7.86,8.02,8.17,8.29,8.425
"243",2011-02-23,0,6.9,7.375,7.34,7.39,7.425,7.515,7.64,7.875,8.03,8.19,8.335,8.425
"244",2011-02-24,0,6.9,7.375,7.36,7.41,7.43,7.51,7.635,7.905,8.07,8.23,8.375,8.5
"245",2011-02-25,0,6.925,7.375,7.375,7.405,7.46,7.52,7.655,7.93,8.105,8.27,8.43,8.57
"246",2011-02-28,0,7.55,7.325,7.375,7.4,7.44,7.505,7.645,7.9,8.06,8.22,8.37,8.55
"247",2011-03-01,0,7.45,7.325,7.375,7.4375,7.42,7.49,7.645,7.9,8.06,8.225,8.37,8.55
"248",2011-03-02,0,7.45,7.325,7.375,7.4375,7.42,7.49,7.645,7.9,8.06,8.225,8.37,8.55
"249",2011-03-03,0,7.425,7.4,7.375,7.3525,7.3875,7.44,7.57,7.8,7.975,8.13,8.24,8.35
"250",2011-03-04,0,7.45,7.35,7.275,7.315,7.34,7.44,7.56,7.785,7.95,8.1,8.21,8.34
"251",2011-03-07,0,7.45,7.35,7.34,7.365,7.35,7.42,7.555,7.795,7.96,8.105,8.21,8.34
"252",2011-03-08,0,7.475,7.325,7.29,7.31,7.335,7.365,7.47,7.68,7.845,8,8.19,8.32
"253",2011-03-09,0,7.475,7.3,7.25,7.28,7.3,7.375,7.485,7.685,7.825,7.975,8.19,8.32
"254",2011-03-10,0,7.475,7.3,7.26,7.25,7.29,7.305,7.395,7.6175,7.77,7.9025,8.06,8.15
"255",2011-03-11,0,7.475,7.3,7.25,7.24,7.255,7.32,7.42,7.64,7.77,7.895,8.05,8.18
"256",2011-03-14,0,7.475,7.3,7.26,7.25,7.275,7.3,7.51,7.7275,7.87,7.985,8.095,8.225
"257",2011-03-15,0,7.475,7.3,7.25,7.2475,7.2475,7.3175,7.42,7.6425,7.79,7.9275,8.06,8.2
"258",2011-03-16,0,7.475,7.3,7.29,7.275,7.28,7.355,7.435,7.625,7.8075,7.94,8.07,8.18
"259",2011-03-17,0,7.45,7.35,7.375,7.265,7.3475,7.42,7.495,7.6925,7.8475,7.985,8.075,8.205
"260",2011-03-18,0,7.525,7.5,7.375,7.365,7.375,7.445,7.525,7.745,7.9225,8.05,8.15,8.3
"261",2011-03-21,0,7.575,7.475,7.4,7.38,7.395,7.465,7.5825,7.81,7.9825,8.1,8.265,8.28
"262",2011-03-22,0,7.575,7.475,7.4,7.39,7.395,7.4575,7.5625,7.77,7.975,8.105,8.2,8.21
"263",2011-03-23,0,7.75,7.525,7.41,7.41,7.41,7.475,7.5625,7.7725,7.94,8.0725,8.18,8.29
"264",2011-03-24,0,7.75,7.525,7.425,7.415,7.415,7.47,7.555,7.765,7.93,8.07,8.18,8.27
"265",2011-03-25,0,7.75,7.525,7.425,7.39,7.385,7.4475,7.5325,7.75,7.9275,8.07,8.18,8.24
"266",2011-03-28,0,7.75,7.525,7.4,7.39,7.395,7.44,7.5225,7.7175,7.8975,8.04,8.16,8.27
"267",2011-03-29,0,7.75,7.525,7.395,7.385,7.3775,7.425,7.505,7.73,7.89,8.0375,8.17,8.28
"268",2011-03-30,0,7.75,7.525,7.395,7.38,7.38,7.4275,7.5075,7.7175,7.9075,8.0575,8.15,8.28
"269",2011-03-31,0,7.2,7.3,7.29,7.35,7.325,7.395,7.495,7.715,7.885,8.05,8.2,8.21
"270",2011-04-01,0,7.2,7.3,7.29,7.35,7.325,7.42,7.475,7.705,7.87,8.035,8.16,8.29
"271",2011-04-04,0,7.2,7.3,7.29,7.35,7.325,7.395,7.495,7.735,7.9,8.02,8.145,8.29
"272",2011-04-05,0,7,7.225,7.27,7.31,7.38,7.455,7.555,7.8,7.96,8.11,8.17,8.39
"273",2011-04-06,0,7,7.225,7.27,7.36,7.4025,7.495,7.595,7.845,8.01,8.18,8.29,8.35
"274",2011-04-07,0,7,7.225,7.275,7.39,7.3975,7.445,7.545,7.785,7.945,8.095,8.29,8.35
"275",2011-04-08,0,7,7.225,7.275,7.395,7.43,7.525,7.625,7.875,8.035,8.185,8.29,8.4
"276",2011-04-11,0,7,7.175,7.275,7.395,7.4425,7.525,7.64,7.89,8.065,8.22,8.365,8.47
"277",2011-04-12,0,6.95,7.175,7.25,7.375,7.45,7.525,7.64,7.89,8.065,8.22,8.365,8.425
"278",2011-04-13,0,6.95,7.175,7.275,7.4,7.4425,7.525,7.63,7.86,8.02,8.19,8.375,8.38
"279",2011-04-14,0,6.95,7.175,7.275,7.4,7.4425,7.525,7.63,7.86,8.02,8.19,8.325,8.38
"280",2011-04-15,0,7,7.2,7.39,7.575,7.64,7.71,7.8,8.005,8.165,8.315,8.49,8.55
"281",2011-04-18,0,7.025,7.25,7.3,7.6,7.6775,7.72,7.83,8.045,8.18,8.325,8.45,8.55
"282",2011-04-19,0,7.025,7.25,7.4,7.635,7.7025,7.78,7.87,8.075,8.22,8.365,8.45,8.595
"283",2011-04-20,0,7.025,7.25,7.425,7.615,7.705,7.8,7.9,8.105,8.245,8.385,8.55,8.65
"284",2011-04-21,0,6.9,7.25,7.38,7.63,7.7225,7.815,7.905,8.115,8.255,8.385,8.55,8.65
"285",2011-04-22,0,6.9,7.25,7.38,7.63,7.7225,7.815,7.905,8.115,8.255,8.385,8.55,8.65
"286",2011-04-25,0,7.175,7.3,7.41,7.63,7.73,7.85,7.935,8.145,8.29,8.415,8.55,8.65
"287",2011-04-26,0,7.15,7.25,7.45,7.635,7.7475,7.84,7.93,8.135,8.285,8.415,8.55,8.65
"288",2011-04-27,0,7.15,7.275,7.45,7.63,7.72,7.8,7.89,8.1,8.235,8.38,8.5,8.63
"289",2011-04-28,0,7.2,7.35,7.42,7.65,7.735,7.815,7.895,8.105,8.235,8.365,8.51,8.635
"290",2011-04-29,0,7.25,7.4,7.51,7.745,7.795,7.89,7.96,8.12,8.26,8.385,8.51,8.635
"291",2011-05-02,0,7.225,7.425,7.535,7.785,7.8,7.875,7.94,8.135,8.26,8.365,8.51,8.655
"292",2011-05-03,0,7.35,7.55,7.65,7.985,8,8.095,8.11,8.26,8.36,8.46,8.61,8.735
"293",2011-05-04,0,7.35,7.5,7.675,7.925,8.03,8.145,8.18,8.345,8.445,8.56,8.675,8.82
"294",2011-05-05,0,7.35,7.475,7.72,7.965,8.0025,8.08,8.11,8.265,8.38,8.475,8.66,8.72
"295",2011-05-06,0,7.35,7.5,7.7,7.93,7.93,8.03,8.055,8.195,8.295,8.405,8.56,8.635
"296",2011-05-09,0,7.35,7.5,7.65,7.965,7.95,8.08,8.105,8.245,8.345,8.445,8.545,8.65
"297",2011-05-10,0,7.35,7.5,7.62,7.9,7.94,8.035,8.045,8.195,8.325,8.425,8.55,8.68
"298",2011-05-11,0,7.4,7.525,7.64,7.93,7.99,8.125,8.145,8.29,8.41,8.51,8.615,8.74
"299",2011-05-12,0,7.4,7.525,7.64,7.89,7.95,8.04,8.045,8.18,8.25,8.355,8.445,8.535
"300",2011-05-13,0,7.425,7.575,7.75,7.92,7.995,8.035,8.04,8.155,8.205,8.295,8.4,8.545
"301",2011-05-16,0,7.45,7.575,7.61,7.915,7.98,8.06,8.06,8.14,8.195,8.275,8.37,8.455
"302",2011-05-17,0,7.45,7.575,7.61,7.915,7.98,8.06,8.06,8.14,8.195,8.275,8.37,8.455
"303",2011-05-18,0,7.45,7.6,7.755,7.985,7.995,8.07,8.065,8.155,8.25,8.305,8.37,8.455
"304",2011-05-19,0,7.45,7.6,7.75,7.98,8.005,8.12,8.115,8.22,8.29,8.375,8.425,8.5
"305",2011-05-20,0,7.45,7.6,7.75,7.96,8.02,8.12,8.115,8.21,8.29,8.38,8.415,8.505
"306",2011-05-23,0,7.525,7.675,7.79,7.975,7.995,8.085,8.065,8.16,8.22,8.285,8.34,8.425
"307",2011-05-24,0,7.525,7.675,7.775,7.97,7.97,8.085,8.065,8.125,8.185,8.255,8.34,8.425
"308",2011-05-25,0,7.525,7.7,7.775,7.925,7.99,8.055,8.025,8.095,8.15,8.22,8.2325,8.37
"309",2011-05-26,0,7.575,7.775,7.8,8,8.025,8.115,8.075,8.15,8.21,8.275,8.33,8.37
"310",2011-05-27,0,7.575,7.785,7.835,8.07,8.125,8.215,8.155,8.205,8.255,8.305,8.335,8.37
"311",2011-05-30,0,7.625,7.775,7.875,8.05,8.105,8.185,8.135,8.18,8.22,8.275,8.335,8.37
"312",2011-05-31,0,7.625,7.8,7.975,8.095,8.11,8.165,8.105,8.17,8.22,8.275,8.33,8.395
"313",2011-06-01,0,7.625,7.8,7.9,8.025,8.04,8.11,8.05,8.11,8.14,8.19,8.285,8.395
"314",2011-06-02,0,7.755,7.775,7.825,7.89,7.91,7.985,7.905,7.955,8,8,8.09,8.14
"315",2011-06-03,0,7.615,7.675,7.775,7.84,7.86,7.945,7.855,7.91,7.95,8,8.07,8.12
"316",2011-06-06,0,7.615,7.675,7.75,7.86,7.88,7.945,7.86,7.925,7.975,8.015,8.09,8.14
"317",2011-06-07,0,7.675,7.775,7.9,7.915,7.89,8,7.9,7.97,8.02,8.07,8.15,8.2
"318",2011-06-08,0,7.675,7.775,7.825,7.87,7.885,7.9,7.78,7.85,7.9,7.95,8.07,8.085
"319",2011-06-09,0,7.7,7.775,7.775,7.85,7.85,7.905,7.765,7.795,7.845,7.895,7.96,8.01
"320",2011-06-10,0,7.69,7.8,7.775,7.83,7.83,7.885,7.71,7.75,7.79,7.83,8,7.925
"321",2011-06-13,0,7.69,7.8,7.775,7.82,7.835,7.88,7.725,7.76,7.79,7.825,7.875,7.97
"322",2011-06-14,0,7.69,7.8,7.86,8,7.985,8.015,7.845,7.88,7.905,7.94,8.025,8.08
"323",2011-06-15,0,7.8,7.8,7.875,8,8.04,8.115,7.965,7.98,8.01,8.035,8.06,8.11
"324",2011-06-16,0,7.8,7.8,7.9,7.95,7.98,8,7.81,7.82,7.82,7.83,7.925,7.98
"325",2011-06-17,0,7.775,7.8,7.89,7.89,7.905,7.95,7.785,7.785,7.79,7.825,7.835,7.93
"326",2011-06-20,0,7.775,7.815,7.85,7.9,7.91,7.945,7.785,7.785,7.795,7.8,7.865,7.915
"327",2011-06-21,0,7.75,7.8,7.865,7.915,7.915,7.955,7.8,7.81,7.845,7.855,7.92,8
"328",2011-06-22,0,7.75,7.8,7.875,7.905,7.95,7.985,7.855,7.885,7.915,7.94,7.97,7.99
"329",2011-06-23,0,7.75,7.8,7.88,7.98,8.025,8.035,7.885,7.895,7.91,7.935,7.995,8.045
"330",2011-06-24,0,7.725,7.775,7.88,7.93,8.01,8.005,7.825,7.83,7.84,7.855,7.93,7.99
"331",2011-06-27,0,7.725,7.775,7.81,7.965,7.97,8.005,7.8,7.82,7.83,7.825,7.93,7.99
"332",2011-06-28,0,7.75,7.8,7.875,7.94,8.005,8.05,7.865,7.87,7.885,7.91,7.965,8.015
"333",2011-06-29,0,7.75,7.8,7.9,8.02,8.035,8.095,7.935,7.945,7.97,7.995,8.065,8.13
"334",2011-06-30,0,7.75,7.81,7.95,8.07,8.09,8.085,7.935,7.95,7.98,8.005,8.065,8.13
"335",2011-07-01,0,7.75,7.8,7.925,8.065,8.07,8.115,7.98,7.99,8.02,8.045,8.075,8.13
"336",2011-07-04,0,7.75,7.75,7.905,8.04,8.0675,8.105,7.985,8,8.03,8.065,8.075,8.13
"337",2011-07-05,0,7.75,7.775,7.925,8.005,8.035,8.07,7.95,7.96,7.99,8.03,8.095,8.17
"338",2011-07-06,0,7.75,7.775,7.925,8.035,8.08,8.105,7.935,7.94,7.95,7.965,8.045,8.12
"339",2011-07-07,0,7.75,7.775,7.81,8.055,8.08,8.13,7.96,7.97,8,8.01,8.045,8.12
"340",2011-07-08,0,7.75,7.775,7.925,8.08,8.09,8.17,7.975,7.995,8.005,8.015,8.12,8.175
"341",2011-07-11,0,7.75,7.775,7.81,8.04,8.07,8.11,7.91,7.92,7.94,7.95,8,8.045
"342",2011-07-12,0,7.775,7.85,7.925,7.935,7.945,7.97,7.78,7.79,7.82,7.835,7.95,8
"343",2011-07-13,0,7.775,7.85,7.85,7.98,8.01,8.02,7.845,7.865,7.89,7.91,7.95,8
"344",2011-07-14,0,7.725,7.775,7.9,7.9,7.95,7.925,7.725,7.735,7.745,7.755,7.87,7.84
"345",2011-07-15,0,7.725,7.775,7.875,7.85,7.915,7.93,7.71,7.715,7.76,7.77,7.795,7.85
"346",2011-07-18,0,7.725,7.775,7.82,7.87,7.9,7.92,7.72,7.73,7.75,7.76,7.75,7.805
"347",2011-07-19,0,7.725,7.775,7.82,7.865,7.875,7.905,7.73,7.745,7.755,7.77,7.835,7.88
"348",2011-07-20,0,7.725,7.775,7.82,7.9,7.92,7.965,7.765,7.768,7.7978,7.8078,7.84,7.88
"349",2011-07-21,0,7.8,7.825,7.91,7.94,7.95,7.965,7.7675,7.778,7.8028,7.81,7.8553,7.8928
"350",2011-07-22,0,7.8,7.825,7.9,7.955,7.925,8,7.805,7.8178,7.8428,7.8599,7.9175,7.96
"351",2011-07-25,0,7.8,7.825,7.87,7.955,7.9625,7.9875,7.7775,7.7928,7.8103,7.8328,7.8575,7.9025
"352",2011-07-26,0,8.15,8.175,8.22,8.19,8.295,8.2828,7.9953,7.9753,7.9653,7.954,7.973,7.944
"353",2011-07-27,0,8.16,8.2,8.25,8.35,8.39,8.4078,8.115,8.0305,7.9805,7.9203,7.89,7.9125
"354",2011-07-28,0,8.15,8.225,8.25,8.35,8.385,8.385,8.07,7.965,7.9128,7.863,7.86,7.855
"355",2011-07-29,0,8.175,8.2,8.26,8.325,8.3675,8.365,8.0378,7.9475,7.8775,7.8253,7.84,7.82
"356",2011-08-01,0,8.175,8.175,8.225,8.355,8.395,8.4,8.0203,7.94,7.8428,7.8203,7.8553,7.8375
"357",2011-08-02,0,8.15,8.2,8.275,8.345,8.37,8.3653,7.9225,7.815,7.7153,7.675,7.675,7.6728
"358",2011-08-03,0,8.15,8.2,8.25,8.29,8.33,8.328,7.883,7.7828,7.6953,7.6603,7.635,7.63
"359",2011-08-04,0,8.15,8.2,8.26,8.27,8.24,8.253,7.8103,7.7153,7.648,7.61,7.6253,7.6103
"360",2011-08-05,0,8.125,8.125,8.16,8.08,8.02,8.0175,7.6048,7.5503,7.5273,7.5075,7.51,7.51
"361",2011-08-08,0,8.075,8.075,8.125,7.89,7.86,7.7873,7.4375,7.4175,7.4403,7.4225,7.43,7.435
"362",2011-08-09,0,8,8,7.975,7.8,7.66,7.6453,7.3325,7.3325,7.3303,7.3353,7.325,7.375
"363",2011-08-10,0,7.975,7.975,7.975,7.73,7.58,7.5425,7.1575,7.14,7.15,7.16,7.1675,7.16
"364",2011-08-11,0,7.975,7.95,7.9,7.77,7.75,7.5228,7.0553,7.0453,7.0328,7.0328,7.0425,7.04
"365",2011-08-12,0,8.075,8,8.075,7.95,7.84,7.74,7.2353,7.1925,7.1703,7.138,7.145,7.15
"366",2011-08-15,0,8.075,8,8.075,7.875,7.84,7.74,7.2353,7.1925,7.1703,7.138,7.145,7.15
"367",2011-08-16,0,8.125,8.125,8.125,8.01,7.94,7.8903,7.3878,7.3353,7.2978,7.2728,7.28,7.28
"368",2011-08-17,0,8.125,8.125,8.2325,8.045,7.975,7.9103,7.4053,7.3353,7.2903,7.2628,7.28,7.28
"369",2011-08-18,0,8.125,8.125,8.23,7.985,7.865,7.748,7.2553,7.188,7.1528,7.1053,7.1,7.1
"370",2011-08-19,0,8.125,8.125,8.125,7.85,7.8,7.628,7.158,7.088,7.063,7.0755,6.978,7.085
"371",2011-08-22,0,8.1,8.1,8.13,7.9,7.77,7.7025,7.2275,7.1853,7.175,7.1425,7.1375,7.155
"372",2011-08-23,0,8.075,8.075,8.1,7.945,7.95,7.758,7.2975,7.275,7.27,7.265,7.3,7.33
"373",2011-08-24,0,8.075,8.075,8.075,7.9,7.755,7.6578,7.2225,7.2053,7.19,7.19,7.2175,7.2475
"374",2011-08-25,0,8.075,8.075,8.18,7.885,7.815,7.6853,7.2503,7.2503,7.248,7.2528,7.29,7.32
"375",2011-08-26,0,8.075,8.1,8.125,7.99,7.87,7.7753,7.3325,7.32,7.2925,7.2825,7.295,7.3325
"376",2011-08-29,0,8.15,8.125,8.115,8.02,7.94,7.862,7.4328,7.408,7.3853,7.3728,7.4,7.4325
"377",2011-08-30,0,8.175,8.175,8.2,8.09,8.015,7.8728,7.4453,7.4178,7.388,7.378,7.405,7.4375
"378",2011-08-31,0,8.175,8.175,8.2,8.09,8.015,7.8728,7.4453,7.4178,7.3928,7.378,7.405,7.4375
"379",2011-09-01,0,8.15,8.15,8.2,8.09,8.03,7.8728,7.4453,7.4178,7.3928,7.378,7.405,7.4375
"380",2011-09-02,0,8.15,8.15,8.26,8.04,7.93,7.87,7.42,7.3703,7.34,7.323,7.3975,7.4175
"381",2011-09-05,0,8.125,8.125,8.125,7.94,7.81,7.6625,7.23,7.195,7.18,7.165,7.19,7.23
"382",2011-09-06,0,8.15,8.15,8.125,7.885,7.785,7.6375,7.22,7.19,7.18,7.17,7.2625,7.275
"383",2011-09-07,0,8.125,8.125,8.05,7.875,7.75,7.6225,7.175,7.155,7.125,7.1225,7.175,7.2225
"384",2011-09-08,0,8.1,8.1,8,7.86,7.75,7.605,7.1075,7.0675,7.0325,7.025,7.075,7.115
"385",2011-09-09,0,8.1,8.1,8.025,7.845,7.77,7.63,7.1673,7.1173,7.0873,7.0798,7.14,7.2025
"386",2011-09-12,0,8.1,8.1,8.08,7.84,7.77,7.6128,7.0925,7.025,6.9775,6.965,7.03,7.05
"387",2011-09-13,0,8.1,8.1,8.125,7.93,7.82,7.6473,7.13,7.05,7,7.01,7.065,7.1328
"388",2011-09-14,0,8.15,8.125,8.125,7.96,7.8075,7.66,7.1675,7.095,7.0528,7.04,7.075,7.145
"389",2011-09-15,0,8.2,8.175,7.91,8.03,7.94,7.7475,7.2475,7.175,7.135,7.115,7.15,7.18
"390",2011-09-16,0,8.35,8.35,8.275,8.245,8.085,7.9575,7.39,7.3,7.2575,7.2275,7.275,7.3075
"391",2011-09-19,0,8.3,8.35,8.31,8.215,8.07,7.9403,7.3625,7.28,7.2275,7.205,7.245,7.285
"392",2011-09-20,0,8.35,8.35,8.3,8.25,8.11,7.985,7.425,7.3375,7.29,7.255,7.305,7.3425
"393",2011-09-21,0,8.35,8.35,8.345,8.26,8.12,7.98,7.4028,7.3128,7.258,7.225,7.28,7.33
"394",2011-09-22,0,8.3,8.3,8.3,8.21,8.025,7.8825,7.28,7.1875,7.115,7.08,7.13,7.17
"395",2011-09-23,0,8.3,8.3,8.25,8.14,7.9875,7.82,7.2373,7.1475,7.085,7.053,7.105,7.14
"396",2011-09-26,0,8.3,8.3,8.26,8.075,7.91,7.76,7.2,7.11,7.06,7.04,7.155,7.19
"397",2011-09-27,0,8.3,8.3,8.275,8.15,8,7.85,7.305,7.24,7.1878,7.18,7.22,7.255
"398",2011-09-28,0,8.35,8.35,8.34,8.19,8.025,7.8978,7.3778,7.3128,7.25,7.2578,7.315,7.355
"399",2011-09-29,0,8.35,8.35,8.34,8.23,8.125,7.995,7.5275,7.4878,7.4725,7.4675,7.475,7.48
"400",2011-09-30,0,8.35,8.35,8.35,8.26,8.15,7.9925,7.5275,7.4878,7.4725,7.4675,7.52,7.415
"401",2011-10-03,0,8.35,8.35,8.375,8.21,8.0375,7.9503,7.54,7.5263,7.5353,7.5378,7.6525,7.7025
"402",2011-10-04,0,8.35,8.35,8.325,8.195,8.02,7.86,7.413,7.4128,7.435,7.4375,7.52,7.59
"403",2011-10-05,0,8.25,8.3,8.31,8.25,7.99,7.898,7.4478,7.4503,7.4875,7.4928,7.575,7.64
"404",2011-10-06,0,8.35,8.3,8.32,8.25,7.99,7.898,7.4478,7.4503,7.4875,7.4928,7.575,7.64
"405",2011-10-07,0,8.35,8.35,8.36,8.225,8.075,7.955,7.5,7.5375,7.5725,7.585,7.6775,7.7525
"406",2011-10-10,0,8.375,8.375,8.375,8.3,8.25,8.085,7.64,7.655,7.6875,7.715,7.825,7.91
"407",2011-10-11,0,8.39,8.38,8.365,8.25,8.16,8.035,7.595,7.6025,7.6175,7.635,7.74,7.83
"408",2011-10-12,0,8.41,8.405,8.42,8.335,8.26,8.0603,7.6125,7.615,7.635,7.66,7.795,7.875
"409",2011-10-13,0,8.435,8.435,8.43,8.33,8.17,8.0763,7.6525,7.6525,7.6425,7.6653,7.775,7.86
"410",2011-10-14,0,8.44,8.445,8.51,8.415,8.31,8.19,7.74,7.66,7.76,7.78,7.82,7.9
"411",2011-10-17,0,8.445,8.475,8.49,8.465,8.385,8.24,7.66,7.66,7.69,7.82,7.865,7.94
"412",2011-10-18,0,8.455,8.5,8.485,8.45,8.31,8.11,7.68,7.68,7.695,7.7,7.7675,7.88
"413",2011-10-19,0,8.475,8.5,8.42,8.465,8.355,8.23,7.72,7.72,7.7025,7.735,7.843,7.918
"414",2011-10-20,0,8.575,8.55,8.525,8.43,8.35,8.2425,7.73,7.74,7.745,7.75,7.853,7.928
"415",2011-10-21,0,8.55,8.55,8.52,8.575,8.425,8.33,7.8375,7.815,7.82,7.82,7.923,8.003
"416",2011-10-24,0,8.54,8.54,8.59,8.57,8.4375,8.305,7.82,7.8,7.82,7.815,7.8953,7.95
"417",2011-10-25,0,8.5,8.5,8.55,8.455,8.265,8.12,7.615,7.605,7.645,7.6625,7.7478,7.853
"418",2011-10-26,0,8.5,8.5,8.5,8.47,8.28,8.12,7.615,7.605,7.645,7.6625,7.7478,7.853
"419",2011-10-27,0,8.5,8.5,8.5,8.47,8.28,8.12,7.61,7.605,7.64,7.6575,7.7478,7.8478
"420",2011-10-28,0,8.5,8.5,8.56,8.53,8.355,8.2778,7.7875,7.795,7.813,7.8375,7.93,8.01
"421",2011-10-31,0,8.59,8.59,8.55,8.55,8.37,8.24,7.795,7.79,7.79,7.795,7.903,7.99
"422",2011-11-01,0,8.525,8.525,8.525,8.48,8.35,8.21,7.71,7.6925,7.715,7.715,7.818,7.87
"423",2011-11-02,0,8.55,8.55,8.55,8.505,8.35,8.23,7.74,7.735,7.7328,7.75,7.84,7.87
"424",2011-11-03,0,8.55,8.55,8.55,8.5,8.33,8.215,7.67,7.6575,7.63,7.66,7.808,7.8653
"425",2011-11-04,0,8.55,8.55,8.55,8.5,8.37,8.2525,7.76,7.73,7.72,7.75,7.848,7.87
"426",2011-11-07,0,8.55,8.55,8.55,8.5,8.37,8.2525,7.76,7.73,7.72,7.75,7.848,7.87
"427",2011-11-08,0,8.55,8.55,8.535,8.515,8.38,8.2825,7.75,7.745,7.745,7.77,7.873,7.948
"428",2011-11-09,0,8.6,8.6,8.575,8.475,8.34,8.2428,7.703,7.6878,7.71,7.7478,7.845,7.87
"429",2011-11-10,0,8.6,8.6,8.575,8.49,8.35,8.2423,7.702,7.6878,7.71,7.7478,7.845,7.87
"430",2011-11-11,0,8.6,8.585,8.5,8.37,8.275,8.145,7.62,7.615,7.625,7.605,7.733,7.8303
"431",2011-11-14,0,8.6,8.585,8.49,8.36,8.235,8.145,7.61,7.615,7.6025,7.6325,7.738,7.813
"432",2011-11-15,0,8.6,8.57,8.5,8.3825,8.2,8.12,7.5625,7.525,7.54,7.57,7.673,7.6878
"433",2011-11-16,0,8.6,8.57,8.5,8.4025,8.2775,8.1375,7.5675,7.54,7.5625,7.575,7.678,7.753
"434",2011-11-17,0,8.6,8.56,8.55,8.32,8.19,8.08,7.525,7.475,7.4925,7.51,7.608,7.6728
"435",2011-11-18,0,8.6,8.55,8.49,8.265,8.15,8.085,7.5873,7.5303,7.538,7.5553,7.658,7.733
"436",2011-11-21,0,8.6,8.55,8.5,8.2925,8.185,8.125,7.5553,7.5078,7.5253,7.585,7.633,7.705
"437",2011-11-22,0,8.6,8.55,8.505,8.3225,8.2225,8.1248,7.6128,7.62,7.62,7.6103,7.708,7.778
"438",2011-11-23,0,8.6,8.55,8.51,8.35,8.24,8.125,7.6075,7.5525,7.57,7.5875,7.683,7.758
"439",2011-11-24,0,8.6,8.55,8.5,8.3,8.18,8.0625,7.5925,7.545,7.5575,7.5575,7.663,7.738
"440",2011-11-25,0,8.625,8.6,8.5,8.29,8.18,8.0603,7.59,7.5503,7.555,7.5603,7.67,7.745
"441",2011-11-28,0,8.625,8.6,8.505,8.29,8.195,8.0825,7.58,7.5575,7.5675,7.57,7.7,7.773
"442",2011-11-29,0,8.625,8.6,8.49,8.27,8.16,8.0803,7.5878,7.56,7.5625,7.5728,7.653,7.733
"443",2011-11-30,0,8.625,8.6,8.545,8.235,8.11,7.99,7.48,7.4853,7.495,7.5003,7.608,7.682
"444",2011-12-01,0,8.6,8.6,8.52,8.18,8.0775,7.9125,7.48,7.4628,7.4728,7.4853,7.575,7.6
"445",2011-12-02,0,8.65,8.6,8.45,8.15,8.01,7.845,7.4,7.375,7.385,7.39,7.508,7.54
"446",2011-12-05,0,8.65,8.6,8.425,8.18,8.0475,7.88,7.4,7.4,7.4,7.4,7.45,7.54
"447",2011-12-06,0,8.65,8.6,8.45,8.16,8.08,7.8728,7.4025,7.3875,7.395,7.4,7.515,7.54
"448",2011-12-07,0,8.65,8.6,8.4393,8.1239,7.99,7.8678,7.4053,7.3725,7.4025,7.41,7.528,7.613
"449",2011-12-08,0,8.625,8.55,8.375,8.05,7.965,7.7173,7.2828,7.24,7.29,7.3128,7.43,7.4325
"450",2011-12-09,0,8.625,8.535,8.375,8.085,7.89,7.71,7.26,7.25,7.25,7.27,7.457,7.543
"451",2011-12-12,0,8.625,8.535,8.35,8.03,7.78,7.685,7.2625,7.25,7.275,7.29,7.3853,7.515
"452",2011-12-13,0,8.6,8.57,8.35,8,7.75,7.6648,7.2528,7.275,7.3225,7.385,7.408,7.488
"453",2011-12-14,0,8.6,8.57,8.315,8.07,7.8275,7.7103,7.298,7.2853,7.31,7.3328,7.448,7.533
"454",2011-12-15,0,8.575,8.56,8.315,8.025,7.825,7.718,7.3328,7.3028,7.338,7.3628,7.488,7.573
"455",2011-12-16,0,8.6,8.575,8.28,7.995,7.75,7.625,7.205,7.165,7.19,7.305,7.345,7.405
"456",2011-12-19,0,8.625,8.575,8.29,7.945,7.7175,7.6038,7.16,7.088,7.1,7.1,7.295,7.38
"457",2011-12-20,0,8.65,8.6,8.48,8.05,7.8275,7.685,7.1853,7.1353,7.1678,7.2128,7.345,7.43
"458",2011-12-21,0,8.65,8.6,8.46,8.07,7.795,7.68,7.22,7.1575,7.2,7.24,7.373,7.458
"459",2011-12-22,0,8.65,8.6,8.475,8.05,7.845,7.71,7.235,7.1875,7.22,7.2625,7.395,7.48
"460",2011-12-23,0,8.65,8.6,8.475,8.12,7.85,7.7303,7.255,7.1878,7.2278,7.2828,7.415,7.5
"461",2011-12-26,0,8.65,8.6,8.475,8.08,7.85,7.7323,7.2625,7.1953,7.2353,7.2928,7.43,7.5075
"462",2011-12-27,0,8.65,8.6,8.48,8.105,7.885,7.76,7.35,7.2703,7.2903,7.3503,7.473,7.5803
"463",2011-12-28,0,8.8,8.625,8.46,8.08,7.925,7.7423,7.3073,7.25,7.3,7.3228,7.473,7.56
"464",2011-12-29,0,8.925,8.65,8.46,8.04,7.835,7.73,7.3025,7.2425,7.285,7.335,7.525,7.665
"465",2011-12-30,0,8.95,8.625,8.46,7.97,7.79,7.7153,7.3028,7.2503,7.338,7.425,7.65,7.81
"466",2012-01-02,0,8.95,8.625,8.46,7.96,7.76,7.6503,7.238,7.168,7.228,7.3028,7.49,7.635
"467",2012-01-03,0,8.875,8.485,8.425,7.97,7.73,7.6173,7.2003,7.1578,7.2148,7.2778,7.465,7.6075
"468",2012-01-04,0,8.775,8.5,8.44,8.035,7.805,7.6523,7.2353,7.24,7.29,7.36,7.49,7.635
"469",2012-01-05,0,8.75,8.525,8.44,8.085,7.83,7.675,7.25,7.218,7.2578,7.3203,7.49,7.625
"470",2012-01-06,0,8.75,8.5,8.5,8.125,7.84,7.6928,7.2653,7.2253,7.2703,7.3328,7.465,7.595
"471",2012-01-09,0,8.75,8.5,8.47,8.12,7.88,7.7375,7.285,7.2528,7.2903,7.3375,7.485,7.68
"472",2012-01-10,0,8.75,8.525,8.51,8.15,7.96,7.78,7.34,7.3,7.34,7.4,7.565,7.6675
"473",2012-01-11,0,8.75,8.55,8.51,8.27,8.0175,7.8498,7.41,7.36,7.39,7.4128,7.54,7.6725
"474",2012-01-12,0,8.75,8.55,8.54,8.24,8.0425,7.8648,7.38,7.33,7.3553,7.3953,7.55,7.6475
"475",2012-01-13,0,8.75,8.55,8.54,8.225,8.02,7.865,7.3548,7.3128,7.328,7.3653,7.505,7.625
"476",2012-01-16,0,8.75,8.575,8.6,8.295,8.1,7.93,7.415,7.3725,7.3775,7.415,7.558,7.75
"477",2012-01-17,0,8.8,8.65,8.62,8.41,8.255,8.06,7.545,7.49,7.47,7.505,7.638,7.7428
"478",2012-01-18,0,8.875,8.7,8.64,8.37,8.195,8.035,7.525,7.445,7.43,7.445,7.573,7.6703
"479",2012-01-19,0,8.875,8.75,8.54,8.37,8.2,8.0275,7.525,7.455,7.4375,7.445,7.578,7.6753
"480",2012-01-20,0,8.9,8.75,8.7,8.375,8.19,8.075,7.6,7.52,7.485,7.53,7.613,7.713
"481",2012-01-23,0,8.9,8.775,8.7,8.4,8.22,7.95,7.535,7.4553,7.43,7.4703,7.608,7.6953
"482",2012-01-24,0,8.85,8.75,8.625,8.41,8.215,8.04,7.575,7.56,7.5225,7.5425,7.658,7.7628
"483",2012-01-25,0,8.775,8.75,8.6,8.47,8.245,8.085,7.585,7.49,7.485,7.5025,7.618,7.7003
"484",2012-01-26,0,8.85,8.75,8.65,8.42,8.25,8.085,7.585,7.49,7.485,7.5025,7.618,7.7003
"485",2012-01-27,0,8.85,8.75,8.665,8.43,8.295,8.1478,7.605,7.54,7.52,7.53,7.608,7.7128
"486",2012-01-30,0,8.85,8.75,8.75,8.46,8.265,8.115,7.52,7.3975,7.3925,7.39,7.4753,7.5653
"487",2012-01-31,0,8.825,8.85,8.775,8.515,8.325,8.175,7.6,7.4625,7.4425,7.445,7.5253,7.608
"488",2012-02-01,0,8.825,8.95,8.7,8.48,8.29,8.1225,7.575,7.4425,7.425,7.4275,7.52,7.6078
"489",2012-02-02,0,8.825,8.95,8.75,8.44,8.245,8.0925,7.55,7.425,7.415,7.415,7.498,7.5853
"490",2012-02-03,0,8.775,8.925,8.725,8.42,8.22,8.055,7.525,7.3925,7.385,7.385,7.4603,7.5478
"491",2012-02-06,0,8.775,8.925,8.7,8.43,8.23,8.065,7.54,7.4148,7.408,7.405,7.4903,7.575
"492",2012-02-07,0,8.8,8.9,8.7,8.47,8.265,8.105,7.57,7.4375,7.435,7.4325,7.505,7.5878
"493",2012-02-08,0,8.875,9.05,8.775,8.495,8.3,8.165,7.65,7.52,7.5103,7.5153,7.5928,7.6775
"494",2012-02-09,0,8.9,9.05,8.8,8.53,8.355,8.215,7.675,7.5425,7.535,7.535,7.6153,7.7
"495",2012-02-10,0,8.925,9.075,8.8,8.475,8.295,8.134,7.61,7.4875,7.4725,7.47,7.5453,7.6328
"496",2012-02-13,0,8.925,9.125,8.8,8.48,8.28,8.125,7.5925,7.4578,7.453,7.453,7.5375,7.62
"497",2012-02-14,0,8.875,9,8.75,8.405,8.225,8.07,7.5275,7.39,7.375,7.38,7.545,7.625
"498",2012-02-15,0,8.875,9,8.7,8.41,8.215,8.0803,7.5575,7.4328,7.4228,7.4253,7.525,7.6075
"499",2012-02-16,0,8.875,9,8.7,8.38,8.215,8.0803,7.5575,7.4328,7.4228,7.4253,7.525,7.6075
"500",2012-02-17,0,8.875,9,8.8,8.475,8.275,8.09,7.585,7.4625,7.4575,7.465,7.55,7.625
"501",2012-02-20,0,8.875,9,8.8,8.475,8.275,8.09,7.58,7.4625,7.4575,7.465,7.5575,7.63
"502",2012-02-21,0,8.9,9,8.8,8.475,8.275,8.0725,7.5675,7.4553,7.4525,7.4625,7.5578,7.63
"503",2012-02-22,0,8.95,9,8.825,8.45,8.235,8.1375,7.6475,7.5475,7.545,7.545,7.62,7.6953
"504",2012-02-23,0,9,9.05,8.85,8.45,8.27,8.1675,7.6825,7.585,7.5828,7.59,7.6578,7.7453
"505",2012-02-24,0,8.95,9.05,8.85,8.45,8.27,8.15,7.6775,7.578,7.5728,7.5703,7.6525,7.74
"506",2012-02-27,0,8.95,9.05,8.85,8.5,8.325,8.21,7.69,7.565,7.555,7.5575,7.69,7.78
"507",2012-02-28,0,9.05,9.025,8.85,8.5,8.325,8.195,7.6775,7.55,7.545,7.5475,7.6253,7.71
"508",2012-02-29,0,9.25,9.15,8.8,8.45,8.3,8.148,7.65,7.533,7.538,7.525,7.6178,7.705
"509",2012-03-01,0,8.875,9,8.8,8.45,8.3,8.18,7.6725,7.558,7.55,7.545,7.625,7.7075
"510",2012-03-02,0,9.35,9,8.8,8.45,8.3,8.16,7.6603,7.5625,7.55,7.545,7.6303,7.715
"511",2012-03-05,0,9.25,9,8.8,8.45,8.3,8.175,7.67,7.57,7.56,7.535,7.635,7.71
"512",2012-03-06,0,9.25,9,8.8,8.45,8.275,8.16,7.6475,7.545,7.5325,7.5275,7.6203,7.6953
"513",2012-03-07,0,9.225,8.9,8.8,8.45,8.275,8.16,7.655,7.56,7.55,7.54,7.635,7.71
"514",2012-03-08,0,9.225,8.9,8.8,8.45,8.275,8.17,7.67,7.575,7.565,7.56,7.6453,7.7353
"515",2012-03-09,0,9.225,8.9,8.8,8.45,8.3,8.205,7.745,7.6503,7.645,7.65,7.7553,7.8428
"516",2012-03-12,0,9.1,8.8,8.8,8.45,8.3,8.135,7.72,7.67,7.73,7.7123,7.8125,7.9025
"517",2012-03-13,0,9,8.8,8.8,8.45,8.25,8.1025,7.7,7.68,7.7025,7.7325,7.825,7.9128
"518",2012-03-14,0,8.95,8.75,8.8,8.45,8.25,8.063,7.6825,7.6875,7.7125,7.73,7.8153,7.91
"519",2012-03-15,0,9.025,8.875,8.8,8.45,8.25,8.2103,7.775,7.775,7.785,7.8,7.8925,7.9825
"520",2012-03-16,0,9.05,8.85,8.8,8.45,8.25,8.245,7.825,7.805,7.83,7.855,7.89,8.05
"521",2012-03-19,0,9.025,8.85,8.8,8.45,8.25,8.235,7.815,7.84,7.8275,7.845,7.9353,8.0253
"522",2012-03-20,0,9,8.85,8.8,8.45,8.25,8.2275,7.8148,7.795,7.8328,7.845,7.9503,8.045
"523",2012-03-21,0,9,8.85,8.7,8.4,8.25,8.2025,7.7703,7.7525,7.7825,7.79,7.895,8.0128
"524",2012-03-22,0,9.025,8.85,8.65,8.39,8.25,8.16,7.74,7.72,7.72,7.7325,7.9,7.928
"525",2012-03-23,0,9.05,8.85,8.65,8.39,8.25,8.16,7.74,7.72,7.7253,7.7378,7.825,7.928
"526",2012-03-26,0,9.05,8.85,8.65,8.375,8.25,8.145,7.74,7.72,7.75,7.77,7.8603,7.9525
"527",2012-03-27,0,9.1,8.825,8.65,8.375,8.25,8.1485,7.745,7.7175,7.75,7.773,7.86,7.95
"528",2012-03-28,0,9.05,8.8,8.65,8.375,8.25,8.1425,7.73,7.76,7.8125,7.85,7.91,7.98
"529",2012-03-29,0,8.975,8.75,8.65,8.375,8.25,8.0898,7.7025,7.74,7.7853,7.815,7.8953,7.9775
"530",2012-03-30,0,8.6,8.425,8.3,8.15,8.075,8.0375,7.685,7.72,7.77,7.825,7.9003,7.98
"531",2012-04-02,0,8.6,8.425,8.3,8.15,8.075,8.0375,7.685,7.72,7.77,7.825,7.9003,7.98
"532",2012-04-03,0,8.525,8.45,8.325,8.175,8.1,8.045,7.7175,7.7575,7.815,7.8675,7.955,8.07
"533",2012-04-04,0,8.45,8.4,8.325,8.135,8.06,8.01,7.69,7.73,7.7775,7.835,7.9398,7.98
"534",2012-04-05,0,8.45,8.4,8.325,8.135,8.06,8.01,7.6873,7.7248,7.7748,7.8323,7.9398,7.98
"535",2012-04-06,0,8.45,8.4,8.325,8.135,8.06,8.01,7.6878,7.7248,7.7753,7.8323,7.9403,7.98
"536",2012-04-09,0,8.5,8.425,8.325,8.135,8.06,7.9875,7.655,7.6825,7.7325,7.7675,7.8703,7.9578
"537",2012-04-10,0,8.5,8.4,8.325,8.135,8.06,7.97,7.62,7.645,7.675,7.73,7.8353,7.9228
"538",2012-04-11,0,8.5,8.4,8.325,8.15,8.06,7.985,7.67,7.6875,7.755,7.7828,7.86,7.9575
"539",2012-04-12,0,8.45,8.35,8.325,8.15,8.06,7.95,7.6325,7.6575,7.6975,7.75,7.8528,7.9553
"540",2012-04-13,0,8.4,8.375,8.3,8.1,8.025,7.92,7.6025,7.6275,7.6675,7.7128,7.8075,7.9053
"541",2012-04-16,0,8.425,8.4,8.3,8.1,8.025,7.94,7.605,7.605,7.655,7.7025,7.7925,7.88
"542",2012-04-17,0,8.225,8.225,8.1,8.025,7.895,7.88,7.59,7.62,7.625,7.6625,7.755,7.8553
"543",2012-04-18,0,8.225,8.225,8.1,8.025,7.905,7.89,7.605,7.61,7.625,7.675,7.77,7.8625
"544",2012-04-19,0,8.25,8.25,8.1,8.025,7.94,7.92,7.6425,7.65,7.68,7.71,7.76,7.915
"545",2012-04-20,0,8.25,8.25,8.15,8.025,7.94,7.955,7.675,7.685,7.685,7.735,7.872,7.9703
"546",2012-04-23,0,8.25,8.25,8.15,8.025,7.94,7.965,7.6873,7.6998,7.7248,7.755,7.887,7.987
"547",2012-04-24,0,8.25,8.25,8.25,8.1,7.975,7.97,7.72,7.72,7.76,7.805,7.845,7.925
"548",2012-04-25,0,8.3,8.25,8.25,8.1,8.015,7.995,7.735,7.75,7.765,7.835,7.865,7.98
"549",2012-04-26,0,8.275,8.25,8.25,8.1,8.015,7.985,7.725,7.73,7.75,7.81,7.865,7.995
"550",2012-04-27,0,8.3,8.275,8.25,8.1,8.015,7.98,7.71,7.72,7.74,7.78,7.84,7.92
"551",2012-04-30,0,8.3,8.275,8.275,8.125,8.03,8.028,7.745,7.7525,7.775,7.8,7.87,7.96
"552",2012-05-01,0,8.3,8.3,8.275,8.125,8.03,8.03,7.75,7.76,7.77,7.78,7.84,7.96
"553",2012-05-02,0,8.3,8.3,8.275,8.125,8.06,8.04,7.7225,7.72,7.735,7.765,7.8553,7.9525
"554",2012-05-03,0,8.3,8.3,8.25,8.125,8.415,8.07,7.75,7.75,7.76,7.785,7.83,7.975
"555",2012-05-04,0,8.3,8.3,8.25,8.125,8.415,8.075,7.765,7.755,7.775,7.8,7.897,8
"556",2012-05-07,0,8.3,8.3,8.25,8.125,8.075,8.035,7.7125,7.7075,7.7175,7.7375,7.8153,7.9075
"557",2012-05-08,0,8.3,8.3,8.25,8.125,8.075,8.025,7.705,7.685,7.6925,7.71,7.81,7.8928
"558",2012-05-09,0,8.3,8.3,8.27,8.16,8.085,8.05,7.735,7.71,7.725,7.73,7.8153,7.9053
"559",2012-05-10,0,8.3,8.3,8.27,8.16,8.085,8.085,7.765,7.74,7.755,7.77,7.83,7.91
"560",2012-05-11,0,8.3,8.3,8.27,8.16,8.08,8.05,7.695,7.67,7.675,7.69,7.7978,7.8828
"561",2012-05-14,0,8.3,8.3,8.3,8.12,8.07,8.0498,7.685,7.625,7.623,7.63,7.7053,7.82
"562",2012-05-15,0,8.275,8.275,8.2,8.11,8.05,8.045,7.67,7.6025,7.59,7.5975,7.6978,7.75
"563",2012-05-16,0,8.325,8.275,8.2,8.11,8.05,8.0375,7.67,7.6075,7.605,7.61,7.6978,7.75
"564",2012-05-17,0,8.3,8.275,8.2,8.11,8.05,8.02,7.655,7.595,7.5975,7.5975,7.6725,7.745
"565",2012-05-18,0,8.3,8.25,8.2,8.11,8.05,7.99,7.6015,7.53,7.5375,7.5378,7.685,7.69
"566",2012-05-21,0,8.3,8.25,8.2,8.11,8.05,8,7.61,7.54,7.555,7.56,7.685,7.7003
"567",2012-05-22,0,8.3,8.25,8.2,8.09,8.025,8.01,7.645,7.59,7.595,7.6,7.6675,7.7278
"568",2012-05-23,0,8.3,8.25,8.2,8.09,8.025,8.03,7.6615,7.605,7.608,7.608,7.6753,7.735
"569",2012-05-24,0,8.3,8.225,8.25,8.115,8.075,8.04,7.685,7.6175,7.615,7.615,7.6775,7.7278
"570",2012-05-25,0,8.25,8.2,8.25,8.115,8.075,8.035,7.69,7.615,7.6125,7.6125,7.675,7.725
"571",2012-05-28,0,8.3,8.2,8.25,8.115,8.075,8.015,7.6678,7.63,7.6065,7.6075,7.665,7.7203
"572",2012-05-29,0,8.2,8.15,8.15,8.07,8.025,7.9735,7.665,7.6,7.5825,7.5775,7.645,7.7053
"573",2012-05-30,0,8.2,8.15,8.15,8.07,8.025,7.9465,7.6075,7.555,7.56,7.555,7.6375,7.693
"574",2012-05-31,0,8.075,8.025,7.95,7.9,7.85,7.795,7.445,7.43,7.43,7.435,7.51,7.583
"575",2012-06-01,0,7.975,7.99,7.95,7.9,7.85,7.6575,7.35,7.32,7.365,7.375,7.4075,7.4703
"576",2012-06-04,0,8,7.95,7.95,7.675,7.68,7.625,7.2975,7.275,7.2875,7.3,7.4025,7.4653
"577",2012-06-05,0,8,7.95,7.95,7.675,7.68,7.625,7.3,7.2925,7.3125,7.3225,7.405,7.4678
"578",2012-06-06,0,8,7.95,7.82,7.72,7.715,7.685,7.37,7.365,7.3925,7.4025,7.45,7.5
"579",2012-06-07,0,8,7.95,7.82,7.72,7.715,7.685,7.34,7.36,7.36,7.39,7.4225,7.4775
"580",2012-06-08,0,7.95,7.9,7.82,7.72,7.715,7.6,7.265,7.2725,7.3148,7.325,7.4125,7.475
"581",2012-06-11,0,7.925,7.85,7.77,7.66,7.675,7.575,7.26,7.255,7.315,7.33,7.4178,7.48
"582",2012-06-12,0,7.85,7.8,7.77,7.6,7.6,7.482,7.175,7.175,7.2425,7.2625,7.425,7.4528
"583",2012-06-13,0,7.85,7.8,7.66,7.55,7.5,7.4875,7.185,7.195,7.26,7.29,7.4,7.4678
"584",2012-06-14,0,7.875,7.775,7.66,7.55,7.5,7.5375,7.215,7.225,7.2775,7.3,7.4,7.465
"585",2012-06-15,0,7.875,7.76,7.75,7.65,7.62,7.605,7.26,7.255,7.31,7.275,7.425,7.4553
"586",2012-06-18,0,8.1,7.91,7.95,7.85,7.85,7.785,7.395,7.36,7.3625,7.375,7.44,7.5
"587",2012-06-19,0,8.1,8.05,7.95,7.85,7.85,7.805,7.405,7.355,7.355,7.365,7.4573,7.5128
"588",2012-06-20,0,8.15,8.11,7.95,7.85,7.85,7.86,7.46,7.42,7.4175,7.42,7.49,7.5475
"589",2012-06-21,0,8.15,8.11,8.02,7.9,7.865,7.795,7.38,7.3425,7.3425,7.35,7.485,7.5053
"590",2012-06-22,0,8.15,8.105,8.02,7.9,7.865,7.755,7.315,7.275,7.285,7.2925,7.3678,7.4253
"591",2012-06-25,0,8.15,8.09,8.02,7.9,7.74,7.74,7.285,7.24,7.255,7.255,7.3478,7.4053
"592",2012-06-26,0,8.14,8.08,8.02,7.9,7.74,7.78,7.315,7.255,7.265,7.265,7.3538,7.4138
"593",2012-06-27,0,8.14,8.085,8.02,7.9,7.74,7.79,7.33,7.265,7.275,7.285,7.3553,7.4178
"594",2012-06-28,0,8.15,8.09,8.02,7.9,7.74,7.785,7.325,7.26,7.265,7.275,7.3525,7.415
"595",2012-06-29,0,8.15,8.09,8.02,7.9,7.74,7.79,7.345,7.27,7.285,7.295,7.3728,7.4353
"596",2012-07-02,0,8.15,8.09,8.02,7.9,7.74,7.84,7.385,7.325,7.3475,7.36,7.4,7.47
"597",2012-07-03,0,8.15,8.09,8.02,7.9,7.74,7.825,7.395,7.3375,7.35,7.36,7.4,7.47
"598",2012-07-04,0,8.1,8.05,8.02,7.9,7.74,7.805,7.375,7.31,7.3325,7.35,7.3953,7.4628
"599",2012-07-05,0,8.075,8.04,8,7.875,7.825,7.765,7.365,7.3,7.318,7.32,7.3853,7.4528
"600",2012-07-06,0,8.05,7.995,8,7.875,7.81,7.73,7.3175,7.26,7.265,7.28,7.3678,7.4298
"601",2012-07-09,0,8.075,8.04,8,7.83,7.8,7.72,7.3125,7.2425,7.2525,7.2575,7.3603,7.4228
"602",2012-07-10,0,8.075,8.04,8,7.83,7.8,7.74,7.3125,7.24,7.245,7.255,7.3528,7.4153
"603",2012-07-11,0,8.05,8.015,8,7.83,7.8,7.725,7.31,7.245,7.24,7.245,7.265,7.335
"604",2012-07-12,0,7.95,7.91,7.85,7.7,7.62,7.59,7.13,7.08,7.06,7.07,7.128,7.193
"605",2012-07-13,0,8.025,7.94,7.85,7.7,7.63,7.595,7.155,7.07,7.075,7.0775,7.153,7.218
"606",2012-07-16,0,7.95,7.885,7.75,7.59,7.525,7.48,7.0665,6.984,6.9903,6.994,7.0728,7.138
"607",2012-07-17,0,7.95,7.885,7.75,7.59,7.525,7.575,7.13,7.045,7.043,7.0415,7.1003,7.1728
"608",2012-07-18,0,7.95,7.885,7.8,7.7,7.675,7.6,7.14,7.035,7.025,7.0225,7.1078,7.1703
"609",2012-07-19,0,7.95,7.925,7.8,7.7,7.675,7.66,7.205,7.098,7.083,7.095,7.1428,7.2103
"610",2012-07-20,0,7.95,7.925,7.8,7.7,7.675,7.63,7.165,7.0775,7.0635,7.07,7.1403,7.2028
"611",2012-07-23,0,7.95,7.94,7.8,7.7,7.675,7.575,7.085,6.9725,6.975,6.965,7.0228,7.0878
"612",2012-07-24,0,7.95,7.94,7.8,7.7,7.675,7.605,7.11,7.0075,7,6.9975,7.0603,7.1253
"613",2012-07-25,0,7.925,7.95,7.8,7.7,7.675,7.65,7.155,7.05,7.0425,7.055,7.06,7.13
"614",2012-07-26,0,7.925,7.95,7.8,7.7,7.675,7.63,7.165,7.06,7.0575,7.065,7.12,7.1878
"615",2012-07-27,0,7.975,7.91,7.8,7.73,7.75,7.64,7.185,7.0775,7.08,7.075,7.1253,7.1778
"616",2012-07-30,0,7.975,7.91,7.8,7.73,7.75,7.64,7.185,7.08,7.085,7.095,7.1328,7.185
"617",2012-07-31,0,8,7.985,7.88,7.78,7.77,7.73,7.27,7.1575,7.155,7.1625,7.215,7.26
"618",2012-08-01,0,8,7.975,7.88,7.78,7.77,7.76,7.275,7.159,7.1475,7.1425,7.2053,7.2503
"619",2012-08-02,0,8,7.975,7.88,7.78,7.77,7.73,7.265,7.12,7.115,7.1,7.1678,7.2128
"620",2012-08-03,0,8,7.96,7.88,7.78,7.77,7.75,7.2625,7.105,7.09,7.09,7.1575,7.2028
"621",2012-08-06,0,8,7.96,7.88,7.78,7.83,7.72,7.235,7.095,7.085,7.075,7.1503,7.1953
"622",2012-08-07,0,7.99,7.96,7.88,7.78,7.78,7.695,7.215,7.075,7.065,7.055,7.17,7.215
"623",2012-08-08,0,7.99,7.985,7.88,7.78,7.78,7.73,7.245,7.1025,7.085,7.0725,7.1528,7.1978
"624",2012-08-09,0,8.015,8.025,7.88,7.78,7.78,7.745,7.2575,7.0975,7.0775,7.0675,7.1328,7.1728
"625",2012-08-10,0,8.015,8.025,7.88,7.78,7.78,7.73,7.225,7.06,7.04,7.025,7.135,7.15
"626",2012-08-13,0,8.015,8.025,7.88,7.78,7.78,7.74,7.27,7.105,7.085,7.065,7.135,7.1753
"627",2012-08-14,0,8.04,8.035,7.88,7.78,7.78,7.8,7.323,7.165,7.135,7.1225,7.1478,7.1978
"628",2012-08-15,0,8.04,8.035,7.88,7.78,7.78,7.8,7.323,7.165,7.135,7.1225,7.1478,7.1978
"629",2012-08-16,0,8.075,8.035,7.88,7.88,7.88,7.835,7.4025,7.255,7.245,7.24,7.2653,7.3
"630",2012-08-17,0,8.075,8.025,7.88,7.88,7.88,7.84,7.3815,7.2315,7.2075,7.205,7.2503,7.2953
"631",2012-08-20,0,8.1,8.05,7.88,7.88,7.88,7.84,7.3815,7.2315,7.2075,7.205,7.2503,7.2953
"632",2012-08-21,0,8.1,8.05,7.88,7.88,7.88,7.84,7.415,7.275,7.2575,7.255,7.27,7.3
"633",2012-08-22,0,8.1,8.05,7.975,7.905,7.88,7.83,7.385,7.24,7.22,7.2128,7.25,7.29
"634",2012-08-23,0,8.1,8.05,7.975,7.905,7.88,7.805,7.38,7.2375,7.205,7.2,7.2325,7.285
"635",2012-08-24,0,8.1,8.05,7.975,7.905,7.88,7.8,7.37,7.215,7.185,7.17,7.23,7.2853
"636",2012-08-27,0,8.05,8.05,7.975,7.905,7.88,7.8,7.355,7.195,7.165,7.155,7.2278,7.2753
"637",2012-08-28,0,8.075,8.075,7.975,7.905,7.88,7.8,7.35,7.19,7.17,7.16,7.225,7.275
"638",2012-08-29,0,8.075,8.075,7.975,7.905,7.88,7.785,7.355,7.205,7.19,7.175,7.23,7.2825
"639",2012-08-30,0,8.075,8.075,7.95,7.87,7.83,7.76,7.35,7.2,7.185,7.175,7.23,7.28
"640",2012-08-31,0,8.05,8.025,7.95,7.87,7.83,7.79,7.38,7.25,7.2125,7.2125,7.23,7.34
"641",2012-09-03,0,8.05,8.05,7.95,7.87,7.83,7.805,7.36,7.23,7.21,7.2,7.23,7.26
"642",2012-09-04,0,8.05,8.05,7.95,7.915,7.89,7.785,7.38,7.25,7.21,7.19,7.255,7.3003
"643",2012-09-05,0,8.05,8.025,7.95,7.915,7.89,7.76,7.3575,7.23,7.19,7.175,7.2528,7.3075
"644",2012-09-06,0,8.05,8.015,7.95,7.915,7.89,7.75,7.35,7.23,7.1975,7.185,7.235,7.285
"645",2012-09-07,0,8.06,8.04,7.95,7.915,7.83,7.8,7.3975,7.2875,7.259,7.26,7.315,7.3675
"646",2012-09-10,0,8.065,8.045,7.95,7.915,7.83,7.77,7.375,7.2675,7.245,7.235,7.3078,7.3603
"647",2012-09-11,0,8.055,8.03,7.95,7.915,7.83,7.775,7.365,7.265,7.245,7.235,7.295,7.355
"648",2012-09-12,0,8.04,8.03,7.95,7.915,7.83,7.76,7.375,7.295,7.28,7.28,7.3075,7.365
"649",2012-09-13,0,8.04,8.015,7.95,7.915,7.815,7.75,7.3425,7.2625,7.245,7.25,7.295,7.355
"650",2012-09-14,0,8.01,7.95,7.925,7.885,7.775,7.755,7.3675,7.29,7.28,7.28,7.3153,7.365
"651",2012-09-17,0,8.06,8.025,7.925,7.775,7.775,7.73,7.3375,7.275,7.26,7.255,7.3003,7.355
"652",2012-09-18,0,8.01,7.97,7.925,7.775,7.75,7.705,7.3175,7.24,7.2275,7.225,7.2953,7.3525
"653",2012-09-19,0,8.01,7.97,7.925,7.775,7.75,7.705,7.3175,7.24,7.2275,7.225,7.2953,7.3525
"654",2012-09-20,0,8.035,8.005,7.925,7.775,7.735,7.69,7.315,7.23,7.22,7.21,7.2903,7.3475
"655",2012-09-21,0,8.06,8.01,7.925,7.775,7.75,7.705,7.31,7.225,7.22,7.215,7.29,7.3525
"656",2012-09-24,0,8.06,8.01,7.925,7.775,7.73,7.685,7.285,7.1975,7.195,7.185,7.3,7.355
"657",2012-09-25,0,8.07,8.02,7.925,7.775,7.73,7.685,7.2875,7.2,7.19,7.185,7.3,7.355
"658",2012-09-26,0,8.07,8.02,7.925,7.775,7.725,7.68,7.28,7.19,7.18,7.17,7.2378,7.2928
"659",2012-09-27,0,8.06,8,7.925,7.8,7.715,7.63,7.2275,7.1375,7.1325,7.13,7.24,7.2625
"660",2012-09-28,0,8.035,8,7.925,7.75,7.685,7.615,7.2125,7.11,7.11,7.11,7.1653,7.22
"661",2012-10-01,0,8.02,7.97,7.925,7.75,7.705,7.625,7.2,7.1,7.1,7.09,7.15,7.205
"662",2012-10-02,0,8.02,7.97,7.925,7.75,7.705,7.625,7.2,7.1,7.1,7.09,7.15,7.205
"663",2012-10-03,0,7.965,7.93,7.925,7.75,7.65,7.585,7.16,7.055,7.045,7.035,7.16,7.21
"664",2012-10-04,0,7.97,7.95,7.925,7.75,7.625,7.6,7.1725,7.06,7.035,7.025,7.16,7.21
"665",2012-10-05,0,7.97,7.95,7.875,7.78,7.65,7.615,7.19,7.07,7.055,7.045,7.16,7.18
"666",2012-10-08,0,7.96,7.915,7.925,7.75,7.625,7.6,7.17,7.095,7.07,7.03,7.13,7.17
"667",2012-10-09,0,7.95,7.93,7.925,7.75,7.625,7.58,7.17,7.055,7.03,7.01,7.13,7.185
"668",2012-10-10,0,7.98,7.96,7.925,7.775,7.675,7.62,7.185,7.07,7.055,7.035,7.085,7.14
"669",2012-10-11,0,7.98,7.96,7.925,7.775,7.675,7.625,7.195,7.08,7.065,7.055,7.1025,7.1575
"670",2012-10-12,0,7.98,7.96,7.925,7.79,7.685,7.625,7.205,7.095,7.0775,7.07,7.14,7.19
"671",2012-10-15,0,7.98,7.96,7.925,7.79,7.685,7.63,7.21,7.085,7.0675,7.06,7.125,7.183
"672",2012-10-16,0,7.98,7.965,7.925,7.79,7.695,7.63,7.2,7.085,7.065,7.06,7.125,7.175
"673",2012-10-17,0,7.975,7.955,7.875,7.79,7.675,7.61,7.17,7.065,7.0475,7.03,7.105,7.1478
"674",2012-10-18,0,7.975,7.955,7.875,7.79,7.66,7.59,7.16,7.05,7.025,7.01,7.0778,7.1303
"675",2012-10-19,0,7.975,7.955,7.875,7.79,7.645,7.605,7.1725,7.0525,7.03,7.02,7.08,7.1328
"676",2012-10-22,0,7.975,7.955,7.875,7.79,7.645,7.595,7.1715,7.0525,7.03,7.02,7.08,7.1328
"677",2012-10-23,0,7.975,7.955,7.875,7.79,7.645,7.62,7.185,7.07,7.035,7.025,7.08,7.1353
"678",2012-10-24,0,7.975,7.955,7.875,7.79,7.645,7.62,7.185,7.07,7.035,7.025,7.08,7.1353
"679",2012-10-25,0,7.965,7.945,7.875,7.775,7.635,7.6,7.185,7.065,7.03,7.02,7.08,7.135
"680",2012-10-26,0,7.965,7.945,7.875,7.775,7.635,7.6,7.185,7.065,7.03,7.02,7.08,7.135
"681",2012-10-29,0,7.89,7.87,7.875,7.775,7.635,7.6,7.18,7.06,7.04,7.03,7.08,7.125
"682",2012-10-30,0,8.07,8.055,7.945,7.89,7.75,7.73,7.29,7.16,7.13,7.12,7.165,7.215
"683",2012-10-31,0,8.07,8.055,8,7.925,7.815,7.77,7.33,7.22,7.195,7.19,7.24,7.285
"684",2012-11-01,0,8.075,8.07,8,7.925,7.815,7.77,7.33,7.22,7.195,7.19,7.24,7.285
"685",2012-11-02,0,8.075,8.07,8,7.925,7.815,7.77,7.33,7.22,7.195,7.19,7.24,7.285
"686",2012-11-05,0,8.075,8.07,8,7.925,7.815,7.77,7.33,7.23,7.205,7.195,7.24,7.285
"687",2012-11-06,0,8.075,8.07,8,7.925,7.815,7.795,7.355,7.23,7.205,7.195,7.24,7.285
"688",2012-11-07,0,8.095,8.085,8,7.925,7.815,7.8,7.355,7.245,7.22,7.23,7.295,7.3
"689",2012-11-08,0,8.095,8.085,8,7.925,7.815,7.795,7.365,7.25,7.22,7.22,7.295,7.285
"690",2012-11-09,0,8.095,8.085,8,7.925,7.815,7.795,7.37,7.265,7.25,7.24,7.295,7.335
"691",2012-11-12,0,8.09,8.085,8,7.925,7.815,7.785,7.365,7.255,7.245,7.235,7.295,7.335
"692",2012-11-13,0,8.09,8.085,8,7.925,7.815,7.785,7.36,7.255,7.24,7.23,7.295,7.37
"693",2012-11-14,0,8.09,8.085,8,7.925,7.815,7.785,7.36,7.255,7.24,7.23,7.295,7.37
"694",2012-11-15,0,8.09,8.075,8,7.925,7.815,7.715,7.295,7.205,7.185,7.185,7.27,7.28
"695",2012-11-16,0,8.09,8.075,8,7.925,7.815,7.74,7.31,7.22,7.19,7.185,7.27,7.26
"696",2012-11-19,0,8.09,8.075,8,7.925,7.815,7.76,7.325,7.235,7.225,7.21,7.27,7.36
"697",2012-11-20,0,8.09,8.075,8,7.925,7.815,7.765,7.35,7.265,7.245,7.23,7.285,7.38
"698",2012-11-21,0,8.095,8.075,8,7.925,7.815,7.795,7.36,7.275,7.26,7.25,7.33,7.4
"699",2012-11-22,0,8.095,8.075,8,7.925,7.815,7.795,7.365,7.28,7.27,7.26,7.35,7.42
"700",2012-11-23,0,8.095,8.075,8,7.925,7.815,7.805,7.37,7.28,7.275,7.28,7.335,7.405
"701",2012-11-26,0,8.095,8.075,8,7.925,7.825,7.775,7.365,7.28,7.27,7.26,7.33,7.4
"702",2012-11-27,0,8.095,8.075,8,7.925,7.825,7.755,7.35,7.265,7.255,7.25,7.33,7.4
"703",2012-11-28,0,8.095,8.075,8,7.925,7.825,7.755,7.35,7.265,7.255,7.25,7.33,7.4
"704",2012-11-29,0,8.085,8.065,8,7.925,7.825,7.74,7.325,7.235,7.225,7.215,7.28,7.35
"705",2012-11-30,0,8.085,8.065,8,7.925,7.825,7.74,7.31,7.225,7.215,7.21,7.275,7.345
"706",2012-12-03,0,8.05,8.04,8,7.925,7.825,7.73,7.305,7.215,7.2,7.19,7.265,7.335
"707",2012-12-04,0,8.055,8.04,8,7.925,7.825,7.74,7.32,7.23,7.22,7.21,7.28,7.35
"708",2012-12-05,0,8.055,8.04,8,7.925,7.825,7.75,7.32,7.23,7.22,7.21,7.275,7.345
"709",2012-12-06,0,8.05,8.02,8,7.925,7.825,7.73,7.315,7.22,7.195,7.19,7.265,7.335
"710",2012-12-07,0,8.015,7.99,7.935,7.8,7.7,7.66,7.245,7.145,7.135,7.135,7.265,7.335
"711",2012-12-10,0,8.015,7.99,7.935,7.8,7.7,7.655,7.245,7.155,7.145,7.145,7.215,7.265
"712",2012-12-11,0,8.015,7.99,7.935,7.8,7.7,7.67,7.25,7.155,7.155,7.16,7.215,7.265
"713",2012-12-12,0,8.015,7.985,7.935,7.8,7.72,7.68,7.26,7.17,7.17,7.18,7.215,7.265
"714",2012-12-13,0,8.015,7.985,7.935,7.8,7.72,7.675,7.265,7.185,7.185,7.185,7.215,7.31
"715",2012-12-14,0,8.015,7.985,7.935,7.8,7.68,7.64,7.235,7.16,7.165,7.175,7.215,7.265
"716",2012-12-17,0,7.99,7.985,7.935,7.8,7.68,7.635,7.235,7.16,7.165,7.175,7.215,7.265
"717",2012-12-18,0,8.01,7.99,7.935,7.8,7.68,7.68,7.255,7.185,7.195,7.205,7.3,7.35
"718",2012-12-19,0,8.01,8.015,7.935,7.8,7.68,7.67,7.275,7.205,7.225,7.235,7.33,7.4
"719",2012-12-20,0,8.01,8.015,7.935,7.8,7.68,7.67,7.275,7.195,7.215,7.235,7.3,7.4
"720",2012-12-21,0,8.06,8.01,7.935,7.8,7.68,7.66,7.26,7.195,7.21,7.23,7.3,7.35
"721",2012-12-24,0,8.07,8.005,7.935,7.8,7.68,7.66,7.265,7.195,7.21,7.23,7.3,7.4
"722",2012-12-25,0,8.07,8.005,7.935,7.8,7.68,7.66,7.26,7.195,7.21,7.23,7.3,7.4
"723",2012-12-26,0,8.11,8.005,7.935,7.8,7.68,7.66,7.26,7.195,7.21,7.23,7.3,7.4
"724",2012-12-27,0,8.105,8.015,7.935,7.8,7.68,7.65,7.26,7.195,7.21,7.215,7.3,7.4
"725",2012-12-28,0,8.11,8.01,7.935,7.8,7.67,7.64,7.24,7.165,7.175,7.2,7.3,7.4
"726",2012-12-31,0,8.07,7.965,7.935,7.8,7.67,7.615,7.24,7.165,7.175,7.185,7.3,7.4
"727",2013-01-01,0,8.07,7.965,7.935,7.8,7.67,7.59,7.205,7.165,7.155,7.16,7.3,7.35
"728",2013-01-02,0,8.065,7.965,7.935,7.7,7.61,7.585,7.205,7.165,7.155,7.185,7.3,7.4
"729",2013-01-03,0,8.065,7.965,7.935,7.7,7.6,7.59,7.21,7.155,7.185,7.21,7.345,7.41
"730",2013-01-04,0,8.06,7.94,7.935,7.725,7.65,7.62,7.245,7.215,7.225,7.26,7.36,7.5
"731",2013-01-07,0,8.06,7.94,7.935,7.725,7.65,7.58,7.23,7.19,7.22,7.24,7.36,7.5
"732",2013-01-08,0,7.98,7.885,7.9,7.68,7.605,7.58,7.255,7.245,7.255,7.28,7.36,7.51
"733",2013-01-09,0,7.975,7.875,7.9,7.68,7.605,7.56,7.235,7.235,7.225,7.255,7.31,7.49
"734",2013-01-10,0,7.975,7.885,7.9,7.68,7.57,7.555,7.23,7.235,7.225,7.245,7.36,7.51
"735",2013-01-11,0,7.975,7.885,7.9,7.68,7.57,7.535,7.245,7.24,7.245,7.27,7.36,7.51
"736",2013-01-14,0,7.95,7.86,7.9,7.6,7.51,7.49,7.18,7.18,7.2,7.23,7.31,7.41
"737",2013-01-15,0,7.95,7.86,7.83,7.6,7.515,7.48,7.195,7.185,7.2,7.215,7.31,7.41
"738",2013-01-16,0,7.94,7.855,7.83,7.655,7.57,7.56,7.26,7.235,7.245,7.255,7.35,7.45
"739",2013-01-17,0,7.94,7.855,7.83,7.655,7.61,7.575,7.245,7.215,7.215,7.24,7.35,7.445
"740",2013-01-18,0,7.945,7.855,7.83,7.655,7.61,7.555,7.245,7.215,7.215,7.22,7.35,7.45
"741",2013-01-21,0,7.885,7.855,7.83,7.655,7.61,7.56,7.235,7.195,7.205,7.215,7.35,7.4
"742",2013-01-22,0,7.885,7.855,7.83,7.655,7.61,7.54,7.215,7.195,7.205,7.205,7.35,7.4
"743",2013-01-23,0,7.87,7.85,7.83,7.655,7.565,7.55,7.245,7.21,7.21,7.23,7.35,7.4
"744",2013-01-24,0,7.87,7.87,7.94,7.655,7.59,7.575,7.25,7.215,7.22,7.225,7.36,7.445
"745",2013-01-25,0,7.87,7.87,7.94,7.655,7.59,7.575,7.245,7.215,7.22,7.22,7.35,7.445
"746",2013-01-28,0,7.85,7.85,7.94,7.655,7.59,7.565,7.24,7.21,7.225,7.235,7.35,7.445
"747",2013-01-29,0,7.85,7.89,7.94,7.685,7.585,7.565,7.25,7.23,7.255,7.265,7.35,7.45
"748",2013-01-30,0,7.85,7.9,7.94,7.695,7.62,7.635,7.31,7.285,7.31,7.32,7.475,7.585
"749",2013-01-31,0,7.835,8.085,7.94,7.715,7.66,7.63,7.32,7.295,7.33,7.35,7.5,7.61
"750",2013-02-01,0,7.835,8.08,7.94,7.715,7.66,7.645,7.345,7.345,7.365,7.395,7.51,7.62
"751",2013-02-04,0,7.835,8.08,7.94,7.715,7.66,7.655,7.36,7.36,7.37,7.415,7.44,7.64
"752",2013-02-05,0,7.835,8.08,7.94,7.73,7.66,7.635,7.34,7.33,7.355,7.395,7.475,7.61
"753",2013-02-06,0,7.835,8.08,7.94,7.73,7.66,7.635,7.345,7.34,7.36,7.39,7.44,7.61
"754",2013-02-07,0,7.865,8.03,7.94,7.73,7.66,7.625,7.325,7.32,7.31,7.35,7.44,7.57
"755",2013-02-08,0,7.865,8.03,7.94,7.73,7.66,7.605,7.29,7.29,7.305,7.325,7.44,7.46
"756",2013-02-11,0,7.865,8.03,7.94,7.73,7.66,7.605,7.29,7.29,7.305,7.325,7.44,7.46
"757",2013-02-12,0,7.865,8.03,7.94,7.755,7.675,7.64,7.325,7.305,7.33,7.365,7.44,7.6
"758",2013-02-13,0,7.865,8.03,7.94,7.77,7.675,7.655,7.34,7.315,7.355,7.37,7.44,7.59
"759",2013-02-14,0,7.86,8.09,7.94,7.74,7.64,7.595,7.285,7.265,7.315,7.33,7.44,7.56
"760",2013-02-15,0,7.86,8.095,7.94,7.735,7.625,7.595,7.285,7.265,7.315,7.33,7.44,7.46
"761",2013-02-18,0,7.86,8.095,7.94,7.745,7.655,7.635,7.315,7.295,7.325,7.355,7.44,7.58
"762",2013-02-19,0,7.86,8.095,7.94,7.745,7.655,7.635,7.31,7.29,7.33,7.35,7.44,7.58
"763",2013-02-20,0,7.9,8.095,7.94,7.745,7.65,7.635,7.32,7.295,7.31,7.35,7.44,7.58
"764",2013-02-21,0,7.9,8.095,7.94,7.745,7.65,7.62,7.285,7.29,7.305,7.31,7.44,7.46
"765",2013-02-22,0,7.9,8.095,7.94,7.745,7.65,7.605,7.29,7.28,7.3,7.305,7.44,7.46
"766",2013-02-25,0,7.9,8.095,7.94,7.745,7.655,7.63,7.285,7.265,7.275,7.305,7.44,7.46
"767",2013-02-26,0,7.9,8.095,7.94,7.765,7.655,7.6,7.26,7.24,7.25,7.28,7.37,7.46
"768",2013-02-27,0,7.9,8.095,7.94,7.765,7.655,7.61,7.27,7.24,7.245,7.275,7.37,7.46
"769",2013-02-28,0,8.575,8.125,7.94,7.765,7.655,7.62,7.3,7.27,7.29,7.315,7.405,7.5
"770",2013-03-01,0,8.575,8.125,7.94,7.765,7.655,7.625,7.285,7.265,7.28,7.31,7.4,7.46
"771",2013-03-04,0,8.55,8.1,7.94,7.745,7.635,7.585,7.255,7.235,7.25,7.2775,7.37,7.46
"772",2013-03-05,0,8.52,8.095,7.94,7.725,7.615,7.575,7.235,7.215,7.245,7.27,7.37,7.46
"773",2013-03-06,0,8.52,8.095,7.94,7.725,7.615,7.575,7.255,7.235,7.255,7.285,7.37,7.46
"774",2013-03-07,0,8.45,8.06,7.94,7.725,7.615,7.575,7.255,7.235,7.255,7.29,7.37,7.46
"775",2013-03-08,0,8.45,8.06,7.94,7.725,7.615,7.575,7.27,7.235,7.255,7.305,7.37,7.46
"776",2013-03-11,0,8.45,8.06,7.875,7.695,7.615,7.57,7.245,7.235,7.245,7.28,7.345,7.46
"777",2013-03-12,0,8.45,8.06,7.875,7.695,7.615,7.58,7.275,7.25,7.28,7.31,7.345,7.46
"778",2013-03-13,0,8.45,8.06,7.875,7.695,7.615,7.585,7.26,7.235,7.275,7.285,7.345,7.46
"779",2013-03-14,0,8.45,8.06,7.875,7.695,7.615,7.565,7.225,7.22,7.275,7.275,7.345,7.46
"780",2013-03-15,0,8.375,8,7.81,7.64,7.565,7.51,7.185,7.165,7.2,7.24,7.345,7.46
"781",2013-03-18,0,8.3,7.9,7.81,7.64,7.565,7.5,7.18,7.165,7.205,7.23,7.325,7.4
"782",2013-03-19,0,8.3,7.9,7.81,7.64,7.565,7.57,7.245,7.22,7.255,7.275,7.4,7.51
"783",2013-03-20,0,8.225,7.9,7.81,7.65,7.59,7.56,7.245,7.22,7.255,7.275,7.41,7.52
"784",2013-03-21,0,8.22,7.865,7.81,7.65,7.595,7.565,7.265,7.24,7.285,7.33,7.44,7.55
"785",2013-03-22,0,8.22,7.865,7.81,7.65,7.595,7.565,7.265,7.24,7.285,7.33,7.45,7.56
"786",2013-03-25,0,8.22,7.865,7.81,7.65,7.595,7.54,7.26,7.235,7.28,7.325,7.44,7.55
"787",2013-03-26,0,8.195,7.865,7.81,7.65,7.595,7.52,7.245,7.23,7.275,7.315,7.44,7.55
"788",2013-03-27,0,8.195,7.865,7.81,7.65,7.595,7.52,7.235,7.21,7.255,7.305,7.44,7.55
"789",2013-03-28,0,8.3,7.58,7.53,7.55,7.595,7.465,7.195,7.185,7.235,7.285,7.425,7.525
"790",2013-03-29,0,8.3,7.58,7.53,7.55,7.595,7.465,7.195,7.185,7.235,7.285,7.425,7.525
"791",2013-04-01,0,8.3,7.58,7.53,7.55,7.595,7.465,7.2,7.19,7.235,7.28,7.4,7.52
"792",2013-04-02,0,7.565,7.53,7.53,7.55,7.595,7.475,7.235,7.225,7.265,7.31,7.425,7.545
"793",2013-04-03,0,7.475,7.515,7.475,7.55,7.41,7.425,7.19,7.215,7.25,7.305,7.425,7.545
"794",2013-04-04,0,7.525,7.515,7.45,7.45,7.39,7.41,7.19,7.2,7.2525,7.29,7.425,7.545
"795",2013-04-05,0,7.525,7.515,7.45,7.45,7.42,7.435,7.208,7.21,7.2553,7.293,7.42,7.54
"796",2013-04-08,0,7.475,7.475,7.455,7.46,7.43,7.435,7.193,7.19,7.24,7.285,7.4,7.52
"797",2013-04-09,0,7.5,7.475,7.455,7.46,7.43,7.42,7.185,7.19,7.2425,7.275,7.385,7.505
"798",2013-04-10,0,7.5,7.475,7.455,7.46,7.43,7.43,7.185,7.175,7.23,7.2675,7.37,7.49
"799",2013-04-11,0,7.5,7.475,7.455,7.46,7.43,7.43,7.185,7.175,7.23,7.2675,7.37,7.49
"800",2013-04-12,0,7.5,7.475,7.44,7.415,7.385,7.38,7.16,7.15,7.21,7.25,7.365,7.48
"801",2013-04-15,0,7.45,7.44,7.43,7.36,7.355,7.33,7.1,7.105,7.1475,7.175,7.35,7.45
"802",2013-04-16,0,7.45,7.44,7.38,7.355,7.3,7.3,7.06,7.045,7.1,7.115,7.23,7.335
"803",2013-04-17,0,7.4,7.4,7.345,7.3,7.265,7.285,7.01,7,7.035,7.055,7.14,7.24
"804",2013-04-18,0,7.4,7.4,7.3,7.25,7.22,7.265,7.015,7,7.03,7.045,7.155,7.255
"805",2013-04-19,0,7.4,7.4,7.3,7.25,7.22,7.265,7.015,7,7.03,7.045,7.155,7.255
"806",2013-04-22,0,7.415,7.395,7.3,7.25,7.24,7.255,6.99,7,7.02,7.048,7.135,7.24
"807",2013-04-23,0,7.415,7.395,7.31,7.26,7.21,7.215,6.935,6.92,6.94,6.96,7.06,7.16
"808",2013-04-24,0,7.415,7.395,7.31,7.26,7.21,7.215,6.935,6.92,6.94,6.96,7.06,7.16
"809",2013-04-25,0,7.385,7.36,7.31,7.26,7.21,7.235,6.965,6.965,6.975,7.005,7.1,7.2
"810",2013-04-26,0,7.385,7.36,7.31,7.26,7.21,7.225,6.95,6.95,6.97,6.9875,7.075,7.18
"811",2013-04-29,0,7.385,7.36,7.31,7.26,7.21,7.215,6.94,6.935,6.9475,6.965,7.06,7.17
"812",2013-04-30,0,7.365,7.355,7.305,7.25,7.175,7.19,6.9,6.89,6.885,6.9,7.04,7.16
"813",2013-05-01,0,7.365,7.355,7.305,7.25,7.175,7.19,6.9,6.89,6.885,6.9,7.04,7.16
"814",2013-05-02,0,7.34,7.32,7.305,7.25,7.15,7.185,6.865,6.8625,6.865,6.875,6.95,7.02
"815",2013-05-03,0,7.34,7.32,7.305,7.3,7.25,7.23,6.91,6.925,6.935,6.905,7.03,7.1
"816",2013-05-06,0,7.34,7.32,7.305,7.3,7.25,7.255,6.9678,6.96,6.965,6.9678,7.05,7.13
"817",2013-05-07,0,7.34,7.32,7.305,7.3,7.25,7.26,6.975,6.958,6.975,6.98,7.065,7.145
"818",2013-05-08,0,7.355,7.32,7.305,7.3,7.25,7.27,6.98,6.97,6.99,7,7.08,7.16
"819",2013-05-09,0,7.355,7.335,7.305,7.3,7.2,7.215,6.9025,6.885,6.885,6.9025,7.075,7.12
"820",2013-05-10,0,7.355,7.335,7.305,7.305,7.21,7.18,6.85,6.85,6.8375,6.82,6.955,7.02
"821",2013-05-13,0,7.355,7.335,7.305,7.305,7.21,7.205,6.87,6.83,6.85,6.85,6.935,7.02
"822",2013-05-14,0,7.355,7.355,7.27,7.195,7.15,7.095,6.735,6.71,6.71,6.715,6.795,6.875
"823",2013-05-15,0,7.325,7.325,7.27,7.17,7.09,7.11,6.74,6.71,6.71,6.73,6.81,6.88
"824",2013-05-16,0,7.325,7.325,7.27,7.195,7.09,7.085,6.72,6.69,6.705,6.71,6.8,6.865
"825",2013-05-17,0,7.325,7.325,7.27,7.195,7.09,7.1,6.7425,6.7025,6.705,6.725,6.815,6.89
"826",2013-05-20,0,7.325,7.325,7.28,7.21,7.11,7.085,6.74,6.7,6.7,6.71,6.8,6.865
"827",2013-05-21,0,7.295,7.29,7.28,7.13,7.045,7.08,6.73,6.6975,6.7025,6.72,6.795,6.885
"828",2013-05-22,0,7.295,7.29,7.28,7.13,7.045,7.12,6.795,6.78,6.76,6.765,6.81,6.92
"829",2013-05-23,0,7.295,7.29,7.28,7.215,7.16,7.135,6.815,6.775,6.785,6.805,6.9,7
"830",2013-05-24,0,7.295,7.29,7.28,7.215,7.16,7.135,6.805,6.765,6.77,6.79,6.9,6.94
"831",2013-05-27,0,7.295,7.29,7.28,7.215,7.16,7.11,6.8,6.76,6.765,6.78,6.9,7
"832",2013-05-28,0,7.295,7.29,7.28,7.215,7.16,7.125,6.85,6.815,6.825,6.845,6.95,7
"833",2013-05-29,0,7.295,7.29,7.28,7.26,7.19,7.155,6.895,6.87,6.885,6.905,7.0475,7.08
"834",2013-05-30,0,7.295,7.29,7.28,7.26,7.19,7.13,6.87,6.85,6.86,6.88,6.98,7.08
"835",2013-05-31,0,7.35,7.335,7.28,7.305,7.22,7.21,6.965,6.95,6.965,6.975,7.07,7.17
"836",2013-06-03,0,7.35,7.335,7.28,7.305,7.22,7.195,6.965,6.945,6.965,6.99,7.07,7.17
"837",2013-06-04,0,7.345,7.325,7.28,7.3,7.19,7.155,6.9,6.87,6.885,6.905,6.98,7.06
"838",2013-06-05,0,7.335,7.325,7.28,7.3,7.19,7.17,6.91,6.88,6.9,6.925,7.04,7.08
"839",2013-06-06,0,7.335,7.325,7.28,7.3,7.19,7.17,6.905,6.88,6.895,6.915,7.04,7.07
"840",2013-06-07,0,7.335,7.325,7.28,7.3,7.19,7.19,6.945,6.915,6.935,6.955,7.05,7.16
"841",2013-06-10,0,7.335,7.325,7.3,7.31,7.23,7.26,7.06,7.03,7.02,7.08,7.135,7.235
"842",2013-06-11,0,7.335,7.325,7.3,7.325,7.29,7.295,7.075,7.06,7.095,7.12,7.205,7.3
"843",2013-06-12,0,7.335,7.33,7.3,7.325,7.29,7.295,7.095,7.08,7.115,7.14,7.21,7.3
"844",2013-06-13,0,7.335,7.33,7.3,7.3,7.27,7.28,7.075,7.045,7.07,7.09,7.2,7.3
"845",2013-06-14,0,7.35,7.33,7.3,7.3,7.27,7.22,7.015,6.99,7.015,7.03,7.15,7.185
"846",2013-06-17,0,7.36,7.35,7.3,7.3,7.27,7.2,6.96,6.96,6.995,7.01,7.11,7.22
"847",2013-06-18,0,7.36,7.35,7.3,7.3,7.27,7.22,6.97,6.955,7,7.03,7.14,7.25
"848",2013-06-19,0,7.36,7.35,7.3,7.3,7.27,7.22,6.97,6.955,7,7.03,7.14,7.25
"849",2013-06-20,0,7.36,7.35,7.3,7.3,7.27,7.46,7.3,7.29,7.36,7.405,7.5825,7.55
"850",2013-06-21,0,7.36,7.35,7.4,7.43,7.44,7.455,7.29,7.32,7.37,7.41,7.53,7.65
"851",2013-06-24,0,7.36,7.36,7.425,7.46,7.48,7.505,7.4,7.43,7.53,7.585,7.74,7.77
"852",2013-06-25,0,7.36,7.36,7.425,7.45,7.45,7.43,7.335,7.375,7.425,7.485,7.555,7.655
"853",2013-06-26,0,7.38,7.41,7.425,7.38,7.4,7.525,7.415,7.445,7.525,7.575,7.7025,7.8025
"854",2013-06-27,0,7.42,7.46,7.45,7.59,7.575,7.61,7.5,7.54,7.605,7.65,7.75,7.85
"855",2013-06-28,0,7.4,7.41,7.41,7.44,7.49,7.535,7.41,7.455,7.495,7.55,7.7,7.8
"856",2013-07-01,0,7.4,7.41,7.41,7.44,7.49,7.505,7.38,7.42,7.475,7.55,7.7,7.8
"857",2013-07-02,1,7.4,7.41,7.41,7.44,7.49,7.52,7.415,7.44,7.51,7.555,7.75,7.8
"858",2013-07-03,1,7.425,7.43,7.41,7.44,7.49,7.605,7.49,7.545,7.58,7.67,7.75,7.85
"859",2013-07-04,1,7.35,7.3,7.28,7.36,7.4,7.43,7.405,7.46,7.52,7.575,7.7,7.85
"860",2013-07-05,1,7.115,7.275,7.28,7.36,7.4,7.43,7.51,7.59,7.66,7.7,7.875,8.03
"861",2013-07-08,1,7.115,7.275,7.28,7.36,7.4,7.575,7.56,7.635,7.725,7.805,7.865,8.05
"862",2013-07-09,1,7.2,7.33,7.28,7.36,7.4,7.52,7.46,7.565,7.64,7.71,7.865,8.05
"863",2013-07-10,1,7.2,7.33,7.28,7.36,7.4,7.52,7.405,7.48,7.58,7.655,7.75,7.8975
"864",2013-07-11,1,7.31,7.34,7.305,7.36,7.4,7.45,7.36,7.495,7.5,7.56,7.765,7.8825
"865",2013-07-12,1,7.315,7.315,7.37,7.44,7.455,7.57,7.46,7.51,7.57,7.625,7.75,7.9
"866",2013-07-15,1,7.38,7.4,7.37,7.44,7.455,7.62,7.55,7.57,7.63,7.72,7.75,7.85
"867",2013-07-16,1,10.05,9.95,9.6,9.2,8.95,8.8,8.35,8.3,8.335,8.25,8.24,8.395
"868",2013-07-17,1,9.975,9.9,9.7,9.125,8.95,8.75,8.3,8.235,8.22,8.2,8.26,8.41
"869",2013-07-18,0,9.475,9.475,9.5,9.125,8.765,8.635,8.125,8.1,8.1,8.105,8.055,8.105
"870",2013-07-19,0,9.5,9.45,9.25,9,8.765,8.62,8.24,8.105,8.1,8.1,8.15,8.4
"871",2013-07-22,0,9.475,9.425,9.25,9,8.765,8.785,8.18,8.105,8.15,8.15,8.275,8.425
"872",2013-07-23,0,9.85,9.75,9.65,9,8.765,8.755,8.345,8.295,8.275,8.29,8.25,8.45
"873",2013-07-24,1,11.075,11.1,10.4,9.75,9.55,9.5,8.68,8.55,8.53,8.47,8.54,8.62
"874",2013-07-25,1,11.2,11.225,10.61,10,9.65,9.33,8.55,8.45,8.35,8.3,8.4,8.53
"875",2013-07-26,1,11.15,11.1,10.61,10,9.65,9.295,8.55,8.45,8.35,8.3,8.4,8.475
"876",2013-07-29,1,10.8,10.7,10.61,9.75,9.55,9.27,8.545,8.39,8.39,8.3,8.45,8.47
"877",2013-07-30,1,10.9,10.85,10.61,9.875,9.72,9.51,8.7,8.53,8.45,8.4,8.45,8.55
"878",2013-07-31,1,10.825,10.9,10.75,10.2,9.8,9.53,8.775,8.6,8.505,8.49,8.55,8.585
"879",2013-08-01,1,10.875,10.7,10.75,10.2,9.8,9.39,8.675,8.6,8.5,8.425,8.445,8.6
"880",2013-08-02,1,10.65,10.575,10.75,9.75,9.6,9.415,8.665,8.495,8.46,8.425,8.55,8.56
"881",2013-08-05,0,10.4,10.425,10.35,9.65,9.4,9.16,8.525,8.415,8.4,8.38,8.42,8.54
"882",2013-08-06,0,10.5,10.5,10.35,9.7,9.45,9.245,8.65,8.53,8.49,8.49,8.48,8.53
"883",2013-08-07,0,10.45,10.45,10.35,9.7,9.45,9.275,8.64,8.53,8.5,8.45,8.4865,8.525
"884",2013-08-08,0,10.4,10.45,10.35,9.7,9.45,9.24,8.59,8.47,8.44,8.39,8.6,8.65
"885",2013-08-09,0,10.4,10.45,10.35,9.7,9.45,9.26,8.59,8.47,8.44,8.44,8.6,8.65
"886",2013-08-12,0,10.9,11.075,10.75,10.1,9.8,9.62,8.9,8.63,8.645,8.5,8.65,8.7
"887",2013-08-13,0,11.125,11.1,10.7,10.125,9.825,9.67,8.88,8.67,8.65,8.6,8.75,8.85
"888",2013-08-14,0,11.125,11.1,10.7,10.125,9.825,9.6,8.9,8.73,8.69,8.67,8.87,8.91
"889",2013-08-15,0,11.125,11.1,10.7,10.125,9.825,9.62,8.9,8.73,8.69,8.67,8.87,8.91
"890",2013-08-16,0,11.45,11.15,10.7,10.125,9.825,9.925,9.15,8.97,8.945,8.915,8.62,8.68
"891",2013-08-19,1,11.475,11.4,10.7,10.125,9.825,10.15,9.375,9.225,9.195,9.145,9.21,9.29
"892",2013-08-20,0,11.45,11.375,11,10.575,10.275,10,9.19,9.025,9,8.975,8.95,9
"893",2013-08-21,0,10.8,10.4,10.6,10.15,9.75,9.665,8.885,8.745,8.685,8.64,8.65,8.715
"894",2013-08-22,0,10.75,10.6,10.55,10.25,9.95,9.62,8.85,8.71,8.69,8.64,8.62,8.67
"895",2013-08-23,0,10.525,10.525,10.4,10.05,9.72,9.555,8.76,8.61,8.6,8.5,8.5,8.55
"896",2013-08-26,0,10.685,10.675,10.4,10.05,9.72,9.53,8.76,8.605,8.555,8.48,8.575,8.54
"897",2013-08-27,0,10.8,10.8,10.65,10.2,9.9,9.87,9.11,8.92,8.85,8.8,8.82,8.86
"898",2013-08-28,1,10.9,10.875,10.9,10.67,10.42,10.175,9.35,9.225,9.1,9.05,9.1075,9.12
"899",2013-08-29,1,10.75,10.75,10.9,10.67,10.17,9.795,9.03,8.835,8.775,8.725,8.72,8.76
"900",2013-08-30,1,10.7,10.6,10.9,10.67,10.17,9.6,8.81,8.75,8.61,8.55,8.6,8.61
"901",2013-09-02,0,10.65,10.6,10.6,10.1,9.75,9.61,8.785,8.65,8.59,8.535,8.57,8.61
"902",2013-09-03,0,10.65,10.6,10.675,10.15,9.9,9.65,8.89,8.735,8.685,8.645,8.7175,8.78
"903",2013-09-04,0,10.575,10.575,10.35,10.05,9.65,9.5,8.795,8.635,8.605,8.555,8.58,8.62
"904",2013-09-05,0,10.45,10.325,10.1,9.8,9.35,9.335,8.6,8.45,8.445,8.4,8.46,8.485
"905",2013-09-06,0,10.35,10.3,10.1,9.8,9.35,9.28,8.57,8.445,8.44,8.4,8.4,8.48
"906",2013-09-09,0,10.35,10.3,10.1,9.8,9.35,9.25,8.57,8.445,8.44,8.4,8.4,8.48
"907",2013-09-10,0,10.35,10.2,9.85,9.55,9.25,9.1,8.49,8.36,8.365,8.3,8.36,8.485
"908",2013-09-11,0,10.275,10.275,9.95,9.6,9.32,9.125,8.52,8.385,8.35,8.32,8.34,8.38
"909",2013-09-12,0,10.5,10.25,10.125,9.6,9.32,9.28,8.54,8.41,8.37,8.35,8.42,8.46
"910",2013-09-13,0,10.25,10.225,10.175,9.6,9.32,9.21,8.58,8.53,8.49,8.38,8.4,8.44
"911",2013-09-16,0,10.2,10.15,10.175,9.65,9.25,9.2,8.54,8.405,8.395,8.335,8.37,8.41
"912",2013-09-17,0,10.2,10.125,9.875,9.6,9.35,9.155,8.51,8.385,8.345,8.315,8.35,8.39
"913",2013-09-18,0,10.03,9.98,9.875,9.6,9.35,9.145,8.5,8.38,8.345,8.315,8.35,8.39
"914",2013-09-19,0,9.6,9.6,9.71,9.5,9.25,8.75,8.15,8.07,8.12,8.1,8.1,8.15
"915",2013-09-20,0,9.3,9.3,9.37,9.12,8.92,8.8,8.32,8.34,8.32,8.335,8.32,8.35
"916",2013-09-23,0,9.55,9.4,9.2,9.05,8.95,8.85,8.43,8.41,8.43,8.45,8.47,8.51
"917",2013-09-24,0,9.55,9.25,9.2,9.05,8.95,8.84,8.4,8.375,8.35,8.395,8.43,8.47
"918",2013-09-25,0,9.55,9.35,9.2,9.05,8.95,8.79,8.43,8.365,8.375,8.39,8.41,8.45
"919",2013-09-26,0,9.525,9.35,9.2,9.05,8.95,8.77,8.43,8.355,8.37,8.385,8.4,8.335
"920",2013-09-27,0,9.55,9.35,9.2,8.95,8.85,8.77,8.36,8.35,8.37,8.39,8.41,8.45
"921",2013-09-30,0,9.475,9.3,9.2,8.95,8.85,8.72,8.36,8.35,8.365,8.385,8.4,8.44
"922",2013-10-01,0,9.3,9.15,9.2,8.95,8.85,8.765,8.365,8.345,8.365,8.375,8.4,8.44
"923",2013-10-02,0,9.3,9.15,9.2,8.95,8.85,8.73,8.365,8.345,8.365,8.375,8.4,8.44
"924",2013-10-03,0,9.35,9.1,9,8.75,8.7,8.69,8.3,8.29,8.3,8.31,8.34,8.38
"925",2013-10-04,0,9.2,9.135,9,8.75,8.7,8.645,8.255,8.23,8.25,8.255,8.285,8.335
"926",2013-10-07,0,9.2,9.135,9.075,8.87,8.74,8.68,8.28,8.25,8.26,8.265,8.29,8.35
"927",2013-10-08,0,8.775,8.7,8.55,8.5,8.5,8.41,8.1,8.105,8.105,8.12,8.15,8.2
"928",2013-10-09,0,8.775,8.65,8.45,8.4,8.375,8.395,8.07,8.065,8.095,8.11,8.15,8.2
"929",2013-10-10,0,8.775,8.65,8.45,8.4,8.375,8.395,8.12,8.075,8.11,8.165,8.155,8.205
"930",2013-10-11,0,8.775,8.6,8.55,8.45,8.45,8.375,8.04,8.055,8.07,8.09,8.14,8.19
"931",2013-10-14,0,8.75,8.59,8.55,8.5,8.485,8.435,8.095,8.12,8.13,8.145,8.18,8.22
"932",2013-10-15,0,8.75,8.665,8.6,8.57,8.54,8.505,8.17,8.185,8.205,8.225,8.21,8.27
"933",2013-10-16,0,8.75,8.665,8.6,8.57,8.54,8.51,8.17,8.185,8.205,8.225,8.21,8.27
"934",2013-10-17,0,8.75,8.75,8.65,8.6,8.5,8.495,8.18,8.165,8.2,8.22,8.21,8.28
"935",2013-10-18,0,8.7,8.7,8.65,8.6,8.5,8.52,8.18,8.18,8.21,8.225,8.265,8.31
"936",2013-10-21,0,8.7,8.6,8.65,8.6,8.5,8.455,8.18,8.19,8.21,8.23,8.27,8.32
"937",2013-10-22,0,8.675,8.625,8.55,8.5,8.5,8.44,8.185,8.2,8.21,8.245,8.265,8.3
"938",2013-10-23,0,8.65,8.6,8.5,8.425,8.425,8.42,8.175,8.185,8.21,8.24,8.27,8.31
"939",2013-10-24,0,8.65,8.6,8.5,8.425,8.425,8.43,8.175,8.195,8.215,8.245,8.27,8.31
"940",2013-10-25,0,8.575,8.55,8.5,8.425,8.425,8.42,8.16,8.185,8.21,8.23,8.245,8.295
"941",2013-10-28,0,8.525,8.525,8.52,8.43,8.425,8.435,8.17,8.2,8.22,8.24,8.31,8.37
"942",2013-10-29,0,8.75,8.55,8.45,8.475,8.475,8.42,8.19,8.2,8.2,8.26,8.29,8.33
"943",2013-10-30,0,8.55,8.5,8.42,8.475,8.475,8.39,8.16,8.19,8.225,8.26,8.27,8.31
"944",2013-10-31,0,8.525,8.5,8.42,8.475,8.475,8.385,8.14,8.15,8.2,8.2,8.275,8.315
"945",2013-11-01,0,8.325,8.38,8.42,8.46,8.5,8.425,8.165,8.175,8.225,8.255,8.32,8.36
"946",2013-11-04,0,8.325,8.38,8.42,8.46,8.5,8.44,8.165,8.175,8.225,8.255,8.32,8.36
"947",2013-11-05,0,8.325,8.38,8.42,8.46,8.5,8.42,8.18,8.205,8.225,8.255,8.35,8.35
"948",2013-11-06,0,8.375,8.4,8.42,8.525,8.5,8.43,8.24,8.25,8.29,8.325,8.35,8.4
"949",2013-11-07,0,8.45,8.44,8.35,8.5,8.5,8.47,8.26,8.26,8.3,8.36,8.35,8.4
"950",2013-11-08,0,8.45,8.45,8.35,8.5,8.5,8.48,8.26,8.305,8.34,8.375,8.42,8.47
"951",2013-11-11,0,8.55,8.55,8.6,8.57,8.575,8.6,8.375,8.4,8.42,8.475,8.49,8.54
"952",2013-11-12,0,8.65,8.55,8.6,8.57,8.575,8.705,8.44,8.47,8.51,8.56,8.6,8.65
"953",2013-11-13,0,8.6,8.55,8.5,8.5,8.55,8.595,8.37,8.37,8.4,8.45,8.55,8.6
"954",2013-11-14,0,8.6,8.625,8.5,8.5,8.55,8.625,8.345,8.38,8.4,8.45,8.6,8.65
"955",2013-11-15,0,8.6,8.625,8.5,8.5,8.55,8.58,8.345,8.38,8.4,8.45,8.6,8.65
"956",2013-11-18,0,8.6,8.625,8.5,8.5,8.55,8.61,8.345,8.38,8.4,8.45,8.6,8.605
"957",2013-11-19,0,8.6,8.55,8.5,8.5,8.55,8.57,8.345,8.36,8.4,8.445,8.5,8.55
"958",2013-11-20,0,8.6,8.6,8.55,8.55,8.6,8.62,8.36,8.37,8.435,8.475,8.53,8.58
"959",2013-11-21,0,8.65,8.6,8.65,8.65,8.75,8.645,8.395,8.415,8.495,8.52,8.575,8.625
"960",2013-11-22,0,8.65,8.6,8.65,8.65,8.75,8.63,8.395,8.415,8.49,8.53,8.585,8.635
"961",2013-11-25,0,8.63,8.63,8.575,8.625,8.75,8.58,8.37,8.395,8.45,8.505,8.57,8.62
"962",2013-11-26,0,8.57,8.57,8.575,8.6,8.55,8.56,8.33,8.36,8.41,8.47,8.525,8.57
"963",2013-11-27,0,8.525,8.525,8.5,8.575,8.5,8.51,8.3,8.32,8.38,8.43,8.48,8.55
"964",2013-11-28,0,8.54,8.54,8.5,8.575,8.5,8.51,8.3,8.32,8.38,8.415,8.48,8.55
"965",2013-11-29,0,8.435,8.435,8.5,8.55,8.51,8.48,8.24,8.26,8.34,8.38,8.43,8.49
"966",2013-12-02,0,8.4,8.4,8.29,8.39,8.4,8.41,8.2,8.22,8.31,8.35,8.4,8.46
"967",2013-12-03,0,8.4,8.4,8.3,8.4,8.41,8.41,8.2,8.22,8.31,8.35,8.4,8.46
"968",2013-12-04,0,8.24,8.24,8.3,8.38,8.405,8.4,8.2,8.23,8.34,8.375,8.43,8.5
"969",2013-12-05,0,8.2,8.2,8.25,8.34,8.35,8.36,8.18,8.21,8.29,8.365,8.42,8.49
"970",2013-12-06,0,8.335,8.335,8.3,8.4,8.415,8.42,8.22,8.25,8.3,8.38,8.43,8.49
"971",2013-12-09,0,8.35,8.35,8.3,8.43,8.44,8.45,8.26,8.29,8.35,8.43,8.48,8.59
"972",2013-12-10,0,8.35,8.35,8.3,8.5,8.48,8.45,8.24,8.27,8.37,8.45,8.5,8.56
"973",2013-12-11,0,8.35,8.35,8.3,8.5,8.48,8.45,8.24,8.27,8.37,8.46,8.5,8.56
"974",2013-12-12,0,8.32,8.32,8.3,8.43,8.46,8.45,8.24,8.29,8.38,8.48,8.53,8.63
"975",2013-12-13,0,8.245,8.265,8.4,8.55,8.555,8.57,8.31,8.38,8.42,8.54,8.62,8.715
"976",2013-12-16,0,8.065,8.085,8.4,8.5,8.54,8.54,8.32,8.39,8.42,8.54,8.62,8.675
"977",2013-12-17,0,8.14,8.16,8.4,8.6,8.56,8.52,8.31,8.34,8.45,8.52,8.6,8.7
"978",2013-12-18,0,8.21,8.22,8.28,8.48,8.47,8.46,8.25,8.285,8.395,8.47,8.535,8.6
"979",2013-12-19,0,8.02,8.04,8.3,8.45,8.43,8.41,8.21,8.24,8.36,8.43,8.51,8.56
"980",2013-12-20,0,8.16,8.12,8.3,8.45,8.43,8.41,8.21,8.24,8.36,8.43,8.51,8.56
"981",2013-12-23,0,8.2,8.21,8.3,8.45,8.43,8.41,8.21,8.24,8.36,8.43,8.51,8.56
"982",2013-12-24,0,8.26,8.28,8.3,8.45,8.43,8.41,8.21,8.24,8.36,8.43,8.51,8.56
"983",2013-12-25,0,8.26,8.28,8.3,8.45,8.43,8.41,8.21,8.24,8.36,8.43,8.51,8.56
"984",2013-12-26,0,8.285,8.285,8.35,8.5,8.475,8.45,8.25,8.28,8.4,8.47,8.55,8.6
"985",2013-12-27,0,8.265,8.265,8.35,8.5,8.475,8.45,8.25,8.28,8.4,8.47,8.55,8.6
"986",2013-12-30,0,8.475,8.415,8.35,8.5,8.475,8.45,8.25,8.28,8.4,8.47,8.55,8.65
"987",2013-12-31,0,8.425,8.4,8.6,8.55,8.49,8.48,8.28,8.3,8.43,8.5,8.63,8.77
"988",2014-01-01,0,8.295,8.315,8.6,8.55,8.48,8.48,8.28,8.28,8.42,8.495,8.625,8.76
"989",2014-01-02,0,8.24,8.26,8.5,8.38,8.4,8.41,8.2,8.23,8.37,8.44,8.52,8.57
"990",2014-01-03,0,8.125,8.195,8.5,8.38,8.4,8.41,8.2,8.23,8.37,8.44,8.52,8.57
"991",2014-01-06,0,8.18,8.2,8.5,8.38,8.375,8.36,8.15,8.18,8.29,8.36,8.44,8.47
"992",2014-01-07,0,8.17,8.22,8.6,8.45,8.42,8.38,8.175,8.205,8.305,8.375,8.48,8.53
"993",2014-01-08,0,8.17,8.225,8.6,8.45,8.405,8.35,8.16,8.195,8.285,8.355,8.455,8.505
"994",2014-01-09,0,8.33,8.315,8.6,8.45,8.428,8.37,8.15,8.19,8.27,8.34,8.42,8.45
"995",2014-01-10,0,8.12,8.17,8.6,8.45,8.425,8.355,8.14,8.17,8.26,8.33,8.4325,8.4825
"996",2014-01-13,0,8.175,8.225,8.63,8.33,8.363,8.29,8.06,8.09,8.18,8.25,8.33,8.36
"997",2014-01-14,0,8.175,8.225,8.63,8.33,8.363,8.29,8.06,8.09,8.18,8.25,8.33,8.36
"998",2014-01-15,0,8.3,8.3,8.6,8.33,8.335,8.25,7.99,8.01,8.08,8.14,8.22,8.295
"999",2014-01-16,0,8.24,8.23,8.6,8.33,8.345,8.265,8.005,8.025,8.095,8.155,8.235,8.3025
"1000",2014-01-17,0,8.25,8.24,8.6,8.33,8.365,8.285,8.025,8.045,8.135,8.195,8.275,8.295
"1001",2014-01-20,0,8.225,8.15,8.48,8.23,8.255,8.2,7.96,7.98,8.05,8.11,8.19,8.21
"1002",2014-01-21,0,8.12,8.2,8.45,8.18,8.16,8.17,7.97,7.99,8.06,8.12,8.2,8.27
"1003",2014-01-22,0,8.2,8.19,8.5,8.3,8.338,8.39,8.13,8.15,8.18,8.24,8.32,8.385
"1004",2014-01-23,0,8.105,8.19,8.5,8.3,8.34,8.385,8.105,8.085,8.13,8.19,8.27,8.34
"1005",2014-01-24,0,8.23,8.22,8.5,8.3,8.343,8.39,8.16,8.16,8.21,8.27,8.37,8.46
"1006",2014-01-27,0,8.28,8.27,8.5,8.35,8.398,8.45,8.19,8.19,8.23,8.29,8.37,8.5
"1007",2014-01-28,0,8.285,8.41,8.68,8.58,8.565,8.55,8.27,8.24,8.29,8.35,8.43,8.45
"1008",2014-01-29,0,8.39,8.38,8.7,8.575,8.583,8.59,8.29,8.26,8.28,8.34,8.42,8.47
"1009",2014-01-30,0,8.48,8.47,8.73,8.65,8.685,8.72,8.42,8.4,8.42,8.46,8.54,8.59
"1010",2014-01-31,0,8.385,8.84,8.73,8.65,8.685,8.72,8.42,8.4,8.42,8.46,8.54,8.54
"1011",2014-02-03,0,8.47,8.82,8.7,8.67,8.7,8.7,8.42,8.4,8.43,8.47,8.55,8.57
"1012",2014-02-04,0,8.34,8.82,8.7,8.67,8.678,8.66,8.38,8.37,8.38,8.42,8.5,8.52
"1013",2014-02-05,0,8.395,8.885,8.7,8.67,8.668,8.64,8.36,8.35,8.36,8.4,8.48,8.5
"1014",2014-02-06,0,8.5,8.9,8.7,8.67,8.658,8.62,8.32,8.31,8.36,8.4,8.48,8.5
"1015",2014-02-07,0,8.5,8.9,8.74,8.57,8.61,8.65,8.36,8.35,8.39,8.43,8.51,8.53
"1016",2014-02-10,0,8.5,8.9,8.76,8.585,8.61,8.635,8.335,8.325,8.345,8.385,8.465,8.485
"1017",2014-02-11,0,8.52,8.92,8.77,8.585,8.613,8.655,8.365,8.355,8.385,8.425,8.49,8.53
"1018",2014-02-12,0,8.46,8.885,8.76,8.575,8.615,8.655,8.375,8.365,8.405,8.435,8.515,8.535
"1019",2014-02-13,0,8.5,8.95,8.75,8.605,8.64,8.675,8.405,8.385,8.465,8.505,8.585,8.605
"1020",2014-02-14,0,8.505,8.955,8.8,8.66,8.673,8.685,8.405,8.385,8.455,8.515,8.595,8.615
"1021",2014-02-17,0,8.52,8.97,8.77,8.61,8.65,8.69,8.395,8.39,8.44,8.49,8.57,8.605
"1022",2014-02-18,0,8.33,8.82,8.75,8.61,8.625,8.64,8.34,8.33,8.4,8.45,8.53,8.55
"1023",2014-02-19,0,8.33,8.82,8.75,8.61,8.625,8.64,8.34,8.33,8.4,8.45,8.53,8.55
"1024",2014-02-20,0,8.35,8.84,8.73,8.59,8.61,8.62,8.34,8.33,8.41,8.46,8.54,8.56
"1025",2014-02-21,0,8.425,8.81,8.7,8.58,8.615,8.64,8.34,8.33,8.43,8.49,8.57,8.59
"1026",2014-02-24,0,8.37,8.86,8.7,8.62,8.645,8.66,8.41,8.41,8.51,8.56,8.64,8.705
"1027",2014-02-25,0,8.39,8.86,8.7,8.62,8.66,8.69,8.41,8.41,8.52,8.57,8.65,8.72
"1028",2014-02-26,0,8.41,8.9,8.72,8.64,8.675,8.71,8.46,8.465,8.565,8.625,8.72,8.76
"1029",2014-02-27,0,8.45,8.9,8.72,8.64,8.675,8.71,8.45,8.46,8.57,8.61,8.69,8.76
"1030",2014-02-28,0,9.53,8.88,8.72,8.64,8.66,8.68,8.42,8.43,8.52,8.58,8.66,8.725
"1031",2014-03-03,0,9.52,8.89,8.72,8.64,8.665,8.69,8.43,8.44,8.54,8.61,8.69,8.76
"1032",2014-03-04,0,9.4,8.85,8.75,8.65,8.648,8.67,8.41,8.42,8.51,8.58,8.66,8.725
"1033",2014-03-05,0,9.435,8.84,8.75,8.65,8.64,8.655,8.395,8.405,8.49,8.55,8.6475,8.73
"1034",2014-03-06,0,9.5,8.8,8.75,8.65,8.635,8.635,8.375,8.385,8.475,8.535,8.615,8.635
"1035",2014-03-07,0,9.05,8.875,8.75,8.65,8.64,8.645,8.385,8.395,8.485,8.545,8.625,8.6925
"1036",2014-03-10,0,9.42,8.86,8.75,8.65,8.653,8.67,8.4,8.41,8.5,8.56,8.64,8.66
"1037",2014-03-11,0,9.5,8.83,8.75,8.65,8.638,8.64,8.37,8.38,8.47,8.53,8.61,8.63
"1038",2014-03-12,0,9.55,8.95,8.75,8.65,8.625,8.615,8.335,8.345,8.425,8.485,8.565,8.585
"1039",2014-03-13,0,9.585,8.925,8.6,8.5,8.558,8.63,8.34,8.35,8.41,8.47,8.55,8.57
"1040",2014-03-14,0,9.52,8.85,8.7,8.6,8.613,8.64,8.35,8.36,8.42,8.48,8.56,8.63
"1041",2014-03-17,0,9.52,8.85,8.7,8.6,8.613,8.64,8.35,8.36,8.42,8.48,8.56,8.63
"1042",2014-03-18,0,9.5,8.83,8.7,8.6,8.608,8.63,8.34,8.35,8.41,8.47,8.55,8.62
"1043",2014-03-19,0,9.54,8.92,8.7,8.6,8.608,8.63,8.34,8.35,8.41,8.47,8.55,8.62
"1044",2014-03-20,0,9.5,8.83,8.7,8.6,8.623,8.66,8.38,8.39,8.48,8.54,8.62,8.69
"1045",2014-03-21,0,9.25,8.8,8.7,8.6,8.623,8.66,8.38,8.39,8.48,8.54,8.62,8.69
"1046",2014-03-24,0,9.32,8.785,8.7,8.6,8.61,8.635,8.365,8.375,8.475,8.535,8.615,8.685
"1047",2014-03-25,0,9.4,8.8,8.68,8.58,8.605,8.625,8.375,8.395,8.475,8.535,8.615,8.6825
"1048",2014-03-26,0,9.465,8.795,8.68,8.58,8.6,8.615,8.355,8.375,8.465,8.525,8.605,8.625
"1049",2014-03-27,0,9.445,8.775,8.57,8.55,8.55,8.575,8.335,8.355,8.455,8.515,8.595,8.615
"1050",2014-03-28,0,9.2,8.25,8.35,8.43,8.5,8.545,8.315,8.335,8.465,8.525,8.605,8.625
"1051",2014-03-31,0,9.2,8.25,8.35,8.43,8.5,8.545,8.31,8.33,8.46,8.52,8.61,8.6675
"1052",2014-04-01,0,9.2,8.25,8.35,8.43,8.5,8.545,8.31,8.33,8.46,8.52,8.61,8.6675
"1053",2014-04-02,0,8.29,8.39,8.45,8.5,8.565,8.625,8.415,8.435,8.57,8.63,8.7275,8.81
"1054",2014-04-03,0,8.275,8.325,8.45,8.51,8.56,8.635,8.43,8.45,8.58,8.64,8.7375,8.82
"1055",2014-04-04,0,8.275,8.325,8.45,8.51,8.56,8.635,8.43,8.455,8.59,8.65,8.7475,8.83
"1056",2014-04-07,0,8.275,8.315,8.45,8.51,8.58,8.655,8.405,8.435,8.565,8.665,8.7225,8.7925
"1057",2014-04-08,0,8.275,8.315,8.45,8.51,8.58,8.605,8.405,8.435,8.565,8.625,8.7225,8.7925
"1058",2014-04-09,0,8.225,8.275,8.37,8.45,8.55,8.645,8.435,8.455,8.595,8.655,8.6875,8.705
"1059",2014-04-10,0,8.29,8.33,8.37,8.45,8.52,8.605,8.385,8.405,8.525,8.585,8.665,8.685
"1060",2014-04-11,0,8.2375,8.235,8.37,8.45,8.5,8.565,8.345,8.365,8.485,8.545,8.625,8.645
"1061",2014-04-14,0,8.2375,8.235,8.37,8.45,8.5,8.565,8.345,8.365,8.485,8.545,8.625,8.645
"1062",2014-04-15,0,8.19,8.24,8.37,8.45,8.51,8.575,8.355,8.375,8.495,8.555,8.635,8.655
"1063",2014-04-16,0,8.2,8.25,8.37,8.45,8.5,8.565,8.345,8.365,8.475,8.545,8.625,8.645
"1064",2014-04-17,0,8.19,8.24,8.35,8.45,8.5,8.56,8.34,8.36,8.44,8.5,8.58,8.6
"1065",2014-04-18,0,8.19,8.24,8.35,8.45,8.5,8.56,8.34,8.36,8.44,8.5,8.58,8.6
"1066",2014-04-21,0,8.22,8.29,8.35,8.45,8.49,8.54,8.32,8.35,8.42,8.48,8.56,8.58
"1067",2014-04-22,0,8.275,8.275,8.37,8.47,8.51,8.555,8.335,8.365,8.435,8.495,8.575,8.595
"1068",2014-04-23,0,8.2,8.27,8.32,8.47,8.49,8.555,8.315,8.345,8.415,8.475,8.555,8.575
"1069",2014-04-24,0,8.3,8.32,8.32,8.47,8.49,8.555,8.315,8.345,8.415,8.475,8.555,8.575
"1070",2014-04-25,0,8.225,8.295,8.37,8.45,8.47,8.575,8.325,8.355,8.435,8.495,8.575,8.595
"1071",2014-04-28,0,8.225,8.295,8.4,8.47,8.5,8.59,8.34,8.36,8.44,8.5,8.58,8.6
"1072",2014-04-29,0,8.33,8.34,8.4,8.47,8.49,8.575,8.315,8.335,8.405,8.465,8.545,8.565
"1073",2014-04-30,0,8.29,8.3,8.35,8.45,8.48,8.535,8.295,8.315,8.375,8.425,8.505,8.525
"1074",2014-05-01,0,8.29,8.3,8.35,8.45,8.48,8.535,8.295,8.315,8.375,8.425,8.505,8.525
"1075",2014-05-02,0,8.29,8.3,8.38,8.45,8.45,8.555,8.295,8.315,8.335,8.395,8.475,8.495
"1076",2014-05-05,0,8.25,8.26,8.33,8.43,8.45,8.545,8.275,8.285,8.315,8.355,8.435,8.455
"1077",2014-05-06,0,8.27,8.285,8.3,8.4,8.45,8.545,8.285,8.295,8.335,8.375,8.455,8.475
"1078",2014-05-07,0,8.225,8.2325,8.3,8.4,8.45,8.52,8.27,8.285,8.315,8.365,8.445,8.465
"1079",2014-05-08,0,8.19,8.2,8.3,8.4,8.45,8.495,8.24,8.255,8.285,8.315,8.395,8.415
"1080",2014-05-09,0,8.18,8.19,8.32,8.4,8.448,8.48,8.225,8.24,8.275,8.305,8.385,8.45
"1081",2014-05-12,0,8.205,8.215,8.34,8.37,8.403,8.47,8.215,8.23,8.265,8.295,8.375,8.395
"1082",2014-05-13,0,8.22,8.23,8.37,8.4,8.42,8.505,8.255,8.265,8.295,8.335,8.415,8.435
"1083",2014-05-14,0,8.22,8.23,8.37,8.4,8.42,8.505,8.255,8.265,8.295,8.335,8.415,8.435
"1084",2014-05-15,0,8.21,8.22,8.35,8.4,8.45,8.495,8.215,8.235,8.275,8.295,8.375,8.395
"1085",2014-05-16,0,8.24,8.25,8.32,8.37,8.42,8.51,8.23,8.25,8.29,8.31,8.39,8.41
"1086",2014-05-19,0,8.23,8.24,8.3,8.35,8.418,8.5,8.22,8.24,8.295,8.315,8.395,8.415
"1087",2014-05-20,0,8.24,8.25,8.3,8.35,8.42,8.49,8.22,8.24,8.29,8.31,8.39,8.455
"1088",2014-05-21,0,8.17,8.18,8.25,8.34,8.38,8.47,8.195,8.215,8.265,8.285,8.365,8.385
"1089",2014-05-22,0,8.115,8.125,8.25,8.34,8.36,8.415,8.135,8.155,8.205,8.235,8.315,8.38
"1090",2014-05-23,0,8.15,8.13,8.2,8.28,8.31,8.335,8.075,8.085,8.135,8.175,8.225,8.295
"1091",2014-05-26,0,8.125,8.135,8.22,8.3,8.33,8.375,8.135,8.135,8.195,8.235,8.275,8.275
"1092",2014-05-27,0,8.115,8.125,8.25,8.3,8.33,8.375,8.11,8.13,8.19,8.225,8.265,8.385
"1093",2014-05-28,0,8.125,8.135,8.25,8.3,8.335,8.385,8.12,8.14,8.2,8.235,8.275,8.39
"1094",2014-05-29,0,8.135,8.145,8.25,8.3,8.335,8.385,8.12,8.14,8.2,8.235,8.275,8.325
"1095",2014-05-30,0,8.125,8.1325,8.2,8.25,8.3,8.365,8.09,8.11,8.145,8.18,8.22,8.22
"1096",2014-06-02,0,8.15,8.15,8.25,8.33,8.35,8.375,8.075,8.085,8.135,8.165,8.205,8.205
"1097",2014-06-03,0,7.98,7.99,8.15,8.25,8.25,8.215,7.925,7.955,7.985,8.035,8.075,8.12
"1098",2014-06-04,0,8.145,8.145,8.15,8.2,8.2,8.185,7.875,7.865,7.915,7.925,7.965,7.965
"1099",2014-06-05,0,8.1,8.1,8.17,8.17,8.17,8.135,7.79,7.77,7.81,7.83,7.92,7.9175
"1100",2014-06-06,0,7.935,7.945,8.18,8.2,8.21,8.15,7.76,7.74,7.78,7.81,7.85,7.9
"1101",2014-06-09,0,8.175,8.175,8.17,8.19,8.19,8.185,7.815,7.8,7.825,7.865,7.905,7.905
"1102",2014-06-10,0,8.12,8.12,8.23,8.24,8.24,8.205,7.85,7.835,7.83,7.87,7.91,7.96
"1103",2014-06-11,0,8.21,8.21,8.23,8.24,8.24,8.225,7.865,7.84,7.845,7.885,7.925,7.975
"1104",2014-06-12,0,8.135,8.145,8.23,8.24,8.24,8.225,7.855,7.83,7.83,7.87,7.91,7.91
"1105",2014-06-13,0,8.135,8.145,8.25,8.25,8.25,8.25,7.87,7.86,7.86,7.87,7.91,7.9
"1106",2014-06-16,0,8.22,8.21,8.25,8.27,8.27,8.31,7.95,7.92,7.94,7.95,7.99,8.085
"1107",2014-06-17,0,8.235,8.205,8.27,8.29,8.29,8.3,7.93,7.88,7.91,7.93,7.97,8.005
"1108",2014-06-18,0,8.275,8.285,8.3,8.32,8.35,8.37,8,7.97,7.99,8,8.04,8.04
"1109",2014-06-19,0,8.16,8.255,8.3,8.32,8.34,8.34,7.99,7.95,7.96,7.98,8.02,8.0675
"1110",2014-06-20,0,8.13,8.15,8.27,8.3,8.33,8.36,8.01,7.97,7.99,8.01,8.05,8.1
"1111",2014-06-23,0,8.16,8.18,8.27,8.35,8.38,8.39,8.06,8.03,8.04,8.06,8.1475,8.15
"1112",2014-06-24,0,8.095,8.115,8.27,8.35,8.37,8.35,8.01,7.98,8,8,8.04,8.08
"1113",2014-06-25,0,8.11,8.13,8.27,8.35,8.36,8.33,7.98,7.94,7.95,7.97,8.01,8.05
"1114",2014-06-26,0,8.115,8.135,8.26,8.33,8.37,8.37,7.98,7.9,7.91,7.92,7.96,8
"1115",2014-06-27,0,8.15,8.17,8.26,8.33,8.37,8.37,7.98,7.9,7.91,7.92,7.96,8
"1116",2014-06-30,0,8.135,8.14,8.26,8.34,8.42,8.36,7.97,7.91,7.9,7.91,7.95,7.99
"1117",2014-07-01,0,8.14,8.16,8.26,8.34,8.42,8.34,7.94,7.87,7.87,7.88,7.92,7.96
"1118",2014-07-02,0,8.105,8.125,8.26,8.34,8.405,8.32,7.92,7.85,7.845,7.855,7.895,7.935
"1119",2014-07-03,0,8.08,8.1,8.26,8.32,8.4,8.325,7.925,7.855,7.84,7.85,7.89,7.93
"1120",2014-07-04,0,8.1,8.12,8.26,8.32,8.4,8.31,7.9,7.83,7.81,7.82,7.86,7.9
"1121",2014-07-07,0,8.13,8.15,8.26,8.32,8.405,8.36,7.94,7.87,7.84,7.85,7.89,7.93
"1122",2014-07-08,0,8.15,8.17,8.26,8.32,8.4,8.35,7.95,7.86,7.86,7.87,7.91,7.95
"1123",2014-07-09,0,8.175,8.27,8.27,8.35,8.42,8.36,7.97,7.87,7.87,7.88,7.92,7.96
