Date,Overnight
7/9/2014,8.98
7/8/2014,8.49
7/7/2014,8.11
7/5/2014,7.64
7/4/2014,7.64
7/3/2014,7.95
7/2/2014,8.53
7/1/2014,8.98
6/30/2014,9.02
6/28/2014,8.23
6/27/2014,8.23
6/26/2014,8.28
6/25/2014,8.18
6/24/2014,8.19
6/23/2014,8.2
6/21/2014,7.61
6/20/2014,7.61
6/19/2014,8.05
6/18/2014,8.34
6/17/2014,8.89
6/16/2014,8.82
6/14/2014,8.07
6/13/2014,8.07
6/12/2014,8.15
6/11/2014,8.33
6/10/2014,8.45
6/9/2014,8.19
6/7/2014,7.92
6/6/2014,7.92
6/5/2014,8.02
6/4/2014,8.01
6/3/2014,8.04
6/2/2014,8.21
5/31/2014,7.92
5/30/2014,7.92
5/29/2014,8.05
5/28/2014,8.05
5/27/2014,8.05
5/26/2014,8.1
5/24/2014,7.95
5/23/2014,7.95
5/22/2014,8.02
5/21/2014,8.01
5/20/2014,8.08
5/19/2014,8.39
5/17/2014,8.11
5/16/2014,8.11
5/15/2014,8.48
5/14/2014,8.97
5/13/2014,8.97
5/12/2014,8.53
5/10/2014,8.14
5/9/2014,8.14
5/8/2014,8.24
5/7/2014,8.05
5/6/2014,8.1
5/5/2014,8.31
5/3/2014,8.11
5/2/2014,8.11
5/1/2014,8.7
4/30/2014,8.7
4/29/2014,8.79
4/28/2014,8.8
4/26/2014,8.44
4/25/2014,8.44
4/24/2014,8.84
4/23/2014,8.84
4/22/2014,8.76
4/21/2014,8.21
4/19/2014,7.89
4/18/2014,7.89
4/17/2014,7.89
4/16/2014,8.25
4/15/2014,8.29
4/14/2014,8.1
4/12/2014,8.1
4/11/2014,8.1
4/10/2014,8.21
4/9/2014,8.28
4/8/2014,8.46
4/7/2014,8.46
4/5/2014,8.58
4/4/2014,8.58
4/3/2014,9.01
4/2/2014,9.07
4/1/2014,8.53
3/31/2014,8.53
3/29/2014,8.53
3/28/2014,8.53
3/27/2014,8.3
3/26/2014,8.57
3/25/2014,8.99
3/24/2014,9
3/22/2014,8.85
3/21/2014,8.85
3/20/2014,9.05
3/19/2014,9.03
3/18/2014,9.11
3/17/2014,8.49
3/15/2014,8.49
3/14/2014,8.49
3/13/2014,8.28
3/12/2014,8.15
3/11/2014,8.27
3/10/2014,8.21
3/8/2014,8.02
3/7/2014,8.02
3/6/2014,8.1
3/5/2014,7.77
3/4/2014,7.99
3/3/2014,8.05
3/1/2014,8.08
2/28/2014,8.08
2/27/2014,8.07
2/26/2014,8.07
2/25/2014,8.05
2/24/2014,8.05
2/22/2014,8.04
2/21/2014,8.04
2/20/2014,8.06
2/19/2014,8.22
2/18/2014,8.22
2/17/2014,8.94
2/15/2014,9.04
2/14/2014,9.04
2/13/2014,9.12
2/12/2014,8.79
2/11/2014,9.2
2/10/2014,9.03
2/8/2014,8.15
2/7/2014,8.15
2/6/2014,8.15
2/5/2014,8.05
2/4/2014,8.1
2/3/2014,8.19
2/1/2014,8.12
1/31/2014,8.12
1/30/2014,8.23
1/29/2014,8.23
1/28/2014,8.26
1/27/2014,8.33
1/25/2014,7.83
1/24/2014,7.83
1/23/2014,7.9
1/22/2014,8.12
1/21/2014,8.3
1/20/2014,8.8
1/18/2014,8.79
1/17/2014,8.79
1/16/2014,8.8
1/15/2014,8.75
1/14/2014,8.35
1/13/2014,8.35
1/11/2014,8.31
1/10/2014,8.31
1/9/2014,8.74
1/8/2014,8.75
1/7/2014,7.98
1/6/2014,7.85
1/4/2014,7.76
1/3/2014,7.76
1/2/2014,8.17
1/1/2014,8.6
12/31/2013,9.07
12/30/2013,8.8
12/28/2013,8.71
12/27/2013,8.71
12/26/2013,8.85
12/25/2013,8.86
12/24/2013,8.86
12/23/2013,8.85
12/21/2013,8.89
12/20/2013,8.89
12/19/2013,8.91
12/18/2013,9
12/17/2013,8.77
12/16/2013,8.29
12/14/2013,7.73
12/13/2013,7.73
12/12/2013,7.75
12/11/2013,7.8
12/10/2013,7.8
12/9/2013,7.79
12/7/2013,7.37
12/6/2013,7.37
12/5/2013,7.05
12/4/2013,7.09
12/3/2013,7.35
12/2/2013,7.99
11/30/2013,7.72
11/29/2013,7.72
11/28/2013,8.67
11/27/2013,8.71
11/26/2013,8.75
11/25/2013,8.75
11/23/2013,8.73
11/22/2013,8.73
11/21/2013,8.78
11/20/2013,8.78
11/19/2013,8.77
11/18/2013,8.8
11/16/2013,8.79
11/15/2013,8.79
11/14/2013,8.79
11/13/2013,8.82
11/12/2013,8.8
11/11/2013,8.79
11/9/2013,8.67
11/8/2013,8.67
11/7/2013,8.18
11/6/2013,7.86
11/5/2013,8.62
11/4/2013,8.71
11/2/2013,8.71
11/1/2013,8.71
10/31/2013,8.72
10/30/2013,8.75
10/29/2013,8.98
10/28/2013,9.05
10/26/2013,9.05
10/25/2013,9.05
10/24/2013,9.05
10/23/2013,9.05
10/22/2013,9.05
10/21/2013,9.07
10/19/2013,9.03
10/18/2013,9.03
10/17/2013,9.09
10/16/2013,9.1
10/15/2013,9.1
10/14/2013,9.1
10/12/2013,9.05
10/11/2013,9.05
10/10/2013,9.08
10/9/2013,9.09
10/8/2013,9.1
10/7/2013,9.6
10/5/2013,9.53
10/4/2013,9.53
10/3/2013,9.65
10/2/2013,9.65
10/1/2013,9.65
9/30/2013,10
9/28/2013,9.54
9/27/2013,9.54
9/26/2013,9.54
9/25/2013,9.55
9/24/2013,9.55
9/23/2013,9.64
9/21/2013,10.16
9/20/2013,10.16
9/19/2013,10.38
9/18/2013,10.53
9/17/2013,10.58
9/16/2013,10.6
9/14/2013,10.33
9/13/2013,10.33
9/12/2013,10.38
9/11/2013,10.34
9/10/2013,10.35
9/9/2013,10.28
9/7/2013,10.28
9/6/2013,10.28
9/5/2013,10.25
9/4/2013,10.19
9/3/2013,10.29
9/2/2013,10.31
8/31/2013,10.36
8/30/2013,10.36
8/29/2013,10.37
8/28/2013,10.31
8/27/2013,10.32
8/26/2013,10.39
8/24/2013,10.36
8/23/2013,10.36
8/22/2013,10.4
8/21/2013,10.32
8/20/2013,10.4
8/19/2013,10.42
8/17/2013,10.35
8/16/2013,10.35
8/15/2013,10.35
8/14/2013,10.35
8/13/2013,10.32
8/12/2013,10.3
8/10/2013,8.8
8/9/2013,8.8
8/8/2013,8.8
8/7/2013,9.86
8/6/2013,8.65
8/5/2013,8.91
8/3/2013,8.92
8/2/2013,8.92
8/1/2013,10.03
7/31/2013,10.17
7/30/2013,10.2
7/29/2013,10.21
7/27/2013,9.69
7/26/2013,9.69
7/25/2013,8.56
7/24/2013,9.94
7/23/2013,7.3
7/22/2013,7.25
7/20/2013,7.27
7/19/2013,7.27
7/18/2013,7.66
7/17/2013,8.24
7/16/2013,9.23
7/15/2013,7.26
7/13/2013,7.21
7/12/2013,7.21
7/11/2013,7.25
7/10/2013,7.25
7/9/2013,7.25
7/8/2013,6.82
7/6/2013,6.54
7/5/2013,6.54
7/4/2013,6.89
7/3/2013,7.14
7/2/2013,7.26
7/1/2013,7.33
6/29/2013,7.33
6/28/2013,7.33
6/27/2013,7.25
6/26/2013,7.19
6/25/2013,7.21
6/24/2013,7.3
6/22/2013,7.32
6/21/2013,7.32
6/20/2013,7.3
6/19/2013,7.3
6/18/2013,7.31
6/17/2013,7.32
6/15/2013,7.28
6/14/2013,7.28
6/13/2013,7.29
6/12/2013,7.31
6/11/2013,7.32
6/10/2013,7.34
6/8/2013,7.31
6/7/2013,7.31
6/6/2013,7.31
6/5/2013,7.3
6/4/2013,7.33
6/3/2013,7.34
6/1/2013,7.3
5/31/2013,7.3
5/30/2013,7.33
5/29/2013,7.31
5/28/2013,7.32
5/27/2013,7.32
5/25/2013,7.32
5/24/2013,7.32
5/23/2013,7.32
5/22/2013,7.31
5/21/2013,7.33
5/20/2013,7.33
5/18/2013,7.32
5/17/2013,7.32
5/16/2013,7.34
5/15/2013,7.33
5/14/2013,7.35
5/13/2013,7.35
5/11/2013,7.35
5/10/2013,7.35
5/9/2013,7.35
5/8/2013,7.36
5/7/2013,7.36
5/6/2013,7.35
5/4/2013,7.55
5/3/2013,7.55
5/2/2013,7.61
5/1/2013,7.62
4/30/2013,7.62
4/29/2013,7.6
4/27/2013,7.61
4/26/2013,7.61
4/25/2013,7.6
4/24/2013,7.6
4/23/2013,7.6
4/22/2013,7.6
4/20/2013,7.58
4/19/2013,7.58
4/18/2013,7.58
4/17/2013,7.55
4/16/2013,7.55
4/15/2013,7.58
4/13/2013,7.61
4/12/2013,7.61
4/11/2013,7.59
4/10/2013,7.59
4/9/2013,7.64
4/8/2013,7.65
4/6/2013,7.38
4/5/2013,7.38
4/4/2013,7.46
4/3/2013,7.61
4/2/2013,7.65
4/1/2013,8.98
3/30/2013,8.98
3/29/2013,8.98
3/28/2013,8.98
3/27/2013,7.86
3/26/2013,7.86
3/25/2013,7.76
3/23/2013,7.71
3/22/2013,7.71
3/21/2013,7.7
3/20/2013,7.67
3/19/2013,7.9
3/18/2013,7.92
3/16/2013,7.86
3/15/2013,7.86
3/14/2013,7.84
3/13/2013,7.85
3/12/2013,7.85
3/11/2013,7.86
3/9/2013,7.82
3/8/2013,7.82
3/7/2013,7.78
3/6/2013,7.75
3/5/2013,7.67
3/4/2013,7.83
3/2/2013,7.9
3/1/2013,7.9
2/28/2013,7.9
2/27/2013,7.9
2/26/2013,7.9
2/25/2013,7.92
2/23/2013,7.93
2/22/2013,7.93
2/21/2013,7.93
2/20/2013,7.95
2/19/2013,7.92
2/18/2013,7.92
2/16/2013,7.86
2/15/2013,7.86
2/14/2013,7.86
2/13/2013,7.87
2/12/2013,7.88
2/11/2013,7.85
2/9/2013,7.82
2/8/2013,7.82
2/7/2013,7.87
2/6/2013,7.81
2/5/2013,7.81
2/4/2013,7.85
2/2/2013,7.85
2/1/2013,7.85
1/31/2013,7.85
1/30/2013,7.85
1/29/2013,8.1
1/28/2013,8.1
1/26/2013,8.09
1/25/2013,8.09
1/24/2013,8.09
1/23/2013,8.1
1/22/2013,8.09
1/21/2013,8.09
1/19/2013,8.09
1/18/2013,8.09
1/17/2013,8.1
1/16/2013,8.1
1/15/2013,8.1
1/14/2013,8.1
1/12/2013,8.09
1/11/2013,8.09
1/10/2013,8.1
1/9/2013,8.08
1/8/2013,8.08
1/7/2013,8.1
1/5/2013,8.1
1/4/2013,8.1
1/3/2013,8.13
1/2/2013,8.12
1/1/2013,8.24
12/31/2012,8.23
12/29/2012,8.16
12/28/2012,8.16
12/27/2012,8.15
12/26/2012,8.15
12/25/2012,8.15
12/24/2012,8.15
12/22/2012,8.16
12/21/2012,8.16
12/20/2012,8.15
12/19/2012,8.13
12/18/2012,8.12
12/17/2012,8.1
12/15/2012,8.1
12/14/2012,8.1
12/13/2012,8.08
12/12/2012,8.07
12/11/2012,8.1
12/10/2012,8.1
12/8/2012,8.1
12/7/2012,8.1
12/6/2012,8.1
12/5/2012,8.1
12/4/2012,8.1
12/3/2012,8.1
12/1/2012,8.09
11/30/2012,8.09
11/29/2012,8.1
11/28/2012,8.1
11/27/2012,8.1
11/26/2012,8.1
11/24/2012,8.1
11/23/2012,8.1
11/22/2012,8.1
11/21/2012,8.12
11/20/2012,8.1
11/19/2012,8.11
11/17/2012,8.09
11/16/2012,8.09
11/15/2012,8.1
11/14/2012,8.09
11/13/2012,8.09
11/12/2012,8.09
11/10/2012,8.09
11/9/2012,8.09
11/8/2012,8.09
11/7/2012,8.08
11/6/2012,8.1
11/5/2012,8.09
11/3/2012,8.05
11/2/2012,8.05
11/1/2012,8.06
10/31/2012,8.1
10/30/2012,8.1
10/29/2012,8.1
10/27/2012,8.1
10/26/2012,8.1
10/25/2012,8.1
10/24/2012,8.1
10/23/2012,8.1
10/22/2012,8.1
10/20/2012,8.11
10/19/2012,8.11
10/18/2012,8.08
10/17/2012,8.1
10/16/2012,8.1
10/15/2012,8.07
10/13/2012,8.09
10/12/2012,8.09
10/11/2012,8.1
10/10/2012,8.1
10/9/2012,8.1
10/8/2012,8.1
10/6/2012,7.81
10/5/2012,7.81
10/4/2012,7.89
10/3/2012,7.89
10/2/2012,8.09
10/1/2012,8.09
9/29/2012,8.07
9/28/2012,8.07
9/27/2012,8.07
9/26/2012,8.07
9/25/2012,8.08
9/24/2012,8.1
9/22/2012,8.09
9/21/2012,8.09
9/20/2012,8.1
9/19/2012,8.05
9/18/2012,8.05
9/17/2012,8.05
9/15/2012,8.05
9/14/2012,8.05
9/13/2012,8.03
9/12/2012,8.04
9/11/2012,8.04
9/10/2012,8.03
9/8/2012,7.58
9/7/2012,7.58
9/6/2012,7.22
9/5/2012,7.71
9/4/2012,7.98
9/3/2012,8.01
9/1/2012,8.04
8/31/2012,8.04
8/30/2012,8.02
8/29/2012,8.03
8/28/2012,8.03
8/27/2012,8.06
8/25/2012,8.01
8/24/2012,8.01
8/23/2012,8.03
8/22/2012,8.04
8/21/2012,8.02
8/20/2012,8.05
8/18/2012,8.05
8/17/2012,8.05
8/16/2012,8.05
8/15/2012,8.07
8/14/2012,8.07
8/13/2012,8.09
8/11/2012,8.1
8/10/2012,8.1
8/9/2012,8.05
8/8/2012,8.05
8/7/2012,8.04
8/6/2012,8.03
8/4/2012,8.05
8/3/2012,8.05
8/2/2012,8.05
8/1/2012,8.05
7/31/2012,8.06
7/30/2012,8.06
7/28/2012,8.03
7/27/2012,8.03
7/26/2012,8.01
7/25/2012,8.03
7/24/2012,8.02
7/23/2012,8.03
7/21/2012,8.08
7/20/2012,8.08
7/19/2012,8.08
7/18/2012,8.1
7/17/2012,8.1
7/16/2012,8.11
7/14/2012,8.09
7/13/2012,8.09
7/12/2012,8.1
7/11/2012,8.11
7/10/2012,8.14
7/9/2012,8.13
7/7/2012,8.02
7/6/2012,8.02
7/5/2012,8.07
7/4/2012,8.16
7/3/2012,8.24
7/2/2012,8.28
6/30/2012,8.28
6/29/2012,8.28
6/28/2012,8.14
6/27/2012,8.13
6/26/2012,8.14
6/25/2012,8.14
6/23/2012,8.18
6/22/2012,8.18
6/21/2012,8.22
6/20/2012,8.3
6/19/2012,8.31
6/18/2012,8.15
6/16/2012,8.08
6/15/2012,8.08
6/14/2012,8.09
6/13/2012,8.1
6/12/2012,8.12
6/11/2012,8.15
6/9/2012,8.2
6/8/2012,8.2
6/7/2012,8.15
6/6/2012,8.14
6/5/2012,8.15
6/4/2012,8.22
6/2/2012,8.1
6/1/2012,8.1
5/31/2012,8.14
5/30/2012,8.14
5/29/2012,8.16
5/28/2012,8.14
5/26/2012,8.22
5/25/2012,8.22
5/24/2012,8.2
5/23/2012,8.26
5/22/2012,8.25
5/21/2012,8.27
5/19/2012,8.17
5/18/2012,8.17
5/17/2012,8.17
5/16/2012,8.23
5/15/2012,8.26
5/14/2012,8.31
5/12/2012,8.38
5/11/2012,8.38
5/10/2012,8.34
5/9/2012,8.36
5/8/2012,8.37
5/7/2012,8.45
5/5/2012,8.25
5/4/2012,8.25
5/3/2012,8.36
5/2/2012,8.55
5/1/2012,8.37
4/30/2012,8.37
4/28/2012,8.38
4/27/2012,8.38
4/26/2012,8.4
4/25/2012,8.42
4/24/2012,8.4
4/23/2012,8.31
4/21/2012,8.27
4/20/2012,8.27
4/19/2012,8.27
4/18/2012,8.32
4/17/2012,8.82
4/16/2012,8.8
4/14/2012,8.75
4/13/2012,8.75
4/12/2012,8.8
4/11/2012,8.91
4/10/2012,8.99
4/9/2012,9.02
4/7/2012,9.24
4/6/2012,9.24
4/5/2012,9.24
4/4/2012,9.24
4/3/2012,9.45
4/2/2012,11.99
3/31/2012,11.99
3/30/2012,11.99
3/29/2012,9.53
3/28/2012,9.51
3/27/2012,9.52
3/26/2012,9.62
3/24/2012,9.28
3/23/2012,9.28
3/22/2012,9.28
3/21/2012,8.95
3/20/2012,8.96
3/19/2012,8.99
3/17/2012,9.1
3/16/2012,9.1
3/15/2012,8.92
3/14/2012,8.9
3/13/2012,8.9
3/12/2012,8.8
3/10/2012,8.95
3/9/2012,8.95
3/8/2012,8.88
3/7/2012,8.88
3/6/2012,8.78
3/5/2012,8.86
3/3/2012,9.09
3/2/2012,9.09
3/1/2012,9.05
2/29/2012,9.02
2/28/2012,9.02
2/27/2012,8.97
2/25/2012,8.77
2/24/2012,8.77
2/23/2012,8.81
2/22/2012,8.8
2/21/2012,8.83
2/20/2012,8.95
2/18/2012,8.95
2/17/2012,8.95
2/16/2012,8.92
2/15/2012,8.92
2/14/2012,8.89
2/13/2012,8.78
2/11/2012,8.85
2/10/2012,8.85
2/9/2012,8.75
2/8/2012,8.67
2/7/2012,8.74
2/6/2012,8.8
2/4/2012,8.86
2/3/2012,8.86
2/2/2012,8.97
2/1/2012,9.07
1/31/2012,9.08
1/30/2012,9.24
1/28/2012,9.15
1/27/2012,9.15
1/26/2012,9
1/25/2012,9
1/24/2012,8.98
1/23/2012,9.07
1/21/2012,9.29
1/20/2012,9.29
1/19/2012,9.29
1/18/2012,9.43
1/17/2012,9.24
1/16/2012,9.04
1/14/2012,8.69
1/13/2012,8.69
1/12/2012,8.7
1/11/2012,8.71
1/10/2012,8.73
1/9/2012,8.68
1/7/2012,8.64
1/6/2012,8.64
1/5/2012,8.67
1/4/2012,8.84
1/3/2012,8.96
1/2/2012,9
12/31/2011,8.99
12/30/2011,8.99
12/29/2011,8.99
12/28/2011,9.01
12/27/2011,9.09
12/26/2011,9.87
12/24/2011,9.85
12/23/2011,9.85
12/22/2011,9.8
12/21/2011,9.71
12/20/2011,9.64
12/19/2011,9.5
12/17/2011,8.98
12/16/2011,8.98
12/15/2011,8.72
12/14/2011,8.6
12/13/2011,8.6
12/12/2011,8.6
12/10/2011,8.6
12/9/2011,8.6
12/8/2011,8.63
12/7/2011,8.65
12/6/2011,8.65
12/5/2011,8.65
12/3/2011,8.55
12/2/2011,8.55
12/1/2011,8.62
11/30/2011,8.6
11/29/2011,8.64
11/28/2011,8.65
11/26/2011,8.68
11/25/2011,8.68
11/24/2011,8.75
11/23/2011,8.73
11/22/2011,8.72
11/21/2011,8.73
11/19/2011,8.64
11/18/2011,8.64
11/17/2011,8.61
11/16/2011,8.62
11/15/2011,8.64
11/14/2011,8.65
11/12/2011,8.71
11/11/2011,8.71
11/10/2011,8.65
11/9/2011,8.65
11/8/2011,8.62
11/7/2011,8.36
11/5/2011,8.36
11/4/2011,8.36
11/3/2011,8.53
11/2/2011,8.55
11/1/2011,8.55
10/31/2011,8.58
10/29/2011,8.58
10/28/2011,8.58
10/27/2011,8.45
10/26/2011,8.45
10/25/2011,8.45
10/24/2011,8.33
10/22/2011,8.3
10/21/2011,8.3
10/20/2011,8.3
10/19/2011,8.29
10/18/2011,8.28
10/17/2011,8.3
10/15/2011,8.3
10/14/2011,8.3
10/13/2011,8.3
10/12/2011,8.3
10/11/2011,8.3
10/10/2011,8.3
10/8/2011,8.07
10/7/2011,8.07
10/6/2011,7.54
10/5/2011,7.54
10/4/2011,8.08
10/3/2011,8.23
10/1/2011,8.32
9/30/2011,8.32
9/29/2011,8.32
9/28/2011,8.3
9/27/2011,8.3
9/26/2011,8.3
9/24/2011,8.3
9/23/2011,8.3
9/22/2011,8.29
9/21/2011,8.3
9/20/2011,8.3
9/19/2011,8.3
9/17/2011,8.13
9/16/2011,8.13
9/15/2011,8.09
9/14/2011,8.05
9/13/2011,8.05
9/12/2011,8.05
9/10/2011,8.02
9/9/2011,8.02
9/8/2011,7.91
9/7/2011,7.9
9/6/2011,7.99
9/5/2011,8.05
9/3/2011,8.05
9/2/2011,8.05
9/1/2011,8.06
8/31/2011,8.06
8/30/2011,8.06
8/29/2011,8.07
8/27/2011,8.02
8/26/2011,8.02
8/25/2011,8.04
8/24/2011,8.03
8/23/2011,8.03
8/22/2011,8.05
8/20/2011,8.05
8/19/2011,8.05
8/18/2011,8.05
8/17/2011,8.03
8/16/2011,8.05
8/15/2011,8.03
8/13/2011,8.03
8/12/2011,8.03
8/11/2011,8.05
8/10/2011,8.05
8/9/2011,8.05
8/8/2011,8.05
8/6/2011,8.02
8/5/2011,8.02
8/4/2011,8.04
8/3/2011,8.05
8/2/2011,8.04
8/1/2011,8.05
7/30/2011,8.04
7/29/2011,8.04
7/28/2011,8.08
7/27/2011,8.08
7/26/2011,7.66
7/25/2011,7.62
7/23/2011,7.64
7/22/2011,7.64
7/21/2011,7.63
7/20/2011,7.64
7/19/2011,7.68
7/18/2011,7.73
7/16/2011,7.5
7/15/2011,7.5
7/14/2011,7.55
7/13/2011,7.56
7/12/2011,7.57
7/11/2011,7.56
7/9/2011,7.46
7/8/2011,7.46
7/7/2011,7.51
7/6/2011,7.57
7/5/2011,7.56
7/4/2011,7.59
7/2/2011,7.75
7/1/2011,7.75
6/30/2011,7.75
6/29/2011,7.64
6/28/2011,7.6
6/27/2011,7.65
6/25/2011,7.69
6/24/2011,7.69
6/23/2011,7.72
6/22/2011,7.72
6/21/2011,7.74
6/20/2011,7.76
6/18/2011,7.65
6/17/2011,7.65
6/16/2011,7.48
6/15/2011,7.41
6/14/2011,7.31
6/13/2011,7.35
6/11/2011,7.39
6/10/2011,7.39
6/9/2011,7.4
6/8/2011,7.4
6/7/2011,7.45
6/6/2011,7.45
6/4/2011,7.34
6/3/2011,7.34
6/2/2011,7.31
6/1/2011,7.39
5/31/2011,7.4
5/30/2011,7.44
5/28/2011,7.45
5/27/2011,7.45
5/26/2011,7.45
5/25/2011,7.45
5/24/2011,7.45
5/23/2011,7.5
5/21/2011,7.42
5/20/2011,7.42
5/19/2011,7.36
5/18/2011,7.45
5/17/2011,7.46
5/16/2011,7.46
5/14/2011,7.47
5/13/2011,7.47
5/12/2011,7.47
5/11/2011,7.48
5/10/2011,7.48
5/9/2011,7.41
5/7/2011,6.9
5/6/2011,6.9
5/5/2011,6.72
5/4/2011,6.85
5/3/2011,7
5/2/2011,6.5
4/30/2011,6.89
4/29/2011,6.89
4/28/2011,6.89
4/27/2011,7.01
4/26/2011,7.03
4/25/2011,7
4/23/2011,6.16
4/22/2011,6.16
4/21/2011,6.16
4/20/2011,6.12
4/19/2011,6.8
4/18/2011,6.86
4/16/2011,6.89
4/15/2011,6.89
4/14/2011,6.85
4/13/2011,6.85
4/12/2011,6.74
4/11/2011,6.74
4/9/2011,5.92
4/8/2011,5.92
4/7/2011,5.96
4/6/2011,6.02
4/5/2011,6.81
4/4/2011,9.24
4/2/2011,9.24
4/1/2011,9.24
3/31/2011,9.24
3/30/2011,7.23
3/29/2011,7.29
3/28/2011,7.5
3/26/2011,7.79
3/25/2011,7.79
3/24/2011,7.77
3/23/2011,7.77
3/22/2011,7.74
3/21/2011,7.68
3/19/2011,7.53
3/18/2011,7.53
3/17/2011,7.52
3/16/2011,7.16
3/15/2011,7.02
3/14/2011,6.9
3/12/2011,6.86
3/11/2011,6.86
3/10/2011,6.85
3/9/2011,6.9
3/8/2011,6.91
3/7/2011,6.92
3/5/2011,6.95
3/4/2011,6.95
3/3/2011,6.95
3/2/2011,7
3/1/2011,7
2/28/2011,7
2/26/2011,6.8
2/25/2011,6.8
2/24/2011,6.77
2/23/2011,6.78
2/22/2011,6.77
2/21/2011,6.84
2/19/2011,6.86
2/18/2011,6.86
2/17/2011,6.87
2/16/2011,6.87
2/15/2011,6.87
2/14/2011,6.96
2/12/2011,6.72
2/11/2011,6.72
2/10/2011,6.65
2/9/2011,6.65
2/8/2011,6.69
2/7/2011,6.65
2/5/2011,6.59
2/4/2011,6.59
2/3/2011,6.59
2/2/2011,6.79
2/1/2011,6.98
1/31/2011,7
1/29/2011,6.73
1/28/2011,6.73
1/27/2011,6.72
1/26/2011,6.77
1/25/2011,6.77
1/24/2011,6.72
1/22/2011,6.73
1/21/2011,6.73
1/20/2011,6.72
1/19/2011,6.73
1/18/2011,6.76
1/17/2011,6.72
1/15/2011,6.39
1/14/2011,6.39
1/13/2011,6.34
1/12/2011,6.34
1/11/2011,6.34
1/10/2011,6.34
1/8/2011,6.38
1/7/2011,6.38
1/6/2011,6.36
1/5/2011,6.4
1/4/2011,6.64
1/3/2011,6.76
1/1/2011,6.71
12/31/2010,6.71
12/30/2010,6.77
12/29/2010,6.85
12/28/2010,6.92
12/27/2010,6.93
12/25/2010,6.96
12/24/2010,6.96
12/23/2010,7.01
12/22/2010,7.02
12/21/2010,7.02
12/20/2010,7.01
12/18/2010,6.85
12/17/2010,6.85
12/16/2010,6.85
12/15/2010,6.74
12/14/2010,6.69
12/13/2010,6.75
12/11/2010,6.6
12/10/2010,6.6
12/9/2010,6.59
12/8/2010,6.77
12/7/2010,6.75
12/6/2010,6.87
12/4/2010,6.69
12/3/2010,6.69
12/2/2010,6.4
12/1/2010,6.45
11/30/2010,6.64
11/29/2010,6.79
11/27/2010,6.89
11/26/2010,6.89
11/25/2010,6.91
11/24/2010,6.98
11/23/2010,6.91
11/22/2010,6.92
11/20/2010,6.64
11/19/2010,6.64
11/18/2010,6.82
11/17/2010,6.91
11/16/2010,6.91
11/15/2010,7.04
11/13/2010,6.99
11/12/2010,6.99
11/11/2010,7.07
11/10/2010,7.2
11/9/2010,7.46
11/8/2010,7.2
11/6/2010,7.08
11/5/2010,7.08
11/4/2010,7.08
11/3/2010,6.84
11/2/2010,6.9
11/1/2010,7.09
10/30/2010,7.66
10/29/2010,7.66
10/28/2010,6.66
10/27/2010,6.68
10/26/2010,6.86
10/25/2010,6.85
10/23/2010,6.59
10/22/2010,6.59
10/21/2010,6.68
10/20/2010,6.73
10/19/2010,6.69
10/18/2010,6.7
10/16/2010,6.46
10/15/2010,6.46
10/14/2010,6.37
10/13/2010,6.34
10/12/2010,6.34
10/11/2010,6.3
10/9/2010,5.92
10/8/2010,5.92
10/7/2010,6
10/6/2010,5.91
10/5/2010,6.03
10/4/2010,6.22
10/2/2010,6.25
10/1/2010,6.25
9/30/2010,7.28
9/29/2010,7.28
9/28/2010,6.26
9/27/2010,6.25
9/25/2010,6.25
9/24/2010,6.13
9/23/2010,6.25
9/22/2010,6.23
9/21/2010,6.24
9/20/2010,6.25
9/18/2010,6.19
9/17/2010,6.19
9/16/2010,6
9/15/2010,5.9
9/14/2010,5.9
9/13/2010,5.75
9/11/2010,5
9/10/2010,5
9/9/2010,5
9/8/2010,4.7
9/7/2010,4.65
9/6/2010,4.84
9/4/2010,4.71
9/3/2010,4.6
9/2/2010,4.65
9/1/2010,5.02
8/31/2010,5.13
8/30/2010,5.2
8/28/2010,5.4
8/27/2010,4.6
8/26/2010,4.62
8/25/2010,4.6
8/24/2010,4.7
8/23/2010,5.7
8/21/2010,5.62
8/20/2010,5.76
8/19/2010,5.76
8/18/2010,5.76
8/17/2010,5.78
8/16/2010,5.81
8/14/2010,5.69
8/13/2010,5.61
8/12/2010,5.77
8/11/2010,5.82
8/10/2010,5.6
8/9/2010,5.35
8/7/2010,4.99
8/6/2010,4.74
8/5/2010,4.95
8/4/2010,5.38
8/3/2010,5.83
8/2/2010,6
7/31/2010,5.9
7/30/2010,4.86
7/29/2010,5.04
7/28/2010,5.51
7/27/2010,5.73
7/26/2010,5.73
7/24/2010,5.75
7/23/2010,5.75
7/22/2010,5.73
7/21/2010,5.71
7/20/2010,5.7
7/19/2010,5.71
7/17/2010,5.6
7/16/2010,5.6
7/15/2010,5.63
7/14/2010,5.66
7/13/2010,5.66
7/12/2010,5.71
7/10/2010,5.7
7/9/2010,5.7
7/8/2010,5.72
7/7/2010,5.69
7/6/2010,5.92
7/5/2010,6
7/3/2010,5.66
7/2/2010,5.66
7/1/2010,5.73
6/30/2010,5.73
6/29/2010,5.5
6/28/2010,5.5
6/26/2010,5.37
6/25/2010,5.5
6/24/2010,5.48
6/23/2010,5.46
6/22/2010,5.44
6/21/2010,5.4
6/19/2010,5.38
6/18/2010,5.32
6/17/2010,5.33
6/16/2010,5.38
6/15/2010,5.39
6/14/2010,5.34
6/12/2010,5.37
6/11/2010,5.32
6/10/2010,5.36
6/9/2010,5.37
6/8/2010,5.4
6/7/2010,5.4
6/5/2010,5.22
6/4/2010,5.27
6/3/2010,5.34
6/2/2010,5.36
6/1/2010,5.32
5/31/2010,5.25
5/29/2010,4.4
5/28/2010,4.72
5/27/2010,4.11
5/26/2010,4.11
5/25/2010,4.14
5/24/2010,4.21
5/22/2010,3.9
5/21/2010,3.87
5/20/2010,3.88
5/19/2010,3.88
5/18/2010,3.9
5/17/2010,3.9
5/15/2010,3.9
5/14/2010,3.9
5/13/2010,3.9
5/12/2010,3.9
5/11/2010,3.9
5/10/2010,3.9
5/8/2010,3.96
5/7/2010,3.88
5/6/2010,3.86
5/5/2010,3.87
5/4/2010,3.89
5/3/2010,3.9
5/1/2010,3.87
4/30/2010,3.87
4/29/2010,3.87
4/28/2010,3.89
4/27/2010,3.88
4/26/2010,3.91
4/24/2010,3.99
4/23/2010,3.8
4/22/2010,3.82
4/21/2010,3.85
4/20/2010,3.6
4/19/2010,3.6
4/17/2010,3.7
4/16/2010,3.6
4/15/2010,3.6
4/14/2010,3.6
4/13/2010,3.6
4/12/2010,3.6
4/10/2010,3.56
4/9/2010,3.56
4/8/2010,3.49
4/7/2010,3.56
4/6/2010,3.56
4/5/2010,3.6
4/3/2010,3.71
4/2/2010,5.47
4/1/2010,5.47
3/31/2010,5.47
3/30/2010,4.67
3/29/2010,4.21
3/27/2010,3.95
3/26/2010,3.83
3/25/2010,3.9
3/24/2010,3.6
3/23/2010,3.6
3/22/2010,3.69
3/20/2010,3.6
3/19/2010,3.57
3/18/2010,3.34
3/17/2010,3.85
3/16/2010,3.83
3/15/2010,3.83
3/13/2010,3.34
3/12/2010,3.33
3/11/2010,3.33
3/10/2010,3.31
3/9/2010,3.3
3/8/2010,3.3
3/6/2010,3.34
3/5/2010,3.3
3/4/2010,3.32
3/3/2010,3.32
3/2/2010,3.34
3/1/2010,3.35
2/27/2010,3.35
2/26/2010,3.35
2/25/2010,3.31
2/24/2010,3.31
2/23/2010,3.34
2/22/2010,3.34
2/20/2010,3.31
2/19/2010,3.34
2/18/2010,3.34
2/17/2010,3.33
2/16/2010,3.35
2/15/2010,3.33
2/13/2010,3.38
2/12/2010,3.3
2/11/2010,3.3
2/10/2010,3.3
2/9/2010,3.3
2/8/2010,3.3
2/6/2010,3.31
2/5/2010,3.29
2/4/2010,3.29
2/3/2010,3.3
2/2/2010,3.3
2/1/2010,3.31
1/30/2010,3.31
1/29/2010,3.3
1/28/2010,3.3
1/27/2010,3.3
1/26/2010,3.3
1/25/2010,3.3
1/23/2010,3.29
1/22/2010,3.3
1/21/2010,3.3
1/20/2010,3.3
1/19/2010,3.3
1/18/2010,3.32
1/16/2010,3.4
1/15/2010,3.3
1/14/2010,3.3
1/13/2010,3.3
1/12/2010,3.32
1/11/2010,3.32
1/9/2010,3.32
1/8/2010,3.3
1/7/2010,3.3
1/6/2010,3.3
1/5/2010,3.32
1/4/2010,3.33
1/2/2010,3.33
1/1/2010,3.32
12/31/2009,3.59
12/30/2009,3.33
12/29/2009,3.34
12/28/2009,3.3
12/26/2009,3.3
12/25/2009,3.51
12/24/2009,3.51
12/23/2009,3.32
12/22/2009,3.3
12/21/2009,3.3
12/19/2009,3.29
12/18/2009,3.31
12/17/2009,3.3
12/16/2009,3.3
12/15/2009,3.3
12/14/2009,3.29
12/12/2009,3.27
12/11/2009,3.29
12/10/2009,3.3
12/9/2009,3.3
12/8/2009,3.29
12/7/2009,3.3
12/5/2009,3.28
12/4/2009,3.28
12/3/2009,3.29
12/2/2009,3.3
12/1/2009,3.29
11/30/2009,3.3
11/28/2009,3.29
11/27/2009,3.29
11/26/2009,3.29
11/25/2009,3.3
11/24/2009,3.3
11/23/2009,3.3
11/21/2009,3.29
11/20/2009,3.29
11/19/2009,3.29
11/18/2009,3.3
11/17/2009,3.3
11/16/2009,3.3
11/14/2009,3.29
11/13/2009,3.29
11/12/2009,3.29
11/11/2009,3.29
11/10/2009,3.29
11/9/2009,3.3
11/7/2009,3.29
11/6/2009,3.29
11/5/2009,3.29
11/4/2009,3.29
11/3/2009,3.29
11/2/2009,3.3
10/31/2009,3.3
10/30/2009,3.3
10/29/2009,3.3
10/28/2009,3.3
10/27/2009,3.29
10/26/2009,3.3
10/24/2009,3.29
10/23/2009,3.28
10/22/2009,3.3
10/21/2009,3.29
10/20/2009,3.3
10/19/2009,3.3
10/17/2009,3.3
10/16/2009,3.3
10/15/2009,3.3
10/14/2009,3.3
10/13/2009,3.3
10/12/2009,3.3
10/10/2009,3.33
10/9/2009,3.26
10/8/2009,3.29
10/7/2009,3.3
10/6/2009,3.28
10/5/2009,3.29
10/3/2009,3.25
10/2/2009,3.3
10/1/2009,3.3
9/30/2009,3.33
9/29/2009,3.33
9/28/2009,3.36
9/26/2009,3.36
9/25/2009,3.3
9/24/2009,3.3
9/23/2009,3.29
9/22/2009,3.3
9/21/2009,3.93
9/19/2009,3.93
9/18/2009,3.3
9/17/2009,3.3
9/16/2009,3.29
9/15/2009,3.29
9/14/2009,3.29
9/12/2009,3.29
9/11/2009,3.29
9/10/2009,3.29
9/9/2009,3.28
9/8/2009,3.29
9/7/2009,3.3
9/5/2009,3.34
9/4/2009,3.28
9/3/2009,3.28
9/2/2009,3.29
9/1/2009,3.28
8/31/2009,3.29
8/29/2009,3.29
8/28/2009,3.27
8/27/2009,3.28
8/26/2009,3.29
8/25/2009,3.29
8/24/2009,3.29
8/22/2009,3.29
8/21/2009,3.29
8/20/2009,3.29
8/19/2009,3.28
8/18/2009,3.28
8/17/2009,3.29
8/15/2009,3.28
8/14/2009,3.28
8/13/2009,3.28
8/12/2009,3.29
8/11/2009,3.28
8/10/2009,3.3
8/8/2009,3.32
8/7/2009,3.27
8/6/2009,3.28
8/5/2009,3.29
8/4/2009,3.29
8/3/2009,3.29
8/1/2009,3.29
7/31/2009,3.28
7/30/2009,3.29
7/29/2009,3.29
7/28/2009,3.29
7/27/2009,3.3
7/25/2009,3.29
7/24/2009,3.27
7/23/2009,3.3
7/22/2009,3.29
7/21/2009,3.29
7/20/2009,3.3
7/18/2009,3.29
7/17/2009,3.27
7/16/2009,3.29
7/15/2009,3.28
7/14/2009,3.29
7/13/2009,3.27
7/11/2009,3.27
7/10/2009,3.28
7/9/2009,3.27
7/8/2009,3.27
7/7/2009,3.27
7/6/2009,3.28
7/4/2009,3.28
7/3/2009,3.25
7/2/2009,3.3
7/1/2009,3.3
6/30/2009,3.3
6/29/2009,3.28
6/27/2009,3.3
6/26/2009,3.3
6/25/2009,3.28
6/24/2009,3.28
6/23/2009,3.28
6/22/2009,3.27
6/20/2009,3.28
6/19/2009,3.26
6/18/2009,3.26
6/17/2009,3.27
6/16/2009,3.27
6/15/2009,3.27
6/13/2009,3.28
6/12/2009,3.28
6/11/2009,3.28
6/10/2009,3.29
6/9/2009,3.28
6/8/2009,3.27
6/6/2009,3.26
6/5/2009,3.23
6/4/2009,3.28
6/3/2009,3.28
6/2/2009,3.27
6/1/2009,3.27
5/30/2009,3.3
5/29/2009,3.28
5/28/2009,3.26
5/27/2009,3.26
5/26/2009,3.26
5/25/2009,3.27
5/23/2009,3.27
5/22/2009,3.24
5/21/2009,3.27
5/20/2009,3.27
5/19/2009,3.26
5/18/2009,3.26
5/16/2009,3.29
5/15/2009,3.27
5/14/2009,3.26
5/13/2009,3.25
5/12/2009,3.27
5/11/2009,3.26
5/9/2009,3.22
5/8/2009,3.22
5/7/2009,3.22
5/6/2009,3.16
5/5/2009,3.28
5/4/2009,3.3
5/2/2009,3.28
5/1/2009,3.31
4/30/2009,3.31
4/29/2009,3.31
4/28/2009,3.3
4/27/2009,3.3
4/25/2009,3.3
4/24/2009,3.3
4/23/2009,3.3
4/22/2009,3.3
4/21/2009,3.55
4/20/2009,3.54
4/18/2009,3.55
4/17/2009,3.54
4/16/2009,3.55
4/15/2009,3.56
4/14/2009,3.55
4/13/2009,3.55
4/11/2009,3.56
4/10/2009,3.56
4/9/2009,3.56
4/8/2009,3.55
4/7/2009,3.61
4/6/2009,3.61
4/4/2009,3.52
4/3/2009,4.53
4/2/2009,4.53
4/1/2009,5.02
3/31/2009,5.02
3/30/2009,4.87
3/28/2009,4.85
3/27/2009,4.76
3/26/2009,4.76
3/25/2009,4.23
3/24/2009,4.3
3/23/2009,4.72
3/21/2009,4.26
3/20/2009,4.99
3/19/2009,4.84
3/18/2009,4.61
3/17/2009,4.45
3/16/2009,4.16
3/14/2009,4.48
3/13/2009,3.73
3/12/2009,3.6
3/11/2009,3.6
3/10/2009,3.6
3/9/2009,3.6
3/7/2009,3.58
3/6/2009,3.61
3/5/2009,3.68
3/4/2009,4.1
3/3/2009,4.1
3/2/2009,4.1
2/28/2009,4.16
2/27/2009,4.1
2/26/2009,4.1
2/25/2009,4.12
2/24/2009,4.14
2/23/2009,4.49
2/21/2009,4.49
2/20/2009,4.34
2/19/2009,4.34
2/18/2009,4.16
2/17/2009,4.15
2/16/2009,4.13
2/14/2009,4.2
2/13/2009,4.13
2/12/2009,4.13
2/11/2009,4.14
2/10/2009,4.15
2/9/2009,4.15
2/7/2009,4.13
2/6/2009,4.13
2/5/2009,4.13
2/4/2009,4.17
2/3/2009,4.23
2/2/2009,4.25
1/31/2009,4.23
1/30/2009,4.25
1/29/2009,4.21
1/28/2009,4.21
1/27/2009,4.22
1/26/2009,4.23
1/24/2009,4.23
1/23/2009,4.25
1/22/2009,4.25
1/21/2009,4.25
1/20/2009,4.26
1/19/2009,4.71
1/17/2009,4.59
1/16/2009,4.46
1/15/2009,4.28
1/14/2009,4.25
1/13/2009,4.26
1/12/2009,4.26
1/10/2009,4.29
1/9/2009,4.28
1/8/2009,4.28
1/7/2009,4.28
1/6/2009,4.29
1/5/2009,4.74
1/3/2009,4.68
1/2/2009,5.15
1/1/2009,5.37
12/31/2008,5.27
12/30/2008,5.3
12/29/2008,5.67
12/27/2008,5.73
12/26/2008,5.84
12/25/2008,6.19
12/24/2008,6.19
12/23/2008,6.27
12/22/2008,6.48
12/20/2008,6.62
12/19/2008,6.62
12/18/2008,6.61
12/17/2008,6.62
12/16/2008,6.57
12/15/2008,6.38
12/13/2008,5.7
12/12/2008,5.55
12/11/2008,5.44
12/10/2008,5.3
12/9/2008,5.3
12/8/2008,5.3
12/6/2008,6.12
12/5/2008,6.17
12/4/2008,6.15
12/3/2008,6.16
12/2/2008,6.2
12/1/2008,6.25
11/29/2008,6.82
11/28/2008,6.55
11/27/2008,6.51
11/26/2008,6.51
11/25/2008,6.74
11/24/2008,7.01
11/22/2008,7.04
11/21/2008,6.65
11/20/2008,6.29
11/19/2008,6.5
11/18/2008,6.71
11/17/2008,7.01
11/15/2008,7.34
11/14/2008,7.16
11/13/2008,7.5
11/12/2008,7.5
11/11/2008,7.51
11/10/2008,7.77
11/8/2008,8.11
11/7/2008,6.31
11/6/2008,6.35
11/5/2008,7.53
11/4/2008,7.61
11/3/2008,7.05
11/1/2008,13.18
10/31/2008,20.3
10/30/2008,11.46
10/29/2008,11.46
10/28/2008,9.5
10/27/2008,9.5
10/25/2008,8.42
10/24/2008,6.07
10/23/2008,6.1
10/22/2008,6.1
10/21/2008,6.73
10/20/2008,6.73
10/18/2008,6.29
10/17/2008,7
10/16/2008,7
10/15/2008,10.13
10/14/2008,10.06
10/13/2008,9.96
10/11/2008,9.32
10/10/2008,16.48
10/9/2008,10.51
10/8/2008,10.51
10/7/2008,10.75
10/6/2008,11.3
10/4/2008,11.06
10/3/2008,15.75
10/2/2008,17.2
10/1/2008,17.2
9/30/2008,14.57
9/29/2008,14.57
9/27/2008,11.55
9/26/2008,11.22
9/25/2008,10.04
9/24/2008,11.97
9/23/2008,12.36
9/22/2008,14.71
9/20/2008,12
9/19/2008,14.44
9/18/2008,10.47
9/17/2008,10
9/16/2008,13.05
9/15/2008,10.49
9/13/2008,9.88
9/12/2008,6.13
9/11/2008,9.07
9/10/2008,9.01
9/9/2008,8.42
9/8/2008,8.72
9/6/2008,9.09
9/5/2008,9.04
9/4/2008,9.13
9/3/2008,9.18
9/2/2008,9.18
9/1/2008,9.39
8/30/2008,9.49
8/29/2008,6.11
8/28/2008,8.31
8/27/2008,9.04
8/26/2008,9.05
8/25/2008,9.77
8/23/2008,9.64
8/22/2008,9.74
8/21/2008,9.77
8/20/2008,9.6
8/19/2008,9.48
8/18/2008,9.48
8/16/2008,9.39
8/15/2008,9.33
8/14/2008,9.33
8/13/2008,9.33
8/12/2008,9.27
8/11/2008,9.17
8/9/2008,9.18
8/8/2008,9.2
8/7/2008,9.21
8/6/2008,9.21
8/5/2008,9.3
8/4/2008,9.34
8/2/2008,9.46
8/1/2008,6.31
7/31/2008,8.51
7/30/2008,9.2
7/29/2008,8.63
7/28/2008,8.88
7/26/2008,9.16
7/25/2008,9.18
7/24/2008,9.49
7/23/2008,9.71
7/22/2008,9.59
7/21/2008,9.52
7/19/2008,9.54
7/18/2008,9.01
7/17/2008,9
7/16/2008,9
7/15/2008,9
7/14/2008,8.96
7/12/2008,8.97
7/11/2008,9.06
7/10/2008,9.05
7/9/2008,9.07
7/8/2008,9.03
7/7/2008,9
7/5/2008,9.05
7/4/2008,6.21
7/3/2008,6.4
7/2/2008,7.73
7/1/2008,8.77
6/30/2008,8.77
6/28/2008,8.71
6/27/2008,8.71
6/26/2008,8.77
6/25/2008,9.01
6/24/2008,8.27
6/23/2008,8.25
6/21/2008,8.24
6/20/2008,7.68
6/19/2008,8.1
6/18/2008,8.09
6/17/2008,8.13
6/16/2008,8.13
6/14/2008,8.26
6/13/2008,8.13
6/12/2008,8.25
6/11/2008,7.86
6/10/2008,7.97
6/9/2008,7.19
6/7/2008,7.01
6/6/2008,6.1
6/5/2008,6.07
6/4/2008,6.08
6/3/2008,6.11
6/2/2008,7.44
5/31/2008,7.93
5/30/2008,8
5/29/2008,7.98
5/28/2008,7.57
5/27/2008,7.41
5/26/2008,7.5
5/24/2008,7.9
5/23/2008,6.13
5/22/2008,6.06
5/21/2008,6.1
5/20/2008,6.37
5/19/2008,6.42
5/17/2008,6.42
5/16/2008,8.06
5/15/2008,7.04
5/14/2008,6.52
5/13/2008,6.5
5/12/2008,6.5
5/10/2008,7.02
5/9/2008,6.06
5/8/2008,6.06
5/7/2008,6.05
5/6/2008,6.08
5/5/2008,6.1
5/3/2008,6.14
5/2/2008,6.12
5/1/2008,6.26
4/30/2008,6.26
4/29/2008,6.28
4/28/2008,6.12
4/26/2008,7.25
4/25/2008,6.07
4/24/2008,6.09
4/23/2008,6.13
4/22/2008,6.05
4/21/2008,6.34
4/19/2008,7.24
4/18/2008,6.33
4/17/2008,6.33
4/16/2008,6.13
4/15/2008,6.1
4/14/2008,7.54
4/12/2008,7.54
4/11/2008,6.05
4/10/2008,6.04
4/9/2008,5.66
4/8/2008,5.82
4/7/2008,6.05
4/5/2008,6.1
4/4/2008,6.08
4/3/2008,6.29
4/2/2008,7.53
4/1/2008,9.16
3/31/2008,9.16
3/29/2008,10.31
3/28/2008,7.04
3/27/2008,7.56
3/26/2008,7.65
3/25/2008,7.66
3/24/2008,8.03
3/22/2008,8.65
3/21/2008,8.65
3/20/2008,8.65
3/19/2008,8.65
3/18/2008,7.92
3/17/2008,8.54
3/15/2008,8.54
3/14/2008,6.29
3/13/2008,6.08
3/12/2008,6.07
3/11/2008,6.09
3/10/2008,6.17
3/8/2008,6.29
3/7/2008,6.34
3/6/2008,6.34
3/5/2008,6.34
3/4/2008,6.9
3/3/2008,7.18
3/1/2008,7.54
2/29/2008,7.26
2/28/2008,7.82
2/27/2008,7.92
2/26/2008,8
2/25/2008,8.25
2/23/2008,8.76
2/22/2008,7.93
2/21/2008,7.87
2/20/2008,7.93
2/19/2008,7.98
2/18/2008,7.65
2/16/2008,7.7
2/15/2008,6.48
2/14/2008,6.47
2/13/2008,6.22
2/12/2008,6.12
2/11/2008,6.1
2/9/2008,6.45
2/8/2008,6.11
2/7/2008,6.18
2/6/2008,6.32
2/5/2008,6.5
2/4/2008,6.51
2/2/2008,6.11
2/1/2008,8.06
1/31/2008,6.93
1/30/2008,6.99
1/29/2008,7.12
1/28/2008,7.36
1/26/2008,7.79
1/25/2008,7.79
1/24/2008,7.86
1/23/2008,7.49
1/22/2008,6.09
1/21/2008,7.38
1/19/2008,6.07
1/18/2008,6.07
1/17/2008,6.07
1/16/2008,6.07
1/15/2008,6.07
1/14/2008,6.1
1/12/2008,6.14
1/11/2008,6.1
1/10/2008,6.1
1/9/2008,6.1
1/8/2008,6.11
1/7/2008,6.1
1/5/2008,7.48
1/4/2008,6.08
1/3/2008,6.08
1/2/2008,6.55
1/1/2008,7.2
12/31/2007,7.02
12/29/2007,7.84
12/28/2007,7.87
12/27/2007,8.01
12/26/2007,8
12/25/2007,7.8
12/24/2007,7.8
12/22/2007,7.39
12/21/2007,8.2
12/20/2007,8.2
12/19/2007,7.44
12/18/2007,7.35
12/17/2007,7.75
12/15/2007,7.81
12/14/2007,7.9
12/13/2007,8
12/12/2007,7.78
12/11/2007,7.54
12/10/2007,7.59
12/8/2007,8.17
12/7/2007,6.3
12/6/2007,6.99
12/5/2007,7.59
12/4/2007,7.68
12/3/2007,7.71
12/1/2007,7.88
11/30/2007,7.75
11/29/2007,7.79
11/28/2007,7.83
11/27/2007,7.83
11/26/2007,7.05
11/24/2007,6.14
11/23/2007,6.14
11/22/2007,7.14
11/21/2007,7.8
11/20/2007,7.78
11/19/2007,7.86
11/17/2007,8.03
11/16/2007,8.07
11/15/2007,7.89
11/14/2007,7.67
11/13/2007,8.19
11/12/2007,7.66
11/10/2007,7.46
11/9/2007,7.46
11/8/2007,7.46
11/7/2007,6.16
11/6/2007,6.09
11/5/2007,6.1
11/3/2007,6.12
11/2/2007,6.11
11/1/2007,6.11
10/31/2007,6.15
10/30/2007,6.12
10/29/2007,6.07
10/27/2007,6.07
10/26/2007,6.06
10/25/2007,6.05
10/24/2007,6.06
10/23/2007,6.06
10/22/2007,6.05
10/20/2007,6.09
10/19/2007,6.08
10/18/2007,6.08
10/17/2007,6.08
10/16/2007,6.06
10/15/2007,6.06
10/13/2007,6.53
10/12/2007,6.06
10/11/2007,6.07
10/10/2007,6.06
10/9/2007,6.06
10/8/2007,6.06
10/6/2007,6.07
10/5/2007,6.07
10/4/2007,6.08
10/3/2007,6.08
10/2/2007,6.12
10/1/2007,6.12
9/29/2007,9.08
9/28/2007,9.08
9/27/2007,6.23
9/26/2007,6.12
9/25/2007,6.19
9/24/2007,7.34
9/22/2007,7.78
9/21/2007,7.27
9/20/2007,6.29
9/19/2007,6.52
9/18/2007,6.62
9/17/2007,6.76
9/15/2007,6.91
9/14/2007,6.91
9/13/2007,6.11
9/12/2007,6.1
9/11/2007,6.1
9/10/2007,6.11
9/8/2007,6.12
9/7/2007,6.1
9/6/2007,6.1
9/5/2007,6.12
9/4/2007,6.11
9/3/2007,6.12
9/1/2007,6.12
8/31/2007,6.15
8/30/2007,6.09
8/29/2007,6.14
8/28/2007,6.17
8/27/2007,6.29
8/25/2007,6.41
8/24/2007,6.29
8/23/2007,6.27
8/22/2007,6.25
8/21/2007,6.22
8/20/2007,8.31
8/18/2007,8.31
8/17/2007,6.17
8/16/2007,6.2
8/15/2007,6.2
8/14/2007,6.2
8/13/2007,6.22
8/11/2007,6.23
8/10/2007,6.26
8/9/2007,6.16
8/8/2007,6.15
8/7/2007,6.11
8/6/2007,6.09
8/4/2007,6.02
8/3/2007,2.85
8/2/2007,0.18
8/1/2007,0.17
7/31/2007,0.19
7/30/2007,0.18
7/28/2007,0.37
7/27/2007,0.24
7/26/2007,0.25
7/25/2007,0.3
7/24/2007,0.35
7/23/2007,0.37
7/21/2007,0.7
7/20/2007,0.3
7/19/2007,0.31
7/18/2007,0.35
7/17/2007,0.4
7/16/2007,0.47
7/14/2007,0.58
7/13/2007,0.44
7/12/2007,0.53
7/11/2007,0.56
7/10/2007,0.78
7/9/2007,1.97
7/7/2007,4.47
7/6/2007,0.41
7/5/2007,0.49
7/4/2007,0.78
7/3/2007,1.68
7/2/2007,3.18
6/30/2007,3.18
6/29/2007,8.96
6/28/2007,8.04
6/27/2007,6.69
6/26/2007,3.17
6/25/2007,2.23
6/23/2007,3.47
6/22/2007,0.35
6/21/2007,0.31
6/20/2007,0.85
6/19/2007,2.21
6/18/2007,3.3
6/16/2007,3.03
6/15/2007,3.22
6/14/2007,3.14
6/13/2007,3.42
6/12/2007,3.38
6/11/2007,3.33
6/9/2007,2.75
6/8/2007,0.33
6/7/2007,0.42
6/6/2007,0.46
6/5/2007,0.52
6/4/2007,0.68
6/2/2007,0.81
6/1/2007,0.78
5/31/2007,1.16
5/30/2007,3.05
5/29/2007,5.08
5/28/2007,7.44
5/26/2007,8.1
5/25/2007,7.98
5/24/2007,7.88
5/23/2007,7.67
5/22/2007,7.85
5/21/2007,8.15
5/19/2007,8.48
5/18/2007,8.3
5/17/2007,8.6
5/16/2007,9.06
5/15/2007,9.31
5/14/2007,8.82
5/12/2007,6.44
5/11/2007,3.47
5/10/2007,3.03
5/9/2007,4.71
5/8/2007,6.05
5/7/2007,6.85
5/5/2007,7.7
5/4/2007,8.07
5/3/2007,8.77
5/2/2007,9.34
5/1/2007,9.34
4/30/2007,9.34
4/28/2007,8.77
4/27/2007,14.02
4/26/2007,7.98
4/25/2007,7.6
4/24/2007,9.39
4/23/2007,9.65
4/21/2007,10.33
4/20/2007,9.88
4/19/2007,9.88
4/18/2007,12.13
4/17/2007,15.7
4/16/2007,6.17
4/14/2007,5.31
4/13/2007,5.31
4/12/2007,3.4
4/11/2007,5.55
4/10/2007,6.44
4/9/2007,6.9
4/7/2007,7.33
4/6/2007,7.29
4/5/2007,7.29
4/4/2007,9.39
4/3/2007,14.42
4/2/2007,68.27
3/31/2007,68.27
3/30/2007,68.27
3/29/2007,10.73
3/28/2007,28.75
3/27/2007,14.26
3/26/2007,14.26
3/24/2007,14.46
3/23/2007,9.25
3/22/2007,29.2
3/21/2007,49.63
3/20/2007,18.19
3/19/2007,10.95
3/17/2007,10.95
3/16/2007,9.39
3/15/2007,5.45
3/14/2007,5.39
3/13/2007,5.42
3/12/2007,5.54
3/10/2007,5.51
3/9/2007,5.68
3/8/2007,5.62
3/7/2007,5.63
3/6/2007,5.38
3/5/2007,5.21
3/3/2007,6.19
3/2/2007,6.14
3/1/2007,6.11
2/28/2007,6.11
2/27/2007,6.15
2/26/2007,6.21
2/24/2007,6.25
2/23/2007,6.39
2/22/2007,6.61
2/21/2007,7.98
2/20/2007,8.05
2/19/2007,8.15
2/17/2007,8.08
2/16/2007,8.14
2/15/2007,8.14
2/14/2007,7.14
2/13/2007,6.61
2/12/2007,6.6
2/10/2007,6.69
2/9/2007,6.69
2/8/2007,7.14
2/7/2007,7.81
2/6/2007,7.89
2/5/2007,7.94
2/3/2007,7.98
2/2/2007,7.9
2/1/2007,7.84
1/31/2007,7.84
1/30/2007,7.8
1/29/2007,7.8
1/27/2007,7.96
1/26/2007,7.91
1/25/2007,7.91
1/24/2007,7.85
1/23/2007,7.98
1/22/2007,8.02
1/20/2007,8.02
1/19/2007,7.99
1/18/2007,8.02
1/17/2007,8.15
1/16/2007,8.2
1/15/2007,8.22
1/13/2007,8.22
1/12/2007,8.27
1/11/2007,8.24
1/10/2007,8.37
1/9/2007,8.45
1/8/2007,8.45
1/6/2007,7.51
1/5/2007,8.02
1/4/2007,6.79
1/3/2007,7.72
1/2/2007,13.7
1/1/2007,15.79
12/30/2006,15.79
12/29/2006,17.61
12/28/2006,12.91
12/27/2006,12.53
12/26/2006,11.53
12/25/2006,9.38
12/23/2006,9.38
12/22/2006,8.38
12/21/2006,8.21
12/20/2006,8.23
12/19/2006,8.21
12/18/2006,8.24
12/16/2006,7.94
12/15/2006,8.21
12/14/2006,8.1
12/13/2006,7.95
12/12/2006,7.26
12/11/2006,6.39
12/9/2006,6.19
12/8/2006,6.17
12/7/2006,6.16
12/6/2006,6.17
12/5/2006,6.17
12/4/2006,6.16
12/2/2006,6.18
12/1/2006,6.2
11/30/2006,6.2
11/29/2006,6.19
11/28/2006,6.18
11/27/2006,6.17
11/25/2006,6.22
11/24/2006,6.19
11/23/2006,6.23
11/22/2006,6.44
11/21/2006,6.79
11/20/2006,7.13
11/18/2006,7.2
11/17/2006,7.18
11/16/2006,7.19
11/15/2006,7.08
11/14/2006,6.97
11/13/2006,6.75
11/11/2006,6.78
11/10/2006,6.75
11/9/2006,6.78
11/8/2006,6.86
11/7/2006,7
11/6/2006,7.07
11/4/2006,6.94
11/3/2006,7.02
11/2/2006,7.03
11/1/2006,6.99
10/31/2006,6.89
10/30/2006,6.89
10/28/2006,6.88
10/27/2006,6.9
10/26/2006,7.15
10/25/2006,7.23
10/24/2006,7.23
10/23/2006,7.23
10/21/2006,7.14
10/20/2006,7.14
10/19/2006,6.95
10/18/2006,6.85
10/17/2006,6.84
10/16/2006,6.66
10/14/2006,6.48
10/13/2006,6.55
10/12/2006,6.48
10/11/2006,6.46
10/10/2006,6.44
10/9/2006,6.47
10/7/2006,6.43
10/6/2006,6.46
10/5/2006,6.5
10/4/2006,6.55
10/3/2006,6.62
10/2/2006,7.17
9/30/2006,7.17
9/29/2006,7.17
9/28/2006,6.51
9/27/2006,6.5
9/26/2006,6.52
9/25/2006,6.51
9/23/2006,6.5
9/22/2006,6.56
9/21/2006,6.55
9/20/2006,6.66
9/19/2006,6.58
9/18/2006,6.35
9/16/2006,6.21
9/15/2006,6.18
9/14/2006,6.13
9/13/2006,6.12
9/12/2006,6.1
9/11/2006,6.1
9/9/2006,6.11
9/8/2006,6.1
9/7/2006,6.1
9/6/2006,6.1
9/5/2006,6.1
9/4/2006,6.1
9/2/2006,6.1
9/1/2006,6.1
8/31/2006,6.1
8/30/2006,6.1
8/29/2006,6.1
8/28/2006,6.1
8/26/2006,6.1
8/25/2006,6.1
8/24/2006,6.11
8/23/2006,6.12
8/22/2006,6.12
8/21/2006,6.11
8/19/2006,6.11
8/18/2006,6.12
8/17/2006,6.1
8/16/2006,6.11
8/15/2006,6.1
8/14/2006,6.1
8/12/2006,6.11
8/11/2006,6.1
8/10/2006,6.1
8/9/2006,6.1
8/8/2006,6.1
8/7/2006,6.1
8/5/2006,6.09
8/4/2006,6.1
8/3/2006,6.1
8/2/2006,6.1
8/1/2006,6.1
7/31/2006,6.1
7/29/2006,6.1
7/28/2006,6.1
7/27/2006,6.1
7/26/2006,6.1
7/25/2006,5.85
7/24/2006,5.85
7/22/2006,5.85
7/21/2006,5.85
7/20/2006,5.85
7/19/2006,5.85
7/18/2006,5.85
7/17/2006,5.85
7/15/2006,5.86
7/14/2006,5.85
7/13/2006,5.85
7/12/2006,5.89
7/11/2006,5.85
7/10/2006,5.85
7/8/2006,5.85
7/7/2006,5.85
7/6/2006,5.85
7/5/2006,5.85
7/4/2006,5.85
7/3/2006,5.85
7/1/2006,5.85
6/30/2006,5.85
6/29/2006,5.85
6/28/2006,5.85
6/27/2006,5.84
6/26/2006,5.85
6/24/2006,5.86
6/23/2006,5.85
6/22/2006,5.85
6/21/2006,5.84
6/20/2006,5.83
6/19/2006,5.85
6/17/2006,5.86
6/16/2006,5.84
6/15/2006,5.84
6/14/2006,5.83
6/13/2006,5.85
6/12/2006,5.85
6/10/2006,5.89
6/9/2006,5.85
6/8/2006,5.6
6/7/2006,5.6
6/6/2006,5.6
6/5/2006,5.6
6/3/2006,5.59
6/2/2006,5.6
6/1/2006,5.6
5/31/2006,5.6
5/30/2006,5.58
5/29/2006,5.6
5/27/2006,5.59
5/26/2006,5.6
5/25/2006,5.6
5/24/2006,5.59
5/23/2006,5.58
5/22/2006,5.6
5/20/2006,5.6
5/19/2006,5.6
5/18/2006,5.6
5/17/2006,5.6
5/16/2006,5.6
5/15/2006,5.6
5/13/2006,5.6
5/12/2006,5.6
5/11/2006,5.6
5/10/2006,5.6
5/9/2006,5.6
5/8/2006,5.6
5/6/2006,5.6
5/5/2006,5.6
5/4/2006,5.6
5/3/2006,5.6
5/2/2006,5.6
5/1/2006,5.68
4/29/2006,5.68
4/28/2006,5.61
4/27/2006,5.6
4/26/2006,5.6
4/25/2006,5.6
4/24/2006,5.6
4/22/2006,5.61
4/21/2006,5.59
4/20/2006,5.6
4/19/2006,5.6
4/18/2006,5.62
4/17/2006,5.63
4/15/2006,5.62
4/14/2006,5.6
4/13/2006,5.6
4/12/2006,5.61
4/11/2006,5.61
4/10/2006,5.61
4/8/2006,5.65
4/7/2006,5.65
4/6/2006,5.73
4/5/2006,5.73
4/4/2006,6.14
4/3/2006,6.43
4/1/2006,6.81
3/31/2006,6.81
3/30/2006,5.99
3/29/2006,5.99
3/28/2006,6.19
3/27/2006,6.6
3/25/2006,6.66
3/24/2006,6.77
3/23/2006,7.05
3/22/2006,7.16
3/21/2006,7.14
3/20/2006,7.25
3/18/2006,6.9
3/17/2006,6.03
3/16/2006,6.11
3/15/2006,6.32
3/14/2006,6.32
3/13/2006,6.68
3/11/2006,6.7
3/10/2006,6.73
3/9/2006,6.74
3/8/2006,6.76
3/7/2006,6.78
3/6/2006,6.83
3/4/2006,6.8
3/3/2006,6.51
3/2/2006,6.59
3/1/2006,6.64
2/28/2006,6.73
2/27/2006,6.82
2/25/2006,6.95
2/24/2006,6.89
2/23/2006,6.96
2/22/2006,7.04
2/21/2006,7.12
2/20/2006,7.16
2/18/2006,6.99
2/17/2006,6.86
2/16/2006,7.04
2/15/2006,7.24
2/14/2006,7.22
2/13/2006,7.14
2/11/2006,7.14
2/10/2006,7.17
2/9/2006,7.2
2/8/2006,7.2
2/7/2006,7.23
2/6/2006,7.27
2/4/2006,6.99
2/3/2006,7.02
2/2/2006,7.18
2/1/2006,7.31
1/31/2006,7.56
1/30/2006,7.79
1/28/2006,7.67
1/27/2006,8
1/26/2006,7.69
1/25/2006,7.69
1/24/2006,7.17
1/23/2006,6.83
1/21/2006,6.5
1/20/2006,6.62
1/19/2006,6.5
1/18/2006,6.53
1/17/2006,7.13
1/16/2006,7.61
1/14/2006,7.43
1/13/2006,7.72
1/12/2006,7.32
1/11/2006,7.12
1/10/2006,7.12
1/9/2006,6.57
1/7/2006,5.86
1/6/2006,5.64
1/5/2006,5.58
1/4/2006,5.63
1/3/2006,6.06
1/2/2006,6.83
12/31/2005,7.03
12/30/2005,7.19
12/29/2005,7.17
12/28/2005,6.97
12/27/2005,7.01
12/26/2005,6.51
12/24/2005,6.23
12/23/2005,6.26
12/22/2005,6.49
12/21/2005,6.46
12/20/2005,6.43
12/19/2005,6.37
12/17/2005,6.27
12/16/2005,6.2
12/15/2005,6.16
12/14/2005,6.17
12/13/2005,5.95
12/12/2005,5.68
12/10/2005,5.66
12/9/2005,5.39
12/8/2005,5.37
12/7/2005,5.36
12/6/2005,5.35
12/5/2005,5.37
12/3/2005,5.34
12/2/2005,5.4
12/1/2005,5.5
11/30/2005,5.43
11/29/2005,5.38
11/28/2005,5.38
11/26/2005,5.37
11/25/2005,5.41
11/24/2005,5.37
11/23/2005,5.39
11/22/2005,5.63
11/21/2005,6.19
11/19/2005,6.14
11/18/2005,6.33
11/17/2005,6.39
11/16/2005,6.36
11/15/2005,6.33
11/14/2005,6.33
11/12/2005,6.49
11/11/2005,6.25
11/10/2005,6.42
11/9/2005,6.15
11/8/2005,5.99
11/7/2005,5.72
11/5/2005,5.48
11/4/2005,5.48
11/3/2005,5.56
11/2/2005,5.55
11/1/2005,5.33
10/31/2005,5.33
10/29/2005,5.32
10/28/2005,5.3
10/27/2005,5.31
10/26/2005,5.31
10/25/2005,5.1
10/24/2005,5.09
10/22/2005,5.08
10/21/2005,5.09
10/20/2005,5.09
10/19/2005,5.1
10/18/2005,5.08
10/17/2005,5.08
10/15/2005,5.09
10/14/2005,5.11
10/13/2005,5.06
10/12/2005,5.07
10/11/2005,5.07
10/10/2005,5.08
10/8/2005,5.06
10/7/2005,5.07
10/6/2005,5.07
10/5/2005,5.08
10/4/2005,5.11
10/3/2005,5.12
10/1/2005,5.18
9/30/2005,5.14
9/29/2005,5.21
9/28/2005,5.15
9/27/2005,5.08
9/26/2005,5.12
9/24/2005,5.1
9/23/2005,5.2
9/22/2005,5.1
9/21/2005,5.09
9/20/2005,5.08
9/19/2005,5.07
9/17/2005,5.07
9/16/2005,5.05
9/15/2005,5.05
9/14/2005,5.05
9/13/2005,5.05
9/12/2005,5.05
9/10/2005,5.05
9/9/2005,5.05
9/8/2005,5.05
9/7/2005,5.05
9/6/2005,5.05
9/5/2005,5.06
9/3/2005,5.04
9/2/2005,5.05
9/1/2005,5.06
8/31/2005,5.05
8/30/2005,5.06
8/29/2005,5.06
8/27/2005,5.06
8/26/2005,5.06
8/25/2005,5.05
8/24/2005,5.05
8/23/2005,5.06
8/22/2005,5.05
8/20/2005,5.05
8/19/2005,5.05
8/18/2005,5.05
8/17/2005,5.05
8/16/2005,5.06
8/15/2005,5.05
8/13/2005,5.05
8/12/2005,5.05
8/11/2005,5.05
8/10/2005,5.05
8/9/2005,5.06
8/8/2005,5.05
8/6/2005,5.05
8/5/2005,5.04
8/4/2005,5.07
8/3/2005,5.06
8/2/2005,5.06
8/1/2005,5.08
7/30/2005,5.02
7/29/2005,5.08
7/28/2005,5.09
7/27/2005,5.09
7/26/2005,5.09
7/25/2005,5.07
7/23/2005,5.07
7/22/2005,5.08
7/21/2005,5.07
7/20/2005,5.05
7/19/2005,5.07
7/18/2005,5.09
7/16/2005,5.09
7/15/2005,5.13
7/14/2005,5.19
7/13/2005,5.34
7/12/2005,5.36
7/11/2005,5.23
7/9/2005,5.37
7/8/2005,5.1
7/7/2005,5.13
7/6/2005,5.23
7/5/2005,5.27
7/4/2005,5.62
7/2/2005,5.57
7/1/2005,5.69
6/30/2005,5.69
6/29/2005,5.67
6/28/2005,6.04
6/27/2005,5.09
6/25/2005,5.06
6/24/2005,5.07
6/23/2005,5.05
6/22/2005,5.05
6/21/2005,5.06
6/20/2005,5.07
6/18/2005,5.06
6/17/2005,5.08
6/16/2005,5.12
6/15/2005,5.11
6/14/2005,5.06
6/13/2005,5.07
6/11/2005,5.05
6/10/2005,5.05
6/9/2005,5.04
6/8/2005,5.05
6/7/2005,5.05
6/6/2005,5.05
6/4/2005,5.04
6/3/2005,5.04
6/2/2005,5.04
6/1/2005,5.05
5/31/2005,5.06
5/30/2005,5.05
5/28/2005,5.05
5/27/2005,5.04
5/26/2005,5.05
5/25/2005,5.03
5/24/2005,5.06
5/23/2005,5.04
5/21/2005,5.04
5/20/2005,5.07
5/19/2005,5.05
5/18/2005,5.04
5/17/2005,5.05
5/16/2005,5.05
5/14/2005,5.04
5/13/2005,5.09
5/12/2005,5.05
5/11/2005,5.05
5/10/2005,5.05
5/9/2005,5.05
5/7/2005,5.05
5/6/2005,5.04
5/5/2005,5.05
5/4/2005,5.05
5/3/2005,5.04
5/2/2005,5.04
4/30/2005,5.04
4/29/2005,5.05
4/28/2005,4.79
4/27/2005,4.8
4/26/2005,4.8
4/25/2005,4.8
4/23/2005,4.8
4/22/2005,4.79
4/21/2005,4.79
4/20/2005,4.78
4/19/2005,4.8
4/18/2005,4.8
4/16/2005,4.8
4/15/2005,4.8
4/14/2005,4.8
4/13/2005,4.8
4/12/2005,4.8
4/11/2005,4.79
4/9/2005,4.8
4/8/2005,4.8
4/7/2005,4.8
4/6/2005,4.79
4/5/2005,4.8
4/4/2005,4.79
4/2/2005,4.81
4/1/2005,4.92
3/31/2005,4.92
3/30/2005,4.78
3/29/2005,4.76
3/28/2005,4.87
3/26/2005,4.97
3/25/2005,4.97
3/24/2005,4.97
3/23/2005,4.86
3/22/2005,4.8
3/21/2005,4.83
3/19/2005,5
3/18/2005,4.78
3/17/2005,4.8
3/16/2005,4.78
3/15/2005,4.78
3/14/2005,4.8
3/12/2005,4.77
3/11/2005,4.79
3/10/2005,4.78
3/9/2005,4.79
3/8/2005,4.8
3/7/2005,4.8
3/5/2005,4.79
3/4/2005,4.78
3/3/2005,4.77
3/2/2005,4.78
3/1/2005,4.79
2/28/2005,4.77
2/26/2005,4.8
2/25/2005,4.8
2/24/2005,4.8
2/23/2005,4.8
2/22/2005,4.8
2/21/2005,4.8
2/19/2005,4.79
2/18/2005,4.79
2/17/2005,4.8
2/16/2005,4.8
2/15/2005,4.8
2/14/2005,4.8
2/12/2005,4.82
2/11/2005,4.81
2/10/2005,4.81
2/9/2005,4.8
2/8/2005,4.81
2/7/2005,4.8
2/5/2005,4.79
2/4/2005,4.79
2/3/2005,4.8
2/2/2005,4.8
2/1/2005,4.79
1/31/2005,4.8
1/29/2005,4.78
1/28/2005,4.81
1/27/2005,4.8
1/26/2005,4.8
1/25/2005,4.8
1/24/2005,4.8
1/22/2005,4.79
1/21/2005,4.8
1/20/2005,4.8
1/19/2005,4.8
1/18/2005,4.81
1/17/2005,4.79
1/15/2005,4.78
1/14/2005,4.8
1/13/2005,4.82
1/12/2005,4.84
1/11/2005,4.88
1/10/2005,4.81
1/8/2005,4.79
1/7/2005,4.78
1/6/2005,4.79
1/5/2005,4.77
1/4/2005,4.77
1/3/2005,4.79
1/1/2005,4.82
12/31/2004,5.78
12/30/2004,5.99
12/29/2004,6.05
12/28/2004,6.02
12/27/2004,5.96
12/25/2004,5.99
12/24/2004,5.99
12/23/2004,6
12/22/2004,6.06
12/21/2004,6.07
12/20/2004,6.1
12/18/2004,5.74
12/17/2004,5.07
12/16/2004,5.12
12/15/2004,5.15
12/14/2004,5.01
12/13/2004,4.81
12/11/2004,4.78
12/10/2004,4.79
12/9/2004,4.77
12/8/2004,4.77
12/7/2004,4.77
12/6/2004,4.77
12/4/2004,4.76
12/3/2004,4.8
12/2/2004,4.85
12/1/2004,4.85
11/30/2004,4.85
11/29/2004,4.83
11/27/2004,4.89
11/26/2004,4.86
11/25/2004,4.86
11/24/2004,4.93
11/23/2004,5.61
11/22/2004,5.97
11/20/2004,6.04
11/19/2004,6.28
11/18/2004,6.3
11/17/2004,6.26
11/16/2004,6.26
11/15/2004,6.19
11/13/2004,6.19
11/12/2004,6.18
11/11/2004,6.18
11/10/2004,6.15
11/9/2004,6.24
11/8/2004,6.2
11/6/2004,6.06
11/5/2004,6.15
11/4/2004,5.8
11/3/2004,5.26
11/2/2004,4.97
11/1/2004,4.88
10/30/2004,4.84
10/29/2004,4.86
10/28/2004,4.83
10/27/2004,4.93
10/26/2004,4.81
10/25/2004,4.84
10/23/2004,4.78
10/22/2004,4.86
10/21/2004,4.86
10/20/2004,4.87
10/19/2004,4.61
10/18/2004,4.58
10/16/2004,4.55
10/15/2004,4.59
10/14/2004,4.57
10/13/2004,4.6
10/12/2004,4.6
10/11/2004,4.59
10/9/2004,4.54
10/8/2004,4.57
10/7/2004,4.6
10/6/2004,4.61
10/5/2004,4.61
10/4/2004,4.57
10/2/2004,4.61
10/1/2004,4.61
9/30/2004,4.59
9/29/2004,4.59
9/28/2004,4.58
9/27/2004,4.58
9/25/2004,4.52
9/24/2004,4.6
9/23/2004,4.72
9/22/2004,4.82
9/21/2004,4.75
9/20/2004,4.54
9/18/2004,4.51
9/17/2004,4.51
9/16/2004,4.5
9/15/2004,4.5
9/14/2004,4.49
9/13/2004,4.5
9/11/2004,4.47
9/10/2004,4.5
9/9/2004,4.48
9/8/2004,4.49
9/7/2004,4.49
9/6/2004,4.49
9/4/2004,4.45
9/3/2004,4.49
9/2/2004,4.5
9/1/2004,4.49
8/31/2004,4.46
8/30/2004,4.5
8/28/2004,4.5
8/27/2004,4.49
8/26/2004,4.5
8/25/2004,4.49
8/24/2004,4.48
8/23/2004,4.5
8/21/2004,4.49
8/20/2004,4.62
8/19/2004,4.62
8/18/2004,4.5
8/17/2004,4.5
8/16/2004,4.5
8/14/2004,4.49
8/13/2004,5.23
8/12/2004,5.34
8/11/2004,4.62
8/10/2004,4.49
8/9/2004,4.49
8/7/2004,4.48
8/6/2004,4.49
8/5/2004,4.48
8/4/2004,4.49
8/3/2004,4.49
8/2/2004,4.49
7/31/2004,4.49
7/30/2004,4.5
7/29/2004,4.49
7/28/2004,4.5
7/27/2004,4.49
7/26/2004,4.49
7/24/2004,4.5
7/23/2004,4.49
7/22/2004,4.49
7/21/2004,4.49
7/20/2004,4.49
7/19/2004,4.48
7/17/2004,4.49
7/16/2004,4.49
7/15/2004,4.49
7/14/2004,4.49
7/13/2004,4.49
7/12/2004,4.49
7/10/2004,4.44
7/9/2004,4.43
7/8/2004,4.5
7/7/2004,4.48
7/6/2004,4.49
7/5/2004,4.45
7/3/2004,4.49
7/2/2004,4.49
7/1/2004,4.49
6/30/2004,4.49
6/29/2004,4.49
6/28/2004,4.49
6/26/2004,4.48
6/25/2004,4.49
6/24/2004,4.49
6/23/2004,4.49
6/22/2004,4.44
6/21/2004,4.49
6/19/2004,4.49
6/18/2004,4.49
6/17/2004,4.5
6/16/2004,4.5
6/15/2004,4.49
6/14/2004,4.5
6/12/2004,4.49
6/11/2004,4.49
6/10/2004,4.5
6/9/2004,4.5
6/8/2004,4.5
6/7/2004,4.49
6/5/2004,4.51
6/4/2004,4.5
6/3/2004,4.41
6/2/2004,4.44
6/1/2004,4.49
5/31/2004,4.5
5/29/2004,4.5
5/28/2004,4.49
5/27/2004,4.48
5/26/2004,4.43
5/25/2004,4.43
5/24/2004,4.48
5/22/2004,4.41
5/21/2004,4.45
5/20/2004,4.45
5/19/2004,4.5
5/18/2004,4.43
5/17/2004,4.49
5/15/2004,4.49
5/14/2004,4.48
5/13/2004,4.5
5/12/2004,4.49
5/11/2004,4.49
5/10/2004,4.48
5/8/2004,4.48
5/7/2004,4.44
5/6/2004,4.49
5/5/2004,4.49
5/4/2004,4.49
5/3/2004,4.49
5/1/2004,4.46
4/30/2004,4.46
4/29/2004,4.48
4/28/2004,4.42
4/27/2004,4.49
4/26/2004,4.47
4/24/2004,4.47
4/23/2004,4.5
4/22/2004,4.48
4/21/2004,4.48
4/20/2004,4.49
4/19/2004,4.43
4/17/2004,4.49
4/16/2004,4.44
4/15/2004,4.48
4/14/2004,4.43
4/13/2004,4.43
4/12/2004,4.5
4/10/2004,4.49
4/9/2004,4.5
4/8/2004,4.5
4/7/2004,4.49
4/6/2004,4.44
4/5/2004,4.47
4/3/2004,4.5
4/2/2004,4.5
4/1/2004,4.51
3/31/2004,4.51
3/30/2004,4.5
3/29/2004,4.5
3/27/2004,4.47
3/26/2004,4.5
3/25/2004,4.5
3/24/2004,4.5
3/23/2004,4.5
3/22/2004,4.5
3/20/2004,4.5
3/19/2004,4.5
3/18/2004,4.5
3/17/2004,4.5
3/16/2004,4.5
3/15/2004,4.5
3/13/2004,4.5
3/12/2004,4.5
3/11/2004,4.5
3/10/2004,4.5
3/9/2004,4.5
3/8/2004,4.5
3/6/2004,4.48
3/5/2004,4.5
3/4/2004,4.5
3/3/2004,4.5
3/2/2004,4.48
3/1/2004,4.48
2/28/2004,4.47
2/27/2004,4.5
2/26/2004,4.5
2/25/2004,4.5
2/24/2004,4.5
2/23/2004,4.5
2/21/2004,4.5
2/20/2004,4.49
2/19/2004,4.5
2/18/2004,4.5
2/17/2004,4.5
2/16/2004,4.48
2/14/2004,4.48
2/13/2004,4.5
2/12/2004,4.5
2/11/2004,4.5
2/10/2004,4.5
2/9/2004,4.5
2/7/2004,4.5
2/6/2004,4.5
2/5/2004,4.5
2/4/2004,4.5
2/3/2004,4.5
2/2/2004,4.49
1/31/2004,4.49
1/30/2004,4.5
1/29/2004,4.5
1/28/2004,4.5
1/27/2004,4.5
1/26/2004,4.5
1/24/2004,4.5
1/23/2004,4.5
1/22/2004,4.5
1/21/2004,4.5
1/20/2004,4.5
1/19/2004,4.5
1/17/2004,4.5
1/16/2004,4.5
1/15/2004,4.5
1/14/2004,4.5
1/13/2004,4.5
1/12/2004,4.5
1/10/2004,4.49
1/9/2004,4.5
1/8/2004,4.5
1/7/2004,4.5
1/6/2004,4.5
1/5/2004,4.5
1/3/2004,4.49
1/2/2004,4.5
1/1/2004,4.5
12/31/2003,4.5
12/30/2003,4.5
12/29/2003,4.5
12/27/2003,4.5
12/26/2003,4.5
12/25/2003,4.5
12/24/2003,4.5
12/23/2003,4.5
12/22/2003,4.5
12/20/2003,4.47
12/19/2003,4.5
12/18/2003,4.5
12/17/2003,4.49
12/16/2003,4.5
12/15/2003,4.49
12/13/2003,4.49
12/12/2003,4.46
12/11/2003,4.5
12/10/2003,4.5
12/9/2003,4.5
12/8/2003,4.5
12/6/2003,4.43
12/5/2003,4.5
12/4/2003,4.47
12/3/2003,4.47
12/2/2003,4.5
12/1/2003,4.5
11/29/2003,4.48
11/28/2003,4.49
11/27/2003,4.5
11/26/2003,4.5
11/25/2003,4.5
11/24/2003,4.5
11/22/2003,4.41
11/21/2003,4.5
11/20/2003,4.5
11/19/2003,4.48
11/18/2003,4.5
11/17/2003,4.5
11/15/2003,4.49
11/14/2003,4.49
11/13/2003,4.5
11/12/2003,4.5
11/11/2003,4.5
11/10/2003,4.51
11/8/2003,4.5
11/7/2003,4.5
11/6/2003,4.5
11/5/2003,4.5
11/4/2003,4.5
11/3/2003,4.52
11/1/2003,4.5
10/31/2003,4.53
10/30/2003,6.48
10/29/2003,6.12
10/28/2003,5.18
10/27/2003,4.64
10/25/2003,4.59
10/24/2003,4.59
10/23/2003,4.59
10/22/2003,4.66
10/21/2003,4.57
10/20/2003,4.54
10/18/2003,4.5
10/17/2003,4.52
10/16/2003,4.53
10/15/2003,4.52
10/14/2003,4.54
10/13/2003,4.58
10/11/2003,4.52
10/10/2003,4.53
10/9/2003,4.53
10/8/2003,4.53
10/7/2003,4.52
10/6/2003,4.52
10/4/2003,4.52
10/3/2003,4.52
10/2/2003,4.52
10/1/2003,4.52
9/30/2003,4.59
9/29/2003,4.59
9/27/2003,4.5
9/26/2003,4.52
9/25/2003,4.54
9/24/2003,4.7
9/23/2003,4.64
9/22/2003,4.51
9/20/2003,4.51
9/19/2003,4.54
9/18/2003,4.53
9/17/2003,4.51
9/16/2003,4.53
9/15/2003,4.52
9/13/2003,4.51
9/12/2003,4.54
9/11/2003,4.53
9/10/2003,4.51
9/9/2003,4.53
9/8/2003,4.53
9/6/2003,4.51
9/5/2003,4.53
9/4/2003,4.53
9/3/2003,4.51
9/2/2003,4.52
9/1/2003,4.53
8/30/2003,4.5
8/29/2003,4.54
8/28/2003,4.54
8/27/2003,4.55
8/26/2003,4.59
8/25/2003,4.7
8/23/2003,5
8/22/2003,5
8/21/2003,5
8/20/2003,5
8/19/2003,5
8/18/2003,5
8/16/2003,5.11
8/15/2003,5
8/14/2003,5
8/13/2003,5
8/12/2003,5
8/11/2003,5
8/9/2003,5.01
8/8/2003,4.99
8/7/2003,4.99
8/6/2003,5
8/5/2003,5
8/4/2003,5
8/2/2003,4.95
8/1/2003,4.99
7/31/2003,5
7/30/2003,5
7/29/2003,5
7/28/2003,4.98
7/26/2003,4.99
7/25/2003,5
7/24/2003,5
7/23/2003,5
7/22/2003,4.99
7/21/2003,4.98
7/19/2003,4.95
7/18/2003,5
7/17/2003,4.99
7/16/2003,4.99
7/15/2003,4.98
7/14/2003,5
7/12/2003,4.95
7/11/2003,4.95
7/10/2003,4.98
7/9/2003,4.98
7/8/2003,5
7/7/2003,4.98
7/5/2003,4.95
7/4/2003,4.99
7/3/2003,5
7/2/2003,4.99
7/1/2003,5
6/30/2003,4.99
6/28/2003,4.99
6/27/2003,4.99
6/26/2003,5
6/25/2003,5
6/24/2003,5
6/23/2003,5.01
6/21/2003,5
6/20/2003,5.02
6/19/2003,5.02
6/18/2003,5.01
6/17/2003,5.01
6/16/2003,5.01
6/14/2003,4.98
6/13/2003,5.1
6/12/2003,5.01
6/11/2003,5.01
6/10/2003,5.01
6/9/2003,5
6/7/2003,4.99
6/6/2003,5
6/5/2003,5
6/4/2003,5
6/3/2003,4.98
6/2/2003,5
5/31/2003,4.96
5/30/2003,5.01
5/29/2003,5.01
5/28/2003,5
5/27/2003,5
5/26/2003,5
5/24/2003,4.96
5/23/2003,5
5/22/2003,5
5/21/2003,5.01
5/20/2003,5.01
5/19/2003,4.99
5/17/2003,4.92
5/16/2003,5.02
5/15/2003,5.02
5/14/2003,5.02
5/13/2003,5
5/12/2003,4.99
5/10/2003,4.88
5/9/2003,4.96
5/8/2003,4.97
5/7/2003,4.93
5/6/2003,4.91
5/5/2003,4.97
5/3/2003,4.75
5/2/2003,4.88
5/1/2003,4.88
4/30/2003,4.88
4/29/2003,4.89
4/28/2003,4.87
4/26/2003,4.75
4/25/2003,4.94
4/24/2003,4.96
4/23/2003,4.97
4/22/2003,4.92
4/21/2003,4.93
4/19/2003,4.92
4/18/2003,4.92
4/17/2003,4.92
4/16/2003,5
4/15/2003,4.81
4/14/2003,4.81
4/12/2003,4.81
4/11/2003,5.01
4/10/2003,5.01
4/9/2003,5.02
4/8/2003,5
4/7/2003,5.04
4/5/2003,5.02
4/4/2003,5.03
4/3/2003,5.1
4/2/2003,7.13
4/1/2003,7.13
3/31/2003,7.13
3/29/2003,5.83
3/28/2003,7
3/27/2003,7.08
3/26/2003,7.09
3/25/2003,7.11
3/24/2003,6.76
3/22/2003,5.76
3/21/2003,5.93
3/20/2003,6.08
3/19/2003,5.5
3/18/2003,5.28
3/17/2003,5.28
3/15/2003,5.37
3/14/2003,6.13
3/13/2003,6.13
3/12/2003,6.23
3/11/2003,6.15
3/10/2003,6.19
3/8/2003,5.95
3/7/2003,5.09
3/6/2003,5.06
3/5/2003,5.09
3/4/2003,5.24
3/3/2003,6.14
3/1/2003,6.52
2/28/2003,6.52
2/27/2003,6.71
2/26/2003,6.61
2/25/2003,6.41
2/24/2003,5.58
2/22/2003,5.5
2/21/2003,5.51
2/20/2003,5.52
2/19/2003,5.55
2/18/2003,5.55
2/17/2003,5.61
2/15/2003,5.61
2/14/2003,5.86
2/13/2003,5.8
2/12/2003,5.8
2/11/2003,5.68
2/10/2003,5.55
2/8/2003,5.5
2/7/2003,5.49
2/6/2003,5.48
2/5/2003,5.51
2/4/2003,5.64
2/3/2003,6.13
2/1/2003,6.19
1/31/2003,6.2
1/30/2003,5.74
1/29/2003,5.68
1/28/2003,5.59
1/27/2003,5.6
1/25/2003,5.64
1/24/2003,5.94
1/23/2003,6.04
1/22/2003,6.13
1/21/2003,6.16
1/20/2003,6.17
1/18/2003,6.07
1/17/2003,6.05
1/16/2003,5.58
1/15/2003,5.53
1/14/2003,5.54
1/13/2003,5.54
1/11/2003,5.53
1/10/2003,5.56
1/9/2003,5.53
1/8/2003,5.52
1/7/2003,5.53
1/6/2003,5.52
1/4/2003,5.47
1/3/2003,5.53
1/2/2003,5.56
1/1/2003,5.68
12/31/2002,5.71
12/30/2002,5.74
12/28/2002,5.69
12/27/2002,5.85
12/26/2002,5.87
12/25/2002,6.42
12/24/2002,6.42
12/23/2002,5.82
12/21/2002,5.64
12/20/2002,5.67
12/19/2002,5.69
12/18/2002,5.72
12/17/2002,5.58
12/16/2002,5.59
12/14/2002,5.5
12/13/2002,5.49
12/12/2002,5.5
12/11/2002,5.49
12/10/2002,5.5
12/9/2002,5.49
12/7/2002,5.49
12/6/2002,5.49
12/5/2002,5.47
12/4/2002,5.47
12/3/2002,5.48
12/2/2002,5.48
11/30/2002,5.39
11/29/2002,5.38
11/28/2002,5.45
11/27/2002,5.42
11/26/2002,5.48
11/25/2002,5.49
11/23/2002,5.43
11/22/2002,5.5
11/21/2002,5.51
11/20/2002,5.51
11/19/2002,5.5
11/18/2002,5.5
11/16/2002,5.44
11/15/2002,5.46
11/14/2002,5.75
11/13/2002,6.38
11/12/2002,6.6
11/11/2002,5.59
11/9/2002,5.6
11/8/2002,5.57
11/7/2002,5.52
11/6/2002,5.52
11/5/2002,5.52
11/4/2002,5.51
11/2/2002,5.51
11/1/2002,5.54
10/31/2002,5.53
10/30/2002,5.54
10/29/2002,5.77
10/28/2002,5.76
10/26/2002,5.76
10/25/2002,5.77
10/24/2002,5.76
10/23/2002,5.76
10/22/2002,5.76
10/21/2002,5.77
10/19/2002,5.75
10/18/2002,5.76
10/17/2002,5.76
10/16/2002,5.79
10/15/2002,5.87
10/14/2002,5.87
10/12/2002,5.84
10/11/2002,5.78
10/10/2002,5.77
10/9/2002,5.78
10/8/2002,5.76
10/7/2002,5.76
10/5/2002,5.75
10/4/2002,5.75
10/3/2002,5.76
10/2/2002,5.77
10/1/2002,5.77
9/30/2002,5.77
9/28/2002,5.77
9/27/2002,5.8
9/26/2002,5.79
9/25/2002,5.79
9/24/2002,5.79
9/23/2002,5.78
9/21/2002,5.77
9/20/2002,5.77
9/19/2002,5.78
9/18/2002,5.8
9/17/2002,5.84
9/16/2002,5.81
9/14/2002,5.81
9/13/2002,5.77
9/12/2002,5.76
9/11/2002,5.75
9/10/2002,5.75
9/9/2002,5.75
9/7/2002,5.75
9/6/2002,5.77
9/5/2002,5.76
9/4/2002,5.75
9/3/2002,5.75
9/2/2002,5.76
8/31/2002,5.75
8/30/2002,5.75
8/29/2002,5.76
8/28/2002,5.75
8/27/2002,5.75
8/26/2002,5.76
8/24/2002,5.75
8/23/2002,5.75
8/22/2002,5.75
8/21/2002,5.75
8/20/2002,5.75
8/19/2002,5.76
8/17/2002,5.76
8/16/2002,5.76
8/15/2002,5.76
8/14/2002,5.76
8/13/2002,5.75
8/12/2002,5.76
8/10/2002,5.76
8/9/2002,5.76
8/8/2002,5.77
8/7/2002,5.75
8/6/2002,5.75
8/5/2002,5.76
8/3/2002,5.73
8/2/2002,5.76
8/1/2002,5.77
7/31/2002,5.75
7/30/2002,5.76
7/29/2002,5.75
7/27/2002,5.75
7/26/2002,5.76
7/25/2002,5.74
7/24/2002,5.76
7/23/2002,5.76
7/22/2002,5.76
7/20/2002,5.74
7/19/2002,5.77
7/18/2002,5.76
7/17/2002,5.75
7/16/2002,5.77
7/15/2002,5.78
7/13/2002,5.8
7/12/2002,5.77
7/11/2002,5.77
7/10/2002,5.77
7/9/2002,5.77
7/8/2002,5.81
7/6/2002,5.82
7/5/2002,5.91
7/4/2002,5.93
7/3/2002,6.01
7/2/2002,6.01
7/1/2002,5.89
6/29/2002,5.35
6/28/2002,5.35
6/27/2002,5.98
6/26/2002,6.03
6/25/2002,6.07
6/24/2002,6.19
6/22/2002,6.2
6/21/2002,6.23
6/20/2002,6.21
6/19/2002,6.21
6/18/2002,6.24
6/17/2002,6.24
6/15/2002,6.18
6/14/2002,6.18
6/13/2002,6.24
6/12/2002,6.27
6/11/2002,6.24
6/10/2002,6.24
6/8/2002,6.21
6/7/2002,6.21
6/6/2002,6.23
6/5/2002,6.23
6/4/2002,6.24
6/3/2002,6.3
6/1/2002,6.28
5/31/2002,6.16
5/30/2002,6.27
5/29/2002,6.51
5/28/2002,6.63
5/27/2002,6.72
5/25/2002,7.05
5/24/2002,7.05
5/23/2002,7.77
5/22/2002,7.79
5/21/2002,7.95
5/20/2002,7.22
5/18/2002,7.03
5/17/2002,7
5/16/2002,7.56
5/15/2002,7.82
5/14/2002,7.87
5/13/2002,7.25
5/11/2002,7.13
5/10/2002,6.75
5/9/2002,6.76
5/8/2002,6.88
5/7/2002,6.81
5/6/2002,6.81
5/4/2002,7.02
5/3/2002,6.93
5/2/2002,6.68
5/1/2002,6.61
4/30/2002,6.61
4/29/2002,6.55
4/27/2002,6.56
4/26/2002,6.59
4/25/2002,6.61
4/24/2002,6.61
4/23/2002,6.62
4/22/2002,6.84
4/20/2002,6.84
4/19/2002,6.6
4/18/2002,6.58
4/17/2002,6.61
4/16/2002,6.59
4/15/2002,6.59
4/13/2002,6.54
4/12/2002,6.54
4/11/2002,6.53
4/10/2002,6.48
4/9/2002,6.46
4/8/2002,6.42
4/6/2002,6.31
4/5/2002,6.12
4/4/2002,6.16
4/3/2002,6.37
4/2/2002,6.65
4/1/2002,11.09
3/30/2002,11.09
3/29/2002,7.59
3/28/2002,7.59
3/27/2002,6.93
3/26/2002,6.9
3/25/2002,6.62
3/23/2002,6.62
3/22/2002,6.47
3/21/2002,6.51
3/20/2002,6.6
3/19/2002,6.81
3/18/2002,7.1
3/16/2002,6.97
3/15/2002,7.01
3/14/2002,6.69
3/13/2002,6.66
3/12/2002,6.67
3/11/2002,6.67
3/9/2002,6.62
3/8/2002,6.73
3/7/2002,6.56
3/6/2002,6.58
3/5/2002,6.57
3/4/2002,7
3/2/2002,7.66
3/1/2002,7.16
2/28/2002,7.16
2/27/2002,6.85
2/26/2002,6.73
2/25/2002,6.73
2/23/2002,8.12
2/22/2002,8.12
2/21/2002,7.05
2/20/2002,6.71
2/19/2002,6.65
2/18/2002,6.64
2/16/2002,6.62
2/15/2002,6.69
2/14/2002,6.64
2/13/2002,6.63
2/12/2002,6.62
2/11/2002,6.66
2/9/2002,6.72
2/8/2002,6.68
2/7/2002,6.6
2/6/2002,6.59
2/5/2002,6.61
2/4/2002,6.62
2/2/2002,6.59
2/1/2002,6.64
1/31/2002,6.64
1/30/2002,6.63
1/29/2002,6.64
1/28/2002,6.64
1/26/2002,6.6
1/25/2002,6.6
1/24/2002,6.6
1/23/2002,6.6
1/22/2002,6.61
1/21/2002,6.63
1/19/2002,6.62
1/18/2002,6.66
1/17/2002,6.68
1/16/2002,6.77
1/15/2002,6.94
1/14/2002,6.66
1/12/2002,6.58
1/11/2002,6.57
1/10/2002,6.6
1/9/2002,6.63
1/8/2002,6.65
1/7/2002,6.65
1/5/2002,6.62
1/4/2002,6.88
1/3/2002,6.88
1/2/2002,7.21
1/1/2002,8.03
12/31/2001,8.11
12/29/2001,8.02
12/28/2001,8.14
12/27/2001,8.05
12/26/2001,7.61
12/25/2001,7.07
12/24/2001,7.07
12/22/2001,7.05
12/21/2001,6.99
12/20/2001,7.05
12/19/2001,7.69
12/18/2001,6.79
12/17/2001,6.69
12/15/2001,6.69
12/14/2001,6.74
12/13/2001,8.71
12/12/2001,8.71
12/11/2001,7.15
12/10/2001,6.73
12/8/2001,6.7
12/7/2001,6.9
12/6/2001,6.74
12/5/2001,6.65
12/4/2001,6.69
12/3/2001,6.69
12/1/2001,6.64
11/30/2001,6.59
11/29/2001,6.59
11/28/2001,6.62
11/27/2001,6.66
11/26/2001,6.7
11/24/2001,6.67
11/23/2001,6.71
11/22/2001,6.74
11/21/2001,6.75
11/20/2001,6.78
11/19/2001,6.76
11/17/2001,6.68
11/16/2001,6.76
11/15/2001,6.76
11/14/2001,6.75
11/13/2001,6.75
11/12/2001,6.7
11/10/2001,6.59
11/9/2001,6.69
11/8/2001,6.69
11/7/2001,6.72
11/6/2001,6.8
11/5/2001,6.83
11/3/2001,6.76
11/2/2001,16.54
11/1/2001,9.78
10/31/2001,8.77
10/30/2001,7.85
10/29/2001,7.13
10/27/2001,7.04
10/26/2001,7.12
10/25/2001,7.12
10/24/2001,6.86
10/23/2001,6.78
10/22/2001,7.14
10/20/2001,7.52
10/19/2001,9.31
10/18/2001,8.82
10/17/2001,11.44
10/16/2001,9.66
10/15/2001,7.73
10/13/2001,7.1
10/12/2001,7.49
10/11/2001,7.14
10/10/2001,7.11
10/9/2001,7.1
10/8/2001,7.18
10/6/2001,6.92
10/5/2001,6.68
10/4/2001,6.77
10/3/2001,7.06
10/2/2001,7.13
10/1/2001,7.13
9/29/2001,8.21
9/28/2001,8.21
9/27/2001,7.11
9/26/2001,7.15
9/25/2001,7.24
9/24/2001,7.18
9/22/2001,7.24
9/21/2001,10.66
9/20/2001,7.87
9/19/2001,7.13
9/18/2001,7.27
9/17/2001,7.37
9/15/2001,7.18
9/14/2001,7.38
9/13/2001,7.45
9/12/2001,7.24
9/11/2001,7.14
9/10/2001,7.09
9/8/2001,7.15
9/7/2001,7.25
9/6/2001,7.02
9/5/2001,6.93
9/4/2001,6.9
9/3/2001,6.95
9/1/2001,6.97
8/31/2001,7.03
8/30/2001,6.94
8/29/2001,6.76
8/28/2001,6.8
8/27/2001,6.91
8/25/2001,6.92
8/24/2001,7.1
8/23/2001,7.11
8/22/2001,7.09
8/21/2001,7.09
8/20/2001,7.09
8/18/2001,7
8/17/2001,7.07
8/16/2001,7.09
8/15/2001,7.15
8/14/2001,7.15
8/13/2001,7
8/11/2001,7.04
8/10/2001,7.04
8/9/2001,7.29
8/8/2001,7.2
8/7/2001,6.95
8/6/2001,6.86
8/4/2001,6.89
8/3/2001,6.92
8/2/2001,6.94
8/1/2001,6.97
7/31/2001,7.04
7/30/2001,7.07
7/28/2001,7.91
7/27/2001,9.26
7/26/2001,8.13
7/25/2001,7.22
7/24/2001,7.09
7/23/2001,6.98
7/21/2001,6.99
7/20/2001,7.02
7/19/2001,7.09
7/18/2001,7.49
7/17/2001,8.06
7/16/2001,7.67
7/14/2001,7.51
7/13/2001,7.72
7/12/2001,7.07
7/11/2001,6.96
7/10/2001,6.96
7/9/2001,7.01
7/7/2001,6.83
7/6/2001,6.83
7/5/2001,6.89
7/4/2001,6.99
7/3/2001,7.02
7/2/2001,7.27
6/30/2001,7.34
6/29/2001,7.34
6/28/2001,7.1
6/27/2001,7.06
6/26/2001,7.06
6/25/2001,7.12
6/23/2001,7.09
6/22/2001,7.15
6/21/2001,7.2
6/20/2001,7.08
6/19/2001,7.82
6/18/2001,7.81
6/16/2001,7.79
6/15/2001,7.57
6/14/2001,7.38
6/13/2001,7.05
6/12/2001,7.19
6/11/2001,7.94
6/9/2001,8.05
6/8/2001,8.13
6/7/2001,7.43
6/6/2001,7.16
6/5/2001,7.1
6/4/2001,7.1
6/2/2001,7.02
6/1/2001,6.94
5/31/2001,6.95
5/30/2001,6.98
5/29/2001,6.96
5/28/2001,7.09
5/26/2001,7.07
5/25/2001,7.14
5/24/2001,7.47
5/23/2001,8.65
5/22/2001,8.73
5/21/2001,8.8
5/19/2001,8.72
5/18/2001,9.34
5/17/2001,9.09
5/16/2001,8.7
5/15/2001,8.83
5/14/2001,8.95
5/12/2001,9.07
5/11/2001,9.26
5/10/2001,9.22
5/9/2001,9.39
5/8/2001,8.28
5/7/2001,7.48
5/5/2001,7.48
5/4/2001,7.29
5/3/2001,8.05
5/2/2001,7.93
5/1/2001,7.39
4/30/2001,7.39
4/28/2001,7.09
4/27/2001,7.55
4/26/2001,7.65
4/25/2001,7.38
4/24/2001,7.38
4/23/2001,7.22
4/21/2001,7.18
4/20/2001,7.25
4/19/2001,7.11
4/18/2001,7.09
4/17/2001,7.11
4/16/2001,7.13
4/14/2001,7.11
4/13/2001,7.11
4/12/2001,7.11
4/11/2001,7.09
4/10/2001,7.11
4/9/2001,7.17
4/7/2001,7.21
4/6/2001,7.18
4/5/2001,7.18
4/4/2001,7.18
4/3/2001,8.06
4/2/2001,12.18
3/31/2001,12.18
3/30/2001,9.38
3/29/2001,9.41
3/28/2001,9.4
3/27/2001,8.79
3/26/2001,7.88
3/24/2001,7.88
3/23/2001,7.41
3/22/2001,7.53
3/21/2001,7.48
3/20/2001,7.49
3/19/2001,7.47
3/17/2001,7.19
3/16/2001,9.08
3/15/2001,8.09
3/14/2001,7.49
3/13/2001,7.23
3/12/2001,7.28
3/10/2001,7.24
3/9/2001,7.24
3/8/2001,7.07
3/7/2001,7.08
3/6/2001,7.13
3/5/2001,7.13
3/3/2001,7.23
3/2/2001,7.34
3/1/2001,7.86
2/28/2001,7.84
2/27/2001,7.82
2/26/2001,7.97
2/24/2001,7.94
2/23/2001,8.04
2/22/2001,8.12
2/21/2001,8.13
2/20/2001,8.13
2/19/2001,8.8
2/17/2001,8.8
2/16/2001,9.93
2/15/2001,9.19
2/14/2001,8.86
2/13/2001,8.94
2/12/2001,8.5
2/10/2001,8.31
2/9/2001,8.19
2/8/2001,8.26
2/7/2001,8.3
2/6/2001,8.53
2/5/2001,8.72
2/3/2001,9.13
2/2/2001,9.75
2/1/2001,9.82
1/31/2001,9.85
1/30/2001,9.86
1/29/2001,9.98
1/27/2001,10.02
1/26/2001,9.94
1/25/2001,9.94
1/24/2001,9.99
1/23/2001,10.01
1/22/2001,10.08
1/20/2001,10.09
1/19/2001,10.14
1/18/2001,10.09
1/17/2001,10.09
1/16/2001,10.17
1/15/2001,10.05
1/13/2001,10.16
1/12/2001,10.06
1/11/2001,9.81
1/10/2001,9.83
1/9/2001,9.74
1/8/2001,9.51
1/6/2001,9.63
1/5/2001,9.67
1/4/2001,10.07
1/3/2001,10.12
1/2/2001,10.12
1/1/2001,10.57
12/30/2000,8.46
12/29/2000,8.46
12/28/2000,10.65
12/27/2000,10.65
12/26/2000,10.55
12/25/2000,10.5
12/23/2000,10.5
12/22/2000,9.24
12/21/2000,8.73
12/20/2000,8.73
12/19/2000,8.62
12/18/2000,8.63
12/16/2000,8.75
12/15/2000,8.09
12/14/2000,8.15
12/13/2000,8.61
12/12/2000,8.31
12/11/2000,8.08
12/9/2000,8.07
12/8/2000,8.07
12/7/2000,8.06
12/6/2000,8.07
12/5/2000,8.09
12/4/2000,8.11
12/2/2000,8.14
12/1/2000,7.97
11/30/2000,8.06
11/29/2000,8.06
11/28/2000,8.12
11/27/2000,8.21
11/25/2000,8.24
11/24/2000,8.71
11/23/2000,8.45
11/22/2000,8.49
11/21/2000,8.57
11/20/2000,9.09
11/18/2000,9.04
11/17/2000,8.17
11/16/2000,8.91
11/15/2000,10.89
11/14/2000,10.89
11/13/2000,11.17
11/11/2000,12.27
11/10/2000,12.27
11/9/2000,12.27
11/8/2000,10.47
11/7/2000,10.78
11/6/2000,10.18
11/4/2000,10.22
11/3/2000,8.38
11/2/2000,8.5
11/1/2000,8.29
10/31/2000,8.26
10/30/2000,8.37
10/28/2000,8.58
10/27/2000,8.58
10/26/2000,8.68
10/25/2000,8.68
10/24/2000,9.18
10/23/2000,9.09
10/21/2000,9.16
10/20/2000,8.47
10/19/2000,8.5
10/18/2000,8.69
10/17/2000,10.3
10/16/2000,10.69
10/14/2000,11.04
10/13/2000,10.65
10/12/2000,9.84
10/11/2000,9.38
10/10/2000,8.96
10/9/2000,9.09
10/7/2000,9.06
10/6/2000,9.06
10/5/2000,9.25
10/4/2000,9.68
10/3/2000,10.09
10/2/2000,10.28
9/30/2000,10.28
9/29/2000,10.28
9/28/2000,10.24
9/27/2000,10.21
9/26/2000,10.09
9/25/2000,9.99
9/23/2000,9.62
9/22/2000,9.34
9/21/2000,10.01
9/20/2000,10.12
9/19/2000,10.12
9/18/2000,10.06
9/16/2000,8.89
9/15/2000,10.05
9/14/2000,10.2
9/13/2000,10.68
9/12/2000,10.19
9/11/2000,10.97
9/9/2000,12.25
9/8/2000,10.32
9/7/2000,12.22
9/6/2000,14.02
9/5/2000,10.64
9/4/2000,10.05
9/2/2000,10.71
9/1/2000,14.31
8/31/2000,14.31
8/30/2000,14.82
8/29/2000,14.74
8/28/2000,14.38
8/26/2000,14.32
8/25/2000,14.03
8/24/2000,14.49
8/23/2000,14.3
8/22/2000,14.11
8/21/2000,14.6
8/19/2000,14.6
8/18/2000,15.57
8/17/2000,14.49
8/16/2000,14.37
8/15/2000,14.57
8/14/2000,14.57
8/12/2000,14.15
8/11/2000,13.95
8/10/2000,14.18
8/9/2000,14.59
8/8/2000,13.05
8/7/2000,11.34
8/5/2000,10.43
8/4/2000,10.18
8/3/2000,8.28
8/2/2000,8.21
8/1/2000,8.24
7/31/2000,8.33
7/29/2000,8.67
7/28/2000,7.64
7/27/2000,8
7/26/2000,8.06
7/25/2000,8.13
7/24/2000,8.51
7/22/2000,9.85
7/21/2000,9.07
7/20/2000,7.39
7/19/2000,7.44
7/18/2000,7.35
7/17/2000,7.16
7/15/2000,7.19
7/14/2000,7.13
7/13/2000,7.5
7/12/2000,7.5
7/11/2000,7.07
7/10/2000,7.09
7/8/2000,7.06
7/7/2000,7.07
7/6/2000,7.08
7/5/2000,7.1
7/4/2000,7.29
7/3/2000,8.48
7/1/2000,9.48
6/30/2000,7.32
6/29/2000,7.32
6/28/2000,12.19
6/27/2000,12.7
6/26/2000,12.77
6/24/2000,12.67
6/23/2000,13.07
6/22/2000,11.99
6/21/2000,14.93
6/20/2000,16.78
6/19/2000,14.13
6/17/2000,25.94
6/16/2000,11.12
6/15/2000,11.25
6/14/2000,11.25
6/13/2000,10.18
6/12/2000,9.61
6/10/2000,10.73
6/9/2000,10.65
6/8/2000,9.26
6/7/2000,9.44
6/6/2000,7.81
6/5/2000,7.28
6/3/2000,7.28
6/2/2000,6.74
6/1/2000,7.09
5/31/2000,7.02
5/30/2000,7.07
5/29/2000,7.38
5/27/2000,8.19
5/26/2000,8.63
5/25/2000,8.42
5/24/2000,8.12
5/23/2000,8.07
5/22/2000,8.22
5/20/2000,8.61
5/19/2000,8.1
5/18/2000,9.16
5/17/2000,9.16
5/16/2000,8.23
5/15/2000,7.15
5/13/2000,7.08
5/12/2000,7.1
5/11/2000,7.07
5/10/2000,7.07
5/9/2000,7.08
5/8/2000,7.08
5/6/2000,7.09
5/5/2000,6.08
5/4/2000,7.19
5/3/2000,7.03
5/2/2000,7.05
5/1/2000,7.06
4/29/2000,7.06
4/28/2000,7.04
4/27/2000,7.03
4/26/2000,7.08
4/25/2000,7.17
4/24/2000,7.13
4/22/2000,7.8
4/21/2000,5.66
4/20/2000,5.66
4/19/2000,6.9
4/18/2000,6.93
4/17/2000,7.09
4/15/2000,7.15
4/14/2000,7.15
4/13/2000,7.15
4/12/2000,6.03
4/11/2000,6.03
4/10/2000,7.27
4/8/2000,6.43
4/7/2000,3.6
4/6/2000,5.41
4/5/2000,7.04
4/4/2000,7.04
4/3/2000,8.5
4/1/2000,16.52
3/31/2000,16.52
3/30/2000,10.18
3/29/2000,10.11
3/28/2000,10.79
3/27/2000,10.01
3/25/2000,9.44
3/24/2000,8.12
3/23/2000,10.63
3/22/2000,9.83
3/21/2000,8.85
3/20/2000,8.52
3/18/2000,8.52
3/17/2000,8.52
3/16/2000,8.52
3/15/2000,8.53
3/14/2000,8.52
3/13/2000,8.72
3/11/2000,8.8
3/10/2000,7.67
3/9/2000,8.97
3/8/2000,9.96
3/7/2000,10.28
3/6/2000,11.02
3/4/2000,10.66
3/3/2000,10.66
3/2/2000,10.1
3/1/2000,9.31
2/29/2000,9.1
2/28/2000,9.15
2/26/2000,9.12
2/25/2000,8.2
2/24/2000,8.89
2/23/2000,9.14
2/22/2000,10.02
2/21/2000,13.23
2/19/2000,15.67
2/18/2000,15.67
2/17/2000,15.93
2/16/2000,25.22
2/15/2000,10.19
2/14/2000,9.93
2/12/2000,10.14
2/11/2000,16.97
2/10/2000,8.93
2/9/2000,8.55
2/8/2000,8.4
2/7/2000,8.11
2/5/2000,8.08
2/4/2000,8.05
2/3/2000,8.06
2/2/2000,8.12
2/1/2000,8.31
1/31/2000,8.19
1/29/2000,8.47
1/28/2000,8.37
1/27/2000,8.23
1/26/2000,8.11
1/25/2000,8.11
1/24/2000,8.11
1/22/2000,8.18
1/21/2000,8.4
1/20/2000,8.07
1/19/2000,8.11
1/18/2000,8.14
1/17/2000,8.39
1/15/2000,8.14
1/14/2000,7.09
1/13/2000,8.01
1/12/2000,8.04
1/11/2000,8.12
1/10/2000,8.35
1/8/2000,8.02
1/7/2000,8.02
1/6/2000,8.03
1/5/2000,8.02
1/4/2000,8.02
1/3/2000,8.02
1/1/2000,7.57
