Date,1Y,2Y,3Y,4Y,5Y,7Y,10Y
7/9/2014,2.005,2.25,2.515,2.795,3.015,3.315,3.66
7/8/2014,1.995,2.25,2.515,2.795,3.015,3.315,3.65
7/7/2014,1.99,2.22,2.495,2.78,2.995,3.315,3.635
7/4/2014,1.975,2.215,2.475,2.755,2.975,3.275,3.61
7/3/2014,1.975,2.22,2.485,2.765,2.985,3.285,3.62
7/2/2014,1.965,2.185,2.475,2.745,2.965,3.265,3.59
7/1/2014,1.96,2.205,2.46,2.73,2.96,3.26,3.59
6/30/2014,1.955,2.205,2.465,2.735,2.955,3.255,3.585
6/27/2014,1.945,2.185,2.445,2.715,2.925,3.235,3.55
6/26/2014,1.935,2.185,2.435,2.715,2.945,3.235,3.56
6/25/2014,1.955,2.215,2.455,2.745,2.965,3.285,3.595
6/24/2014,1.965,2.215,2.485,2.755,2.98,3.3,3.63
6/23/2014,1.975,2.225,2.485,2.765,3.005,3.325,3.625
6/20/2014,1.975,2.235,2.495,2.765,3.005,3.325,3.655
6/19/2014,1.94,2.175,2.44,2.71,2.95,3.26,3.6
6/18/2014,1.915,2.175,2.445,2.725,2.965,3.265,3.6
6/17/2014,1.895,2.165,2.435,2.725,2.95,3.255,3.58
6/16/2014,1.895,2.155,2.435,2.695,2.925,3.235,3.555
6/13/2014,1.885,2.175,2.445,2.715,2.955,3.255,3.6
6/12/2014,1.875,2.145,2.425,2.675,2.915,3.235,3.555
6/11/2014,1.87,2.135,2.415,2.675,2.905,3.225,3.54
6/10/2014,1.865,2.125,2.395,2.655,2.875,3.195,3.515
6/9/2014,1.855,2.105,2.37,2.635,2.855,3.165,3.49
6/6/2014,1.795,2.055,2.315,2.595,2.815,3.125,3.425
6/5/2014,1.805,2.085,2.355,2.625,2.865,3.175,3.49
6/4/2014,1.815,2.065,2.345,2.625,2.865,3.175,3.49
6/3/2014,1.795,2.055,2.335,2.605,2.825,3.135,3.445
6/2/2014,1.78,2.045,2.31,2.58,2.81,3.12,3.43
5/30/2014,1.765,2.035,2.295,2.565,2.795,3.105,3.425
5/29/2014,1.755,2.005,2.265,2.525,2.755,3.075,3.36
5/28/2014,1.785,2.03,2.285,2.555,2.795,3.105,3.415
5/27/2014,1.795,2.05,2.325,2.605,2.835,3.155,3.45
5/26/2014,1.745,2.015,2.285,2.575,2.795,3.095,3.43
5/23/2014,1.72,1.995,2.275,2.545,2.755,3.03,3.365
5/22/2014,1.715,2.045,2.245,2.485,2.715,3.015,3.41
5/21/2014,1.715,1.97,2.245,2.485,2.715,3.015,3.31
5/20/2014,1.785,2.03,2.245,2.5,2.685,2.975,3.325
5/19/2014,1.785,2.035,2.255,2.475,2.705,2.975,3.315
5/16/2014,1.79,2.005,2.25,2.48,2.685,2.985,3.27
5/15/2014,1.79,2.005,2.235,2.47,2.69,2.99,3.27
5/14/2014,1.8,2.045,2.27,2.53,2.75,3.05,3.34
5/13/2014,1.8,2.035,2.3,2.56,2.79,3.09,3.775
5/12/2014,1.81,2.035,2.31,2.57,2.8,3.085,3.385
5/9/2014,1.825,2.045,2.29,2.625,2.765,3.055,3.36
5/8/2014,1.915,2.105,2.395,2.655,2.895,3.205,3.42
5/7/2014,1.915,2.135,2.395,2.655,2.895,3.205,3.5
5/6/2014,1.915,2.145,2.405,2.665,2.915,3.235,3.55
5/5/2014,1.91,2.135,2.4,2.68,2.93,3.25,3.775
5/2/2014,1.915,2.135,2.405,2.685,2.93,3.26,3.565
5/1/2014,1.92,2.15,2.41,2.69,2.94,3.25,3.775
4/30/2014,1.935,2.15,2.415,2.7,2.945,3.28,3.57
4/29/2014,1.955,2.175,2.435,2.705,2.955,3.285,3.585
4/28/2014,1.945,2.175,2.425,2.695,2.935,3.265,3.775
4/25/2014,1.945,2.18,2.425,2.705,2.945,3.265,3.57
4/24/2014,1.945,2.175,2.425,2.705,2.945,3.235,3.57
4/23/2014,1.965,2.215,2.51,2.745,2.975,3.305,3.775
4/22/2014,1.985,2.235,2.565,2.765,3.005,3.325,3.775
4/21/2014,1.99,2.235,2.49,2.755,2.995,3.33,3.65
4/18/2014,1.985,2.225,2.475,2.745,2.985,3.315,3.64
4/17/2014,1.985,2.225,2.475,2.745,2.975,3.305,3.625
4/16/2014,1.995,2.225,2.495,2.775,3.005,3.325,3.65
4/15/2014,2,2.245,2.565,2.78,3.105,3.33,3.775
4/14/2014,2,2.245,2.5,2.78,3.105,3.33,3.775
4/11/2014,1.995,2.245,2.495,2.785,3.015,3.345,3.68
4/10/2014,2.01,2.235,2.505,2.775,3.015,3.335,3.67
4/9/2014,2.015,2.24,2.525,2.825,3.065,3.385,3.7
4/8/2014,2.02,2.255,2.55,2.83,3.07,3.39,3.73
4/7/2014,2.03,2.275,2.57,2.87,3.1,3.44,3.775
4/4/2014,2.025,2.275,2.565,2.865,3.105,3.435,3.78
4/3/2014,2.025,2.285,2.575,2.865,3.105,3.435,3.785
4/2/2014,2.025,2.28,2.575,2.855,3.105,3.425,3.79
4/1/2014,2.025,2.26,2.575,2.855,3.105,3.425,3.775
3/31/2014,2.025,2.27,2.545,2.825,3.075,3.395,3.765
3/28/2014,2.025,2.255,2.55,2.825,3.065,3.395,3.735
3/27/2014,2.025,2.275,2.54,2.845,3.075,3.395,3.735
3/26/2014,2.035,2.28,2.575,2.855,3.105,3.415,3.76
3/25/2014,2.035,2.28,2.565,2.86,3.1,3.415,3.765
3/24/2014,2.06,2.28,2.585,2.87,3.12,3.405,3.79
3/21/2014,2.04,2.275,2.55,2.85,3.095,3.43,3.77
3/20/2014,2.085,2.265,2.54,2.835,3.075,3.405,3.75
3/19/2014,2.025,2.235,2.485,2.76,2.99,3.335,3.655
3/18/2014,2.025,2.235,2.485,2.755,2.995,3.335,3.645
3/17/2014,2.025,2.23,2.475,2.745,2.975,3.325,3.645
3/14/2014,2.01,2.205,2.455,2.725,2.96,3.295,3.63
3/13/2014,2.03,2.225,2.47,2.75,2.98,3.34,3.66
3/12/2014,2.055,2.25,2.485,2.775,3.025,3.345,3.705
3/11/2014,2.075,2.3,2.515,2.785,3.035,3.365,3.705
3/10/2014,2.09,2.275,2.53,2.79,3.03,3.38,3.69
3/7/2014,2.07,2.275,2.505,2.76,2.98,3.315,3.615
3/6/2014,2.06,2.265,2.505,2.765,2.99,3.315,3.63
3/5/2014,2.055,2.245,2.48,2.735,2.96,3.275,3.585
3/4/2014,2.055,2.235,2.48,2.735,2.96,3.275,3.585
3/3/2014,2.045,2.235,2.47,2.725,2.95,3.265,3.575
2/28/2014,2.045,2.24,2.485,2.735,2.96,3.285,3.59
2/27/2014,2.06,2.275,2.495,2.765,2.98,3.305,3.6
2/26/2014,2.075,2.285,2.515,2.775,3,3.315,3.625
2/25/2014,2.075,2.255,2.51,2.765,3,3.315,3.625
2/24/2014,2.055,2.255,2.5,2.755,2.98,3.295,3.605
2/21/2014,2.055,2.255,2.495,2.755,2.98,3.295,3.605
2/20/2014,2.055,2.255,2.5,2.755,2.985,3.305,3.62
2/19/2014,2.085,2.285,2.52,2.775,3.005,3.345,3.64
2/18/2014,2.105,2.295,2.54,2.795,3.025,3.355,3.665
2/17/2014,2.095,2.275,2.52,2.785,3.015,3.345,3.655
2/14/2014,2.11,2.315,2.565,2.82,3.055,3.38,3.705
2/13/2014,2.115,2.315,2.565,2.815,3.055,3.385,3.705
2/12/2014,2.11,2.335,2.585,2.835,3.075,3.405,3.725
2/11/2014,2.125,2.35,2.6,2.865,3.1,3.425,3.755
2/10/2014,2.135,2.35,2.605,2.865,3.095,3.435,3.76
2/7/2014,2.145,2.37,2.63,2.915,3.145,3.485,3.82
2/6/2014,2.15,2.3775,2.625,2.91,3.14,3.495,3.815
2/5/2014,2.16,2.38,2.625,2.915,3.13,3.465,3.79
2/4/2014,2.16,2.38,2.63,2.885,3.12,3.45,3.775
2/3/2014,2.155,2.385,2.64,2.885,3.11,3.445,3.75
1/31/2014,2.115,2.325,2.61,2.875,3.105,3.435,3.745
1/30/2014,2.115,2.325,2.605,2.875,3.1,3.445,3.74
1/29/2014,2.095,2.32,2.595,2.875,3.11,3.445,3.755
1/28/2014,2.095,2.325,2.59,2.865,3.095,3.435,3.74
1/27/2014,2.085,2.325,2.595,2.855,3.095,3.42,3.74
1/24/2014,2.09,2.315,2.6,2.845,3.075,3.41,3.715
1/23/2014,2.07,2.31,2.6,2.87,3.105,3.445,3.755
1/22/2014,2.075,2.295,2.6,2.875,3.105,3.445,3.755
1/21/2014,2.045,2.305,2.59,2.865,3.11,3.425,3.765
1/20/2014,2.025,2.295,2.565,2.835,3.075,3.395,3.725
1/17/2014,2.025,2.265,2.555,2.84,3.075,3.41,3.73
1/16/2014,2.045,2.265,2.565,2.85,3.08,3.415,3.735
1/15/2014,2.04,2.28,2.58,2.86,3.1,3.44,3.755
1/14/2014,2.045,2.285,2.58,2.86,3.1,3.435,3.75
1/13/2014,2.025,2.29,2.57,2.855,3.095,3.415,3.745
1/10/2014,2.035,2.305,2.61,2.895,3.145,3.465,3.8
1/9/2014,2.05,2.335,2.635,2.92,3.165,3.505,3.83
1/8/2014,2.025,2.32,2.615,2.905,3.145,3.495,3.8
1/7/2014,2.055,2.3,2.63,2.925,3.135,3.475,3.79
1/6/2014,2.005,2.275,2.555,2.845,3.075,3.425,3.73
1/3/2014,2.01,2.275,2.56,2.865,3.09,3.43,3.74
1/2/2014,2.04,2.365,2.585,2.9,3.125,3.465,3.765
1/1/2014,2.06,2.365,2.635,2.92,3.145,3.48,3.785
12/31/2013,2.06,2.365,2.635,2.92,3.145,3.48,3.785
12/30/2013,2.06,2.365,2.635,2.92,3.145,3.48,3.785
12/27/2013,2.065,2.365,2.635,2.92,3.145,3.495,3.785
12/26/2013,2.105,2.42,2.735,2.985,3.235,3.565,3.875
12/25/2013,2.125,2.415,2.725,3.015,3.245,3.575,3.85
12/24/2013,2.125,2.415,2.73,2.995,3.22,3.555,3.855
12/23/2013,2.125,2.425,2.73,3.015,3.23,3.575,3.85
12/20/2013,2.125,2.435,2.725,3.015,3.235,3.565,3.845
12/19/2013,2.125,2.425,2.73,2.995,3.235,3.555,3.845
12/18/2013,2.155,2.44,2.72,2.995,3.23,3.555,3.84
12/17/2013,2.185,2.445,2.725,3.005,3.24,3.575,3.84
12/16/2013,2.18,2.445,2.73,3,3.235,3.575,3.835
12/13/2013,2.175,2.445,2.725,2.995,3.225,3.565,3.825
12/12/2013,2.145,2.38,2.685,2.945,3.175,3.505,3.775
12/11/2013,2.11,2.36,2.66,2.925,3.15,3.46,3.75
12/10/2013,2.11,2.385,2.685,2.94,3.185,3.5,3.785
12/9/2013,2.115,2.39,2.685,2.955,3.185,3.51,3.785
12/6/2013,2.12,2.425,2.685,2.99,3.23,3.57,3.845
12/5/2013,2.13,2.43,2.7,2.98,3.225,3.55,3.83
12/4/2013,2.135,2.43,2.7,2.985,3.225,3.555,3.83
12/3/2013,2.13,2.405,2.71,2.985,3.23,3.55,3.85
12/2/2013,2.115,2.42,2.7,2.985,3.23,3.565,3.85
11/29/2013,2.185,2.46,2.725,2.995,3.235,3.565,3.845
11/28/2013,2.225,2.5,2.785,3.035,3.27,3.565,3.87
11/27/2013,2.255,2.52,2.79,3.075,3.28,3.565,3.86
11/26/2013,2.435,2.7,2.945,3.195,3.42,3.705,3.97
11/25/2013,2.48,2.765,2.98,3.23,3.445,3.74,4.005
11/22/2013,2.5,2.74,2.965,3.21,3.42,3.71,3.965
11/21/2013,2.495,2.73,2.97,3.225,3.425,3.735,3.98
11/20/2013,2.485,2.73,2.96,3.2,3.415,3.71,3.965
11/19/2013,2.49,2.715,2.935,3.18,3.4,3.68,3.95
11/18/2013,2.485,2.725,2.945,3.205,3.405,3.695,3.96
11/15/2013,2.485,2.73,2.96,3.205,3.42,3.685,3.955
11/14/2013,2.485,2.725,2.95,3.185,3.395,3.675,3.92
11/13/2013,2.495,2.72,2.95,3.195,3.385,3.665,3.91
11/12/2013,2.495,2.72,2.97,3.205,3.415,3.685,3.94
11/11/2013,2.49,2.725,2.93,3.16,3.365,3.65,3.89
11/8/2013,2.525,2.725,2.925,3.155,3.335,3.635,3.855
11/7/2013,2.535,2.73,2.94,3.145,3.345,3.615,3.865
11/6/2013,2.535,2.735,2.945,3.155,3.355,3.625,3.875
11/5/2013,2.525,2.74,2.935,3.145,3.34,3.605,3.86
11/4/2013,2.525,2.735,2.935,3.155,3.35,3.615,3.87
11/1/2013,2.545,2.75,2.95,3.155,3.355,3.635,3.875
10/31/2013,2.515,2.685,2.905,3.105,3.305,3.565,3.805
10/30/2013,2.495,2.675,2.875,3.065,3.26,3.535,3.755
10/29/2013,2.5,2.675,2.88,3.08,3.26,3.53,3.755
10/28/2013,2.495,2.66,2.865,3.065,3.245,3.525,3.745
10/25/2013,2.495,2.665,2.87,3.065,3.25,3.515,3.75
10/24/2013,2.495,2.665,2.875,3.08,3.255,3.525,3.755
10/23/2013,2.5,2.695,2.895,3.09,3.285,3.55,3.795
10/22/2013,2.485,2.695,2.895,3.085,3.285,3.555,3.795
10/21/2013,2.495,2.68,2.875,3.075,3.265,3.535,3.775
10/18/2013,2.48,2.665,2.865,3.06,3.25,3.53,3.76
10/17/2013,2.48,2.66,2.875,3.075,3.275,3.535,3.785
10/16/2013,2.465,2.685,2.915,3.135,3.335,3.595,3.84
10/15/2013,2.475,2.675,2.92,3.145,3.34,3.605,3.835
10/14/2013,2.435,2.67,2.91,3.115,3.315,3.565,3.81
10/11/2013,2.455,2.69,2.925,3.125,3.33,3.585,3.825
10/10/2013,2.475,2.7,2.935,3.145,3.345,3.595,3.84
10/9/2013,2.485,2.7,2.91,3.115,3.315,3.565,3.81
10/8/2013,2.505,2.715,2.94,3.135,3.315,3.575,3.81
10/7/2013,2.505,2.72,2.925,3.125,3.305,3.565,3.8
10/4/2013,2.505,2.725,2.935,3.125,3.305,3.565,3.8
10/3/2013,2.505,2.715,2.945,3.145,3.335,3.575,3.825
10/2/2013,2.505,2.715,2.935,3.145,3.325,3.585,3.83
10/1/2013,2.515,2.73,2.975,3.185,3.375,3.635,3.88
9/30/2013,2.52,2.73,2.965,3.18,3.355,3.63,3.86
9/27/2013,2.51,2.75,2.965,3.18,3.37,3.64,3.875
9/26/2013,2.53,2.73,2.96,3.17,3.355,3.62,3.855
9/25/2013,2.525,2.74,2.96,3.16,3.35,3.61,3.835
9/24/2013,2.52,2.74,2.97,3.18,3.375,3.63,3.885
9/23/2013,2.55,2.78,3.02,3.24,3.44,3.69,3.95
9/20/2013,2.495,2.705,2.955,3.165,3.375,3.645,3.88
9/19/2013,2.475,2.695,2.945,3.165,3.375,3.635,3.885
9/18/2013,2.535,2.8,3.075,3.295,3.54,3.795,4.065
9/17/2013,2.545,2.815,3.08,3.305,3.53,3.815,4.055
9/16/2013,2.535,2.78,3.065,3.305,3.54,3.825,4.065
9/13/2013,2.555,2.87,3.165,3.425,3.635,3.915,4.165
9/12/2013,2.55,2.84,3.135,3.38,3.595,3.88,4.125
9/11/2013,2.565,2.875,3.175,3.415,3.635,3.915,4.165
9/10/2013,2.545,2.89,3.185,3.425,3.66,3.935,4.2
9/9/2013,2.565,2.905,3.2,3.445,3.66,3.935,4.19
9/6/2013,2.585,2.945,3.225,3.465,3.685,3.985,4.225
9/5/2013,2.555,2.93,3.225,3.475,3.685,3.965,4.23
9/4/2013,2.52,2.87,3.165,3.41,3.635,3.92,4.175
9/3/2013,2.505,2.835,3.125,3.365,3.575,3.855,4.105
9/2/2013,2.51,2.845,3.12,3.37,3.59,3.87,4.12
8/30/2013,2.49,2.83,3.105,3.35,3.565,3.84,4.09
8/29/2013,2.495,2.87,3.155,3.385,3.595,3.9,4.125
8/28/2013,2.465,2.81,3.115,3.375,3.585,3.875,4.115
8/27/2013,2.435,2.77,3.06,3.315,3.555,3.825,4.1
8/26/2013,2.395,2.685,2.97,3.24,3.465,3.76,4.005
8/23/2013,2.395,2.675,2.98,3.245,3.495,3.765,4.035
8/22/2013,2.395,2.705,3.04,3.305,3.54,3.815,4.09
8/21/2013,2.365,2.635,2.94,3.205,3.44,3.715,3.975
8/20/2013,2.335,2.625,2.9,3.165,3.405,3.665,3.94
8/19/2013,2.395,2.665,2.945,3.205,3.445,3.715,3.985
8/16/2013,2.425,2.685,2.935,3.205,3.445,3.705,3.975
8/15/2013,2.415,2.655,2.905,3.175,3.395,3.655,3.94
8/14/2013,2.405,2.66,2.91,3.175,3.39,3.675,3.935
8/13/2013,2.365,2.63,2.9,3.135,3.385,3.645,3.92
8/12/2013,2.37,2.595,2.85,3.11,3.33,3.6,3.86
8/9/2013,2.355,2.595,2.855,3.095,3.335,3.595,3.85
8/8/2013,2.355,2.595,2.845,3.095,3.335,3.605,3.845
8/7/2013,2.355,2.625,2.88,3.115,3.365,3.625,3.885
8/6/2013,2.375,2.655,2.915,3.155,3.395,3.675,3.93
8/5/2013,2.365,2.65,2.905,3.175,3.405,3.685,3.95
8/2/2013,2.395,2.705,2.985,3.255,3.495,3.765,4.05
8/1/2013,2.405,2.695,2.975,3.235,3.465,3.735,4.01
7/31/2013,2.415,2.715,2.985,3.245,3.485,3.755,3.925
7/30/2013,2.415,2.695,2.995,3.265,3.505,3.765,4.07
7/29/2013,2.395,2.68,2.935,3.185,3.425,3.685,3.96
7/26/2013,2.385,2.675,2.945,3.185,3.405,3.675,3.95
7/25/2013,2.4,2.695,2.96,3.21,3.425,3.7,3.97
7/24/2013,2.415,2.715,2.955,3.205,3.425,3.705,3.97
7/23/2013,2.39,2.67,2.93,3.17,3.38,3.645,3.915
7/22/2013,2.36,2.655,2.91,3.16,3.38,3.64,3.91
7/19/2013,2.355,2.655,2.925,3.175,3.385,3.655,3.92
7/18/2013,2.335,2.635,2.89,3.145,3.35,3.615,3.88
7/17/2013,2.315,2.63,2.875,3.125,3.325,3.595,3.86
7/16/2013,2.335,2.63,2.885,3.125,3.325,3.595,3.855
7/15/2013,2.345,2.625,2.855,3.095,3.315,3.575,3.84
7/12/2013,2.335,2.57,2.845,3.095,3.285,3.555,3.81
7/11/2013,2.285,2.56,2.82,3.075,3.29,3.555,3.8
7/10/2013,2.255,2.54,2.795,3.055,3.27,3.545,3.77
7/9/2013,2.255,2.555,2.81,3.075,3.305,3.555,3.81
7/8/2013,2.275,2.575,2.855,3.125,3.345,3.605,3.87
7/5/2013,2.265,2.57,2.805,3.045,3.265,3.535,3.78
7/4/2013,2.255,2.56,2.805,3.045,3.255,3.525,3.77
7/3/2013,2.255,2.555,2.795,3.035,3.245,3.515,3.76
7/2/2013,2.285,2.58,2.825,3.055,3.255,3.515,3.78
7/1/2013,2.29,2.58,2.81,3.04,3.25,3.52,3.77
6/28/2013,2.29,2.58,2.815,3.04,3.245,3.52,3.77
6/27/2013,2.32,2.605,2.83,3.07,3.27,3.56,3.8
6/26/2013,2.32,2.565,2.835,3.085,3.295,3.555,3.8
6/25/2013,2.315,2.62,2.83,3.075,3.315,3.585,3.82
6/24/2013,2.325,2.66,2.93,3.215,3.435,3.715,3.97
6/21/2013,2.305,2.615,2.875,3.105,3.335,3.615,3.88
6/20/2013,2.305,2.605,2.845,3.095,3.315,3.595,3.895
6/19/2013,2.295,2.555,2.775,2.995,3.205,3.465,3.73
6/18/2013,2.33,2.58,2.805,3.03,3.235,3.49,3.75
6/17/2013,2.305,2.535,2.745,2.955,3.155,3.415,3.685
6/14/2013,2.285,2.525,2.725,2.935,3.105,3.375,3.61
6/13/2013,2.275,2.525,2.74,2.935,3.135,3.385,3.635
6/12/2013,2.305,2.575,2.81,3.025,3.23,3.5,3.76
6/11/2013,2.315,2.565,2.795,3.005,3.24,3.525,3.775
6/10/2013,2.295,2.505,2.71,2.915,3.115,3.375,3.645
6/7/2013,2.27,2.47,2.66,2.86,3.04,3.27,3.54
6/6/2013,2.275,2.475,2.66,2.845,3.02,3.275,3.525
6/5/2013,2.295,2.485,2.69,2.895,3.07,3.325,3.585
6/4/2013,2.305,2.525,2.735,2.955,3.145,3.405,3.67
6/3/2013,2.325,2.525,2.76,2.985,3.165,3.405,3.685
5/31/2013,2.345,2.545,2.74,2.945,3.135,3.365,3.655
5/30/2013,2.375,2.565,2.765,2.955,3.145,3.385,3.67
5/29/2013,2.435,2.615,2.815,3.005,3.165,3.415,3.69
5/28/2013,2.41,2.565,2.74,2.915,3.055,3.3,3.54
5/27/2013,2.385,2.525,2.69,2.855,3,3.225,3.485
5/24/2013,2.38,2.53,2.69,2.86,3,3.25,3.49
5/23/2013,2.385,2.525,2.69,2.865,3,3.225,3.49
5/22/2013,2.365,2.515,2.675,2.835,2.985,3.205,3.465
5/21/2013,2.365,2.475,2.625,2.795,2.92,3.145,3.39
5/20/2013,2.375,2.505,2.655,2.815,2.935,3.155,3.41
5/17/2013,2.395,2.515,2.645,2.785,2.92,3.125,3.39
5/16/2013,2.385,2.525,2.68,2.835,2.955,3.175,3.43
5/15/2013,2.405,2.545,2.69,2.855,2.98,3.205,3.46
5/14/2013,2.42,2.565,2.715,2.86,2.985,3.21,3.46
5/13/2013,2.355,2.505,2.68,2.835,2.97,3.215,3.46
5/10/2013,2.365,2.515,2.665,2.825,2.96,3.205,3.44
5/9/2013,2.335,2.485,2.645,2.785,2.925,3.115,3.38
5/8/2013,2.335,2.525,2.685,2.855,2.97,3.155,3.415
5/7/2013,2.305,2.475,2.645,2.815,2.935,3.115,3.36
5/6/2013,2.31,2.46,2.61,2.77,2.885,3.09,3.315
5/3/2013,2.315,2.465,2.61,2.755,2.885,3.065,3.315
5/2/2013,2.375,2.505,2.65,2.785,2.915,3.1,3.34
5/1/2013,2.41,2.56,2.705,2.85,2.97,3.19,3.415
4/30/2013,2.415,2.555,2.705,2.855,2.97,3.165,3.415
4/29/2013,2.465,2.585,2.72,2.875,3,3.185,3.44
4/26/2013,2.595,2.675,2.82,2.945,3.075,3.255,3.51
4/25/2013,2.675,2.755,2.875,3.015,3.125,3.325,3.55
4/24/2013,2.675,2.725,2.845,2.955,3.065,3.245,3.475
4/23/2013,2.675,2.715,2.82,2.935,3.04,3.225,3.455
4/22/2013,2.705,2.755,2.87,2.985,3.095,3.275,3.51
4/19/2013,2.695,2.755,2.86,2.975,3.085,3.265,3.5
4/18/2013,2.665,2.72,2.83,2.925,3.05,3.235,3.48
4/17/2013,2.685,2.745,2.85,2.975,3.09,3.295,3.545
4/16/2013,2.7,2.77,2.88,3.02,3.135,3.36,3.615
4/15/2013,2.7,2.77,2.88,3.02,3.135,3.36,3.615
4/12/2013,2.7,2.77,2.88,3.02,3.135,3.36,3.615
4/11/2013,2.695,2.775,2.895,3.025,3.16,3.375,3.615
4/10/2013,2.675,2.755,2.885,3.025,3.16,3.365,3.625
4/9/2013,2.655,2.725,2.86,3.005,3.13,3.345,3.6
4/8/2013,2.65,2.73,2.885,3.04,3.17,3.41,3.655
4/5/2013,2.645,2.735,2.885,3.045,3.17,3.41,3.655
4/4/2013,2.635,2.735,2.905,3.055,3.2,3.425,3.685
4/3/2013,2.655,2.755,2.92,3.095,3.225,3.445,3.705
4/2/2013,2.645,2.745,2.905,3.065,3.205,3.425,3.695
4/1/2013,2.655,2.755,2.925,3.095,3.21,3.465,3.73
3/29/2013,2.645,2.735,2.93,3.095,3.205,3.445,3.725
3/28/2013,2.625,2.715,2.89,3.065,3.205,3.435,3.7
3/27/2013,2.63,2.725,2.905,3.085,3.23,3.455,3.745
3/26/2013,2.645,2.745,2.925,3.115,3.25,3.485,3.775
3/25/2013,2.65,2.745,2.935,3.115,3.255,3.495,3.775
3/22/2013,2.635,2.735,2.91,3.105,3.235,3.475,3.74
3/21/2013,2.645,2.745,2.92,3.11,3.255,3.495,3.775
3/20/2013,2.635,2.74,2.945,3.125,3.28,3.5,3.8
3/19/2013,2.645,2.755,2.955,3.135,3.295,3.525,3.815
3/18/2013,2.655,2.775,2.97,3.175,3.305,3.545,3.84
3/15/2013,2.665,2.81,3,3.2,3.335,3.59,3.85
3/14/2013,2.665,2.815,3.015,3.205,3.355,3.575,3.875
3/13/2013,2.685,2.83,3.02,3.195,3.34,3.59,3.855
3/12/2013,2.695,2.85,3.04,3.235,3.36,3.615,3.87
3/11/2013,2.695,2.855,3.05,3.235,3.365,3.615,3.875
3/8/2013,2.685,2.835,3.03,3.195,3.34,3.565,3.85
3/7/2013,2.685,2.825,3.02,3.185,3.33,3.555,3.835
3/6/2013,2.695,2.845,3.035,3.205,3.335,3.575,3.84
3/5/2013,2.645,2.775,2.995,3.13,3.295,3.465,3.8
3/4/2013,2.66,2.775,2.95,3.11,3.245,3.475,3.74
3/1/2013,2.655,2.775,2.95,3.105,3.26,3.465,3.75
2/28/2013,2.655,2.805,2.985,3.145,3.3,3.535,3.795
2/27/2013,2.655,2.795,2.975,3.135,3.29,3.515,3.775
2/26/2013,2.625,2.795,2.99,3.165,3.32,3.555,3.815
2/25/2013,2.64,2.83,3.04,3.23,3.395,3.65,3.895
2/22/2013,2.645,2.835,3.04,3.235,3.395,3.635,3.895
2/21/2013,2.65,2.855,3.045,3.265,3.405,3.67,3.915
2/20/2013,2.625,2.865,3.065,3.265,3.435,3.675,3.95
2/19/2013,2.615,2.815,3.01,3.225,3.375,3.635,3.89
2/18/2013,2.595,2.795,3,3.195,3.36,3.605,3.875
2/15/2013,2.595,2.765,2.965,3.175,3.325,3.585,3.84
2/14/2013,2.585,2.775,2.98,3.185,3.35,3.585,3.855
2/13/2013,2.605,2.785,2.995,3.195,3.35,3.585,3.835
2/12/2013,2.615,2.775,2.98,3.175,3.32,3.565,3.815
2/11/2013,2.595,2.775,2.975,3.175,3.31,3.565,3.805
2/8/2013,2.595,2.765,2.975,3.175,3.315,3.565,3.805
2/7/2013,2.605,2.785,2.975,3.195,3.325,3.585,3.835
2/6/2013,2.605,2.805,3.02,3.225,3.375,3.615,3.865
2/5/2013,2.605,2.815,3.035,3.225,3.38,3.605,3.865
2/4/2013,2.645,2.855,3.07,3.275,3.415,3.635,3.905
2/1/2013,2.685,2.875,3.08,3.265,3.415,3.645,3.885
1/31/2013,2.735,2.915,3.105,3.295,3.43,3.665,3.905
1/30/2013,2.8,2.97,3.17,3.36,3.485,3.74,3.98
1/29/2013,2.755,2.935,3.125,3.305,3.435,3.655,3.895
1/28/2013,2.725,2.905,3.095,3.275,3.41,3.635,3.865
1/25/2013,2.725,2.895,3.06,3.245,3.38,3.595,3.835
1/24/2013,2.725,2.885,3.06,3.245,3.365,3.585,3.825
1/23/2013,2.725,2.895,3.06,3.255,3.365,3.595,3.845
1/22/2013,2.735,2.895,3.06,3.255,3.38,3.605,3.855
1/21/2013,2.705,2.875,3.06,3.235,3.365,3.575,3.825
1/18/2013,2.725,2.875,3.06,3.225,3.35,3.575,3.805
1/17/2013,2.745,2.905,3.06,3.215,3.34,3.555,3.795
1/16/2013,2.76,2.9,3.065,3.23,3.345,3.59,3.805
1/15/2013,2.745,2.895,3.07,3.225,3.355,3.555,3.835
1/14/2013,2.755,2.925,3.12,3.285,3.42,3.645,3.895
1/11/2013,2.775,2.945,3.14,3.305,3.44,3.675,3.935
1/10/2013,2.745,2.925,3.11,3.275,3.405,3.635,3.895
1/9/2013,2.715,2.895,3.1,3.265,3.4,3.595,3.895
1/8/2013,2.685,2.875,3.075,3.235,3.39,3.595,3.855
1/7/2013,2.665,2.845,3.035,3.215,3.35,3.565,3.825
1/4/2013,2.655,2.855,3.05,3.225,3.36,3.535,3.815
1/3/2013,2.635,2.795,2.975,3.145,3.275,3.485,3.745
1/2/2013,2.645,2.805,2.995,3.145,3.29,3.485,3.755
1/1/2013,2.61,2.75,2.92,3.06,3.2,3.41,3.65
12/31/2012,2.61,2.75,2.92,3.06,3.2,3.41,3.65
12/28/2012,2.59,2.74,2.92,3.06,3.2,3.41,3.65
12/27/2012,2.61,2.76,2.93,3.08,3.2,3.415,3.685
12/26/2012,2.605,2.755,2.93,3.075,3.2,3.405,3.665
12/25/2012,2.605,2.755,2.93,3.075,3.2,3.405,3.665
12/24/2012,2.605,2.755,2.93,3.075,3.2,3.405,3.665
12/21/2012,2.605,2.755,2.93,3.075,3.2,3.395,3.665
12/20/2012,2.605,2.755,2.945,3.075,3.22,3.425,3.685
12/19/2012,2.625,2.775,2.945,3.095,3.22,3.45,3.695
12/18/2012,2.615,2.765,2.94,3.095,3.25,3.425,3.725
12/17/2012,2.61,2.7667,2.92,3.08,3.215,3.43,3.685
12/14/2012,2.625,2.765,2.92,3.075,3.215,3.405,3.665
12/13/2012,2.62,2.765,2.92,3.075,3.215,3.43,3.645
12/12/2012,2.635,2.755,2.905,3.055,3.185,3.385,3.645
12/11/2012,2.615,2.735,2.885,3.025,3.15,3.345,3.595
12/10/2012,2.63,2.7292,2.885,3.03,3.15,3.37,3.59
12/7/2012,2.615,2.735,2.885,3.025,3.15,3.335,3.585
12/6/2012,2.61,2.725,2.875,3.025,3.135,3.315,3.575
12/5/2012,2.62,2.76,2.915,3.08,3.205,3.41,3.65
12/4/2012,2.625,2.775,2.915,3.075,3.205,3.395,3.655
12/3/2012,2.645,2.79,2.95,3.11,3.235,3.44,3.69
11/30/2012,2.625,2.775,2.935,3.085,3.215,3.42,3.655
11/29/2012,2.615,2.75,2.9,3.055,3.175,3.385,3.64
11/28/2012,2.575,2.695,2.855,3.005,3.125,3.315,3.585
11/27/2012,2.575,2.675,2.84,2.995,3.11,3.305,3.575
11/26/2012,2.58,2.69,2.83,2.985,3.095,3.295,3.555
11/23/2012,2.595,2.715,2.86,3.015,3.125,3.34,3.59
11/22/2012,2.605,2.7267,2.865,3.015,3.135,3.315,3.605
11/21/2012,2.625,2.7283,2.87,3.025,3.13,3.325,3.5967
11/20/2012,2.595,2.6975,2.83,2.975,3.09,3.3,3.5617
11/19/2012,2.58,2.7,2.825,2.98,3.085,3.31,3.55
11/16/2012,2.585,2.68,2.82,2.96,3.065,3.285,3.52
11/15/2012,2.575,2.68,2.82,2.96,3.07,3.295,3.545
11/14/2012,2.58,2.685,2.835,2.985,3.09,3.315,3.565
11/13/2012,2.565,2.66,2.79,2.93,3.04,3.24,3.485
11/12/2012,2.58,2.68,2.79,2.94,3.04,3.245,3.495
11/9/2012,2.565,2.655,2.775,2.925,3.02,3.205,3.435
11/8/2012,2.53,2.625,2.735,2.89,2.975,3.18,3.42
11/7/2012,2.545,2.645,2.76,2.905,3.02,3.195,3.425
11/6/2012,2.575,2.645,2.755,2.905,3.015,3.195,3.435
11/5/2012,2.595,2.645,2.755,2.905,3.005,3.19,3.435
11/2/2012,2.605,2.655,2.77,2.905,3.02,3.195,3.445
11/1/2012,2.605,2.665,2.775,2.905,3.015,3.205,3.455
10/31/2012,2.665,2.725,2.835,2.975,3.065,3.235,3.465
10/30/2012,2.675,2.725,2.845,2.975,3.065,3.235,3.475
10/29/2012,2.685,2.735,2.85,2.985,3.075,3.255,3.485
10/26/2012,2.675,2.745,2.87,3.005,3.1,3.265,3.515
10/25/2012,2.695,2.765,2.895,3.035,3.135,3.295,3.515
10/24/2012,2.695,2.745,2.86,3.005,3.09,3.285,3.495
10/23/2012,2.7,2.75,2.865,3,3.1,3.27,3.51
10/22/2012,2.69,2.75,2.865,3,3.1,3.275,3.5
10/19/2012,2.68,2.74,2.85,2.985,3.085,3.245,3.485
10/18/2012,2.725,2.795,2.915,3.045,3.155,3.34,3.57
10/17/2012,2.845,2.845,2.93,3.075,3.145,3.345,3.545
10/16/2012,2.925,2.96,3.045,3.165,3.245,3.41,3.595
10/15/2012,2.925,2.935,3.025,3.125,3.215,3.345,3.555
10/12/2012,2.93,2.93,3.02,3.125,3.22,3.365,3.575
10/11/2012,2.945,2.935,3,3.11,3.195,3.36,3.56
10/10/2012,2.925,2.925,3.015,3.115,3.21,3.355,3.565
10/9/2012,2.945,2.945,3.045,3.145,3.24,3.385,3.585
10/8/2012,2.97,2.9717,3.07,3.175,3.275,3.415,3.635
10/5/2012,2.98,2.97,3.065,3.175,3.27,3.43,3.63
10/4/2012,2.96,2.96,3.05,3.16,3.245,3.405,3.605
10/3/2012,2.955,2.96,3.035,3.145,3.23,3.365,3.595
10/2/2012,2.965,2.965,3.06,3.165,3.265,3.395,3.615
10/1/2012,2.97,2.985,3.085,3.195,3.285,3.45,3.665
9/28/2012,2.965,2.9817,3.075,3.19,3.285,3.455,3.655
9/27/2012,2.96,2.99,3.09,3.21,3.31,3.48,3.68
9/26/2012,2.955,2.98,3.08,3.21,3.295,3.445,3.695
9/25/2012,2.985,3.01,3.11,3.225,3.33,3.51,3.71
9/24/2012,3.01,3.02,3.13,3.245,3.34,3.51,3.7
9/21/2012,3.02,3.04,3.145,3.27,3.375,3.53,3.73
9/20/2012,2.985,3.005,3.095,3.225,3.305,3.46,3.64
9/19/2012,2.975,3.015,3.13,3.245,3.34,3.445,3.645
9/18/2012,2.995,3.035,3.145,3.265,3.365,3.535,3.72
9/17/2012,3,3.085,3.2,3.325,3.42,3.59,3.77
9/14/2012,3,3.07,3.165,3.28,3.375,3.54,3.72
9/13/2012,2.94,2.97,3.065,3.17,3.27,3.425,3.595
9/12/2012,3.005,3.035,3.135,3.275,3.36,3.535,3.715
9/11/2012,2.965,2.975,3.045,3.175,3.265,3.4,3.585
9/10/2012,2.945,2.945,3.03,3.145,3.25,3.375,3.545
9/7/2012,2.885,2.8834,2.98,3.1,3.18,3.315,3.47
9/6/2012,2.865,2.855,2.94,3.055,3.12,3.235,3.395
9/5/2012,2.835,2.825,2.915,3.01,3.075,3.21,3.345
9/4/2012,2.85,2.845,2.915,3.015,3.065,3.185,3.335
9/3/2012,2.85,2.84,2.905,3,3.055,3.18,3.33
8/31/2012,2.865,2.865,2.925,3.025,3.075,3.2,3.335
8/30/2012,2.875,2.88,2.95,3.03,3.095,3.215,3.37
8/29/2012,2.865,2.865,2.93,3.025,3.065,3.185,3.335
8/28/2012,2.87,2.87,2.925,3.01,3.06,3.185,3.325
8/27/2012,2.87,2.87,2.95,3.025,3.08,3.205,3.335
8/24/2012,2.86,2.8833,2.935,3.015,3.075,3.195,3.365
8/23/2012,2.88,2.88,2.95,3.025,3.09,3.205,3.355
8/22/2012,2.885,2.9017,3,3.075,3.16,3.275,3.4383
8/21/2012,2.935,2.9375,3.03,3.145,3.19,3.34,3.4892
8/20/2012,2.905,2.915,3.005,3.105,3.165,3.295,3.455
8/17/2012,2.825,2.8434,2.915,2.995,3.055,3.16,3.3109
8/16/2012,2.82,2.84,2.915,3,3.05,3.16,3.31
8/15/2012,2.825,2.835,2.915,2.975,3.025,3.125,3.275
8/14/2012,2.785,2.7792,2.835,2.9,2.94,3.05,3.1867
8/13/2012,2.78,2.7617,2.806,2.87,2.9017,3.02,3.1567
8/10/2012,2.77,2.79,2.815,2.875,2.93,2.995,3.17
8/9/2012,2.815,2.815,2.86,2.91,2.955,3.06,3.21
8/8/2012,2.815,2.7867,2.85,2.9,2.945,3.045,3.195
8/7/2012,2.805,2.7734,2.825,2.875,2.9092,3.015,3.1725
8/6/2012,2.785,2.7734,2.815,2.87,2.9142,3.02,3.17
8/3/2012,2.765,2.745,2.785,2.845,2.885,2.975,3.135
8/2/2012,2.79,2.7667,2.82,2.88,2.9267,3.04,3.1767
8/1/2012,2.775,2.7709,2.815,2.875,2.9259,3.025,3.1809
7/31/2012,2.765,2.7667,2.825,2.885,2.935,3.04,3.195
7/30/2012,2.785,2.755,2.82,2.885,2.9134,3.045,3.16
7/27/2012,2.785,2.77,2.8,2.855,2.91,2.995,3.17
7/26/2012,2.765,2.7267,2.76,2.805,2.8609,2.955,3.12
7/25/2012,2.745,2.6925,2.755,2.805,2.85,2.955,3.1
7/24/2012,2.73,2.6842,2.735,2.785,2.8175,2.915,3.0484
7/23/2012,2.74,2.695,2.725,2.785,2.795,2.885,3.035
7/20/2012,2.76,2.74,2.795,2.86,2.915,3.05,3.2
7/19/2012,2.78,2.77,2.835,2.885,2.95,3.085,3.245
7/18/2012,2.77,2.735,2.8,2.87,2.9175,3.055,3.2042
7/17/2012,2.755,2.7134,2.8,2.87,2.9117,3.055,3.215
7/16/2012,2.745,2.7167,2.805,2.885,2.9617,3.105,3.26
7/13/2012,2.73,2.72,2.805,2.9,2.9734,3.115,3.28
7/12/2012,2.76,2.785,2.87,2.98,3.065,3.22,3.38
7/11/2012,2.775,2.825,2.935,3.045,3.135,3.295,3.46
7/10/2012,2.77,2.83,2.935,3.065,3.145,3.305,3.47
7/9/2012,2.745,2.795,2.9,3.025,3.115,3.28,3.45
7/6/2012,2.75,2.815,2.925,3.055,3.145,3.305,3.47
7/5/2012,2.75,2.815,2.945,3.075,3.16,3.305,3.49
7/4/2012,2.755,2.8017,2.955,3.085,3.1659,3.325,3.475
7/3/2012,2.74,2.7983,2.925,3.055,3.1567,3.315,3.475
7/2/2012,2.74,2.8025,2.93,3.055,3.1534,3.315,3.4734
6/29/2012,2.735,2.785,2.925,3.065,3.145,3.315,3.465
6/28/2012,2.715,2.865,2.915,3.04,3.13,3.285,3.445
6/27/2012,2.75,2.805,2.925,3.055,3.155,3.295,3.465
6/26/2012,2.75,2.82,2.955,3.09,3.18,3.34,3.5
6/25/2012,2.765,2.815,2.955,3.095,3.185,3.335,3.495
6/22/2012,2.775,2.8367,2.965,3.105,3.2033,3.365,3.5267
6/21/2012,2.805,2.88,3,3.125,3.235,3.39,3.56
6/20/2012,2.785,2.865,3.005,3.14,3.235,3.39,3.55
6/19/2012,2.76,2.845,2.97,3.095,3.195,3.355,3.515
6/18/2012,2.73,2.825,2.955,3.09,3.185,3.345,3.505
6/15/2012,2.7,2.825,2.97,3.1,3.2,3.35,3.51
6/14/2012,2.695,2.805,2.955,3.085,3.165,3.305,3.455
6/13/2012,2.74,2.8217,2.95,3.065,3.16,3.3,3.4625
6/12/2012,2.735,2.85,2.89,3.055,3.1659,3.285,3.4725
6/11/2012,2.755,2.855,2.975,3.08,3.1709,3.325,3.45
6/8/2012,2.7,2.795,2.915,3.03,3.125,3.28,3.425
6/7/2012,2.795,2.875,3,3.125,3.22,3.37,3.51
6/6/2012,2.785,2.885,2.995,3.11,3.205,3.34,3.47
6/5/2012,2.69,2.7909,2.9,3.02,3.1159,3.26,3.3975
6/4/2012,2.64,2.7492,2.85,2.98,3.0925,3.22,3.3792
6/1/2012,2.68,2.7683,2.89,3.02,3.1083,3.26,3.3917
5/31/2012,2.705,2.815,2.955,3.075,3.175,3.325,3.465
5/30/2012,2.76,2.875,3.005,3.12,3.21,3.365,3.505
5/29/2012,2.835,2.955,3.085,3.205,3.3,3.455,3.61
5/28/2012,2.86,2.9683,3.125,3.205,3.3083,3.49,3.6167
5/25/2012,2.86,2.9667,3.145,3.225,3.375,3.455,3.6159
5/24/2012,2.845,2.9517,3.145,3.195,3.375,3.435,3.5817
5/23/2012,2.825,2.9417,3.145,3.185,3.375,3.425,3.5892
5/22/2012,2.895,3.0025,3.145,3.235,3.375,3.475,3.6242
5/21/2012,2.84,2.95,3.145,3.175,3.375,3.425,3.59
5/18/2012,2.82,2.925,3.145,3.16,3.255,3.395,3.555
5/17/2012,2.91,3.005,3.145,3.26,3.375,3.53,3.705
5/16/2012,2.905,2.9892,3.125,3.255,3.3542,3.525,3.715
5/15/2012,2.905,3.125,3.175,3.305,3.525,3.595,3.7767
5/14/2012,2.915,3.125,3.275,3.315,3.425,3.615,3.775
5/11/2012,2.98,3.1208,3.285,3.425,3.5317,3.705,3.8984
5/10/2012,2.98,3.1333,3.295,3.435,3.55,3.725,3.915
5/9/2012,2.965,3.1083,3.275,3.415,3.5133,3.685,3.8783
5/8/2012,2.985,3.1275,3.26,3.415,3.5384,3.705,3.905
5/7/2012,2.97,3.15,3.27,3.4,3.5817,3.67,3.955
5/4/2012,3.015,3.1533,3.33,3.47,3.5867,3.775,3.9517
5/3/2012,3,3.275,3.33,3.455,3.59,3.775,3.9917
5/2/2012,3.01,3.275,3.35,3.505,3.725,3.805,4.0075
5/1/2012,3.03,3.2,3.37,3.53,3.64,3.83,4.02
4/30/2012,3.025,3.275,3.445,3.53,3.725,3.83,4.02
4/27/2012,2.975,3.1667,3.33,3.5,3.6217,3.81,3.985
4/26/2012,2.985,3.165,3.335,3.515,3.725,3.81,3.9934
4/25/2012,2.95,3.14,3.33,3.5,3.62,3.785,3.995
4/24/2012,2.895,3.0825,3.275,3.45,3.5675,3.76,3.9292
4/23/2012,2.89,3.0892,3.275,3.445,3.5667,3.75,3.9292
4/20/2012,2.9,3.1067,3.3,3.465,3.58,3.775,3.9433
4/19/2012,2.925,3.1317,3.315,3.485,3.6017,3.775,3.9617
4/18/2012,2.905,3.1009,3.305,3.48,3.5859,3.755,3.94
4/17/2012,2.885,3.1667,3.285,3.455,3.6,3.765,3.9659
4/16/2012,2.93,3.1667,3.31,3.46,3.62,3.75,3.9767
4/13/2012,2.95,3.14,3.33,3.48,3.59,3.77,3.95
4/12/2012,2.985,3.275,3.445,3.525,3.635,3.805,3.985
4/11/2012,2.965,3.175,3.445,3.535,3.625,3.795,3.975
4/10/2012,3.04,3.275,3.445,3.595,3.725,3.89,4.04
4/9/2012,3.04,3.275,3.445,3.59,3.725,3.9,4.04
4/6/2012,3.075,3.29,3.48,3.65,3.775,3.96,4.12
4/5/2012,3.075,3.275,3.445,3.65,3.725,3.96,4.1159
4/4/2012,3.1,3.275,3.445,3.705,3.725,3.985,4.17
4/3/2012,3.12,3.275,3.445,3.675,3.725,3.965,4.1442
4/2/2012,3.095,3.3042,3.505,3.675,3.7467,3.955,4.1034
3/30/2012,3.09,3.2892,3.485,3.635,3.7409,3.935,4.1017
3/29/2012,3.085,3.275,3.445,3.615,3.725,3.895,4.0717
3/28/2012,3.11,3.275,3.445,3.605,3.725,3.89,4.0775
3/27/2012,3.115,3.285,3.455,3.61,3.705,3.9,4.0775
3/26/2012,3.075,3.285,3.455,3.58,3.705,3.89,4.0583
3/23/2012,3.05,3.225,3.395,3.555,3.675,3.855,4.05
3/22/2012,3.055,3.285,3.455,3.555,3.705,3.845,4.0325
3/21/2012,3.07,3.2625,3.445,3.595,3.7125,3.895,4.0634
3/20/2012,3.07,3.285,3.455,3.57,3.705,3.885,4.0617
3/19/2012,3.06,3.285,3.455,3.525,3.705,3.825,4.015
3/16/2012,3.07,3.24,3.4,3.56,3.7,3.89,4.08
3/15/2012,3.075,3.23,3.415,3.585,3.7242,3.915,4.1109
3/14/2012,3.11,3.26,3.425,3.59,3.73,3.93,4.12
3/13/2012,3.08,3.15,3.265,3.5,3.6259,3.8,4.005
3/12/2012,3.05,3.18,3.32,3.46,3.58,3.76,3.94
3/9/2012,3.01,3.12,3.265,3.415,3.52,3.69,3.8875
3/8/2012,2.975,3.1,3.245,3.405,3.5,3.685,3.865
3/7/2012,2.95,3.0942,3.265,3.36,3.4909,3.65,3.8567
3/6/2012,2.97,3.105,3.245,3.375,3.495,3.66,3.855
3/5/2012,2.98,3.105,3.265,3.39,3.505,3.68,3.8767
3/2/2012,3,3.1134,3.26,3.41,3.5034,3.7,3.8617
3/1/2012,2.985,3.0975,3.225,3.38,3.4867,3.675,3.8525
2/29/2012,2.985,3.0925,3.235,3.385,3.4867,3.675,3.85
2/28/2012,2.975,3.085,3.225,3.365,3.485,3.645,3.825
2/27/2012,2.965,3.045,3.185,3.335,3.4525,3.63,3.8259
2/24/2012,2.965,3.045,3.16,3.335,3.4917,3.62,3.805
2/23/2012,2.99,3.075,3.205,3.375,3.485,3.675,3.865
2/22/2012,2.945,3.055,3.195,3.375,3.5083,3.695,3.9083
2/21/2012,2.925,3.005,3.15,3.325,3.45,3.65,3.83
2/20/2012,2.91,2.9609,3.105,3.295,3.405,3.61,3.8
2/17/2012,2.885,2.95,3.08,3.23,3.36,3.54,3.71
2/16/2012,2.865,2.905,3.03,3.18,3.285,3.445,3.6367
2/15/2012,2.88,2.93,3.045,3.195,3.3117,3.475,3.6717
2/14/2012,2.845,2.9117,3.025,3.185,3.2883,3.455,3.6383
2/13/2012,2.905,2.93,3.03,3.16,3.2667,3.415,3.5933
2/10/2012,2.905,2.9375,3.015,3.125,3.2742,3.405,3.595
2/9/2012,2.935,2.9533,3.06,3.17,3.2767,3.435,3.58
2/8/2012,2.925,2.945,3.055,3.165,3.265,3.395,3.565
2/7/2012,2.905,2.935,3.025,3.135,3.235,3.375,3.525
2/6/2012,2.89,2.9167,2.995,3.095,3.1884,3.315,3.4909
2/3/2012,2.9,2.915,2.995,3.095,3.185,3.33,3.4834
2/2/2012,2.925,2.925,3.005,3.105,3.195,3.335,3.495
2/1/2012,2.905,2.9217,2.985,3.085,3.1867,3.315,3.5142
1/31/2012,2.93,2.915,2.995,3.1,3.1917,3.35,3.53
1/30/2012,2.94,2.93,3,3.09,3.215,3.35,3.56
1/27/2012,2.935,2.94,3.015,3.135,3.2442,3.395,3.6033
1/26/2012,2.96,2.96,3.06,3.175,3.28,3.45,3.6042
1/25/2012,2.92,2.93,3.01,3.13,3.23,3.4,3.59
1/24/2012,2.95,2.935,3.02,3.135,3.24,3.4,3.6
1/23/2012,2.935,2.925,3.015,3.125,3.23,3.4,3.585
1/20/2012,2.89,2.88,2.98,3.11,3.2117,3.365,3.5617
1/19/2012,2.89,2.88,2.975,3.09,3.19,3.36,3.55
1/18/2012,2.875,2.865,2.945,3.085,3.1834,3.355,3.5267
1/17/2012,2.85,2.8417,2.935,3.065,3.1817,3.345,3.5233
1/16/2012,2.825,2.855,2.915,3.055,3.1967,3.33,3.5092
1/13/2012,2.88,2.8575,2.96,3.095,3.2117,3.37,3.5434
1/12/2012,2.855,2.8417,2.925,3.045,3.175,3.345,3.525
1/11/2012,2.855,2.8592,2.94,3.075,3.2233,3.345,3.5833
1/10/2012,2.885,2.8459,2.955,3.105,3.2142,3.395,3.5725
1/9/2012,2.815,2.8525,2.935,3.085,3.2142,3.385,3.5825
1/6/2012,2.865,2.8575,2.95,3.1,3.2292,3.4,3.5875
1/5/2012,2.885,2.88,2.97,3.115,3.2983,3.425,3.6833
1/4/2012,2.95,2.8917,3.01,3.165,3.305,3.485,3.6725
1/3/2012,2.88,2.8709,2.965,3.115,3.2509,3.445,3.6592
1/2/2012,2.88,2.86,2.96,3.11,3.24,3.44,3.65
12/30/2011,2.855,2.875,2.975,3.12,3.245,3.46,3.68
12/29/2011,2.89,2.8625,2.975,3.125,3.2425,3.455,3.6409
12/28/2011,2.875,2.865,2.955,3.095,3.225,3.405,3.615
12/27/2011,2.9,2.865,2.965,3.13,3.25,3.425,3.64
12/26/2011,2.875,2.855,2.955,3.1,3.215,3.39,3.59
12/23/2011,2.905,2.875,2.965,3.105,3.225,3.405,3.605
12/22/2011,2.88,2.84,2.945,3.085,3.205,3.395,3.595
12/21/2011,2.9,2.855,2.945,3.095,3.2083,3.39,3.595
12/20/2011,2.835,2.7933,2.905,3.035,3.16,3.325,3.5367
12/19/2011,2.79,2.7683,2.88,3.02,3.1417,3.33,3.5283
12/16/2011,2.8,2.78,2.89,3.03,3.1492,3.33,3.5342
12/15/2011,2.8,2.77,2.88,3.03,3.13,3.32,3.52
12/14/2011,2.825,2.7884,2.895,3.035,3.1567,3.335,3.5617
12/13/2011,2.88,2.8275,2.92,3.06,3.1834,3.38,3.5925
12/12/2011,2.87,2.84,2.93,3.07,3.1917,3.39,3.6
12/9/2011,2.905,2.845,2.945,3.075,3.19,3.395,3.595
12/8/2011,2.885,2.8183,2.925,3.065,3.1917,3.385,3.6
12/7/2011,2.855,2.8183,2.925,3.065,3.1917,3.395,3.6
12/6/2011,2.785,2.7859,2.885,3.035,3.1775,3.365,3.5909
12/5/2011,2.82,2.7867,2.895,3.045,3.18,3.385,3.5867
12/2/2011,2.815,2.8,2.895,3.045,3.19,3.395,3.595
12/1/2011,2.825,2.785,2.905,3.045,3.1817,3.4,3.5725
11/30/2011,2.75,2.73,2.865,3.03,3.18,3.39,3.59
11/29/2011,2.675,2.7067,2.845,3.015,3.1733,3.37,3.5767
11/28/2011,2.685,2.7083,2.855,3.01,3.1575,3.38,3.5667
11/25/2011,2.685,2.7167,2.855,3.025,3.1575,3.375,3.5617
11/24/2011,2.695,2.7025,2.82,2.99,3.1134,3.315,3.4909
11/23/2011,2.705,2.7117,2.825,2.995,3.1183,3.275,3.465
11/22/2011,2.79,2.77,2.88,3.045,3.1783,3.365,3.5433
11/21/2011,2.75,2.7467,2.845,3,3.155,3.315,3.52
11/18/2011,2.75,2.7617,2.855,3.025,3.17,3.335,3.5225
11/17/2011,2.805,2.7759,2.915,3.07,3.2184,3.445,3.58
11/16/2011,2.835,2.825,2.965,3.125,3.295,3.475,3.675
11/15/2011,2.835,2.845,2.985,3.165,3.315,3.515,3.725
11/14/2011,2.85,2.8434,3.005,3.19,3.3417,3.545,3.7192
11/11/2011,2.815,2.84,3,3.18,3.3375,3.54,3.705
11/10/2011,2.835,2.8675,2.995,3.185,3.3525,3.535,3.74
11/9/2011,2.88,2.8967,3.02,3.22,3.3784,3.6,3.785
11/8/2011,2.865,2.885,3.03,3.23,3.37,3.61,3.785
11/7/2011,2.885,2.92,3.05,3.22,3.35,3.58,3.745
11/4/2011,2.89,2.9025,3.04,3.195,3.3367,3.57,3.7133
11/3/2011,2.865,2.895,3.025,3.185,3.305,3.525,3.685
11/2/2011,2.895,2.905,3.035,3.175,3.285,3.475,3.625
11/1/2011,2.87,2.93,3.01,3.15,3.3083,3.45,3.6467
10/31/2011,2.89,2.95,3.06,3.2,3.3083,3.495,3.6617
10/28/2011,2.91,2.9642,3.09,3.23,3.3309,3.55,3.6825
10/27/2011,2.765,2.885,2.975,3.135,3.245,3.45,3.625
10/26/2011,2.715,2.825,2.955,3.115,3.225,3.4,3.5767
10/25/2011,2.735,2.8434,2.975,3.135,3.2434,3.425,3.5917
10/24/2011,2.71,2.825,2.965,3.115,3.225,3.385,3.535
10/21/2011,2.71,2.8308,2.97,3.13,3.2429,3.4,3.5446
10/20/2011,2.705,2.8267,2.96,3.115,3.2283,3.39,3.5384
10/19/2011,2.775,2.8809,3.02,3.175,3.2834,3.445,3.5734
10/18/2011,2.75,2.8567,2.99,3.155,3.2783,3.42,3.565
10/17/2011,2.755,2.865,3.025,3.175,3.285,3.435,3.565
10/14/2011,2.705,2.83,2.965,3.135,3.2467,3.43,3.5333
10/13/2011,2.74,2.8483,3.005,3.175,3.2783,3.445,3.5617
10/12/2011,2.75,2.845,3.01,3.175,3.295,3.44,3.57
10/11/2011,2.725,2.815,3.005,3.175,3.275,3.415,3.565
10/10/2011,2.74,2.855,3.055,3.21,3.3434,3.49,3.6134
10/7/2011,2.745,2.875,3.07,3.225,3.345,3.505,3.635
10/6/2011,2.685,2.8434,3.05,3.215,3.3409,3.5,3.5984
10/5/2011,2.71,2.905,3.075,3.225,3.35,3.485,3.595
10/4/2011,2.595,2.83,3.03,3.205,3.325,3.46,3.585
10/3/2011,2.675,2.925,3.095,3.255,3.375,3.515,3.625
9/30/2011,2.75,2.965,3.125,3.295,3.4,3.515,3.655
9/29/2011,2.685,2.93,3.125,3.285,3.395,3.525,3.65
9/28/2011,2.77,2.985,3.155,3.335,3.425,3.575,3.655
9/27/2011,2.765,2.97,3.165,3.33,3.44,3.575,3.715
9/26/2011,2.725,2.94,3.12,3.29,3.42,3.56,3.67
9/23/2011,2.735,2.96,3.145,3.315,3.395,3.535,3.7
9/22/2011,2.84,2.965,3.105,3.305,3.385,3.535,3.645
9/21/2011,2.99,3.125,3.215,3.355,3.435,3.545,3.665
9/20/2011,2.99,3.145,3.235,3.365,3.475,3.585,3.715
9/19/2011,3.055,3.165,3.265,3.395,3.505,3.615,3.735
9/16/2011,3.105,3.18,3.26,3.335,3.44,3.55,3.66
9/15/2011,3.16,3.165,3.255,3.345,3.455,3.535,3.655
9/14/2011,3.085,3.095,3.175,3.225,3.305,3.385,3.485
9/13/2011,3.1,3.105,3.165,3.225,3.275,3.355,3.445
9/12/2011,3.1,3.115,3.175,3.245,3.285,3.365,3.465
9/9/2011,3.17,3.195,3.255,3.325,3.365,3.465,3.565
9/8/2011,3.21,3.205,3.265,3.325,3.365,3.465,3.565
9/7/2011,3.21,3.235,3.295,3.355,3.405,3.505,3.585
9/6/2011,3.15,3.165,3.215,3.255,3.305,3.405,3.505
9/5/2011,3.16,3.155,3.215,3.275,3.315,3.405,3.495
9/2/2011,3.38,3.375,3.425,3.475,3.505,3.595,3.705
9/1/2011,3.39,3.405,3.455,3.525,3.555,3.655,3.775
8/31/2011,3.43,3.445,3.475,3.515,3.555,3.645,3.755
8/30/2011,3.425,3.435,3.475,3.525,3.555,3.665,3.755
8/29/2011,3.44,3.445,3.475,3.525,3.575,3.675,3.765
8/26/2011,3.39,3.385,3.405,3.435,3.465,3.555,3.645
8/25/2011,3.43,3.415,3.445,3.465,3.495,3.575,3.665
8/24/2011,3.33,3.325,3.345,3.365,3.395,3.475,3.565
8/23/2011,3.2,3.255,3.315,3.365,3.395,3.495,3.595
8/22/2011,3.14,3.175,3.23,3.29,3.33,3.42,3.525
8/19/2011,3.14,3.215,3.305,3.375,3.415,3.515,3.625
8/18/2011,3.14,3.225,3.325,3.395,3.435,3.535,3.645
8/17/2011,3.165,3.305,3.41,3.485,3.54,3.645,3.75
8/16/2011,3.205,3.345,3.455,3.525,3.575,3.675,3.795
8/15/2011,3.15,3.325,3.425,3.505,3.575,3.675,3.795
8/12/2011,2.92,3.125,3.265,3.365,3.425,3.535,3.655
8/11/2011,2.92,3.125,3.265,3.365,3.425,3.535,3.655
8/10/2011,3.04,3.24,3.35,3.44,3.48,3.58,3.69
8/9/2011,3.07,3.275,3.4,3.495,3.555,3.64,3.74
8/8/2011,3.315,3.515,3.635,3.695,3.745,3.845,3.995
8/5/2011,3.505,3.645,3.765,3.805,3.865,3.915,4.045
8/4/2011,3.65,3.795,3.885,3.915,3.975,4.085,4.185
8/3/2011,3.68,3.775,3.875,3.915,3.955,4.025,4.145
8/2/2011,3.655,3.79,3.9,3.95,3.995,4.1,4.215
8/1/2011,3.685,3.835,3.945,4.035,4.105,4.225,4.355
7/29/2011,3.67,3.805,3.945,3.995,4.095,4.215,4.345
7/28/2011,3.67,3.825,3.945,4.015,4.115,4.225,4.355
7/27/2011,3.6775,3.82,3.965,4.06,4.145,4.29,4.4
7/26/2011,3.685,3.835,3.975,4.075,4.165,4.315,4.425
7/25/2011,3.645,3.785,3.905,4.015,4.105,4.255,4.355
7/22/2011,3.645,3.785,3.905,4.035,4.105,4.255,4.355
7/21/2011,3.635,3.765,3.885,3.985,4.075,4.215,4.315
7/20/2011,3.63,3.795,3.915,4.025,4.085,4.205,4.335
7/19/2011,3.57,3.725,3.845,3.975,4.045,4.195,4.325
7/18/2011,3.525,3.685,3.825,3.965,4.025,4.195,4.305
7/15/2011,3.57,3.715,3.865,4.005,4.055,4.215,4.325
7/14/2011,3.555,3.705,3.87,3.98,4.065,4.21,4.325
7/13/2011,3.495,3.68,3.855,3.98,4.075,4.23,4.36
7/12/2011,3.4325,3.585,3.765,3.905,3.975,4.135,4.255
7/11/2011,3.435,3.625,3.805,3.935,4.025,4.185,4.305
7/8/2011,3.455,3.655,3.845,4.005,4.075,4.245,4.365
7/7/2011,3.375,3.615,3.785,3.935,4.05,4.22,4.33
7/6/2011,3.37,3.575,3.735,3.855,3.945,4.075,4.185
7/5/2011,3.365,3.565,3.735,3.835,3.925,4.035,4.135
7/4/2011,3.32,3.535,3.705,3.805,3.885,4.005,4.105
7/1/2011,3.21,3.435,3.595,3.705,3.775,3.895,3.995
6/30/2011,3.205,3.435,3.595,3.705,3.875,3.895,3.995
6/29/2011,3.21,3.435,3.575,3.675,3.755,3.855,3.955
6/28/2011,3.16,3.395,3.535,3.645,3.715,3.825,3.925
6/27/2011,3.14,3.375,3.515,3.625,3.705,3.805,3.905
6/24/2011,3.185,3.395,3.535,3.645,3.735,3.845,3.945
6/23/2011,3.185,3.395,3.56,3.665,3.755,3.855,3.955
6/22/2011,3.195,3.385,3.525,3.635,3.735,3.845,3.945
6/21/2011,3.125,3.325,3.485,3.595,3.705,3.805,3.905
6/20/2011,3.15,3.345,3.485,3.585,3.675,3.775,3.885
6/17/2011,3.22,3.365,3.495,3.595,3.725,3.805,3.905
6/16/2011,3.225,3.4,3.54,3.625,3.72,3.815,3.925
6/15/2011,3.275,3.465,3.595,3.695,3.795,3.885,3.985
6/14/2011,3.27,3.445,3.58,3.67,3.755,3.87,3.97
6/13/2011,3.27,3.43,3.55,3.63,3.705,3.8,3.9
6/10/2011,3.275,3.425,3.54,3.605,3.685,3.785,3.89
6/9/2011,3.29,3.425,3.535,3.61,3.695,3.805,3.915
6/8/2011,3.275,3.43,3.525,3.625,3.705,3.825,3.955
6/7/2011,3.275,3.43,3.53,3.62,3.725,3.83,3.97
6/6/2011,3.24,3.385,3.475,3.565,3.655,3.805,3.97
6/3/2011,3.23,3.39,3.505,3.59,3.715,3.83,3.97
6/2/2011,3.215,3.39,3.5,3.59,3.695,3.82,3.97
6/1/2011,3.185,3.405,3.56,3.67,3.755,3.91,4.06
5/31/2011,3.15,3.37,3.52,3.63,3.755,3.875,4.02
5/30/2011,3.13,3.335,3.47,3.575,3.695,3.825,3.965
5/27/2011,3.11,3.32,3.46,3.555,3.665,3.805,3.945
5/26/2011,3.13,3.355,3.5,3.615,3.735,3.865,4.005
5/25/2011,3.135,3.345,3.485,3.615,3.755,3.875,4.025
5/24/2011,3.15,3.385,3.55,3.68,3.805,3.95,4.12
5/23/2011,3.15,3.39,3.55,3.69,3.805,3.96,4.12
5/20/2011,3.155,3.4,3.58,3.705,3.845,3.98,4.135
5/19/2011,3.2,3.42,3.59,3.715,3.83,3.98,4.15
5/18/2011,3.18,3.395,3.56,3.7,3.81,3.98,4.15
5/17/2011,3.17,3.41,3.585,3.72,3.85,4.01,4.175
5/16/2011,3.17,3.41,3.585,3.72,3.85,4.01,4.175
5/13/2011,3.17,3.41,3.585,3.72,3.845,4.01,4.175
5/12/2011,3.18,3.47,3.65,3.745,3.84,4.02,4.21
5/11/2011,3.245,3.525,3.69,3.825,3.96,4.12,4.285
5/10/2011,3.24,3.51,3.68,3.82,3.93,4.11,4.29
5/9/2011,3.25,3.5,3.66,3.78,3.915,4.08,4.26
5/6/2011,3.225,3.465,3.635,3.775,3.885,4.07,4.245
5/5/2011,3.25,3.48,3.67,3.82,3.94,4.12,4.29
5/4/2011,3.21,3.415,3.61,3.75,3.94,4.12,4.29
5/3/2011,3.16,3.365,3.585,3.73,3.87,4.06,4.235
5/2/2011,3.115,3.315,3.525,3.665,3.8,4.005,4.175
4/29/2011,3.115,3.315,3.525,3.665,3.79,4.005,4.175
4/28/2011,3.14,3.355,3.56,3.71,3.825,4.025,4.2
4/27/2011,3.08,3.29,3.5,3.615,3.83,3.97,4.15
4/26/2011,3.035,3.26,3.46,3.615,3.755,3.955,4.145
4/25/2011,2.98,3.235,3.465,3.615,3.75,3.96,4.145
4/22/2011,2.975,3.235,3.455,3.615,3.73,3.935,4.125
4/21/2011,2.99,3.24,3.45,3.61,3.735,3.94,4.11
4/20/2011,2.975,3.23,3.44,3.625,3.72,3.945,4.145
4/19/2011,2.995,3.27,3.49,3.66,3.77,3.99,4.18
4/18/2011,2.98,3.275,3.495,3.66,3.785,4.01,4.2
4/15/2011,2.975,3.285,3.535,3.685,3.825,4.045,4.245
4/14/2011,2.975,3.285,3.535,3.685,3.825,4.045,4.245
4/13/2011,2.975,3.285,3.535,3.685,3.825,4.045,4.245
4/12/2011,2.975,3.285,3.535,3.685,3.82,4.045,4.245
4/11/2011,2.98,3.29,3.54,3.71,3.835,4.06,4.25
4/8/2011,2.975,3.275,3.53,3.675,3.815,4.035,4.235
4/7/2011,3.005,3.315,3.56,3.725,3.845,4.075,4.265
4/6/2011,2.925,3.27,3.53,3.69,3.845,4.07,4.26
4/5/2011,2.925,3.27,3.53,3.69,3.845,4.07,4.26
4/4/2011,3.01,3.33,3.59,3.76,3.9,4.12,4.31
4/1/2011,2.905,3.275,3.54,3.705,3.895,4.085,4.285
3/31/2011,2.85,3.225,3.475,3.67,3.835,4.06,4.24
3/30/2011,2.87,3.25,3.52,3.72,3.855,4.1,4.29
3/29/2011,2.765,3.185,3.475,3.665,3.8275,4.065,4.255
3/28/2011,2.7,3.085,3.37,3.56,3.755,4,4.2
3/25/2011,2.615,3.005,3.305,3.52,3.675,3.945,4.135
3/24/2011,2.595,2.955,3.255,3.465,3.645,3.91,4.12
3/23/2011,2.58,2.95,3.25,3.45,3.6025,3.9,4.11
3/22/2011,2.625,2.975,3.295,3.475,3.655,3.935,4.135
3/21/2011,2.48,2.9,3.21,3.44,3.675,3.9,4.1
3/18/2011,2.53,2.84,3.135,3.34,3.485,3.77,3.97
3/17/2011,2.445,2.77,3.05,3.265,3.475,3.69,3.89
3/16/2011,2.62,2.92,3.18,3.37,3.5475,3.79,3.99
3/15/2011,2.58,2.84,3.1,3.28,3.455,3.685,3.895
3/14/2011,2.635,2.92,3.2,3.39,3.56,3.84,4.03
3/11/2011,2.655,2.97,3.23,3.46,3.6525,3.92,4.12
3/10/2011,2.675,2.985,3.27,3.5,3.655,3.94,4.14
3/9/2011,2.725,3.045,3.345,3.6,3.795,4.09,4.3
3/8/2011,2.7,3.07,3.37,3.63,3.835,4.11,4.32
3/7/2011,2.7,3.09,3.425,3.685,3.86,4.185,4.355
3/4/2011,2.7,3.09,3.425,3.685,3.895,4.185,4.4
3/3/2011,2.715,3.105,3.415,3.67,3.8775,4.185,4.415
3/2/2011,2.64,3.05,3.375,3.655,3.86,4.15,4.38
3/1/2011,2.66,3.06,3.39,3.675,3.87,4.16,4.39
2/28/2011,2.695,3.135,3.43,3.7,3.89,4.18,4.41
2/25/2011,2.61,3.055,3.395,3.67,3.8675,4.17,4.41
2/24/2011,2.475,2.97,3.345,3.64,3.83,4.15,4.4
2/23/2011,2.4125,2.95,3.31,3.6,3.85,4.12,4.37
2/22/2011,2.405,2.905,3.295,3.59,3.905,4.1,4.35
2/21/2011,2.45,2.97,3.345,3.63,3.8275,4.13,4.415
2/18/2011,2.45,2.97,3.375,3.63,3.845,4.14,4.4
2/17/2011,2.45,2.97,3.375,3.63,3.85,4.14,4.4
2/16/2011,2.505,3.02,3.415,3.675,3.88,4.175,4.445
2/15/2011,2.43,3.04,3.42,3.69,3.895,4.22,4.5
2/14/2011,2.32,2.95,3.355,3.65,3.855,4.17,4.44
2/11/2011,2.195,2.835,3.305,3.645,3.865,4.195,4.455
2/10/2011,2.13,2.785,3.26,3.6,3.825,4.16,4.42
2/9/2011,2.09,2.77,3.28,3.61,3.84,4.19,4.45
2/8/2011,1.98,2.73,3.23,3.58,3.815,4.15,4.42
2/7/2011,2.005,2.76,3.24,3.56,3.82,4.11,4.345
2/4/2011,2.015,2.75,3.21,3.51,3.755,4.06,4.295
2/3/2011,1.99,2.72,3.18,3.48,3.715,4.015,4.28
2/2/2011,1.94,2.6575,3.13,3.46,3.7091,4.0021,4.2621
2/1/2011,1.9,2.62,3.11,3.425,3.675,3.99,4.25
1/31/2011,1.845,2.555,3.05,3.395,3.63,3.935,4.195
1/28/2011,1.895,2.595,3.08,3.415,3.645,3.945,4.235
1/27/2011,1.925,2.61,3.085,3.385,3.625,3.925,4.205
1/26/2011,1.955,2.6,3.08,3.41,3.6575,4.01,4.31
1/25/2011,1.79,2.47,2.99,3.36,3.62,3.97,4.29
1/24/2011,1.78,2.445,2.95,3.33,3.6,3.95,4.27
1/21/2011,1.745,2.415,2.925,3.305,3.56,3.915,4.245
1/20/2011,1.76,2.395,2.915,3.3,3.5325,3.9,4.23
1/19/2011,1.71,2.365,2.9,3.29,3.54,3.9,4.24
1/18/2011,1.725,2.405,2.935,3.315,3.545,3.915,4.255
1/17/2011,1.68,2.37,2.885,3.295,3.545,3.9,4.245
1/14/2011,1.735,2.4075,2.9475,3.3025,3.575,3.925,4.265
1/13/2011,1.825,2.505,3.035,3.385,3.635,3.985,4.325
1/12/2011,1.81,2.5,3.035,3.34,3.6,3.94,4.25
1/11/2011,1.84,2.52,3.025,3.325,3.6275,3.955,4.285
1/10/2011,1.86,2.515,3.03,3.36,3.615,3.975,4.325
1/7/2011,1.795,2.455,2.955,3.305,3.57,3.895,4.265
1/6/2011,1.855,2.49,2.955,3.255,3.545,3.885,4.225
1/5/2011,1.795,2.4,2.84,3.13,3.345,3.65,3.97
1/4/2011,1.795,2.385,2.84,3.13,3.345,3.65,3.97
1/3/2011,1.84,2.42,2.86,3.145,3.36,3.645,3.94
12/31/2010,1.84,2.42,2.86,3.145,3.35,3.645,3.94
12/30/2010,1.83,2.41,2.86,3.145,3.3375,3.615,3.94
12/29/2010,1.8,2.395,2.86,3.14,3.335,3.635,3.945
12/28/2010,1.755,2.355,2.795,3.095,3.3,3.605,3.935
12/27/2010,1.765,2.355,2.795,3.095,3.3075,3.605,3.935
12/24/2010,1.715,2.33,2.765,3.075,3.28,3.575,3.905
12/23/2010,1.715,2.33,2.765,3.075,3.2725,3.575,3.905
12/22/2010,1.705,2.305,2.72,3.03,3.27,3.52,3.855
12/21/2010,1.675,2.3,2.695,3.005,3.26,3.515,3.855
12/20/2010,1.74,2.325,2.715,3.025,3.255,3.535,3.875
12/17/2010,1.78,2.36,2.75,3.07,3.285,3.6,3.94
12/16/2010,1.82,2.375,2.785,3.115,3.33,3.66,3.985
12/15/2010,1.805,2.355,2.755,3.1,3.325,3.645,3.985
12/14/2010,1.695,2.245,2.645,2.975,3.235,3.505,3.845
12/13/2010,1.735,2.27,2.655,2.975,3.25,3.525,3.865
12/10/2010,1.705,2.22,2.595,2.905,3.125,3.43,3.77
12/9/2010,1.705,2.22,2.595,2.905,3.125,3.43,3.77
12/8/2010,1.72,2.235,2.625,2.935,3.1225,3.485,3.825
12/7/2010,1.645,2.125,2.455,2.755,3.025,3.275,3.57
12/6/2010,1.74,2.255,2.565,2.86,3.075,3.415,3.705
12/3/2010,1.74,2.255,2.565,2.86,3.075,3.415,3.705
12/2/2010,1.665,2.17,2.515,2.825,3.065,3.41,3.74
12/1/2010,1.45,1.96,2.345,2.68,2.9425,3.245,3.57
11/30/2010,1.375,1.855,2.255,2.605,2.855,3.205,3.545
11/29/2010,1.385,1.87,2.255,2.605,2.835,3.205,3.545
11/26/2010,1.345,1.815,2.225,2.575,2.835,3.175,3.515
11/25/2010,1.34,1.82,2.21,2.555,2.835,3.175,3.535
11/24/2010,1.34,1.81,2.21,2.555,2.815,3.155,3.515
11/23/2010,1.34,1.805,2.195,2.535,2.805,3.145,3.51
11/22/2010,1.36,1.82,2.215,2.575,2.84,3.18,3.525
11/19/2010,1.315,1.81,2.2,2.565,2.83,3.14,3.525
11/18/2010,1.3,1.81,2.205,2.555,2.84,3.205,3.535
11/17/2010,1.38,1.85,2.275,2.635,2.9,3.205,3.605
11/16/2010,1.38,1.85,2.275,2.635,2.9,3.325,3.725
11/15/2010,1.385,1.86,2.28,2.64,2.935,3.33,3.72
11/12/2010,1.47,1.9,2.3,2.66,2.93,3.34,3.73
11/11/2010,1.46,1.89,2.26,2.6,2.87,3.265,3.64
11/10/2010,1.495,1.92,2.29,2.63,2.9,3.3,3.68
11/9/2010,1.51,1.91,2.28,2.59,2.83,3.18,3.54
11/8/2010,1.555,1.95,2.305,2.62,2.845,3.21,3.58
11/5/2010,1.54,1.93,2.285,2.59,2.8,3.125,3.44
11/4/2010,1.53,1.925,2.275,2.565,2.79,3.115,3.405
11/3/2010,1.55,1.925,2.26,2.565,2.77,3.085,3.405
11/2/2010,1.535,1.93,2.285,2.585,2.825,3.13,3.445
11/1/2010,1.535,1.935,2.285,2.585,2.825,3.13,3.445
10/29/2010,1.53,1.93,2.265,2.58,2.825,3.14,3.45
10/28/2010,1.525,1.925,2.285,2.585,2.815,3.105,3.4
10/27/2010,1.535,1.91,2.275,2.585,2.82,3.125,3.435
10/26/2010,1.545,1.915,2.255,2.54,2.775,3.07,3.38
10/25/2010,1.545,1.91,2.235,2.535,2.725,3.015,3.285
10/22/2010,1.55,1.94,2.26,2.55,2.74,3.03,3.305
10/21/2010,1.505,1.91,2.24,2.53,2.7,2.955,3.27
10/20/2010,1.48,1.89,2.21,2.48,2.685,2.955,3.225
10/19/2010,1.495,1.88,2.22,2.48,2.68,2.955,3.225
10/18/2010,1.495,1.85,2.165,2.44,2.655,2.93,3.2
10/15/2010,1.46,1.86,2.2,2.49,2.7,3.01,3.295
10/14/2010,1.48,1.88,2.215,2.49,2.715,3.005,3.275
10/13/2010,1.53,1.92,2.26,2.56,2.78,3.085,3.36
10/12/2010,1.53,1.93,2.27,2.555,2.76,3.09,3.365
10/11/2010,1.52,1.97,2.27,2.56,2.795,3.155,3.425
10/8/2010,1.525,1.915,2.25,2.525,2.74,3.025,3.275
10/7/2010,1.51,1.88,2.22,2.51,2.72,3.015,3.295
10/6/2010,1.505,1.905,2.245,2.505,2.715,3.005,3.265
10/5/2010,1.515,1.92,2.255,2.52,2.72,3.005,3.26
10/4/2010,1.51,1.93,2.26,2.525,2.72,3.005,3.26
10/1/2010,1.54,1.94,2.25,2.505,2.695,3,3.255
9/30/2010,1.55,1.955,2.275,2.535,2.73,3.01,3.265
9/29/2010,1.54,1.945,2.26,2.525,2.72,3,3.25
9/28/2010,1.535,1.945,2.28,2.53,2.75,3.005,3.26
9/27/2010,1.535,1.945,2.29,2.555,2.755,3.035,3.32
9/24/2010,1.515,1.935,2.29,2.555,2.77,3.045,3.32
9/23/2010,1.5,1.93,2.29,2.59,2.81,3.085,3.355
9/22/2010,1.51,1.93,2.31,2.6,2.815,3.095,3.38
9/21/2010,1.49,1.955,2.325,2.62,2.845,3.125,3.4
9/20/2010,1.485,1.935,2.305,2.6,2.825,3.1,3.36
9/17/2010,1.485,1.945,2.32,2.615,2.835,3.14,3.4
9/16/2010,1.525,1.97,2.315,2.58,2.785,3.07,3.365
9/15/2010,1.59,2.02,2.325,2.575,2.77,3.04,3.27
9/14/2010,1.555,1.99,2.305,2.55,2.75,3,3.24
9/13/2010,1.55,1.99,2.3,2.525,2.73,3,3.23
9/10/2010,1.575,2.015,2.305,2.535,2.745,3.01,3.245
9/9/2010,1.54,1.975,2.28,2.5,2.705,2.965,3.205
9/8/2010,1.545,1.99,2.29,2.525,2.715,2.975,3.205
9/7/2010,1.605,2.035,2.325,2.555,2.745,3,3.23
9/6/2010,1.625,2.07,2.355,2.59,2.78,3.03,3.26
9/3/2010,1.645,2.06,2.335,2.575,2.755,3.005,3.23
9/2/2010,1.66,2.065,2.32,2.55,2.76,3.005,3.225
9/1/2010,1.675,2.06,2.325,2.54,2.75,3.01,3.205
8/31/2010,1.675,2.065,2.305,2.54,2.755,3.005,3.225
8/30/2010,1.69,2.09,2.335,2.58,2.76,3.035,3.255
8/27/2010,1.68,2.065,2.325,2.56,2.75,2.995,3.23
8/26/2010,1.71,2.1,2.34,2.565,2.735,2.995,3.22
8/25/2010,1.72,2.125,2.355,2.57,2.75,2.985,3.2
8/24/2010,1.665,2.08,2.33,2.54,2.725,2.955,3.155
8/23/2010,1.715,2.12,2.35,2.545,2.73,2.945,3.145
8/20/2010,1.73,2.15,2.41,2.61,2.795,3.025,3.22
8/19/2010,1.745,2.2,2.47,2.685,2.87,3.11,3.305
8/18/2010,1.7125,2.2,2.49,2.7,2.89,3.135,3.325
8/17/2010,1.7,2.195,2.495,2.705,2.855,3.135,3.325
8/16/2010,1.705,2.195,2.49,2.705,2.89,3.12,3.305
8/13/2010,1.725,2.195,2.51,2.735,2.925,3.175,3.36
8/12/2010,1.725,2.195,2.51,2.735,2.925,3.175,3.36
8/11/2010,1.725,2.195,2.51,2.735,2.925,3.175,3.36
8/10/2010,1.74,2.215,2.54,2.775,2.965,3.21,3.4
8/9/2010,1.735,2.21,2.53,2.78,2.945,3.2,3.39
8/6/2010,1.775,2.235,2.53,2.75,2.98,3.225,3.415
8/5/2010,1.77,2.22,2.5,2.72,2.88,3.13,3.315
8/4/2010,1.735,2.205,2.495,2.695,2.855,3.095,3.295
8/3/2010,1.735,2.23,2.52,2.725,2.9,3.15,3.33
8/2/2010,1.74,2.215,2.51,2.745,2.9,3.155,3.335
7/30/2010,1.74,2.22,2.51,2.745,2.925,3.17,3.37
7/29/2010,1.68,2.17,2.465,2.705,2.89,3.16,3.35
7/28/2010,1.695,2.175,2.485,2.71,2.895,3.175,3.365
7/27/2010,1.635,2.13,2.48,2.71,2.885,3.16,3.355
7/26/2010,1.635,2.105,2.445,2.685,2.89,3.135,3.345
7/23/2010,1.635,2.105,2.445,2.685,2.89,3.135,3.345
7/22/2010,1.6,2.07,2.415,2.665,2.845,3.12,3.33
7/21/2010,1.6,2.1,2.44,2.705,2.895,3.17,3.365
7/20/2010,1.61,2.095,2.435,2.705,2.91,3.17,3.37
7/19/2010,1.62,2.09,2.44,2.695,2.895,3.165,3.36
7/16/2010,1.645,2.135,2.485,2.76,2.945,3.225,3.415
7/15/2010,1.645,2.14,2.49,2.765,2.94,3.23,3.425
7/14/2010,1.67,2.16,2.55,2.805,3.005,3.28,3.46
7/13/2010,1.645,2.195,2.6,2.845,3.07,3.325,3.5
7/12/2010,1.63,2.195,2.595,2.875,3.085,3.315,3.495
7/9/2010,1.635,2.205,2.605,2.88,3.075,3.315,3.475
7/8/2010,1.585,2.15,2.565,2.855,3.045,3.315,3.5125
7/7/2010,1.575,2.1275,2.515,2.795,2.9625,3.24,3.45
7/6/2010,1.4925,2.035,2.425,2.725,2.935,3.244,3.435
7/5/2010,1.445,1.995,2.4075,2.71,2.92,3.1975,3.395
7/2/2010,1.43,1.965,2.375,2.665,2.88,3.18,3.385
7/1/2010,1.4,1.94,2.35,2.65,2.875,3.18,3.37
6/30/2010,1.3925,1.9325,2.3425,2.6525,2.8775,3.17,3.375
6/29/2010,1.4,1.94,2.355,2.675,2.885,3.185,3.395
6/28/2010,1.41,1.975,2.39,2.705,2.94,3.235,3.445
6/25/2010,1.38,1.985,2.395,2.705,2.955,3.255,3.465
6/24/2010,1.315,1.9025,2.3275,2.6075,2.9,3.1875,3.39
6/23/2010,1.36,1.925,2.345,2.655,2.915,3.225,3.415
6/22/2010,1.39,2,2.425,2.745,3.005,3.285,3.495
6/21/2010,1.4025,2.01,2.4225,2.7475,3.015,3.3175,3.5
6/18/2010,1.355,1.95,2.34,2.645,2.92,3.215,3.415
6/17/2010,1.3325,1.925,2.33,2.65,2.89,3.2,3.4
6/16/2010,1.325,1.925,2.35,2.675,2.91,3.205,3.425
6/15/2010,1.295,1.905,2.3,2.615,2.855,3.175,3.355
6/14/2010,1.305,1.905,2.32,2.615,2.875,3.17,3.355
6/11/2010,1.325,1.935,2.335,2.64,2.885,3.185,3.385
6/10/2010,1.315,1.93,2.33,2.655,2.87,3.165,3.365
6/9/2010,1.3,1.88,2.26,2.595,2.835,3.125,3.315
6/8/2010,1.31,1.9,2.27,2.6,2.83,3.135,3.335
6/7/2010,1.275,1.855,2.275,2.605,2.85,3.125,3.325
6/4/2010,1.34,1.935,2.34,2.645,2.91,3.21,3.41
6/3/2010,1.34,1.945,2.345,2.65,2.9125,3.215,3.415
6/2/2010,1.315,1.92,2.305,2.615,2.87,3.155,3.345
6/1/2010,1.295,1.875,2.285,2.615,2.835,3.145,3.345
5/31/2010,1.26,1.8975,2.3,2.65,2.865,3.1675,3.3675
5/28/2010,1.335,1.96,2.355,2.685,2.925,3.225,3.425
5/27/2010,1.335,1.96,2.355,2.685,2.92,3.225,3.425
5/26/2010,1.315,2.04,2.52,2.825,2.945,3.235,3.445
5/25/2010,1.315,2.04,2.35,2.825,2.92,3.235,3.475
5/24/2010,1.315,2.04,2.52,2.825,3.015,3.345,3.575
5/21/2010,1.315,2.04,2.52,2.825,2.98,3.3,3.53
5/20/2010,1.315,2.04,2.52,2.825,2.98,3.3,3.53
5/19/2010,1.315,2.04,2.52,2.825,2.9875,3.3,3.53
5/18/2010,1.315,2.04,2.52,2.825,2.975,3.315,3.545
5/17/2010,1.315,2.04,2.52,2.66,2.895,3.205,3.415
5/14/2010,1.315,1.895,2.52,2.655,2.905,3.265,3.505
5/13/2010,1.315,2.04,2.52,2.825,2.995,3.325,3.575
5/12/2010,1.315,2.04,2.52,2.825,3.07,3.375,3.625
5/11/2010,1.315,2.04,2.52,2.825,3.07,3.395,3.645
5/10/2010,1.295,2.055,2.485,2.845,3.115,3.455,3.685
5/7/2010,1.365,2.025,2.445,2.765,3.025,3.365,3.605
5/6/2010,1.37,2.04,2.455,2.805,3.06,3.395,3.635
5/5/2010,1.505,2.15,2.575,2.94,3.2,3.54,3.78
5/4/2010,1.505,2.15,2.575,2.94,3.2,3.54,3.78
5/3/2010,1.31,1.97,2.415,2.81,3.065,3.415,3.645
4/30/2010,1.31,1.8875,2.3591,2.7673,3.0302,3.3892,3.6259
4/29/2010,1.28,1.88,2.32,2.715,2.975,3.295,3.555
4/28/2010,1.385,1.965,2.415,2.795,3.065,3.3825,3.645
4/27/2010,1.51,2.06,2.55,2.895,3.19,3.545,3.775
4/26/2010,1.525,2.095,2.545,2.92,3.21,3.545,3.805
4/23/2010,1.56,2.135,2.595,2.9625,3.235,3.575,3.825
4/22/2010,1.605,2.18,2.625,2.975,3.265,3.605,3.855
4/21/2010,1.63,2.19,2.65,3.005,3.29,3.625,3.875
4/20/2010,1.63,2.2,2.65,3.005,3.295,3.62,3.87
4/19/2010,1.625,2.175,2.61,2.975,3.25,3.58,3.835
4/16/2010,1.63,2.15,2.605,2.965,3.245,3.575,3.825
4/15/2010,1.675,2.255,2.725,3.075,3.335,3.66,3.91
4/14/2010,1.65,2.255,2.72,3.07,3.335,3.66,3.91
4/13/2010,1.675,2.25,2.71,3.06,3.325,3.655,3.895
4/12/2010,1.675,2.25,2.71,3.06,3.325,3.655,3.895
4/9/2010,1.665,2.275,2.745,3.085,3.355,3.685,3.925
4/8/2010,1.65,2.255,2.72,3.09,3.335,3.66,3.915
4/7/2010,1.7,2.3,2.745,3.09,3.35,3.675,3.92
4/6/2010,1.715,2.345,2.805,3.125,3.375,3.685,3.95
4/5/2010,1.7,2.345,2.805,3.135,3.375,3.695,3.945
4/2/2010,1.73,2.375,2.82,3.135,3.385,3.675,3.94
4/1/2010,1.665,2.34,2.805,3.11,3.36,3.6925,3.955
3/31/2010,1.64,2.325,2.77,3.105,3.37,3.69,3.94
3/30/2010,1.64,2.325,2.775,3.105,3.38,3.71,3.97
3/29/2010,1.675,2.35,2.79,3.12,3.36,3.67,3.95
3/26/2010,1.67,2.345,2.795,3.115,3.355,3.665,3.945
3/25/2010,1.675,2.37,2.815,3.11,3.37,3.67,3.92
3/24/2010,1.68,2.35,2.785,3.105,3.335,3.645,3.915
3/23/2010,1.63,2.32,2.77,3.12,3.34,3.64,3.92
3/22/2010,1.61,2.29,2.77,3.105,3.355,3.705,3.975
3/19/2010,1.58,2.25,2.74,3.09,3.34,3.69,3.96
3/18/2010,1.545,2.215,2.71,3.065,3.3,3.655,3.935
3/17/2010,1.595,2.265,2.765,3.125,3.38,3.705,3.995
3/16/2010,1.565,2.26,2.775,3.125,3.39,3.785,4.025
3/15/2010,1.57,2.3,2.8,3.15,3.41,3.715,4.02
3/12/2010,1.555,2.285,2.825,3.205,3.445,3.835,4.095
3/11/2010,1.53,2.28,2.805,3.165,3.405,3.775,4.045
3/10/2010,1.48,2.2275,2.765,3.145,3.385,3.725,4.015
3/9/2010,1.395,2.145,2.7075,3.0825,3.375,3.77,4.035
3/8/2010,1.405,2.135,2.725,3.11,3.38,3.75,4.0525
3/5/2010,1.37,2.1,2.65,3.05,3.325,3.7,3.97
3/4/2010,1.34,2.095,2.655,3.05,3.345,3.735,4.005
3/3/2010,1.325,2.07,2.645,3.05,3.335,3.715,3.995
3/2/2010,1.295,2.055,2.63,3.055,3.335,3.715,3.985
3/1/2010,1.305,2.035,2.6,3,3.305,3.695,3.965
2/26/2010,1.305,2.035,2.6,3,3.305,3.695,3.965
2/25/2010,1.315,2.065,2.635,3.025,3.325,3.715,3.995
2/24/2010,1.285,2.07,2.655,3.065,3.355,3.74,4
2/23/2010,1.295,2.065,2.625,3.065,3.345,3.735,3.985
2/22/2010,1.295,2.07,2.64,3.065,3.345,3.73,3.98
2/19/2010,1.305,2.04,2.655,3.04,3.275,3.715,3.995
2/18/2010,1.27,2.015,2.595,3.005,3.295,3.695,3.945
2/17/2010,1.25,2,2.58,2.985,3.29,3.675,3.925
2/16/2010,1.285,2,2.5825,3.02,3.315,3.705,3.9725
2/15/2010,1.29,2.025,2.615,3.025,3.34,3.7225,3.995
2/12/2010,1.3,2.03,2.605,3.005,3.32,3.72,3.97
2/11/2010,1.295,2.035,2.615,3.025,3.325,3.705,3.975
2/10/2010,1.29,2.04,2.59,3.035,3.31,3.71,3.96
2/9/2010,1.275,2.045,2.585,2.995,3.305,3.705,3.955
2/8/2010,1.325,2.055,2.585,3.045,3.315,3.705,3.965
2/5/2010,1.355,2.09,2.635,3.085,3.36,3.755,4.005
2/4/2010,1.375,2.175,2.695,3.155,3.43,3.825,4.085
2/3/2010,1.395,2.15,2.675,3.135,3.405,3.795,4.055
2/2/2010,1.385,2.17,2.7,3.135,3.43,3.82,4.1
2/1/2010,1.385,2.145,2.665,3.085,3.38,3.76,4.03
1/29/2010,1.325,2.075,2.62,3.03,3.345,3.715,4.015
1/28/2010,1.325,2.04,2.63,3.045,3.35,3.73,4.01
1/27/2010,1.305,2.01,2.595,3.05,3.365,3.74,4.07
1/26/2010,1.3,2.015,2.595,3.065,3.365,3.77,4.07
1/25/2010,1.355,2.075,2.665,3.125,3.445,3.865,4.165
1/22/2010,1.275,2.03,2.635,3.075,3.415,3.84,4.145
1/21/2010,1.295,2.045,2.645,3.1,3.435,3.865,4.175
1/20/2010,1.275,2.025,2.635,3.1,3.415,3.845,4.145
1/19/2010,1.245,2.045,2.645,3.105,3.435,3.86,4.16
1/18/2010,1.255,2.055,2.655,3.105,3.425,3.865,4.165
1/15/2010,1.315,2.08,2.68,3.115,3.45,3.89,4.19
1/14/2010,1.305,2.13,2.75,3.185,3.52,3.91,4.22
1/13/2010,1.265,2.085,2.705,3.165,3.475,3.93,4.24
1/12/2010,1.2075,1.995,2.65,3.1,3.4375,3.9075,4.225
1/11/2010,1.225,2.02,2.725,3.175,3.51,3.98,4.29
1/8/2010,1.235,2.075,2.775,3.205,3.545,3.99,4.31
1/7/2010,1.235,2.055,2.735,3.185,3.545,3.97,4.29
1/6/2010,1.26,2.08,2.79,3.22,3.56,4.015,4.325
1/5/2010,1.215,2.115,2.815,3.265,3.6,4.065,4.375
1/4/2010,1.275,2.165,2.835,3.305,3.645,4.115,4.425
1/1/2010,1.255,2.125,2.805,3.235,3.575,4.045,4.355
12/31/2009,1.255,2.12,2.805,3.235,3.58,4.045,4.355
12/30/2009,1.245,2.115,2.7975,3.19,3.54,3.995,4.3
12/29/2009,1.3,2.13,2.79,3.235,3.57,4.01,4.35
12/28/2009,1.22,2.075,2.69,3.18,3.52,3.95,4.305
12/25/2009,1.235,2.035,2.715,3.175,3.515,3.96,4.29
12/24/2009,1.235,2.035,2.715,3.175,3.515,3.935,4.27
12/23/2009,1.22,2.04,2.69,3.18,3.52,3.95,4.3
12/22/2009,1.275,2.065,2.745,3.195,3.545,3.98,4.32
12/21/2009,1.2,1.995,2.66,3.105,3.45,3.89,4.26
12/18/2009,1.23,2.025,2.67,3.115,3.455,3.89,4.215
12/17/2009,1.255,2.045,2.695,3.125,3.455,3.885,4.195
12/16/2009,1.32,2.12,2.775,3.205,3.54,3.975,4.285
12/15/2009,1.375,2.125,2.795,3.215,3.535,3.98,4.3
12/14/2009,1.365,2.165,2.815,3.245,3.595,4.035,4.35
12/11/2009,1.375,2.145,2.8,3.225,3.55,4,4.38
12/10/2009,1.315,2.055,2.685,3.125,3.475,3.925,4.255
12/9/2009,1.325,2.055,2.695,3.095,3.475,3.93,4.25
12/8/2009,1.245,1.995,2.635,3.075,3.425,3.88,4.2
12/7/2009,1.105,1.915,2.555,3.015,3.375,3.795,4.125
12/4/2009,1.115,1.905,2.54,3.025,3.365,3.83,4.16
12/3/2009,1.115,1.915,2.575,3.045,3.405,3.85,4.18
12/2/2009,1.175,1.96,2.595,3.05,3.4,3.835,4.155
12/1/2009,1.2275,1.9525,2.5825,3.035,3.38,3.825,4.1375
11/30/2009,1.205,1.915,2.5625,3.005,3.345,3.8,4.0875
11/27/2009,1.175,1.845,2.475,2.945,3.285,3.7,4.02
11/26/2009,1.295,1.995,2.645,3.095,3.435,3.87,4.17
11/25/2009,1.355,2.055,2.69,3.155,3.49,3.915,4.205
11/24/2009,1.395,2.075,2.725,3.155,3.495,3.9,4.2
11/23/2009,1.465,2.17,2.78,3.22,3.545,3.945,4.245
11/20/2009,1.495,2.195,2.825,3.235,3.565,3.97,4.27
11/19/2009,1.515,2.235,2.86,3.31,3.6325,4.05,4.3225
11/18/2009,1.525,2.245,2.835,3.285,3.615,4.005,4.305
11/17/2009,1.535,2.265,2.87,3.34,3.6625,4.065,4.365
11/16/2009,1.545,2.3,2.925,3.395,3.715,4.115,4.415
11/13/2009,1.475,2.275,2.925,3.375,3.715,4.12,4.41
11/12/2009,1.545,2.27,2.91,3.385,3.73,4.135,4.435
11/11/2009,1.545,2.275,2.92,3.405,3.745,4.145,4.445
11/10/2009,1.555,2.315,2.945,3.44,3.775,4.175,4.475
11/9/2009,1.575,2.335,2.965,3.455,3.805,4.195,4.495
11/6/2009,1.565,2.335,2.975,3.445,3.805,4.155,4.475
11/5/2009,1.635,2.405,3.03,3.48,3.83,4.195,4.51
11/4/2009,1.655,2.45,3.075,3.515,3.84,4.185,4.495
11/3/2009,1.615,2.405,3.0725,3.4925,3.8125,4.135,4.425
11/2/2009,1.67,2.465,3.09,3.55,3.865,4.205,4.525
10/30/2009,1.685,2.485,3.095,3.525,3.855,4.195,4.495
10/29/2009,1.65,2.465,3.055,3.495,3.805,4.165,4.435
10/28/2009,1.695,2.51,3.125,3.53,3.835,4.175,4.445
10/27/2009,1.785,2.595,3.19,3.615,3.925,4.275,4.545
10/26/2009,1.795,2.6,3.215,3.645,3.96,4.315,4.575
10/23/2009,1.765,2.565,3.165,3.585,3.905,4.255,4.555
10/22/2009,1.745,2.535,3.145,3.565,3.87,4.225,4.505
10/21/2009,1.7,2.475,3.065,3.5,3.8,4.16,4.445
10/20/2009,1.775,2.535,3.135,3.575,3.855,4.225,4.505
10/19/2009,1.78,2.575,3.185,3.62,3.925,4.27,4.5675
10/16/2009,1.805,2.625,3.245,3.68,3.975,4.32,4.585
10/15/2009,1.775,2.56,3.165,3.565,3.825,4.205,4.475
10/14/2009,1.725,2.495,3.145,3.535,3.795,4.135,4.425
10/13/2009,1.705,2.445,3.025,3.4425,3.73,4.055,4.335
10/12/2009,1.7,2.445,3.025,3.435,3.705,4.055,4.335
10/9/2009,1.67,2.415,2.995,3.405,3.68,4.03,4.305
10/8/2009,1.675,2.405,2.97,3.355,3.635,3.955,4.245
10/7/2009,1.665,2.38,2.925,3.305,3.58,3.92,4.205
10/6/2009,1.625,2.345,2.875,3.255,3.545,3.88,4.17
10/5/2009,1.575,2.28,2.825,3.205,3.475,3.795,4.095
10/2/2009,1.58,2.275,2.835,3.205,3.475,3.79,4.105
10/1/2009,1.615,2.325,2.875,3.265,3.535,3.87,4.185
9/30/2009,1.645,2.345,2.9075,3.295,3.5825,3.93,4.215
9/29/2009,1.635,2.34,2.915,3.335,3.6,3.965,4.2425
9/28/2009,1.645,2.345,2.945,3.355,3.645,3.995,4.27
9/25/2009,1.655,2.345,2.94,3.385,3.675,4.05,4.3
9/24/2009,1.655,2.345,2.945,3.365,3.66,4.01,4.29
9/23/2009,1.655,2.365,2.955,3.375,3.675,4.045,4.33
9/22/2009,1.655,2.365,2.935,3.365,3.655,4.005,4.29
9/21/2009,1.645,2.345,2.91,3.34,3.635,3.975,4.275
9/18/2009,1.645,2.355,2.925,3.34,3.635,3.97,4.27
9/17/2009,1.655,2.375,2.95,3.37,3.655,4.02,4.29
9/16/2009,1.665,2.395,2.975,3.355,3.645,3.95,4.28
9/15/2009,1.645,2.365,2.915,3.325,3.615,3.92,4.22
9/14/2009,1.61,2.305,2.835,3.215,3.5275,3.805,4.1275
9/11/2009,1.6175,2.335,2.845,3.245,3.5375,3.845,4.105
9/10/2009,1.65,2.37,2.88,3.2925,3.5925,3.8925,4.1625
9/9/2009,1.655,2.385,2.895,3.315,3.585,3.8875,4.155
9/8/2009,1.6675,2.415,2.935,3.325,3.585,3.8825,4.125
9/7/2009,1.68,2.45,2.975,3.37,3.64,3.94,4.2
9/4/2009,1.6775,2.44,2.95,3.36,3.61,3.91,4.17
9/3/2009,1.69,2.47,3.03,3.4,3.65,3.97,4.21
9/2/2009,1.685,2.455,3.015,3.425,3.655,3.965,4.235
9/1/2009,1.675,2.4575,3.0625,3.445,3.67,4.015,4.26
8/31/2009,1.67,2.47,3.08,3.42,3.67,3.97,4.24
8/28/2009,1.69,2.49,3.11,3.475,3.705,3.985,4.285
8/27/2009,1.72,2.47,3.09,3.41,3.67,3.99,4.25
8/26/2009,1.72,2.52,3.125,3.45,3.725,4.04,4.305
8/25/2009,1.735,2.5,3.1,3.405,3.67,3.98,4.255
8/24/2009,1.75,2.53,3.115,3.455,3.75,3.98,4.33
8/21/2009,1.69,2.49,3.05,3.345,3.645,3.905,4.22
8/20/2009,1.71,2.51,3.08,3.38,3.68,3.98,4.25
8/19/2009,1.71,2.4875,3.01,3.33,3.61,3.92,4.18
8/18/2009,1.77,2.57,3.08,3.38,3.69,4,4.25
8/17/2009,1.72,2.52,3.03,3.35,3.63,3.93,4.19
8/14/2009,1.815,2.625,3.165,3.475,3.755,4.055,4.315
8/13/2009,1.845,2.675,3.18,3.495,3.805,4.09,4.33
8/12/2009,1.855,2.665,3.175,3.485,3.785,4.085,4.345
8/11/2009,1.855,2.63,3.18,3.485,3.79,4.085,4.3625
8/10/2009,1.885,2.7,3.23,3.57,3.865,4.165,4.415
8/7/2009,1.82,2.555,3.075,3.405,3.695,3.995,4.255
8/6/2009,1.7675,2.565,3.0775,3.3925,3.705,3.995,4.255
8/5/2009,1.725,2.455,2.96,3.255,3.555,3.805,4.0875
8/4/2009,1.7,2.415,2.935,3.235,3.51,3.785,4.06
8/3/2009,1.7,2.37,2.87,3.195,3.47,3.74,4.015
7/31/2009,1.7,2.39,2.9,3.19,3.47,3.775,3.97
7/30/2009,1.735,2.3875,2.8875,3.1975,3.4675,3.7525,4.0025
7/29/2009,1.69,2.37,2.86,3.17,3.43,3.71,3.96
7/28/2009,1.695,2.38,2.885,3.16,3.475,3.76,3.98
7/27/2009,1.715,2.395,2.895,3.225,3.495,3.765,4.035
7/24/2009,1.69,2.4,2.9,3.215,3.47,3.765,4.035
7/23/2009,1.715,2.385,2.905,3.2,3.475,3.755,4.005
7/22/2009,1.705,2.38,2.875,3.195,3.47,3.745,3.97
7/21/2009,1.705,2.415,2.915,3.245,3.53,3.75,4.0675
7/20/2009,1.725,2.42,2.92,3.24,3.55,3.7925,4.0525
7/17/2009,1.695,2.375,2.855,3.185,3.475,3.745,4
7/16/2009,1.69,2.41,2.89,3.21,3.51,3.755,4
7/15/2009,1.705,2.39,2.9075,3.19,3.49,3.77,4.0075
7/14/2009,1.6925,2.3675,2.8325,3.165,3.4225,3.7,3.9425
7/13/2009,1.67,2.31,2.755,3.085,3.33,3.68,3.86
7/10/2009,1.655,2.3,2.725,3.04,3.32,3.62,3.85
7/9/2009,1.6925,2.3525,2.8475,3.185,3.4175,3.69,3.9625
7/8/2009,1.73,2.38,2.9,3.22,3.48,3.73,4.03
7/7/2009,1.745,2.475,3.005,3.325,3.625,3.915,4.195
7/6/2009,1.745,2.475,3.005,3.335,3.625,3.875,4.195
7/3/2009,1.75,2.46,3.01,3.33,3.61,3.88,4.165
7/2/2009,1.805,2.57,3.1,3.4,3.675,3.98,4.22
7/1/2009,1.825,2.545,3.085,3.385,3.665,3.965,4.265
6/30/2009,1.78,2.58,3.085,3.39,3.665,3.955,4.23
6/29/2009,1.815,2.525,3.035,3.335,3.615,3.8975,4.185
6/26/2009,1.815,2.545,3.04,3.335,3.615,3.8925,4.195
6/25/2009,1.815,2.535,3.025,3.355,3.645,3.925,4.225
6/24/2009,1.845,2.5625,3.0925,3.395,3.7075,3.995,4.305
6/23/2009,1.885,2.575,3.085,3.425,3.735,4.015,4.325
6/22/2009,1.905,2.6375,3.135,3.4624,3.7925,4.135,4.4125
6/19/2009,2.005,2.805,3.305,3.645,3.93,4.245,4.525
6/18/2009,1.94,2.765,3.255,3.525,3.865,4.17,4.4
6/17/2009,1.995,2.805,3.265,3.59,3.865,4.16,4.45
6/16/2009,2.05,2.86,3.285,3.605,3.875,4.17,4.47
6/15/2009,2.095,2.855,3.275,3.575,3.865,4.17,4.465
6/12/2009,2.19,3.035,3.425,3.725,4.025,4.325,4.63
6/11/2009,2.245,3.125,3.535,3.83,4.14,4.485,4.775
6/10/2009,2.125,2.765,3.175,3.525,3.845,4.175,4.465
6/9/2009,2.045,2.655,3.045,3.395,3.685,4.025,4.335
6/8/2009,1.98,2.555,2.965,3.325,3.63,4.035,4.31
6/5/2009,1.815,2.355,2.805,3.1921,3.555,3.9738,4.22
6/4/2009,1.825,2.355,2.785,3.205,3.535,3.935,4.195
6/3/2009,1.825,2.385,2.805,3.225,3.565,4.005,4.295
6/2/2009,1.875,2.39,2.825,3.2356,3.6,4.025,4.35
6/1/2009,1.845,2.36,2.795,3.208,3.555,3.9321,4.25
5/29/2009,1.875,2.365,2.795,3.225,3.525,3.955,4.245
5/28/2009,1.925,2.395,2.8025,3.2129,3.555,3.9696,4.2775
5/27/2009,1.875,2.365,2.77,3.185,3.535,3.935,4.235
5/26/2009,1.825,2.335,2.755,3.1322,3.465,3.875,4.175
5/25/2009,1.795,2.305,2.73,3.165,3.4925,3.915,4.1975
5/22/2009,1.855,2.345,2.755,3.1816,3.515,3.925,4.235
5/21/2009,1.825,2.315,2.745,3.1294,3.455,3.8839,4.195
5/20/2009,1.895,2.335,2.725,3.0968,3.4,3.7864,4.0725
5/19/2009,1.9175,2.2875,2.69,3.041,3.3375,3.7047,3.915
5/18/2009,1.875,2.235,2.62,2.9529,3.23,3.5596,3.775
5/15/2009,1.895,2.225,2.595,2.925,3.19,3.525,3.725
5/14/2009,1.935,2.23,2.58,2.935,3.195,3.515,3.725
5/13/2009,1.975,2.27,2.625,2.9723,3.245,3.58,3.785
5/12/2009,2.05,2.325,2.695,3.035,3.315,3.645,3.835
5/11/2009,2.025,2.285,2.675,3.025,3.315,3.655,3.825
5/8/2009,2.015,2.305,2.665,2.9401,3.275,3.56,3.775
5/7/2009,2.015,2.305,2.665,2.945,3.275,3.56,3.775
5/6/2009,2,2.185,2.525,2.825,3.085,3.425,3.595
5/5/2009,2.005,2.175,2.495,2.785,3.035,3.355,3.545
5/4/2009,2.005,2.18,2.495,2.7561,3.035,3.3387,3.5425
5/1/2009,2.005,2.155,2.465,2.7477,3.005,3.3325,3.525
4/30/2009,2.01,2.155,2.475,2.745,3.005,3.335,3.51
4/29/2009,1.985,2.125,2.405,2.685,2.945,3.235,3.405
4/28/2009,1.955,2.075,2.345,2.6103,2.845,3.155,3.32
4/27/2009,2.02,2.13,2.395,2.64,2.875,3.19,3.375
4/24/2009,2.025,2.145,2.425,2.6799,2.925,3.25,3.425
4/23/2009,2.015,2.165,2.46,2.7401,3,3.3275,3.45
4/22/2009,2.025,2.16,2.445,2.7449,3.005,3.3599,3.545
4/21/2009,2.025,2.19,2.515,2.8226,3.115,3.4628,3.675
4/20/2009,2.015,2.205,2.565,2.9,3.175,3.545,3.755
4/17/2009,2.025,2.22,2.58,2.8926,3.195,3.535,3.7675
4/16/2009,2.005,2.195,2.555,2.8654,3.145,3.5102,3.705
4/15/2009,2.055,2.275,2.645,2.9352,3.235,3.605,3.815
4/14/2009,2.055,2.275,2.645,2.955,3.235,3.605,3.815
4/13/2009,2.055,2.275,2.645,2.9454,3.235,3.6254,3.815
4/10/2009,2.04,2.265,2.64,2.9553,3.24,3.6426,3.82
4/9/2009,2.055,2.27,2.63,2.9725,3.23,3.595,3.7975
4/8/2009,2.05,2.275,2.62,2.9425,3.225,3.595,3.805
4/7/2009,2.135,2.315,2.655,2.955,3.235,3.615,3.825
4/6/2009,2.145,2.285,2.585,2.8405,3.115,3.4547,3.635
4/3/2009,2.125,2.285,2.585,2.8405,3.105,3.4399,3.635
4/2/2009,2.125,2.2325,2.5,2.775,3,3.3325,3.5425
4/1/2009,2.0825,2.2225,2.465,2.7198,2.965,3.2803,3.475
3/31/2009,2.115,2.225,2.475,2.7197,2.975,3.2952,3.445
3/30/2009,2.095,2.195,2.435,2.685,2.925,3.2521,3.415
3/27/2009,2.09,2.195,2.42,2.706,2.975,3.295,3.485
3/26/2009,2.125,2.2225,2.4525,2.665,3.015,3.3577,3.535
3/25/2009,2.055,2.145,2.335,2.585,2.875,3.195,3.375
3/24/2009,2.075,2.135,2.33,2.5947,2.875,3.2047,3.39
3/23/2009,2.075,2.11,2.275,2.55,2.805,3.1551,3.325
3/20/2009,2.065,2.105,2.275,2.55,2.855,3.2275,3.365
3/19/2009,2.045,2.105,2.275,2.64,2.875,3.22,3.465
3/18/2009,2.175,2.2425,2.425,2.7255,3.0425,3.3846,3.625
3/17/2009,2.265,2.295,2.515,2.825,3.11,3.465,3.725
3/16/2009,2.315,2.3175,2.4975,2.8,3.115,3.4799,3.735
3/13/2009,2.28,2.285,2.47,2.775,3.075,3.4073,3.675
3/12/2009,2.29,2.29,2.48,2.7601,3.08,3.4,3.67
3/11/2009,2.265,2.29,2.49,2.81,3.09,3.44,3.74
3/10/2009,2.33,2.34,2.53,2.83,3.13,3.5,3.78
3/9/2009,2.375,2.385,2.58,2.9199,3.185,3.6125,3.855
3/6/2009,2.47,2.47,2.67,2.9341,3.28,3.68,3.94
3/5/2009,2.45,2.43,2.6,2.9,3.17,3.58,3.84
3/4/2009,2.275,2.305,2.485,2.7599,3.045,3.4205,3.7
3/3/2009,2.25,2.285,2.455,2.7375,3.04,3.385,3.665
3/2/2009,2.265,2.295,2.465,2.74,3,3.39,3.63
2/27/2009,2.215,2.27,2.46,2.8002,3.095,3.4753,3.7
2/26/2009,2.14,2.17,2.39,2.7002,2.98,3.345,3.58
2/25/2009,1.95,1.955,2.145,2.4778,2.72,3.0899,3.33
2/24/2009,1.89,1.9,2.075,2.37,2.605,2.92,3.145
2/23/2009,1.98,2.01,2.18,2.49,2.7,3,3.22
2/20/2009,2.06,2.08,2.31,2.5604,2.79,3.0954,3.32
2/19/2009,2.07,2.05,2.305,2.57,2.79,3.14,3.34
2/18/2009,2.035,2.055,2.285,2.5225,2.745,3.0499,3.235
2/17/2009,2.02,2.045,2.26,2.4949,2.73,3.0174,3.17
2/16/2009,2,2.05,2.26,2.5,2.73,3.02,3.22
2/13/2009,2.025,2.065,2.305,2.57,2.785,3.06,3.25
2/12/2009,1.995,2.045,2.32,2.55,2.81,3.09,3.27
2/11/2009,1.98,2.035,2.3,2.5302,2.77,3.04,3.23
2/10/2009,1.97,2.02,2.26,2.5,2.75,3.02,3.21
2/9/2009,2.06,2.1,2.32,2.5551,2.8,3.0803,3.27
2/6/2009,2.11,2.08,2.31,2.54,2.81,3.08,3.265
2/5/2009,2.105,2.14,2.37,2.625,2.89,3.1574,3.34
2/4/2009,2.11,2.19,2.42,2.6775,2.91,3.18,3.39
2/3/2009,2.13,2.17,2.42,2.65,2.87,3.15,3.35
2/2/2009,2.135,2.18,2.43,2.6874,2.895,3.2027,3.385
1/30/2009,2.02,2.095,2.355,2.6146,2.83,3.155,3.355
1/29/2009,1.95,2.065,2.36,2.5801,2.835,3.0853,3.31
1/28/2009,1.9,1.965,2.25,2.4651,2.675,2.9452,3.13
1/27/2009,1.87,1.905,2.2,2.3973,2.6,2.8559,3.03
1/26/2009,1.85,1.905,2.18,2.3928,2.585,2.8352,3.035
1/23/2009,1.845,1.925,2.175,2.3596,2.575,2.8199,2.995
1/22/2009,1.89,1.965,2.24,2.455,2.65,2.87,3.09
1/21/2009,1.88,1.93,2.215,2.45,2.67,2.92,3.115
1/20/2009,1.96,2.065,2.345,2.5602,2.845,3.0846,3.255
1/19/2009,1.955,2.16,2.43,2.7548,3.01,3.2752,3.415
1/16/2009,1.88,2.02,2.29,2.58,2.84,3.05,3.2
1/15/2009,1.88,2.025,2.31,2.5674,2.815,3.0873,3.255
1/14/2009,1.72,1.83,2.08,2.36,2.6,2.84,2.99
1/13/2009,1.715,1.815,2.065,2.325,2.565,2.795,2.945
1/12/2009,1.7,1.79,2.03,2.25,2.49,2.7,2.875
1/9/2009,1.695,1.77,1.97,2.1752,2.4,2.54,2.7
1/8/2009,1.66,1.69,1.92,2.1576,2.37,2.5177,2.65
1/7/2009,1.63,1.825,2.04,2.3,2.45,2.6473,2.74
1/6/2009,1.63,1.7,1.92,2.0878,2.25,2.39,2.47
1/5/2009,1.52,1.67,1.8,1.9686,2.07,2.2036,2.27
1/2/2009,1.65,1.75,1.9,2.0401,2.1,2.25,2.23
1/1/2009,1.65,1.75,1.9,2.0501,2.1,2.3001,2.23
12/31/2008,1.65,1.75,1.9,2,2.1,2.25,2.23
12/30/2008,1.65,1.75,1.945,2.0498,2.1,2.315,2.41
12/29/2008,1.75,1.87,2.07,2.1301,2.3,2.3605,2.46
12/26/2008,1.83,1.9,2.05,2.2501,2.32,2.4352,2.54
12/25/2008,1.8,1.95,2.15,2.2501,2.395,2.46,2.53
12/24/2008,1.84,2.03,2.21,2.245,2.35,2.4502,2.535
12/23/2008,1.79,1.975,2.17,2.2804,2.36,2.4601,2.52
12/22/2008,1.91,2.02,2.16,2.2301,2.34,2.4402,2.48
12/19/2008,1.83,1.98,2.08,2.2299,2.35,2.45,2.52
12/18/2008,1.835,1.97,2.05,2.1599,2.235,2.31,2.405
12/17/2008,1.89,1.91,2,2.05,2.17,2.265,2.37
12/16/2008,2.025,2.025,2.105,2.2324,2.285,2.4526,2.495
12/15/2008,2.15,2.16,2.235,2.3,2.385,2.52,2.61
12/12/2008,2.15,2.18,2.26,2.34,2.42,2.55,2.64
12/11/2008,2.3,2.32,2.45,2.53,2.63,2.76,2.87
12/10/2008,2.32,2.35,2.5,2.5501,2.67,2.7801,2.88
12/9/2008,2.375,2.325,2.445,2.545,2.645,2.775,2.875
12/8/2008,2.35,2.4,2.5,2.4469,2.67,2.815,2.9
12/5/2008,2.25,2.23,2.35,2.4661,2.55,2.7466,2.83
12/4/2008,2.3,2.23,2.35,2.4661,2.845,2.73,3.08
12/3/2008,2.55,2.445,2.56,3.0551,2.875,3.32,3.37
12/2/2008,2.87,2.82,2.95,3.015,3.2,3.31,3.38
12/1/2008,2.94,2.865,2.97,3.09,3.235,3.36,3.43
11/28/2008,3.11,3.07,3.2,3.3252,3.47,3.61,3.71
11/27/2008,3.125,3.105,3.245,3.3854,3.555,3.7174,3.81
11/26/2008,3.13,3.085,3.225,3.415,3.575,3.7078,3.82
11/25/2008,3.045,2.99,3.195,3.38,3.595,3.75,3.88
11/24/2008,3.07,3.035,3.24,3.4625,3.68,3.8375,3.935
11/21/2008,3.02,3.04,3.25,3.46,3.68,3.82,3.95
11/20/2008,3.1,3.05,3.25,3.5443,3.75,3.89,4.03
11/19/2008,3.18,3.14,3.37,3.58,3.81,4.015,4.12
11/18/2008,3.175,3.17,3.405,3.65,3.87,4.055,4.17
11/17/2008,3.27,3.24,3.445,3.6829,3.875,4.045,4.175
11/14/2008,3.285,3.245,3.455,3.675,3.895,4.055,4.195
11/13/2008,3.195,3.185,3.385,3.615,3.845,4.005,4.145
11/12/2008,3.245,3.225,3.435,3.665,3.875,4.025,4.175
11/11/2008,3.275,3.275,3.465,3.675,3.905,4.055,4.195
11/10/2008,3.325,3.305,3.545,3.755,3.965,4.115,4.265
11/7/2008,3.285,3.32,3.505,3.715,3.925,4.085,4.235
11/6/2008,3.27,3.24,3.44,3.59,3.77,3.92,4.06
11/5/2008,3.305,3.265,3.435,3.6049,3.795,3.9345,4.095
11/4/2008,3.375,3.315,3.505,3.6798,3.86,4.0302,4.17
11/3/2008,3.425,3.325,3.525,3.705,3.885,4.075,4.215
10/31/2008,3.565,3.57,3.76,3.92,4.06,4.24,4.345
10/30/2008,3.635,3.61,3.81,3.98,4.11,4.28,4.42
10/29/2008,3.705,3.705,3.895,4.065,4.205,4.395,4.535
10/28/2008,3.77,3.75,3.96,4.07,4.24,4.41,4.52
10/27/2008,3.735,3.735,3.9,4.02,4.22,4.33,4.55
10/24/2008,3.725,3.62,3.8,3.94,4.1,4.27,4.41
10/23/2008,3.67,3.58,3.78,3.87,4.03,4.15,4.25
10/22/2008,3.67,3.58,3.755,3.865,4.02,4.14,4.225
10/21/2008,3.725,3.665,3.845,4,4.12,4.29,4.41
10/20/2008,3.545,3.59,3.8,3.96,4.1,4.295,4.435
10/17/2008,3.595,3.62,3.84,4.03,4.22,4.42,4.57
10/16/2008,3.7,3.7,3.9,4.1,4.3,4.47,4.63
10/15/2008,3.53,3.615,3.81,3.99,4.19,4.335,4.47
10/14/2008,3.4,3.54,3.73,3.97,4.115,4.34,4.43
10/13/2008,3.05,3.4,3.68,3.775,4.17,4.4,4.51
10/10/2008,2.955,3.195,3.495,3.775,4.045,4.245,4.415
10/9/2008,2.62,2.945,3.265,3.545,3.79,3.94,4.155
10/8/2008,2.895,3.045,3.295,3.53,3.74,3.915,4.035
10/7/2008,3.02,3.145,3.345,3.53,3.72,3.865,3.995
10/6/2008,3.065,3.115,3.345,3.62,3.645,3.815,3.965
10/3/2008,3.235,3.405,3.62,3.775,3.935,4.095,4.16
10/2/2008,3.275,3.405,3.58,3.745,3.855,4.005,4.14
10/1/2008,3.45,3.585,3.75,3.89,4.085,4.195,4.3
9/30/2008,3.575,3.76,3.875,4.025,4.145,4.275,4.385
9/29/2008,3.8,3.99,4.12,4.215,4.33,4.465,4.55
9/26/2008,3.84,4.045,4.195,4.33,4.435,4.605,4.685
9/25/2008,3.795,3.975,4.14,4.275,4.395,4.545,4.645
9/24/2008,3.79,4.015,4.165,4.305,4.455,4.575,4.675
9/23/2008,3.875,4.03,4.23,4.395,4.5,4.865,4.775
9/22/2008,3.95,4.12,4.3,4.5,4.61,4.865,4.855
9/19/2008,3.91,4.13,4.33,4.395,4.66,4.835,4.93
9/18/2008,3.895,4.09,4.26,4.41,4.535,4.335,4.775
9/17/2008,3.725,3.94,4.05,4.12,4.27,4.36,4.495
9/16/2008,3.695,3.825,3.945,4.045,4.135,4.245,4.335
9/15/2008,3.755,3.875,3.985,4.14,4.225,4.36,4.45
9/12/2008,3.86,4.13,4.29,4.42,4.54,4.67,4.77
9/11/2008,3.87,4.155,4.305,4.47,4.615,4.77,4.86
9/10/2008,3.88,4.21,4.3875,4.56,4.7175,4.88,4.98
9/9/2008,3.8975,4.23,4.425,4.59,4.77,4.91,5.025
9/8/2008,3.905,4.23,4.41,4.5825,4.78,4.9,5.025
9/5/2008,3.915,4.165,4.37,4.54,4.72,4.875,4.99
9/4/2008,3.875,4.155,4.365,4.52,4.695,4.85,4.95
9/3/2008,3.905,4.13,4.32,4.47,4.62,4.77,4.87
9/2/2008,3.875,4.05,4.225,4.53,4.515,4.82,4.735
9/1/2008,3.87,4.1575,4.34,4.53,4.68,4.82,4.9
8/29/2008,3.875,4.225,4.43,4.605,4.78,4.885,5.02
8/28/2008,3.855,4.175,4.37,4.59,4.71,4.85,4.93
8/27/2008,3.935,4.245,4.465,4.69,4.845,5.1,5.1
8/26/2008,3.93,4.275,4.55,4.7625,4.99,5.13,5.25
8/25/2008,3.96,4.355,4.64,4.88,5.08,5.25,5.34
8/22/2008,4.065,4.415,4.735,4.975,5.175,5.335,5.455
8/21/2008,3.98,4.385,4.705,4.955,5.175,5.345,5.44
8/20/2008,3.92,4.27,4.57,4.85,5.05,5.245,5.37
8/19/2008,3.9,4.22,4.51,4.765,4.96,5.15,5.265
8/18/2008,3.88,4.2,4.5,4.745,4.965,5.115,5.26
8/15/2008,3.875,4.19,4.52,4.77,4.96,5.15,5.245
8/14/2008,3.975,4.41,4.7,4.945,5.125,5.22,5.385
8/13/2008,3.905,4.305,4.605,4.765,4.995,5.155,5.285
8/12/2008,3.905,4.195,4.495,4.735,4.885,5.065,5.175
8/11/2008,3.93,4.195,4.505,4.715,4.915,5.06,5.185
8/8/2008,4.02,4.325,4.6,4.825,5.02,5.175,5.285
8/7/2008,4.145,4.57,4.85,5.05,5.25,5.39,5.55
8/6/2008,4.165,4.495,4.72,4.885,5.06,5.175,5.29
8/5/2008,4.155,4.475,4.715,4.875,5.025,5.175,5.255
8/4/2008,4.165,4.51,4.75,4.925,5.05,5.205,5.275
8/1/2008,4.095,4.415,4.665,4.835,4.985,5.125,5.215
7/31/2008,4.25,4.69,4.97,5.135,5.32,5.39,5.5385
7/30/2008,4.245,4.695,4.97,5.155,5.33,5.435,5.53
7/29/2008,4.345,4.825,5.115,5.295,5.465,5.61,5.685
7/28/2008,4.295,4.725,5.025,5.205,5.365,5.525,5.645
7/25/2008,4.375,4.84,5.14,5.375,5.545,5.72,5.835
7/24/2008,4.455,4.925,5.23,5.455,5.615,5.805,5.91
7/23/2008,4.5,4.955,5.235,5.46,5.67,5.805,5.98
7/22/2008,4.57,5.065,5.355,5.625,5.805,5.965,6.09
7/21/2008,4.55,4.995,5.275,5.515,5.745,5.895,6.045
7/18/2008,4.405,4.905,5.21,5.47,5.685,5.92,5.98
7/17/2008,4.525,5.08,5.41,5.78,5.87,6.14,6.14
7/16/2008,4.55,5.2,5.535,5.79,6,6.135,6.28
7/15/2008,4.59,5.32,5.625,5.895,6.095,6.295,6.375
7/14/2008,4.615,5.36,5.7,6.03,6.17,6.325,6.455
7/11/2008,4.535,5.3,5.665,5.995,6.15,6.34,6.36
7/10/2008,4.515,5.305,5.645,5.955,6.185,6.305,6.45
7/9/2008,4.515,5.245,5.595,5.875,6.115,6.265,6.365
7/8/2008,4.55,5.14,5.47,5.835,6.015,6.06,6.255
7/7/2008,4.53,5.255,5.685,6.01,6.23,6.385,6.47
7/4/2008,4.585,5.4,5.82,6.19,6.4,6.53,6.63
7/3/2008,4.71,5.61,6.025,6.33,6.595,6.72,6.84
7/2/2008,4.73,5.57,6.005,6.26,6.535,6.68,6.82
7/1/2008,4.67,5.67,6.13,6.42,6.65,6.83,6.94
6/30/2008,4.66,5.64,6.09,6.37,6.65,6.81,6.93
6/27/2008,4.625,5.435,5.825,6.115,6.36,6.54,6.655
6/26/2008,4.595,5.395,5.815,6.015,6.245,6.39,6.535
6/25/2008,4.5775,5.25,5.66,6.02,6.08,6.41,6.32
6/24/2008,4.57,5.205,5.605,5.83,6.015,6.155,6.285
6/23/2008,4.57,5.18,5.53,5.72,5.95,6.11,6.22
6/20/2008,4.63,5.21,5.505,5.72,5.93,6.1,6.18
6/19/2008,4.695,5.2775,5.5975,5.775,5.975,6.11,6.235
6/18/2008,4.56,5.19,5.52,5.71,5.87,6,6.13
6/17/2008,4.59,5.07,5.4,5.55,5.71,5.87,5.99
6/16/2008,4.685,5.29,5.52,5.71,5.87,5.945,6.12
6/13/2008,4.625,5.135,5.475,5.645,5.775,5.985,6.065
6/12/2008,4.495,5.095,5.385,5.575,5.745,5.875,5.995
6/11/2008,4.56,5.05,5.345,5.575,5.74,5.88,5.98
6/10/2008,4.625,5.145,5.495,5.675,5.845,6.035,6.175
6/9/2008,4.37,4.92,5.295,5.505,5.695,5.795,6.02
6/6/2008,4.2,4.7,5.045,5.225,5.455,5.635,5.82
6/5/2008,4.17,4.685,4.995,5.185,5.4,5.58,5.785
6/4/2008,4.0975,4.56,4.86,5.0925,5.24,5.4375,5.595
6/3/2008,4.09,4.62,4.95,5.16,5.36,5.54,5.74
6/2/2008,4.095,4.575,4.945,5.11,5.28,5.44,5.64
5/30/2008,4.07,4.53,4.86,5.04,5.2,5.4,5.59
5/29/2008,4.09,4.575,4.865,5.07,5.215,5.415,5.59
5/28/2008,4.02,4.45,4.75,4.9,5.05,5.26,5.42
5/27/2008,4.045,4.435,4.735,4.9,5.075,5.245,5.445
5/26/2008,3.9575,4.3825,4.6475,4.8275,5.0175,5.2175,5.4
5/23/2008,3.8725,4.31,4.56,4.73,4.9,5.11,5.3
5/22/2008,3.825,4.235,4.54,4.76,4.905,5.125,5.315
5/21/2008,3.615,4.07,4.33,4.57,4.72,4.985,5.21
5/20/2008,3.58,4,4.28,4.51,4.72,4.96,5.18
5/19/2008,3.58,3.98,4.28,4.48,4.69,4.94,5.16
5/16/2008,3.57,4,4.285,4.525,4.705,4.955,5.16
5/15/2008,3.62,4.03,4.3,4.52,4.73,5,5.23
5/14/2008,3.68,4.09,4.39,4.58,4.81,5.1,5.37
5/13/2008,3.58,3.98,4.22,4.46,4.69,4.995,5.255
5/12/2008,3.52,3.9425,4.2,4.4425,4.69,4.985,5.265
5/9/2008,3.42,3.805,4.11,4.34,4.565,4.875,5.17
5/8/2008,3.52,3.95,4.2,4.46,4.72,5.03,5.31
5/7/2008,3.565,4.06,4.32,4.565,4.805,5.1,5.35
5/6/2008,3.53,3.9575,4.245,4.45,4.68,4.925,5.22
5/5/2008,3.51,3.91,4.15,4.39,4.6,4.88,5.12
5/2/2008,3.535,3.88,4.125,4.37,4.605,4.905,5.14
5/1/2008,3.485,3.82,4.05,4.28,4.51,4.78,5.055
4/30/2008,3.485,3.82,4.05,4.28,4.51,4.78,5.055
4/29/2008,3.54,3.86,4.1,4.31,4.57,4.855,5.13
4/28/2008,3.5575,3.84,4.055,4.27,4.53,4.775,5.075
4/25/2008,3.6,3.88,4.095,4.35,4.6,4.9,5.17
4/24/2008,3.52,3.76,3.98,4.22,4.48,4.79,5.1
4/23/2008,3.46,3.66,3.87,4.11,4.35,4.68,4.98
4/22/2008,3.365,3.47,3.695,3.91,4.16,4.505,4.81
4/21/2008,3.32,3.5,3.72,3.955,4.205,4.58,4.88
4/18/2008,3.265,3.445,3.69,3.905,4.17,4.535,4.825
4/17/2008,3.17,3.35,3.59,3.85,4.12,4.48,4.8
4/16/2008,3.0125,3.19,3.43,3.66,3.955,4.32,4.545
4/15/2008,2.93,3.11,3.35,3.61,3.89,4.22,4.53
4/14/2008,2.93,3.11,3.35,3.61,3.89,4.22,4.53
4/11/2008,2.93,3.11,3.35,3.61,3.895,4.22,4.5
4/10/2008,2.9,3.06,3.32,3.58,3.84,4.18,4.495
4/9/2008,2.98,3.17,3.42,3.66,3.94,4.25,4.55
4/8/2008,2.97,3.165,3.41,3.64,3.87,4.16,4.45
4/7/2008,3.025,3.175,3.405,3.645,3.915,4.195,4.515
4/4/2008,3.025,3.175,3.405,3.645,3.915,4.195,4.515
4/3/2008,2.95,3.22,3.43,3.685,3.935,4.235,4.58
4/2/2008,2.96,3.14,3.39,3.625,3.905,4.245,4.555
4/1/2008,2.9975,3.205,3.42,3.745,4.01,4.3325,4.6925
3/31/2008,3.09,3.27,3.535,3.81,4.095,4.47,4.825
3/28/2008,3.06,3.225,3.495,3.775,4.055,4.43,4.805
3/27/2008,3.06,3.2,3.46,3.74,4.04,4.41,4.76
3/26/2008,3,3.12,3.38,3.66,3.93,4.28,4.64
3/25/2008,3.02,3.14,3.39,3.66,3.93,4.26,4.62
3/24/2008,2.96,3.05,3.31,3.58,3.86,4.205,4.56
3/21/2008,2.78,2.93,3.21,3.5,3.8,4.2,4.57
3/20/2008,2.78,2.93,3.21,3.5,3.8,4.2,4.57
3/19/2008,2.75,2.88,3.19,3.51,3.84,4.26,4.69
3/18/2008,2.75,2.84,3.17,3.5,3.82,4.26,4.69
3/17/2008,2.76,2.83,3.17,3.51,3.85,4.34,4.79
3/14/2008,2.87,2.97,3.27,3.59,3.93,4.39,4.8
3/13/2008,2.86,2.97,3.24,3.56,3.89,4.35,4.76
3/12/2008,2.88,3.02,3.29,3.62,3.96,4.44,4.86
3/11/2008,2.81,2.92,3.21,3.55,3.89,4.37,4.81
3/10/2008,2.83,2.93,3.17,3.49,3.83,4.27,4.69
3/7/2008,2.96,3.02,3.24,3.57,3.88,4.32,4.74
3/6/2008,3,3.11,3.36,3.63,3.95,4.39,4.8
3/5/2008,2.99,3.1,3.35,3.62,3.91,4.33,4.72
3/4/2008,2.98,3.09,3.31,3.59,3.88,4.29,4.68
3/3/2008,3.01,3.11,3.36,3.66,3.97,4.42,4.83
2/29/2008,3.04,3.07,3.27,3.57,3.89,4.28,4.69
2/28/2008,3.27,3.46,3.76,4.05,4.345,4.78,5.18
2/27/2008,3.22,3.43,3.66,3.95,4.23,4.63,5
2/26/2008,3.23,3.45,3.67,3.94,4.22,4.6,4.98
2/25/2008,3.14,3.3,3.5,3.77,4.03,4.41,4.76
2/22/2008,3.06,3.22,3.445,3.7,3.95,4.32,4.67
2/21/2008,3.12,3.3,3.52,3.77,4.02,4.39,4.73
2/20/2008,3.09,2.74,3.45,3.705,3.96,4.35,4.69
2/19/2008,3.02,3.19,3.4,3.6275,3.87,4.25,4.57
2/18/2008,3.02,3.155,3.3625,3.59,3.82,4.16,4.53
2/15/2008,3.015,3.14,3.355,3.565,3.815,4.16,4.48
2/14/2008,3.04,3.2,3.4,3.61,3.82,4.16,4.49
2/13/2008,3.04,3.16,3.36,3.57,3.77,4.08,4.38
2/12/2008,3.03,3.14,3.2975,3.52,3.7125,3.99,4.305
2/11/2008,3.135,3.18,3.31,3.51,3.7,4,4.27
2/8/2008,3.235,3.28,3.44,3.68,3.845,4.15,4.455
2/7/2008,3.225,3.265,3.505,3.67,3.84,4.19,4.46
2/6/2008,3.24,3.335,3.5275,3.725,3.945,4.2175,4.4875
2/5/2008,3.285,3.37,3.565,3.775,4,4.295,4.565
2/4/2008,3.25,3.345,3.55,3.74,3.94,4.22,4.485
2/1/2008,3.24,3.3,3.5,3.67,3.85,4.12,4.36
1/31/2008,3.22,3.33,3.515,3.685,3.88,4.15,4.39
1/30/2008,3.37,3.4,3.58,3.78,3.92,4.2,4.41
1/29/2008,3.26,3.37,3.54,3.72,3.9,4.15,4.36
1/28/2008,3.39,3.56,3.73,3.91,4.08,4.36,4.56
1/25/2008,3.42,3.58,3.75,3.92,4.09,4.35,4.55
1/24/2008,3.26,3.38,3.56,3.77,3.95,4.25,4.47
1/23/2008,3.3,3.41,3.61,3.82,4.03,4.33,4.56
1/22/2008,3.48,3.65,3.85,4.04,4.25,4.53,4.76
1/21/2008,3.57,3.78,3.98,4.17,4.36,4.66,4.88
1/18/2008,3.61,3.8,4.01,4.2,4.41,4.7,4.92
1/17/2008,3.68,3.82,4.02,4.22,4.43,4.69,4.925
1/16/2008,3.64,3.77,3.95,4.15,4.35,4.61,4.84
1/15/2008,3.75,3.84,4.02,4.21,4.41,4.67,4.9
1/14/2008,3.76,3.84,4.02,4.21,4.41,4.71,4.92
1/11/2008,3.85,3.95,4.14,4.33,4.5,4.78,5.01
1/10/2008,3.92,4.07,4.25,4.45,4.66,4.97,5.17
1/9/2008,4.01,4.17,4.36,4.55,4.75,5,5.21
1/8/2008,4.08,4.25,4.44,4.62,4.8,5.03,5.22
1/7/2008,4.14,4.33,4.53,4.7,4.87,5.09,5.3
1/4/2008,4.16,4.33,4.52,4.7,4.87,5.07,5.26
1/3/2008,4.08,4.26,4.45,4.63,4.8,5,5.2
1/2/2008,4.08,4.27,4.46,4.66,4.85,5.08,5.29
1/1/2008,4.12,4.32,4.52,4.7,4.91,5.14,5.35
12/31/2007,4.12,4.32,4.52,4.7,4.91,5.14,5.35
12/28/2007,4.17,4.35,4.56,4.74,4.94,5.15,5.35
12/27/2007,4.26,4.47,4.69,4.85,5.05,5.26,5.46
12/26/2007,4.26,4.47,4.69,4.85,5.05,5.26,5.46
12/25/2007,4.35,4.56,4.76,4.92,5.13,5.32,5.54
12/24/2007,4.35,4.56,4.76,4.92,5.13,5.32,5.54
12/21/2007,4.35,4.56,4.76,4.92,5.13,5.32,5.54
12/20/2007,4.64,4.78,4.93,5.07,5.25,5.45,5.645
12/19/2007,4.65,4.81,4.94,5.09,5.26,5.47,5.67
12/18/2007,4.615,4.78,4.895,5.045,5.205,5.395,5.605
12/17/2007,4.515,4.675,4.785,4.925,5.125,5.285,5.495
12/14/2007,4.48,4.62,4.77,4.89,5.07,5.24,5.455
12/13/2007,4.47,4.61,4.75,4.895,5.07,5.24,5.445
12/12/2007,4.42,4.58,4.75,4.89,5.07,5.24,5.445
12/11/2007,4.44,4.605,4.76,4.885,5.065,5.25,5.425
12/10/2007,4.39,4.55,4.7,4.84,5.02,5.19,5.385
12/7/2007,4.39,4.55,4.7,4.84,5.02,5.19,5.385
12/6/2007,4.37,4.49,4.64,4.78,4.93,5.09,5.29
12/5/2007,4.35,4.48,4.64,4.78,4.92,5.08,5.28
12/4/2007,4.35,4.49,4.64,4.78,4.93,5.1,5.31
12/3/2007,4.37,4.52,4.68,4.83,4.99,5.18,5.38
11/30/2007,4.35,4.5,4.65,4.8,4.96,5.14,5.34
11/29/2007,4.37,4.52,4.69,4.83,4.99,5.19,5.39
11/28/2007,4.38,4.54,4.72,4.89,5.05,5.26,5.46
11/27/2007,4.39,4.54,4.72,4.88,5.08,5.3,5.5
11/26/2007,4.35,4.56,4.73,4.885,5.1,5.29,5.51
11/23/2007,4.33,4.52,4.69,4.85,5.06,5.25,5.47
11/22/2007,4.31,4.5,4.69,4.85,5.05,5.25,5.47
11/21/2007,4.3,4.52,4.72,4.895,5.095,5.32,5.535
11/20/2007,4.235,4.45,4.615,4.8,4.97,5.185,5.41
11/19/2007,4.19,4.37,4.54,4.72,4.9,5.11,5.3225
11/16/2007,4.13,4.33,4.5,4.66,4.85,5.07,5.28
11/15/2007,4.14,4.32,4.49,4.65,4.82,5.06,4.27
11/14/2007,4.14,4.305,4.48,4.635,4.81,5.045,5.24
11/13/2007,4.14,4.32,4.45,4.65,4.8275,5.075,5.265
11/12/2007,4.145,4.33,4.49,4.665,4.84,5.115,5.32
11/9/2007,4.175,4.34,4.515,4.69,4.91,5.125,5.345
11/8/2007,4.165,4.355,4.545,4.72,4.89,5.16,5.335
11/7/2007,4.125,4.31,4.47,4.615,4.77,5.02,5.24
11/6/2007,4.1,4.265,4.415,4.57,4.715,4.935,5.165
11/5/2007,4.05,4.225,4.34,4.51,4.66,4.89,5.09
11/2/2007,4.04,4.205,4.34,4.49,4.66,4.89,5.1
11/1/2007,4.065,4.225,4.365,4.535,4.715,4.95,5.165
10/31/2007,3.9875,4.095,4.2125,4.3575,4.5175,4.7625,4.9875
10/30/2007,3.9575,4.0525,4.19,4.3425,4.49,4.7625,4.9825
10/29/2007,3.93,4.02,4.1525,4.31,4.47,4.72,4.95
10/26/2007,3.92,4.0075,4.1425,4.2875,4.46,4.6975,4.93
10/25/2007,3.9325,4,4.14,4.2825,4.46,4.695,4.93
10/24/2007,3.92,4,4.14,4.28,4.4475,4.7,4.93
10/23/2007,3.9,3.97,4.11,4.26,4.42,4.66,4.9
10/22/2007,3.9,3.97,4.11,4.26,4.42,4.66,4.9
10/19/2007,3.93,4.01,4.14,4.28,4.46,4.69,4.93
10/18/2007,3.94,4,4.12,4.27,4.46,4.7,4.94
10/17/2007,3.95,4.02,4.12,4.28,4.47,4.71,4.96
10/16/2007,3.99,4.05,4.17,4.33,4.52,4.75,5
10/15/2007,4.01,4.07,4.195,4.35,4.535,4.77,5.04
10/12/2007,3.98,4.01,4.14,4.29,4.4675,4.72,4.98
10/11/2007,4.02,4.05,4.15,4.28,4.46,4.71,4.97
10/10/2007,4.055,4.06,4.17,4.32,4.49,4.74,4.985
10/9/2007,3.99,4.01,4.11,4.25,4.44,4.7,4.96
10/8/2007,4.01,3.9825,4.0925,4.25,4.42,4.69,4.96
10/5/2007,3.94,3.93,4.025,4.16,4.35,4.61,4.88
10/4/2007,3.96,3.94,4.02,4.16,4.37,4.63,4.89
10/3/2007,3.99,3.9625,4.04,4.2,4.3875,4.65,4.9175
10/2/2007,3.95,3.93,4.03,4.19,4.38,4.65,4.9
10/1/2007,3.8775,3.88,3.975,4.1575,4.36,4.6175,4.88
9/28/2007,3.87,3.845,3.94,4.12,4.33,4.59,4.86
9/27/2007,3.87,3.86,3.96,4.15,4.36,4.6175,4.9
9/26/2007,3.87,3.84,3.925,4.13,4.33,4.59,4.85
9/25/2007,3.8,3.82,3.91,4.0975,4.2975,4.5625,4.82
9/24/2007,3.78,3.7825,3.8925,4.0875,4.2975,4.5725,4.835
9/21/2007,3.75,3.77,3.86,4.06,4.25,4.5,4.75
9/20/2007,3.75,3.77,3.86,4.06,4.25,4.5,4.75
9/19/2007,3.83,3.77,3.8325,4.0225,4.2125,4.44,4.67
9/18/2007,3.9,3.86,3.97,4.12,4.3,4.52,4.73
9/17/2007,3.88,3.84,3.91,4.0675,4.2525,4.47,4.68
9/14/2007,3.89,3.84,3.9175,4.07,4.245,4.48,4.7
9/13/2007,3.8675,3.8175,3.87,4.0275,4.18,4.4525,4.6575
9/12/2007,3.875,3.82,3.885,4.06,4.22,4.46,4.69
9/11/2007,3.87,3.805,3.86,4.0525,4.225,4.455,4.7
9/10/2007,3.855,3.785,3.84,4.005,4.21,4.45,4.6475
9/7/2007,3.92,3.89,3.98,4.14,4.32,4.56,4.81
9/6/2007,3.95,3.92,4.0075,4.2,4.3775,4.67,4.8975
9/5/2007,3.98,3.955,4.04,4.25,4.435,4.7175,4.96
9/4/2007,4,3.9825,4.095,4.3,4.49,4.77,5.01
9/3/2007,4.0025,3.99,4.12,4.31,4.5,4.77,5.03
8/31/2007,3.97,3.965,4.12,4.32,4.505,4.77,5.025
8/30/2007,3.925,3.955,4.09,4.29,4.48,4.79,4.99
8/29/2007,3.875,3.92,4.04,4.26,4.485,4.73,4.98
8/28/2007,3.84,3.85,3.9875,4.19,4.385,4.66,4.89
8/27/2007,3.85,3.87,4.04,4.22,4.43,4.67,4.92
8/24/2007,3.84,3.86,4.03,4.22,4.43,4.71,4.94
8/23/2007,3.8675,3.8625,4.06,4.24,4.46,4.74,4.99
8/22/2007,3.8,3.81,3.99,4.19,4.41,4.68,4.92
8/21/2007,3.81,3.79,3.98,4.16,4.34,4.65,4.89
8/20/2007,3.88,3.89,4.08,4.2675,4.5,4.77,5.03
8/17/2007,3.91,3.92,4.14,4.34,4.56,4.84,5.1
8/16/2007,3.89,3.95,4.15,4.34,4.56,4.86,5.12
8/15/2007,3.87,3.92,4.12,4.3,4.53,4.81,5.07
8/14/2007,3.86,3.91,4.09,4.27,4.5,4.77,5.03
8/13/2007,3.81,3.89,4.1,4.32,4.52,4.79,5.05
8/10/2007,3.81,3.89,4.1,4.32,4.52,4.79,5.05
8/9/2007,3.85,3.93,4.13,4.285,4.52,4.78,5.04
8/8/2007,3.85,3.9,4.07,4.26,4.47,4.74,4.94
8/7/2007,3.83,3.88,4.04,4.24,4.46,4.71,4.93
8/6/2007,3.85,3.93,4.12,4.32,4.52,4.8,5.03
8/3/2007,3.93,4,4.16,4.35,4.56,4.88,5.07
8/2/2007,3.93,4,4.16,4.36,4.56,4.82,5.05
8/1/2007,3.88,3.96,4.09,4.27,4.46,4.7,5.01
7/31/2007,3.85,3.88,4.02,4.2,4.36,4.64,4.86
7/30/2007,3.82,3.86,3.96,4.14,4.32,4.57,4.82
7/27/2007,3.85,3.87,3.97,4.17,4.31,4.56,4.83
7/26/2007,3.755,3.785,3.885,4.055,4.195,4.4,4.68
7/25/2007,3.73,3.73,3.835,3.99,4.13,4.34,4.56
7/24/2007,3.74,3.75,3.845,4.02,4.145,4.355,4.57
7/23/2007,3.755,3.765,3.845,4.025,4.175,4.35,4.56
7/20/2007,3.765,3.78,3.88,4.055,4.165,4.33,4.54
7/19/2007,3.775,3.79,3.92,4.07,4.185,4.35,4.54
7/18/2007,3.82,3.82,3.93,4.07,4.185,4.3175,4.5325
7/17/2007,3.87,3.865,4.005,4.115,4.225,4.355,4.545
7/16/2007,3.905,3.915,4.065,4.16,4.25,4.42,4.62
7/13/2007,3.905,3.95,4.07,4.175,4.255,4.43,4.62
7/12/2007,3.94,3.94,4.085,4.175,4.2675,4.4425,4.66
7/11/2007,3.97,3.97,4.09,4.17,4.27,4.45,4.6675
7/10/2007,3.97,3.97,4.09,4.19,4.3,4.49,4.71
7/9/2007,3.97,3.99,4.09,4.19,4.34,4.54,4.7
7/6/2007,3.94,3.93,4.05,4.2,4.3,4.47,4.69
7/5/2007,3.9725,3.98,4.11,4.24,4.35,4.52,4.76
7/4/2007,3.9475,3.96,4.08,4.2,4.3175,4.49,4.66
7/3/2007,3.92,3.965,4.08,4.185,4.28,4.45,4.665
7/2/2007,3.91,3.89,3.98,4.1,4.21,4.4,4.6
6/29/2007,3.9,3.895,3.985,4.11,4.2,4.35,4.55
6/28/2007,3.9,3.89,3.96,4.07,4.18,4.35,4.55
6/27/2007,3.92,3.875,4.0075,4.1075,4.2,4.365,4.57
6/26/2007,3.92,3.9,4.0125,4.1,4.2,4.35,4.5675
6/25/2007,3.895,3.915,4,4.065,4.125,4.255,4.48
6/22/2007,3.86,3.89,3.9,3.95,4.04,4.16,4.35
6/21/2007,3.89,3.87,3.93,3.98,4.08,4.19,4.3875
6/20/2007,3.81,3.76,3.81,3.86,3.94,4.09,4.255
6/19/2007,3.755,3.725,3.775,3.825,3.915,4.105,4.285
6/18/2007,3.77,3.72,3.79,3.89,4.02,4.23,4.41
6/15/2007,3.845,3.84,3.915,4.055,4.18,4.36,4.58
6/14/2007,3.83,3.88,3.93,4.02,4.16,4.36,4.57
6/13/2007,3.9,3.94,3.99,4.12,4.22,4.42,4.58
6/12/2007,3.855,3.875,3.915,4.03,4.13,4.25,4.45
6/11/2007,3.885,3.96,3.995,4.07,4.2,4.305,4.53
6/8/2007,3.86,3.885,3.92,3.98,4.125,4.24,4.46
6/7/2007,3.8,3.785,3.805,3.895,3.995,4.1,4.28
6/6/2007,3.84,3.805,3.825,3.89,3.985,4.09,4.28
6/5/2007,3.89,3.915,3.91,4.025,4.1,4.22,4.43
6/4/2007,3.86,3.87,3.89,3.92,4.03,4.16,4.35
6/1/2007,3.8,3.72,3.72,3.79,3.85,3.96,4.14
5/31/2007,3.8,3.76,3.76,3.82,3.86,3.97,4.18
5/30/2007,3.8,3.7575,3.7575,3.8125,3.86,3.97,4.18
5/29/2007,3.855,3.76,3.755,3.795,3.87,3.99,4.185
5/28/2007,3.8,3.72,3.72,3.77,3.86,3.93,4.1275
5/25/2007,3.72,3.625,3.625,3.655,3.735,3.82,4
5/24/2007,3.76,3.6,3.6,3.6625,3.755,3.845,4.02
5/23/2007,3.795,3.535,3.535,3.635,3.72,3.8425,4.05
5/22/2007,3.63,3.46,3.46,3.52,3.58,3.68,3.81
5/21/2007,3.63,3.41,3.41,3.46,3.52,3.62,3.75
5/18/2007,3.63,3.44,3.44,3.48,3.53,3.64,3.76
5/17/2007,3.765,3.46,3.465,3.5,3.535,3.64,3.77
5/16/2007,3.645,3.5,3.5,3.515,3.57,3.67,3.795
5/15/2007,3.625,3.49,3.49,3.51,3.54,3.62,3.74
5/14/2007,3.635,3.495,3.495,3.515,3.53,3.62,3.74
5/11/2007,3.685,3.48,3.48,3.505,3.535,3.62,3.715
5/10/2007,3.685,3.485,3.485,3.505,3.545,3.64,3.74
5/9/2007,3.695,3.485,3.485,3.51,3.585,3.635,3.77
5/8/2007,3.72,3.49,3.49,3.53,3.585,3.72,3.82
5/7/2007,3.77,3.56,3.56,3.59,3.665,3.795,3.91
5/4/2007,3.77,3.56,3.56,3.59,3.665,3.795,3.91
5/3/2007,3.77,3.555,3.56,3.615,3.665,3.795,3.95
5/2/2007,3.79,3.625,3.635,3.665,3.715,3.865,3.995
5/1/2007,3.8,3.665,3.665,3.71,3.77,3.895,4.02
4/30/2007,3.8,3.665,3.665,3.71,3.77,3.895,4.02
4/27/2007,3.815,3.67,3.67,3.71,3.775,3.875,4.03
4/26/2007,3.82,3.685,3.685,3.72,3.78,3.895,4.03
4/25/2007,3.81,3.69,3.67,3.71,3.78,3.8875,4.03
4/24/2007,3.8075,3.6725,3.6725,3.7,3.76,3.8775,4.055
4/23/2007,3.89,3.7475,3.74,3.76,3.85,3.97,4.1225
4/20/2007,3.8875,3.765,3.755,3.8,3.87,4.01,4.15
4/19/2007,3.89,3.765,3.765,3.77,3.89,4,4.16
4/18/2007,3.89,3.76,3.75,3.77,3.87,4,4.1675
4/17/2007,3.925,3.785,3.785,3.83,3.89,4.045,4.18
4/16/2007,3.9775,3.8675,3.8675,3.925,4.015,4.135,4.295
4/13/2007,3.98,3.87,3.87,3.925,4.015,4.135,4.295
4/12/2007,3.99,3.91,3.905,3.97,4.08,4.145,4.305
4/11/2007,4.06,3.935,3.945,4,4.095,4.23,4.4
4/10/2007,4.075,3.92,3.925,3.99,4.08,4.225,4.375
4/9/2007,4.065,3.99,3.995,4.06,4.145,4.26,4.41
4/6/2007,4.04,3.93,3.94,4.015,4.115,4.265,4.415
4/5/2007,4.045,3.925,3.925,4.035,4.125,4.26,4.405
4/4/2007,4.065,3.955,3.965,4.06,4.15,4.295,4.44
4/3/2007,4.095,3.935,3.95,4.04,4.14,4.27,4.42
4/2/2007,4.13,4.005,4.015,4.115,4.225,4.31,4.525
3/30/2007,4.185,4.01,4.015,4.105,4.21,4.36,4.515
3/29/2007,4.105,3.965,3.995,4.1,4.19,4.35,4.51
3/28/2007,4.105,3.995,4.005,4.08,4.19,4.365,4.505
3/27/2007,4.115,3.995,4.015,4.125,4.23,4.37,4.53
3/26/2007,4.105,4.005,4.015,4.13,4.23,4.38,4.56
3/23/2007,4.0425,3.965,3.9575,4.09,4.1775,4.325,4.4525
3/22/2007,4.025,3.965,3.9675,4.0525,4.165,4.3175,4.415
3/21/2007,4.035,3.965,3.975,4.0575,4.165,4.32,4.43
3/20/2007,4.045,4.0025,4.025,4.08,4.1825,4.315,4.43
3/19/2007,4.09,4.0275,4.0475,4.1125,4.21,4.3225,4.43
3/16/2007,4.075,4.01,4.01,4.09,4.18,4.285,4.405
3/15/2007,4.0975,4.04,4.0525,4.105,4.155,4.255,4.365
3/14/2007,4.085,4.01,4.025,4.09,4.15,4.265,4.375
3/13/2007,4.125,4.01,4.045,4.105,4.175,4.26,4.39
3/12/2007,4.3,4.18,4.175,4.285,4.345,4.37,4.48
3/9/2007,4.3,4.215,4.215,4.255,4.32,4.405,4.49
3/8/2007,4.325,4.225,4.225,4.255,4.305,4.385,4.475
3/7/2007,4.3925,4.285,4.295,4.33,4.365,4.4425,4.5125
3/6/2007,4.4175,4.295,4.295,4.3375,4.39,4.45,4.4975
3/5/2007,4.42,4.345,4.345,4.37,4.4,4.465,4.535
3/2/2007,4.425,4.35,4.35,4.41,4.4075,4.48,4.55
3/1/2007,4.4525,4.39,4.395,4.415,4.4575,4.5,4.56
2/28/2007,4.4475,4.415,4.415,4.415,4.48,4.52,4.58
2/27/2007,4.505,4.3925,4.3925,4.4125,4.4225,4.4875,4.52
2/26/2007,4.545,4.435,4.435,4.4625,4.48,4.56,4.6
2/23/2007,4.59,4.5,4.5,4.515,4.555,4.575,4.655
2/22/2007,4.575,4.475,4.475,4.49,4.5475,4.5725,4.6575
2/21/2007,4.6,4.465,4.475,4.5,4.525,4.57,4.625
2/20/2007,4.6,4.47,4.47,4.515,4.545,4.565,4.575
2/19/2007,4.6275,4.49,4.49,4.565,4.565,4.57,4.5775
2/16/2007,4.6275,4.49,4.49,4.565,4.565,4.57,4.5775
2/15/2007,4.655,4.535,4.53,4.56,4.5875,4.64,4.69
2/14/2007,4.695,4.575,4.575,4.615,4.65,4.71,4.76
2/13/2007,4.68,4.565,4.565,4.62,4.63,4.685,4.735
2/12/2007,4.68,4.555,4.565,4.59,4.62,4.6775,4.7375
2/9/2007,4.675,4.565,4.565,4.585,4.61,4.6675,4.74
2/8/2007,4.705,4.57,4.57,4.615,4.65,4.715,4.755
2/7/2007,4.7725,4.62,4.62,4.6425,4.6725,4.7475,4.7875
2/6/2007,4.765,4.58,4.57,4.6025,4.64,4.72,4.745
2/5/2007,4.725,4.5525,4.575,4.6025,4.645,4.71,4.75
2/2/2007,4.735,4.565,4.575,4.575,4.615,4.7,4.7425
2/1/2007,4.725,4.555,4.555,4.57,4.595,4.6725,4.7425
1/31/2007,4.8,4.61,4.61,4.62,4.645,4.7025,4.7875
1/30/2007,4.77,4.625,4.635,4.66,4.68,4.71,4.795
1/29/2007,4.78,4.665,4.665,4.695,4.72,4.77,4.86
1/26/2007,4.79,4.685,4.685,4.71,4.74,4.815,4.905
1/25/2007,4.785,4.645,4.645,4.68,4.715,4.8,4.9
1/24/2007,4.795,4.645,4.655,4.69,4.725,4.79,4.89
1/23/2007,4.785,4.64,4.675,4.71,4.74,4.82,4.92
1/22/2007,4.785,4.705,4.695,4.72,4.78,4.86,4.96
1/19/2007,4.745,4.62,4.645,4.68,4.715,4.8175,4.94
1/18/2007,4.725,4.63,4.655,4.72,4.75,4.835,4.94
1/17/2007,4.85,4.745,4.765,4.825,4.87,4.94,5.06
1/16/2007,4.975,4.87,4.89,4.94,4.98,5.135,5.23
1/15/2007,5.02,4.91,4.92,4.96,5.04,5.1375,5.2475
1/12/2007,5.025,4.88,4.885,4.94,4.995,5.1,5.205
1/11/2007,5.025,4.89,4.91,4.965,5.01,5.125,5.225
1/10/2007,5.025,4.89,4.91,4.965,5.01,5.1,5.225
1/9/2007,4.975,4.85,4.855,4.9,4.96,5.06,5.195
1/8/2007,4.945,4.845,4.88,4.925,4.97,5.075,5.185
1/5/2007,5.1,4.97,5.01,5.1025,5.1425,5.2525,5.3525
1/4/2007,5.215,5.2,5.22,5.26,5.32,5.42,5.56
1/3/2007,5.175,5.135,5.165,5.18,5.25,5.345,5.48
1/2/2007,5.225,5.185,5.215,5.275,5.315,5.435,5.545
1/1/2007,5.24,5.21,5.255,5.315,5.36,5.47,5.57
12/29/2006,5.24,5.21,5.255,5.315,5.36,5.47,5.57
12/28/2006,5.215,5.22,5.24,5.285,5.345,5.445,5.585
12/27/2006,5.18,5.24,5.15,5.315,5.35,5.465,5.54
12/26/2006,5.15,5.16,5.165,5.24,5.315,5.37,5.425
12/25/2006,5.19,5.085,5.12,5.17,5.2,5.295,5.365
12/22/2006,5.19,5.085,5.12,5.17,5.2,5.295,5.365
12/21/2006,5.225,5.11,5.125,5.2,5.22,5.31,5.37
12/20/2006,5.23,5.13,5.19,5.225,5.28,5.34,5.44
12/19/2006,5.24,5.265,5.28,5.33,5.355,5.45,5.5
12/18/2006,4.985,4.885,4.925,4.96,5,5.065,5.14
12/15/2006,4.985,4.885,4.925,4.96,5,5.065,5.14
12/14/2006,4.985,4.885,4.925,4.96,5,5.065,5.14
12/13/2006,4.97,4.875,4.895,4.955,4.99,5.065,5.14
12/12/2006,4.97,4.875,4.895,4.955,4.99,5.065,5.14
12/11/2006,4.96,4.855,4.89,4.95,4.985,5.065,5.14
12/8/2006,4.96,4.855,4.89,4.95,4.985,5.065,5.14
12/7/2006,4.935,4.845,4.865,4.905,4.945,5.015,5.1
12/6/2006,4.95,4.845,4.88,4.905,4.96,5.015,5.105
