Date,1Y ,2Y,3Y,4Y,5Y,7Y,10Y
7/9/2014,1.075,1.6,2,2.3,2.8,3.1,3.3
7/8/2014,1.075,1.6,2,2.3,2.8,3.1,3.3
7/7/2014,1.075,1.6,2,2.3,2.8,3.1,3.3
7/4/2014,1.075,1.6,2,2.3,2.8,3.1,3.3
7/3/2014,1.075,1.6,2,2.3,2.8,3.1,3.3
7/2/2014,1.075,1.6,2,2.3,2.8,3.1,3.3
7/1/2014,1.075,1.6,2,2.3,2.8,3.1,3.3
6/30/2014,1.075,1.6,2,2.3,2.8,3.1,3.3
6/27/2014,1.075,1.6,2,2.3,2.8,3.1,3.3
6/26/2014,1.075,1.6,2,2.3,2.8,3.1,3.3
6/25/2014,1.075,1.6,2,2.3,2.8,3.1,3.3
6/24/2014,1.075,1.6,2,2.3,2.8,3.1,3.3
6/23/2014,1.075,1.6,2,2.3,2.8,3.1,3.3
6/20/2014,1.075,1.6,2,2.3,2.8,3.1,3.3
6/19/2014,1.075,1.6,2,2.3,2.8,3.1,3.3
6/18/2014,1.075,1.6,2,2.3,2.8,3.1,3.3
6/17/2014,1.075,1.6,2,2.3,2.8,3.1,3.3
6/16/2014,1.075,1.6,2,2.3,1.5975,3.1,3.3
6/13/2014,1.075,1.6,2,2.3,2.8,3.1,3.3
6/12/2014,1.075,1.6,2,2.3,2.8,3.1,3.3
6/11/2014,1.075,1.6,2,2.3,2.8,3.1,3.3
6/10/2014,1.075,1.6,2,2.3,2.8,3.1,3.3
6/9/2014,1.075,1.6,2,2.3,2.8,3.1,3.3
6/6/2014,1.075,1.6,2,2.3,2.8,3.1,3.3
6/5/2014,1.075,1.6,2,2.3,2.8,3.1,3.3
6/4/2014,1.075,1.6,2,2.3,2.8,3.1,3.3
6/3/2014,1.075,1.6,2,2.3,2.8,3.1,3.3
6/2/2014,1.075,1.6,2,2.3,2.8,3.1,3.3
5/30/2014,1.075,1.6,2,2.3,2.8,3.1,3.3
5/29/2014,1.075,1.6,2,2.3,2.8,3.1,3.3
5/28/2014,1.075,1.6,2,2.3,2.8,3.1,3.3
5/27/2014,1.075,1.6,2,2.3,2.8,3.1,3.3
5/26/2014,1.075,1.6,2,2.3,2.8,3.1,3.3
5/23/2014,1.075,1.6,2,2.3,2.8,3.1,3.3
5/22/2014,1.075,1.6,2,2.3,2.8,3.1,3.3
5/21/2014,1.075,1.6,2,2.3,2.8,3.1,3.3
5/20/2014,1.075,1.6,2,2.3,2.8,3.1,3.3
5/19/2014,1.075,1.6,2,2.3,2.8,3.1,3.3
5/16/2014,1.075,1.6,2,2.3,2.8,3.1,3.3
5/15/2014,1.075,1.6,2,2.3,2.8,3.1,3.3
5/14/2014,1.075,1.6,2,2.3,2.8,3.1,3.3
5/13/2014,1.075,1.6,2,2.3,2.8,3.1,3.3
5/12/2014,1.075,1.6,2,2.3,2.8,3.1,3.3
5/9/2014,1.075,1.6,2,2.3,2.8,3.1,3.3
5/8/2014,1.075,1.6,2,2.3,2.8,3.1,3.3
5/7/2014,1.075,1.6,2,2.3,2.8,3.1,3.3
5/6/2014,1.075,1.6,2,2.3,2.8,3.1,3.3
5/5/2014,1.075,1.6,2,2.3,2.8,3.1,3.3
5/2/2014,1.075,1.6,2,2.3,2.8,3.1,3.3
5/1/2014,1.075,1.6,2,2.3,2.8,3.1,3.3
4/30/2014,1.075,1.6,2,2.3,2.8,3.1,3.3
4/29/2014,1.075,1.6,2,2.3,2.8,3.1,3.3
4/28/2014,1.075,1.6,2,2.3,2.8,3.1,3.3
4/25/2014,1.075,1.6,2,2.3,2.8,3.1,3.3
4/24/2014,1.075,1.6,2,2.3,2.8,3.1,3.3
4/23/2014,1.075,1.6,2,2.3,2.8,3.1,3.3
4/22/2014,1.075,1.6,2,2.3,2.8,3.1,3.3
4/21/2014,1.075,1.6,2,2.3,2.8,3.1,3.3
4/18/2014,1.075,1.6,2,2.3,2.8,3.1,3.3
4/17/2014,1.075,1.6,2,2.3,2.8,3.1,3.3
4/16/2014,1.075,1.6,2,2.3,2.8,3.1,3.3
4/15/2014,1.075,1.6,2,2.3,2.8,3.1,3.3
4/14/2014,1.075,1.6,2,2.3,2.8,3.1,3.3
4/11/2014,1.075,1.6,2,2.3,2.8,3.1,3.3
4/10/2014,1.075,1.6,2,2.3,2.8,3.1,3.3
4/9/2014,1.075,1.6,2,2.3,2.8,3.1,3.3
4/8/2014,1.075,1.6,2,2.3,2.8,3.1,3.3
4/7/2014,1.075,1.6,2,2.3,2.8,3.1,3.3
4/4/2014,1.075,1.6,2,2.3,2.8,3.1,3.3
4/3/2014,1.075,1.6,2,2.3,2.8,3.1,3.3
4/2/2014,1.075,1.6,2,2.3,2.8,3.1,3.3
4/1/2014,1.075,1.6,2,2.3,2.8,3.1,3.3
3/31/2014,1.075,1.6,2,2.3,2.8,3.1,3.3
3/28/2014,1.075,1.6,2,2.3,2.8,3.1,3.3
3/27/2014,1.075,1.6,2,2.3,2.8,3.1,3.3
3/26/2014,1.075,1.6,2,2.3,2.8,3.1,3.3
3/25/2014,1.075,1.6,2,2.3,2.8,3.1,3.3
3/24/2014,1.075,1.6,2,2.65,2.8,3.1,3.3
3/21/2014,1.075,1.6,2,2.3,2.8,3.1,3.3
3/20/2014,1.075,1.6,2,2.3,2.8,3.1,3.3
3/19/2014,1.075,1.6,2,2.3,2.8,3.1,3.3
3/18/2014,1.075,1.6,2,2.3,2.8,3.1,3.3
3/17/2014,1.075,1.6,2,2.3,2.8,3.1,3.3
3/14/2014,1.075,1.6,2,2.3,2.8,3.1,3.3
3/13/2014,1.075,1.6,2,2.3,2.8,3.1,3.3
3/12/2014,1.075,1.6,2,2.3,2.8,3.1,3.3
3/11/2014,1.075,1.6,2,2.3,2.8,3.1,3.3
3/10/2014,1.075,1.75,2.1,2.4,2.9,3.2,3.4
3/7/2014,1.075,1.75,2.1,2.4,2.9,3.2,3.4
3/6/2014,1.075,1.75,2.1,2.4,2.9,3.2,3.4
3/5/2014,1.075,1.75,2.1,2.4,2.9,3.2,3.4
3/4/2014,1.075,1.75,2.1,2.4,2.9,3.2,3.4
3/3/2014,1.075,1.75,2.1,2.4,2.9,3.2,3.4
2/28/2014,1.075,1.75,2.1,2.4,2.9,3.2,3.4
2/27/2014,1.075,1.75,2.1,2.4,2.9,3.2,3.4
2/26/2014,1.1,1.75,2.1,2.4,2.9,3.2,3.4
2/25/2014,1.1,1.75,2.1,2.4,2.8,3.075,3.275
2/24/2014,0.85,1.5,1.925,2.2,2.75,2.95,3.15
2/21/2014,0.85,1.5,1.925,2.2,2.75,2.95,3.15
2/20/2014,0.85,1.5,1.925,2.2,2.75,2.95,3.15
2/19/2014,0.85,1.45,1.9,2.15,2.6,2.85,3.05
2/18/2014,0.65,1.4,1.9,2.1,2.5,2.75,2.95
2/17/2014,0.65,1.4,1.9,2.1,2.5,2.75,2.95
2/14/2014,0.6,1.4,1.925,2,2.45,2.675,2.875
2/13/2014,0.6,1.4,1.95,2.05,2.5,2.775,3
2/12/2014,0.6,1.4,1.95,2,2.45,2.7,2.9
2/11/2014,0.6,1.4,1.95,2,2.45,2.7,2.9
2/10/2014,0.6,1.4,1.975,2,2.45,2.7,2.9
2/7/2014,0.6,1.4,1.95,2,2.45,2.7,2.9
2/6/2014,1.025,1.9,2.75,3.075,3.6,4.1,4.6
2/5/2014,1.025,1.9,2.725,3.05,3.575,4.05,4.6
2/4/2014,1.025,1.9,2.725,3.05,3.575,4.05,4.6
2/3/2014,1,1.85,2.725,3.05,3.55,4.05,4.6
1/31/2014,1,1.825,2.7375,3.04,3.54,4.075,4.6
1/30/2014,1,1.825,2.7375,3.04,3.54,4.075,4.6
1/29/2014,1.025,1.9,2.825,3.2,3.725,4.2,4.65
1/28/2014,1.05,1.925,2.825,3.2,3.725,4.2,4.65
1/27/2014,1.05,1.9,2.85,3.2,3.75,4.2,4.65
1/24/2014,1,1.925,2.8,3.175,3.675,4.175,4.65
1/23/2014,0.9,1.8,2.775,3.125,3.675,4.25,4.45
1/22/2014,0.725,1.675,2.575,2.975,3.425,3.875,4.25
1/21/2014,0.725,1.675,2.575,2.975,3.425,3.875,4.25
1/20/2014,0.7,1.675,2.575,2.975,3.5,3.875,4.25
1/17/2014,0.725,1.65,2.55,2.9625,3.45,3.875,4.25
1/16/2014,0.7,1.675,2.575,2.925,3.45,3.85,4.25
1/15/2014,0.7,1.675,2.55,2.9,3.45,3.825,4.25
1/14/2014,0.7,1.675,2.525,2.9,3.45,3.85,4.25
1/13/2014,0.7,1.675,2.525,2.9,3.45,3.85,4.25
1/10/2014,0.75,1.75,2.55,2.975,3.45,3.875,4.125
1/9/2014,0.75,1.725,2.575,2.975,3.45,3.9,4.125
1/8/2014,0.75,1.725,2.575,2.925,3.475,3.875,4.175
1/7/2014,0.65,1.6,2.55,2.9,3.35,3.875,4.125
1/6/2014,0.65,1.55,2.475,2.8,3.3,3.75,4.025
1/3/2014,0.575,1.55,2.45,2.775,3.225,3.75,4.1
1/2/2014,0.55,1.475,2.375,2.75,3.2,3.725,4.05
1/1/2014,0.5,1.45,2.4,2.55,3.15,3.675,4
12/31/2013,0.5,1.45,2.4,2.55,3.15,3.675,4
12/30/2013,0.5,1.45,2.4,2.55,3.15,3.675,4
12/27/2013,0.5,1.45,2.4,2.55,3.15,3.675,4
12/26/2013,0.425,1.325,2.125,2.525,3.075,3.525,3.925
12/25/2013,0.425,1.3,2.1,2.525,3.05,3.65,4
12/24/2013,0.425,1.3,2.1,2.525,3.05,3.65,4
12/23/2013,0.425,1.3,2.1,2.525,3.05,3.65,4
12/20/2013,0.425,1.3,2.1,2.525,3.05,3.65,4
12/19/2013,0.425,1.35,2.15,2.525,3.075,3.625,3.975
12/18/2013,0.425,1.35,2.15,2.525,3.075,3.625,3.975
12/17/2013,0.4,1.325,2.15,2.525,3.075,3.625,3.975
12/16/2013,0.4,1.275,2.15,2.525,3.075,3.525,3.975
12/13/2013,0.4,1.3,2.15,2.525,3.1,3.525,3.925
12/12/2013,0.4,1.3,2.15,2.525,3.1,3.525,3.925
12/11/2013,0.4,1.275,2.15,2.525,3.125,3.625,3.925
12/10/2013,0.4,1.275,2.175,2.525,3.075,3.625,3.975
12/9/2013,0.4,1.3,2.15,2.525,3.05,3.625,3.925
12/6/2013,0.35,1.275,2.15,2.525,3.075,3.475,3.925
12/5/2013,0.425,1.35,2.225,2.575,3.125,3.675,3.975
12/4/2013,0.45,1.3125,2.2125,2.5875,3.175,3.5125,3.925
12/3/2013,0.625,1.4,2.375,2.575,3.175,3.575,3.95
12/2/2013,0.625,1.4,2.375,2.575,3.15,3.575,3.95
11/29/2013,0.625,1.4,2.375,2.575,3.15,3.475,3.9
11/28/2013,0.625,1.4,2.35,2.625,3.175,3.4,3.9
11/27/2013,0.625,1.4,2.375,2.6,3.15,3.5,3.95
11/26/2013,0.625,1.5,2.45,2.75,3.275,3.55,4.05
11/25/2013,0.65,1.475,2.45,2.75,3.275,3.55,4.05
11/22/2013,0.625,1.5,2.4,2.75,3.3,3.625,4.05
11/21/2013,0.65,1.55,2.5125,2.85,3.325,3.675,4.05
11/20/2013,0.65,1.55,2.55,2.775,3.375,3.65,4.05
11/19/2013,0.65,1.575,2.575,2.8,3.375,3.65,4.05
11/18/2013,0.65,1.575,2.575,2.825,3.35,3.75,4.075
11/15/2013,0.7,1.575,2.575,2.825,3.4,3.775,4.075
11/14/2013,0.7,1.575,2.575,2.875,3.45,3.775,4.075
11/13/2013,0.7,1.55,2.575,2.875,3.45,3.7,4.05
11/12/2013,0.7,1.55,2.55,2.8,3.5,3.7,4.05
11/11/2013,0.675,1.45,2.4,2.825,3.4,3.675,4.05
11/8/2013,0.675,1.45,2.4,2.825,3.4,3.675,4.05
11/7/2013,0.7,1.45,2.425,2.775,3.35,3.675,4.05
11/6/2013,0.65,1.375,2.325,2.675,3.225,3.45,4.05
11/5/2013,0.65,1.375,2.325,2.675,3.225,3.45,4.05
11/4/2013,0.6,1.325,2.325,2.675,3.3,3.55,4.05
11/1/2013,0.6,1.325,2.325,2.675,3.3,3.55,4.05
10/31/2013,0.6,1.325,2.325,2.675,3.3,3.55,4.05
10/30/2013,0.6,1.325,2.325,2.675,3.3,3.55,4.05
10/29/2013,0.6,1.325,2.325,2.675,3.3,3.55,4.05
10/28/2013,0.6,1.325,2.275,2.75,3.225,3.425,4.05
10/25/2013,0.6,1.325,2.275,2.75,3.225,3.425,4.05
10/24/2013,0.675,1.475,2.3,2.8,3.225,3.425,4.1
10/23/2013,0.825,1.475,2.35,2.825,3.3,3.475,4.1
10/22/2013,0.825,1.625,2.6,2.925,3.4,3.575,4.2
10/21/2013,0.85,0.86,2.625,2.975,3.4,3.65,4.2
10/18/2013,0.8,1.725,2.625,2.975,3.4125,3.65,4.2
10/17/2013,0.9,1.825,2.675,3,3.4625,3.7,4.2
10/16/2013,0.9,1.825,2.675,3,3.45,3.7,4.2
10/15/2013,0.9,1.825,2.675,3,3.45,3.725,4.2
10/14/2013,0.9,1.825,2.675,3,3.45,3.725,4.2
10/11/2013,0.95,1.825,2.625,3,3.425,3.725,4.2
10/10/2013,0.975,1.8,2.675,3,3.45,3.725,4.2
10/9/2013,0.95,1.8,2.65,3,3.45,3.8,4.2
10/8/2013,0.95,1.8,2.675,2.925,3.425,3.75,4.2
10/7/2013,0.975,1.8,2.675,2.925,3.4,3.8,4.3
10/4/2013,0.95,1.8,2.675,2.95,3.35,3.675,4.1
10/3/2013,0.95,1.8,2.65,2.975,3.35,3.675,4.1
10/2/2013,0.95,1.9,2.8,3.025,3.475,3.65,4.1
10/1/2013,0.95,1.9,2.8,3.025,3.475,3.7,4.1
9/30/2013,0.95,1.9,2.8,3.025,3.475,3.7,4.1
9/27/2013,0.95,1.9,2.8,3.025,3.475,3.7,4.1
9/26/2013,0.95,1.9,2.8,3.025,3.45,3.75,4.1
9/25/2013,0.875,1.9,2.8,3,3.375,3.8,4
9/24/2013,0.825,1.875,2.75,2.9,3.225,3.475,3.575
9/23/2013,0.825,1.85,2.625,2.925,3.175,3.475,3.625
9/20/2013,0.7,1.7,2.6,2.85,3.15,3.5,3.7
9/19/2013,0.7,1.725,2.65,2.775,3.175,3.525,3.7
9/18/2013,0.9,2,2.825,3.15,3.375,3.55,4.1
9/17/2013,1.05,2.1,2.875,3.15,3.4,3.65,4.075
9/16/2013,0.975,2.2,2.95,3.275,3.45,3.6,4.025
9/13/2013,1.025,2.3,2.975,3.2,3.35,3.575,4.2
9/12/2013,1.1,2.3,2.975,3.225,3.4,3.65,4.3
9/11/2013,1.225,2.5,3.1,3.225,3.45,3.725,4.15
9/10/2013,1.35,2.475,3.375,3.625,3.8,4.1,4.3
9/9/2013,1.4,2.7,3.375,3.625,3.8,4.1,4.4
9/6/2013,1.35,2.525,3.225,3.625,3.575,3.825,4
9/5/2013,1.275,2.3,2.9,3.25,3.4125,3.55,3.85
9/4/2013,1.225,2.175,2.8,3.15,3.375,3.525,3.75
9/3/2013,1.15,2.075,2.7,3.025,3.225,3.375,3.65
9/2/2013,1.175,2.05,2.7,3.025,3.225,3.375,3.65
8/30/2013,1.125,2.1,2.7,3.025,3.175,3.375,3.65
8/29/2013,1.125,2.1,2.7,3.05,3.175,3.375,3.65
8/28/2013,1.125,2.1,2.7,3.05,3.2,3.325,3.625
8/27/2013,1.075,2.0375,2.675,3.025,3.175,3.275,3.625
8/26/2013,1.15,2.025,2.65,2.875,3.125,3.225,3.625
8/23/2013,1.15,2.025,2.65,2.875,3.125,3.225,3.625
8/22/2013,1.15,1.95,2.6,2.8,3,3.15,3.625
8/21/2013,1.1,1.925,2.575,2.7,2.95,3.1,3.525
8/20/2013,1.1,1.925,2.575,2.7,2.95,3.1,3.525
8/19/2013,1.1,1.925,2.575,2.7,2.95,3.1,3.525
8/16/2013,1.1,1.925,2.575,2.7,2.95,3.1,3.525
8/15/2013,1.1,1.95,2.6,2.725,2.925,3.0625,3.55
8/14/2013,1.1,1.95,2.6,2.7,2.95,3.1125,3.625
8/13/2013,1.175,1.95,2.575,2.725,2.95,3.125,3.625
8/12/2013,1.15,1.925,2.65,2.75,2.95,3.3,3.625
8/9/2013,1.175,2,2.75,2.95,3.1375,3.3,3.7
8/8/2013,1.175,2,2.75,2.95,3.1375,3.3,3.7
8/7/2013,1.175,2,2.75,2.95,3.1375,3.275,3.7
8/6/2013,1.2,2.025,2.775,3,3.15,3.3,3.825
8/5/2013,1.175,2.05,2.825,3,3.175,3.35,3.825
8/2/2013,1.225,2.05,2.85,3.05,3.175,3.35,3.825
8/1/2013,1.1,1.9,2.525,2.725,2.925,3.025,3.5
7/31/2013,1.2,1.95,2.6,2.65,2.925,3.15,3.425
7/30/2013,1.25,2.15,2.875,3.1,3.275,3.3,4.25
7/29/2013,1.35,2.25,3,3.225,3.45,3.6,3.95
7/26/2013,1.3,2.3,3.025,3.275,3.475,3.625,4.075
7/25/2013,1.25,2.3,3.075,3.275,3.525,3.625,4.1
7/24/2013,1.25,2.3,3.075,3.325,3.525,3.675,4.1
7/23/2013,1.25,2.325,3.1,3.3,3.55,3.675,4.15
7/22/2013,1.25,2.35,3.1,3.475,3.725,4.075,4.525
7/19/2013,1.25,2.375,3.1,3.5,3.725,4.075,4.55
7/18/2013,1.275,2.4,3.1625,3.5,3.775,4.125,4.7
7/17/2013,1.375,2.45,3.225,3.575,3.85,4.15,4.7
7/16/2013,1.375,2.475,3.25,3.675,3.85,4.2,4.7
7/15/2013,1.425,2.525,3.3,3.65,3.875,4.2,4.7
7/12/2013,1.425,2.525,3.3,3.65,3.875,4.2,4.7
7/11/2013,1.425,2.525,3.3,3.65,3.875,4.2,4.7
7/10/2013,1.8,2.925,3.6,3.925,4,4.3,4.775
7/9/2013,1.825,2.975,3.6,3.8625,4.075,4.25,4.775
7/8/2013,1.85,2.825,3.525,3.8,3.9,4.225,4.55
7/5/2013,1.85,2.825,3.525,3.8,3.875,4.225,4.55
7/4/2013,1.85,2.825,3.35,3.7,3.8,4.3,4.725
7/3/2013,1.675,2.775,3.2,3.5,3.775,4.3,4.725
7/2/2013,1.675,2.775,3.2,3.5,3.775,4.3,4.725
7/1/2013,1.775,2.9,3.25,3.725,3.925,4.3,4.725
6/28/2013,1.7,2.9,3.25,3.725,3.925,4.3,4.725
6/27/2013,1.65,2.9,3.3,3.725,3.925,4.3,4.725
6/26/2013,2.25,3.125,3.35,3.775,3.925,4.3,4.725
6/25/2013,2.25,3.125,3.35,3.775,3.925,4.3,4.725
6/24/2013,2.2,2.875,3.175,3.6,3.85,4.2,4.675
6/21/2013,1.75,2.275,2.6,3.1,3.275,3.6,4
6/20/2013,1.75,2.275,2.6,3.1,3.275,3.6,4
6/19/2013,1.7,2.16,2.4,2.95,3.2,3.35,4
6/18/2013,1.7,2.16,2.4,2.95,3.2,3.35,3.75
6/17/2013,1.7,2.15,2.4,2.875,3.1625,3.375,3.8
6/14/2013,1.75,2.15,2.4,2.9,3.2125,3.5,4
6/13/2013,1.75,2.175,2.4,2.95,3.2,3.4,3.8
6/12/2013,1.775,2.2,2.375,2.95,3.2,3.35,3.8
6/11/2013,1.775,2.2,2.375,2.95,3.2,3.35,3.8
6/10/2013,1.425,1.725,2.05,2.55,2.775,2.85,3.4
6/7/2013,1.4,1.775,2.05,2.575,2.775,2.85,3.4
6/6/2013,1.4,1.75,2,2.575,2.75,2.9,3.4
6/5/2013,1.4,1.775,2.05,2.5375,2.725,2.85,3.4
6/4/2013,1.4,1.75,2,2.5,2.75,2.825,3.4
6/3/2013,1.35,1.75,1.95,2.5,2.75,2.825,3.4
5/31/2013,1.35,1.75,1.95,2.5,2.75,2.825,3.4
5/30/2013,1.5,1.775,2,2.5,2.7,2.85,3.4
5/29/2013,1.65,1.875,2.125,2.525,2.675,2.9,3.4
5/28/2013,1.4,1.55,1.85,2.175,2.35,2.725,3.25
5/27/2013,1.35,1.525,1.85,2.075,2.325,2.775,3.275
5/24/2013,1.35,1.525,1.85,2.075,2.325,2.775,3.275
5/23/2013,1.35,1.475,1.85,1.975,2.3,2.725,3.25
5/22/2013,0.8,1,1.6,1.8375,2.0625,2.525,2.9
5/21/2013,1.275,1.425,1.8,2.025,2.2875,2.775,3.25
5/20/2013,1.3,1.425,1.825,2.05,2.2875,2.8,3.15
5/17/2013,1.25,1.4,1.825,2.025,2.275,2.8,3.1
5/16/2013,1.25,1.375,1.825,2,2.275,2.7625,3.55
5/15/2013,1.25,1.425,1.825,2,2.275,2.75,2.95
5/14/2013,1.25,1.425,1.775,2,2.275,2.75,2.975
5/13/2013,1.25,1.425,1.8,2,2.25,2.65,2.975
5/10/2013,1.25,1.425,1.8,2,2.25,2.65,2.975
5/9/2013,1.275,1.425,1.8,2,2.25,2.65,2.975
5/8/2013,1.275,1.425,1.8,2,2.25,2.65,2.975
5/7/2013,1.225,1.375,1.8,2,2.25,2.675,2.975
5/6/2013,1.2,1.325,1.8,2,2.25,2.65,2.975
5/3/2013,1.3,1.4,1.8,2,2.225,2.675,2.975
5/2/2013,1,1.3,1.725,1.95,2.2,2.65,2.95
5/1/2013,1,1.3,1.725,1.95,2.2,2.65,2.95
4/30/2013,1,1.3,1.725,1.95,2.2,2.65,2.95
4/29/2013,0.975,1.3,1.75,1.975,2.175,2.65,2.95
4/26/2013,0.975,1.3,1.75,1.975,2.175,2.65,2.95
4/25/2013,0.975,1.3,1.75,1.975,2.175,2.65,2.95
4/24/2013,0.975,1.3,1.75,1.975,2.175,2.65,2.95
4/23/2013,0.975,1.3,1.75,1.975,2.175,2.65,2.95
4/22/2013,0.975,1.3,1.75,1.975,2.175,2.65,2.95
4/19/2013,0.975,1.3,1.75,1.975,2.175,2.65,2.95
4/18/2013,0.975,1.3,1.75,1.975,2.175,2.65,2.95
4/17/2013,0.975,1.3,1.75,1.975,2.175,2.65,2.95
4/16/2013,1.025,1.275,1.75,1.975,2.2,2.7125,2.95
4/15/2013,1.05,1.25,2.2,1.975,2.1875,2.6875,2.4
4/12/2013,1.05,1.25,1.7,1.975,2.1875,2.6875,2.75
4/11/2013,0.875,1.15,1.6,1.8875,2.125,2.6625,2.75
4/10/2013,0.85,1,1.575,1.85,2.1,2.55,2.75
4/9/2013,0.875,1,1.575,1.85,2.1,2.5625,2.75
4/8/2013,0.875,1,1.575,1.85,2.1,2.5625,2.75
4/5/2013,0.8,1,1.6,1.8375,2.075,2.525,2.9
4/4/2013,0.8,1,1.6,1.8375,2.0625,2.525,2.9
4/3/2013,0.8,0.95,1.575,1.775,2.0275,2.675,2.9
4/2/2013,0.775,1,1.6125,1.825,2.0275,2.65,2.75
4/1/2013,0.725,0.925,1.5,1.775,2.05,2.6,2.75
3/29/2013,0.825,0.95,1.525,1.775,2,2.5625,2.65
3/28/2013,0.825,0.95,1.525,1.775,2,2.5625,2.65
3/27/2013,0.825,0.95,1.525,1.775,2,2.5625,2.65
3/26/2013,0.825,0.95,1.5,1.75,2.0125,2.55,2.65
3/25/2013,0.825,0.975,1.475,1.75,1.9625,2.55,2.65
3/22/2013,0.825,0.975,1.4875,1.725,1.95,2.5375,2.65
3/21/2013,0.875,1,1.475,1.775,1.9725,2.6875,2.75
3/20/2013,0.9,1.025,1.5,1.8,1.975,2.65,2.75
3/19/2013,0.875,1,1.5,1.75,1.975,2.575,2.75
3/18/2013,0.875,1.025,1.5,1.75,1.95,2.575,2.4
3/15/2013,0.8,0.975,1.475,1.775,1.975,2.575,2.55
3/14/2013,0.8,0.975,1.55,1.85,2.05,2.3,2.85
3/13/2013,0.85,1.025,1.5,1.8,1.9675,2.3,2.7
3/12/2013,0.85,1.025,1.525,1.8,2.025,2.3,2.7
3/11/2013,0.85,1,1.5,1.7875,2.0125,2.35,2.7
3/8/2013,0.85,0.975,1.425,1.75,1.95,2.3,2.7
3/7/2013,0.85,0.975,1.425,1.75,1.95,2.3,2.7
3/6/2013,0.825,0.925,1.425,1.675,1.85,2.3,2.7
3/5/2013,0.8,0.975,1.425,1.6875,1.925,2.25,2.7
3/4/2013,0.8,1.025,1.3875,1.7,1.8875,2.25,2.7
3/1/2013,0.825,0.975,1.35,1.6625,1.8625,2.2,2.7
2/28/2013,0.825,1,1.35,1.6625,1.8625,2.2,2.7
2/27/2013,0.85,0.975,1.3,1.65,1.825,2.2,2.65
2/26/2013,0.85,0.975,1.3075,1.625,2.05,2.2,2.7
2/25/2013,0.85,0.975,1.3075,1.625,2.05,2.2,2.7
2/22/2013,0.775,0.95,1.275,1.6125,1.7625,2.2,2.7
2/21/2013,0.775,0.95,1.275,1.6125,1.7625,2.2,2.7
2/20/2013,0.75,0.95,1.25,1.575,1.75,2.15,2.7
2/19/2013,0.75,0.95,1.25,1.55,1.725,2.15,2.7
2/18/2013,0.75,0.965,1.275,1.575,1.725,2.15,2.7
2/15/2013,0.825,0.975,1.275,1.575,1.75,2.25,2.7
2/14/2013,0.8,0.975,0.825,1.575,1.75,2.35,2.775
2/13/2013,0.85,1.125,1.575,1.85,2,2.475,2.95
2/12/2013,0.975,1.25,1.7,2.025,2.175,2.625,3.025
2/11/2013,0.925,1.2125,1.725,2,2.2,2.625,3.025
2/8/2013,0.925,1.225,1.725,1.975,2.2,2.6,3
2/7/2013,0.925,1.225,1.55,1.9,2.125,2.225,2.825
2/6/2013,0.925,1.225,1.55,1.9,2.125,2.225,2.825
2/5/2013,0.85,1.1,1.45,1.75,1.95,2.175,2.825
2/4/2013,0.85,1.1,1.45,1.75,1.95,2.175,2.825
2/1/2013,0.875,1.075,1.4125,1.7,1.9125,2.175,2.825
1/31/2013,0.825,1.075,1.4,1.725,1.8375,2.175,2.75
1/30/2013,0.825,1.075,1.4,1.725,1.8375,2.175,2.75
1/29/2013,0.875,1.1,1.375,1.675,1.825,2.175,2.75
1/28/2013,0.725,0.925,1.2,1.5,1.65,2,2.75
1/25/2013,0.725,0.925,1.2,1.5,1.665,2,2.75
1/24/2013,0.725,0.925,1.25,1.55,1.7,2.2,2.75
1/23/2013,0.7,0.95,1.275,1.6,1.725,2.2,2.75
1/22/2013,0.725,0.95,1.225,1.575,1.75,2.15,2.75
1/21/2013,0.55,0.75,0.9875,1.3125,1.525,1.975,2.675
1/18/2013,0.575,0.75,0.975,1.3125,1.525,1.975,2.675
1/17/2013,0.575,0.775,0.975,1.3,1.525,1.975,2.675
1/16/2013,0.575,0.775,1.05,1.35,1.525,1.975,2.675
1/15/2013,0.575,0.775,1.05,1.325,1.525,1.975,2.675
1/14/2013,0.575,0.8,1.1,1.325,1.5,1.95,2.875
1/11/2013,0.625,0.9,1.15,1.35,1.4875,1.975,2.6
1/10/2013,0.65,0.975,1.125,1.375,1.5125,1.975,2.675
1/9/2013,0.775,1.1,1.225,1.4,1.55,1.975,2.75
1/8/2013,0.85,1.2025,1.325,1.525,1.575,2.125,2.75
1/7/2013,0.9,1.215,1.4125,1.5,1.65,2.1,2.55
1/4/2013,0.9,1.2125,1.35,1.45,1.6,1.925,2.65
1/3/2013,0.8,1.2,1.325,1.425,1.6,1.85,2.65
1/2/2013,0.825,1.2375,1.3375,1.45,1.6,1.875,2.55
1/1/2013,0.9,1.25,1.3125,1.375,1.55,1.6,2.05
12/31/2012,0.9,1.25,1.3125,1.375,1.55,1.6,2.05
12/28/2012,0.9,1.25,1.3125,1.375,1.55,1.6,2.05
12/27/2012,1,1.2125,1.325,1.425,1.575,1.825,2.6
12/26/2012,0.975,1.1625,1.2625,1.3375,1.5125,1.775,2.55
12/25/2012,0.975,1.1625,1.2375,1.3375,1.5375,1.775,2.55
12/24/2012,0.975,1.1625,1.2375,1.3375,1.5375,1.775,2.55
12/21/2012,0.975,1.1625,1.2375,1.3375,1.5375,1.775,2.55
12/20/2012,0.975,1.25,1.35,1.45,1.575,1.85,2.5
12/19/2012,0.975,1.175,1.275,1.375,1.5,1.875,2.5
12/18/2012,1.025,1.175,1.275,1.3875,1.525,1.675,2.9
12/17/2012,0.625,0.8,0.875,1.025,1.25,1.7,2.6
12/14/2012,0.7,0.85,0.9,0.975,1.2,1.45,3
12/13/2012,0.375,0.725,0.775,0.875,1.15,1.425,2.45
12/12/2012,0.625,0.775,0.875,1.025,1.25,1.55,2.7
12/11/2012,0.675,0.85,0.95,1.2,1.425,1.675,2.7
12/10/2012,0.825,1,1.05,1.3,1.575,2,2.9
12/7/2012,0.775,1,1.05,1.3,1.575,2,2.9
12/6/2012,0.825,1.075,1.075,1.3,1.55,2,2.9
12/5/2012,0.8,1.05,1.05,1.3,1.625,2.125,2.9
12/4/2012,0.8,1.025,1.05,1.3,1.625,2.125,2.9
12/3/2012,0.8,0.9875,1.0375,1.3,1.6,2.125,2.9
11/30/2012,0.925,1.0125,1.025,1.325,1.625,2.075,2.9
11/29/2012,0.925,1.0125,1.025,1.325,1.625,2.075,2.9
11/28/2012,0.875,1.1,1.125,1.375,1.65,2.15,3.05
11/27/2012,1,1.15,1.175,1.375,1.675,2.15,3.05
11/26/2012,1.1,1.15,1.15,1.375,1.675,2.15,3.05
11/23/2012,1.15,1.15,1.25,1.375,1.625,2.2,3
11/22/2012,1.3,1.475,1.475,1.6,1.925,2.425,3.65
11/21/2012,1.3,1.45,1.6,1.725,2.075,2.65,3.85
11/20/2012,1.3,1.49,1.625,1.775,2.05,2.65,3.85
11/19/2012,1.3,1.49,1.6,1.725,2.075,2.65,3.85
11/16/2012,1.3,1.5,1.6,1.725,2.05,2.65,3.85
11/15/2012,1.3,1.5,1.625,1.775,2.075,2.65,3.85
11/14/2012,1.3,1.49,1.6,1.775,2.075,2.65,3.85
11/13/2012,1.3,1.49,1.6,1.8,2.075,2.65,3.85
11/12/2012,1.3,1.49,1.6,1.775,2.1,2.65,3.85
11/9/2012,1.25,1.45,1.625,1.775,2.075,2.65,3.85
11/8/2012,1.3,1.475,1.575,1.8,2.075,2.65,3.85
11/7/2012,1.3,1.475,1.575,1.8,2.1,2.65,3.85
11/6/2012,1.3,1.55,1.725,1.875,2.125,2.65,3.85
11/5/2012,1.325,1.55,1.725,1.875,2.125,2.65,3.85
11/2/2012,1.325,1.45,1.625,1.775,2.125,2.65,3.85
11/1/2012,1.325,1.45,1.625,1.775,2.125,2.65,3.85
10/31/2012,1.325,1.45,1.625,1.775,2.125,2.65,3.85
10/30/2012,1.325,1.45,1.625,1.775,2.125,2.65,3.85
10/29/2012,1.325,1.45,1.625,1.775,2.125,2.65,3.85
10/26/2012,1.275,1.5,1.7,1.9,2.15,2.7,3.85
10/25/2012,1.275,1.5,1.7,1.9,2.15,2.7,3.85
10/24/2012,1.275,1.5,1.7,1.9,2.15,2.7,3.85
10/23/2012,1.275,1.5,1.7,1.9,2.15,2.7,3.85
10/22/2012,1.275,1.4,1.75,1.9,2.15,2.7,3.85
10/19/2012,1.275,1.4,1.65,1.75,2.15,2.7,3.85
10/18/2012,1.275,1.45,1.65,1.75,2.15,2.7,3.85
10/17/2012,1.275,1.45,1.65,1.75,2.15,2.7,3.9
10/16/2012,1.6,1.725,1.9,2.025,2.3,3,3.95
10/15/2012,1.6,1.725,1.9,2.025,2.3,3,3.95
10/12/2012,1.6,1.725,1.9,2.025,2.3,3,3.95
10/11/2012,1.625,1.725,1.9,2.05,2.3,3,3.95
10/10/2012,1.65,1.725,1.9,2.05,2.3,3.425,4.15
10/9/2012,1.65,1.7,1.95,2.05,2.275,3.5,4.25
10/8/2012,1.7,1.9,2.05,2.15,2.375,3.5,4.25
10/5/2012,1.7,1.9,2.1,2.175,2.375,3.475,4.25
10/4/2012,1.7,1.9,2.1,2.175,2.375,3.475,4.25
10/3/2012,1.7,1.9,2.1,2.175,2.375,3.475,4.25
10/2/2012,1.7,1.9,2.1,2.175,2.375,3.475,4.25
10/1/2012,1.7,1.9,2.1,2.175,2.375,3.475,4.25
9/28/2012,1.7,1.9,2.1,2.175,2.375,3.475,4.25
9/27/2012,1.7,1.9,2.1,2.175,2.375,3.475,4.25
9/26/2012,1.7,1.9,2.1,2.175,2.375,3.475,4.25
9/25/2012,1.7,1.9,2.1,2.175,2.375,3.475,4.25
9/24/2012,1.7,1.9,2.1,2.175,2.375,3.475,4.25
9/21/2012,1.65,1.825,2.05,2.15,2.375,3.475,4.25
9/20/2012,1.65,1.825,2.05,2.15,2.375,3.475,4.25
9/19/2012,1.625,1.825,2.025,2.15,2.375,3.525,4.25
9/18/2012,1.55,1.85,2.125,2.175,2.45,3.625,4.25
9/17/2012,1.675,1.975,2.15,2.2,2.45,3.625,4.25
9/14/2012,1.725,2,2.15,2.2125,2.5,3.65,4.25
9/13/2012,1.95,2.075,2.2,2.275,2.5,3.65,4.25
9/12/2012,1.95,2.075,2.15,2.2375,2.5,3.65,4.25
9/11/2012,2.15,2.25,2.275,2.4,2.6625,3.725,4.35
9/10/2012,2.1,2.25,2.275,2.4,2.675,3.725,4.35
9/7/2012,2.125,2.25,2.275,2.375,2.65,3.725,4.35
9/6/2012,2.2,2.25,2.275,2.4,2.675,3.725,4.35
9/5/2012,2.15,2.25,2.275,2.4,2.675,3.725,4.35
9/4/2012,2.15,2.25,2.275,2.4,2.7,3.725,4.35
9/3/2012,2.2125,2.275,2.3,2.4,2.7,3.725,4.35
8/31/2012,2.15,2.25,2.275,2.425,2.7,3.725,4.35
8/30/2012,2.175,2.275,2.3,2.45,2.7,3.725,4.35
8/29/2012,2.2,2.275,2.3,2.45,2.675,3.725,4.35
8/28/2012,2.225,2.275,2.325,2.475,2.7155,3.725,4.35
8/27/2012,2.2,2.275,2.3,2.45,2.7,3.725,4.35
8/24/2012,2.2,2.275,2.3,2.45,2.7,3.725,4.35
8/23/2012,2.2,2.28,2.3,2.5,2.7,3.725,4.35
8/22/2012,2.225,2.275,2.3,2.5,2.7,3.725,4.35
8/21/2012,2.1375,2.275,2.325,2.475,2.675,3.725,4.35
8/20/2012,2.1375,2.275,2.325,2.475,2.675,3.725,4.35
8/17/2012,2.1375,2.275,2.325,2.475,2.675,3.725,4.35
8/16/2012,2.225,2.3,2.35,2.475,2.675,3.725,4.35
8/15/2012,2.15,2.2875,2.35,2.475,2.675,3.725,4.35
8/14/2012,2.05,2.25,2.3,2.475,2.675,3.725,4.35
8/13/2012,2.15,2.3,2.375,2.5,2.675,3.725,4.35
8/10/2012,2,2.25,2.3,2.475,2.65,3.7,4.325
8/9/2012,2.15,2.35,2.4,2.5,2.7125,3.725,4.375
8/8/2012,2.3,2.375,2.45,2.55,2.7165,3.725,4.375
8/7/2012,2.3,2.375,2.45,2.55,2.7125,3.725,4.375
8/6/2012,2.3,2.375,2.45,2.55,2.7125,3.725,4.375
8/3/2012,2.3,2.375,2.45,2.55,2.7125,3.725,4.375
8/2/2012,2.325,2.4,2.45,2.55,2.725,3.725,4.375
8/1/2012,2.325,2.4,2.45,2.5625,2.7375,3.725,4.375
7/31/2012,2.3,2.375,2.45,2.55,2.7125,3.725,4.375
7/30/2012,2.4,2.475,2.525,2.6,2.775,3.725,4.375
7/27/2012,2.375,2.475,2.49,2.65,2.775,3.725,4.375
7/26/2012,2.375,2.525,2.55,2.65,2.775,3.725,4.375
7/25/2012,2.375,2.475,2.55,2.6,2.775,3.725,4.375
7/24/2012,2.375,2.475,2.525,2.625,2.775,3.725,4.375
7/23/2012,2.4,2.475,2.525,2.6125,2.775,3.725,4.375
7/20/2012,2.5125,2.55,2.55,2.65,2.775,3.725,4.375
7/19/2012,2.525,2.55,2.55,2.7,2.8,3.675,4.375
7/18/2012,2.475,2.475,2.475,2.6,2.75,3.675,4.375
7/17/2012,2.4,2.475,2.5,2.575,2.75,3.65,4.35
7/16/2012,2.575,2.575,2.575,2.625,2.8,3.75,4.45
7/13/2012,2.85,2.85,2.85,2.9,3.0375,3.9,4.55
7/12/2012,2.9125,2.9125,2.9125,2.9625,3.075,3.9,4.55
7/11/2012,2.9125,2.9125,2.9125,2.975,3.075,3.9,4.55
7/10/2012,2.95,2.95,2.95,3,3.1,3.9,4.55
7/9/2012,2.975,2.975,2.975,3,3.1,3.9,4.55
7/6/2012,3,3,3,3.0125,3.1,3.9,4.55
7/5/2012,2.925,2.925,2.925,2.975,3.0375,3.9,4.55
7/4/2012,2.9125,2.9125,2.9125,2.975,3.0875,3.95,4.6
7/3/2012,3.0375,3.05,3.0625,3.075,3.1575,3.95,4.6
7/2/2012,3.025,3.0375,3.0375,3.075,3.1375,3.95,4.6
6/29/2012,3.075,3.0625,3.0625,3.075,3.15,4,4.6
6/28/2012,3.0875,3.0875,3.0875,3.1,3.1875,4,4.85
6/27/2012,3.0875,3.0875,3.0875,3.1,3.1875,4,4.85
6/26/2012,3.0875,3.075,3.0875,3.1,3.1875,4,5
6/25/2012,3.075,3.075,3.075,3.0875,3.1875,3.95,5
6/22/2012,3.075,3.075,3.075,3.0875,3.1875,4.275,5.175
6/21/2012,3.075,3.075,3.075,3.0875,3.1875,4.275,5.175
6/20/2012,3.075,3.075,3.075,3.075,3.1625,4.275,5.175
6/19/2012,3.0375,3.0375,3.05,3.075,3.1625,4.275,5.175
6/18/2012,3.05,2.9875,3.0375,3.0875,3.1875,4.275,5.175
6/15/2012,3.075,3.0625,3.0875,3.1,3.2,4.275,5.175
6/14/2012,3.0625,3.0625,3.0875,3.1,3.2,4.275,5.175
6/13/2012,3.075,3.075,3.0875,3.1,3.2,4.275,5.175
6/12/2012,3.0625,3.075,3.075,3.1,3.2,4.275,5.175
6/11/2012,3.0625,3.075,3.075,3.1,3.2,4.275,5.175
6/8/2012,3.075,3.075,3.075,3.1,3.2,4.275,5.175
6/7/2012,3.075,3.0625,3.0625,3.1,3.2,4.275,5.175
6/6/2012,3.075,3.0875,3.0875,3.1125,3.2,4.275,5.175
6/5/2012,3.075,3.075,3.075,3.1,3.2,4.275,5.175
6/4/2012,3.075,3.0875,3.0875,3.125,3.2125,4.275,5.175
6/1/2012,3.075,3.0875,3.0875,3.125,3.2125,4.275,5.175
5/31/2012,3.05,3.0625,3.0625,3.1125,3.2,4.275,5.175
5/30/2012,3.1,3.0875,3.1,3.1375,3.2125,4.275,5.175
5/29/2012,3.1,3.1,3.1,3.1375,3.225,4.275,5.175
5/28/2012,3.1,3.0875,3.1,3.1375,3.225,4.275,5.175
5/25/2012,3.0875,3.1,3.1,3.1475,3.225,4.275,5.175
5/24/2012,3.0875,3.1,3.1125,3.1475,3.225,4.275,5.175
5/23/2012,3.075,3.0875,3.1125,3.1375,3.225,4.275,5.175
5/22/2012,3.05,3.075,3.0875,3.1375,3.225,4.275,5.175
5/21/2012,3.1,3.1,3.125,3.1625,3.2125,4.275,5.175
5/18/2012,3.125,3.125,3.15,3.1625,3.2375,4.275,5.175
5/17/2012,3.0625,3.0875,3.1,3.15,3.225,4.275,5.175
5/16/2012,3.0625,3.0875,3.1,3.15,3.2125,4.275,5.175
5/15/2012,3.0875,3.1,3.1,3.1375,3.2,4.275,5.175
5/14/2012,3.0875,3.0875,3.1,3.1375,3.2125,4.275,5.175
5/11/2012,3.0875,3.0875,3.1,3.1375,3.2,4.275,5.175
5/10/2012,3.0875,3.0875,3.1,3.1375,3.2,4.275,5.175
5/9/2012,3.1125,3.1125,3.1125,3.15,3.225,4.275,5.175
5/8/2012,3.1,3.1,3.1,3.15,3.2125,4.275,5.175
5/7/2012,3.1125,3.1125,3.1125,3.15,3.2125,4.275,5.175
5/4/2012,3.0875,3.0875,3.0875,3.1375,3.2125,4.275,5.175
5/3/2012,3.1,3.1,3.1,3.15,3.2125,4.275,5.175
5/2/2012,3.1375,3.0875,3.0875,3.125,3.2125,4.275,5.175
5/1/2012,3.1375,3.1375,3.15,3.1875,3.2625,4.275,5.175
4/30/2012,3.1375,3.1375,3.15,3.1875,3.2625,4.275,5.175
4/27/2012,3.125,3.125,3.1375,3.175,3.2375,4.275,5.175
4/26/2012,3.1625,3.1625,3.1625,3.2,3.2625,4.275,5.175
4/25/2012,3.1625,3.1625,3.1625,3.2,3.2625,4.275,5.175
4/24/2012,3.1625,3.1625,3.1625,3.2,3.2625,4.275,5.175
4/23/2012,3.1625,3.1625,3.1625,3.2,3.2625,4.275,5.175
4/20/2012,3.1625,3.1625,3.1625,3.2,3.2625,4.275,5.175
4/19/2012,3.1625,3.1625,3.1625,3.2125,3.275,4.275,5.175
4/18/2012,3.1625,3.1625,3.1625,3.2125,3.275,4.275,5.175
4/17/2012,3.1625,3.1625,3.1625,3.2125,3.275,4.275,5.175
4/16/2012,3.1375,3.175,3.175,3.235,3.3,4.25,5.15
4/13/2012,3.125,3.15,3.15,3.2,3.25,4.25,5.15
4/12/2012,3.1375,3.1375,3.1375,3.175,3.2375,4.225,5.125
4/11/2012,3.1375,3.1375,3.1375,3.175,3.225,4.2,5.1
4/10/2012,3.125,3.1125,3.1125,3.109,3.1875,4.2,5.1
4/9/2012,3.125,3.1,3.1,3.15,3.2125,4.2,5.1
4/6/2012,3.125,3.1,3.1,3.15,3.2125,4.2,5.1
4/5/2012,3.125,3.1,3.1,3.15,3.2125,4.2,5.1
4/4/2012,3.125,3.1,3.1,3.15,3.2125,4.2,5.1
4/3/2012,3.1,3.1,3.1,3.1,3.15,4.2,5.1
4/2/2012,3.075,3.075,3.05,3.075,3.15,4.2,5.1
3/30/2012,3.025,3.05,3.025,3.05,3.1125,4.275,5.1
3/29/2012,3,3.025,3.0375,3.075,3.125,4.2,5.1
3/28/2012,3,3.0125,3.05,3.075,3.15,4.4,5.3
3/27/2012,3,3,3,3.05,3.1,4.375,5.3
3/26/2012,3.15,3.125,3.15,3.2,3.275,4.45,5.35
3/23/2012,3.15,3.125,3.15,3.1875,3.275,4.45,5.35
3/22/2012,3.15,3.125,3.15,3.175,3.275,4.45,5.35
3/21/2012,3.15,3.15,3.15,3.175,3.275,4.4,5.35
3/20/2012,3.1,3.1,3.125,3.175,3.325,4.375,5.3
3/19/2012,2.95,2.925,2.875,2.975,3.05,4.225,5.2
3/16/2012,2.8,2.8,2.8,2.8,2.975,4.175,5.2
3/15/2012,2.775,2.775,2.7625,2.7625,2.975,4.175,5.2
3/14/2012,2.75,2.7625,2.75,2.75,2.95,4.175,5.2
3/13/2012,2.75,2.75,2.7375,2.75,2.95,4.175,5.2
3/12/2012,2.7375,2.7375,2.7375,2.75,2.95,4.175,5.2
3/9/2012,2.75,2.7375,2.7375,2.75,2.95,4.175,5.2
3/8/2012,2.7375,2.7125,2.7125,2.75,2.95,4.175,5.2
3/7/2012,2.7375,2.7,2.7,2.75,2.95,4.175,5.2
3/6/2012,2.7,2.6875,2.7,2.75,2.95,4.175,5.2
3/5/2012,2.7,2.7,2.7,2.75,2.95,4.175,5.2
3/2/2012,2.725,2.7,2.7,2.75,2.95,4.175,5.2
3/1/2012,2.7,2.7,2.7,2.75,2.95,4.175,5.2
2/29/2012,2.675,2.7,2.7125,2.75,2.95,4.175,5.2
2/28/2012,2.6875,2.7125,2.7375,2.75,2.95,4.175,5.2
2/27/2012,2.725,2.725,2.7375,2.75,2.95,4.15,5.2
2/24/2012,2.75,2.725,2.725,2.75,2.95,4.175,5.2
2/23/2012,2.725,2.7375,2.7375,2.75,2.95,4.175,5.2
2/22/2012,2.75,2.75,2.7625,2.75,2.95,4.175,5.2
2/21/2012,2.775,2.75,2.725,2.75,2.95,4.175,5.2
2/20/2012,2.725,2.725,2.725,2.75,2.95,4.175,5.2
2/17/2012,2.725,2.725,2.725,2.75,2.95,4.175,5.2
2/16/2012,2.725,2.725,2.725,2.75,2.95,4.175,5.2
2/15/2012,2.7,2.7,2.725,2.75,2.95,4.175,5.2
2/14/2012,2.75,2.75,2.75,2.75,2.95,4.175,5.2
2/13/2012,2.75,2.75,2.75,2.75,2.95,4.175,5.2
2/10/2012,2.75,2.75,2.75,2.75,2.95,4.175,5.2
2/9/2012,2.775,2.75,2.75,2.775,2.975,4.175,5.2
2/8/2012,2.75,2.75,2.75,2.75,2.95,4.175,5.2
2/7/2012,2.775,2.75,2.75,2.75,2.95,4.175,5.2
2/6/2012,2.775,2.75,2.75,2.75,2.95,4.175,5.2
2/3/2012,2.775,2.7625,2.775,2.775,2.975,4.175,5.2
2/2/2012,2.8,2.7625,2.775,2.75,2.95,4.175,5.2
2/1/2012,2.8,2.7625,2.775,2.775,2.975,4.175,5.2
1/31/2012,2.8,2.7625,2.775,2.775,2.95,4.175,5.2
1/30/2012,2.7875,2.75,2.7625,2.775,2.975,4.175,5.2
1/27/2012,2.7625,2.7625,2.75,2.775,2.975,4.175,5.2
1/26/2012,2.75,2.75,2.75,2.75,2.95,4.25,5.2
1/25/2012,2.7625,2.7625,2.7625,2.775,2.975,4.25,5.2
1/24/2012,2.75,2.75,2.75,2.775,2.975,4.25,5.2
1/23/2012,2.75,2.725,2.75,2.775,2.975,4.25,5.2
1/20/2012,2.75,2.725,2.75,2.775,2.975,4.25,5.2
1/19/2012,2.75,2.75,2.75,2.775,2.975,4.25,5.2
1/18/2012,2.7625,2.75,2.75,2.8,2.975,4.25,5.2
1/17/2012,2.775,2.7625,2.7625,2.775,2.975,4.275,5.2
1/16/2012,2.775,2.775,2.775,2.775,2.975,4.3,5.225
1/13/2012,2.8,2.775,2.775,2.775,2.975,4.3,5.225
1/12/2012,2.85,2.8,2.75,2.775,2.825,4.3,5.225
1/11/2012,2.75,2.75,2.75,2.7625,2.975,4.3,5.225
1/10/2012,2.725,2.7125,2.725,2.7625,2.975,4.3,5.225
1/9/2012,2.75,2.75,2.75,2.775,2.975,4.3,5.225
1/6/2012,2.625,2.6375,2.675,2.75,2.975,4.3,5.225
1/5/2012,2.6,2.625,2.625,2.725,2.95,4.275,5.225
1/4/2012,2.5625,2.525,2.625,2.725,3,4.3,5.225
1/3/2012,2.475,2.525,2.625,2.725,3,4.3,5.225
1/2/2012,2.475,2.525,2.625,2.725,3,4.3,5.225
12/30/2011,2.45,2.525,2.6,2.725,3,4.3,5.225
12/29/2011,2.45,2.525,2.6,2.725,3,4.3,5.225
12/28/2011,2.5,2.575,2.65,2.725,3,4.3,5.225
12/27/2011,2.55,2.6,2.675,2.75,3.025,4.3,5.225
12/26/2011,2.625,2.65,2.7,2.8,3.075,4.3,5.225
12/23/2011,2.625,2.625,2.675,2.95,3.075,4.3,5.225
12/22/2011,2.625,2.625,2.675,2.75,3.075,4.3,5.225
12/21/2011,2.5,2.675,2.75,2.825,3.125,4.325,5.225
12/20/2011,2.675,2.725,2.75,2.825,3.125,4.325,5.225
12/19/2011,2.725,2.775,2.8,2.875,3.15,4.325,5.225
12/16/2011,2.775,2.8,2.825,2.9,3.175,4.325,5.225
12/15/2011,2.75,2.8,2.825,2.925,3.175,4.325,5.225
12/14/2011,2.775,2.775,2.825,2.9,3.175,4.325,5.225
12/13/2011,2.775,2.775,2.825,2.9,3.175,4.325,5.225
12/12/2011,2.75,2.75,2.75,2.875,3.175,4.3,5.225
12/9/2011,2.725,2.75,2.75,2.925,3.175,4.3,5.225
12/8/2011,2.675,2.75,2.775,2.875,3.2,4.3,5.225
12/7/2011,2.725,2.75,2.775,2.875,3.2,4.325,5.225
12/6/2011,2.725,2.75,2.775,2.875,3.2,4.3,5.225
12/5/2011,2.7,2.725,2.775,2.85,3.2,4.4,5.225
12/2/2011,2.725,2.75,2.775,2.85,3.2,4.4,5.225
12/1/2011,2.725,2.75,2.775,2.85,3.2,4.4,5.225
11/30/2011,2.875,2.875,2.9375,2.975,3.275,4.525,5.3
11/29/2011,2.875,2.875,2.9375,2.975,3.275,4.525,5.3
11/28/2011,2.9,2.9,2.9375,2.9875,3.275,4.525,5.3
11/25/2011,2.9,2.9,2.925,2.975,3.275,4.525,5.3
11/24/2011,2.825,2.825,2.85,2.95,3.275,4.525,5.3
11/23/2011,2.8,2.7875,2.825,2.925,3.275,4.525,5.3
11/22/2011,2.725,2.7,2.775,2.925,3.275,4.525,5.3
11/21/2011,2.7,2.7,2.75,2.925,3.275,4.525,5.3
11/18/2011,2.625,2.65,2.725,2.9,3.25,4.525,5.3
11/17/2011,2.6,2.65,2.725,2.9,3.225,4.5,5.3
11/16/2011,2.575,2.625,2.7,2.8875,3.225,4.5,5.3
11/15/2011,2.6,2.65,2.75,2.9125,3.25,4.525,5.3
11/14/2011,2.6,2.65,2.7,2.925,3.275,4.6,5.3
11/11/2011,2.625,2.65,2.7,2.925,3.275,4.6,5.3
11/10/2011,2.575,2.6,2.7,2.9,3.275,4.65,5.3
11/9/2011,2.475,2.55,2.675,2.9,3.275,4.65,5.3
11/8/2011,2.45,2.525,2.65,2.9,3.25,4.525,5.3
11/7/2011,2.475,2.525,2.675,2.8875,3.25,4.525,5.3
11/4/2011,2.475,2.525,2.675,2.8875,3.25,4.525,5.3
11/3/2011,2.3375,2.45,2.6,2.875,3.25,4.525,5.3
11/2/2011,2.1,2.375,2.55,2.875,3.25,4.525,5.3
11/1/2011,2.0375,2.325,2.55,2.85,3.25,4.525,5.3
10/31/2011,2.0375,2.325,2.55,2.85,3.25,4.525,5.3
10/28/2011,2.0375,2.325,2.55,2.85,3.25,4.525,5.3
10/27/2011,2.075,2.35,2.55,2.85,3.25,4.525,5.3
10/26/2011,2,2.375,2.55,2.85,3.25,4.525,5.3
10/25/2011,2.075,2.375,2.55,2.85,3.25,4.525,5.3
10/24/2011,2.075,2.375,2.55,2.85,3.25,4.525,5.35
10/21/2011,2.1,2.375,2.55,2.85,3.275,4.575,5.4
10/20/2011,1.925,2.4,2.55,2.9,3.3,4.65,5.4
10/19/2011,1.9,2.4,2.55,2.9,3.3,4.65,5.4
10/18/2011,1.9,2.4,2.55,2.9,3.3,4.65,5.4
10/17/2011,2.2,2.4,2.55,2.9,3.3,4.65,5.4
10/14/2011,2.2,2.4,2.55,2.9,3.35,4.65,5.4
10/13/2011,2.2,2.4,2.55,2.9,3.35,4.65,5.4
10/12/2011,2.2,2.425,2.575,2.9,3.35,4.65,5.55
10/11/2011,2.2,2.4,2.55,2.95,3.325,4.65,5.55
10/10/2011,2.2,2.475,2.625,2.975,3.425,4.725,5.65
10/7/2011,2.225,2.475,2.65,2.975,3.425,4.725,5.65
10/6/2011,2.225,2.45,2.65,2.975,3.425,4.725,5.65
10/5/2011,2.2,2.475,2.65,2.975,3.45,4.775,5.65
10/4/2011,3.625,3.7,2.65,3.025,3.45,4.775,5.65
10/3/2011,3.625,3.7,2.65,3,3.45,4.825,5.65
9/30/2011,3.625,3.7,2.65,2.975,3.45,4.775,5.65
9/29/2011,3.625,3.7,2.75,2.975,3.55,4.775,5.65
9/28/2011,3.625,3.7,2.75,2.975,3.55,4.775,5.65
9/27/2011,3.625,3.7,2.85,3.025,3.55,4.775,5.65
9/26/2011,3.625,3.7,2.85,3.025,3.55,4.775,5.65
9/23/2011,3.625,3.7,2.95,3.1,3.65,4.825,5.65
9/22/2011,3.625,3.7,2.95,3.05,3.575,4.825,5.65
9/21/2011,3.625,3.7,2.9,3.075,3.55,4.75,5.65
9/20/2011,3.625,3.7,2.9,3.1,3.575,4.8,5.65
9/19/2011,3.625,3.7,2.8,3.1,3.55,4.8,5.65
9/16/2011,3.625,3.7,2.8,3.1,3.575,4.8,5.65
9/15/2011,3.625,3.7,2.775,3.075,3.525,4.8,5.65
9/14/2011,3.625,3.7,2.725,3.075,3.525,4.8,5.65
9/13/2011,3.625,3.7,2.725,3.075,3.525,4.8,5.65
9/12/2011,3.625,3.7,2.725,3.1,3.525,4.8,5.65
9/9/2011,3.625,3.7,2.725,3.1,3.525,4.8,5.65
9/8/2011,3.625,3.7,2.725,3.1,3.525,4.8,5.65
9/7/2011,3.625,3.7,2.75,3.1,3.525,4.8,5.65
9/6/2011,3.625,3.7,2.725,3.1,3.475,4.8,5.65
9/5/2011,3.625,3.7,2.775,3.1,3.5,4.8,5.65
9/2/2011,3.625,3.7,2.775,3.1,3.5,4.8,5.65
9/1/2011,3.625,3.7,2.75,3.1,3.525,4.8,5.65
8/31/2011,3.625,3.7,2.8,3.1375,3.575,4.8,5.65
8/30/2011,3.625,3.7,2.675,3.15,3.675,4.875,5.75
8/29/2011,3.625,3.7,2.675,3.15,3.675,4.875,5.75
8/26/2011,3.625,3.7,2.675,3.15,3.675,4.875,5.75
8/25/2011,3.625,3.7,2.975,3.325,3.675,4.875,5.75
8/24/2011,3.625,3.7,2.95,3.325,3.7,4.875,5.75
8/23/2011,3.625,3.7,3,3.35,3.7,4.9,5.75
8/22/2011,3.625,3.7,3.025,3.375,3.725,4.9,5.75
8/19/2011,3.625,3.7,3.075,3.375,3.775,4.9,5.75
8/18/2011,3.625,3.7,3.075,3.4,3.8,4.9875,5.75
8/17/2011,3.625,3.7,3.075,3.425,3.8,4.9,5.75
8/16/2011,3.625,3.7,3.075,3.4,3.775,4.9,5.75
8/15/2011,3.625,3.7,3.1,3.4,3.8,5.025,5.75
8/12/2011,3.625,3.7,3.075,3.4,3.75,4.9,5.75
8/11/2011,3.625,3.7,3.125,3.4,3.825,4.9,5.75
8/10/2011,3.625,3.7,3.35,3.575,4.025,4.95,5.85
8/9/2011,3.625,3.7,3.425,3.675,4.15,5.05,5.9
8/8/2011,3.625,3.7,3.45,3.7,4.175,5.05,5.9
8/5/2011,3.625,3.7,3.6,3.9,4.225,5.1,5.9
8/4/2011,3.625,3.7,3.575,3.875,4.225,5.1,5.9
8/3/2011,3.625,3.7,3.55,3.85,4.225,5.1,5.9
8/2/2011,3.625,3.7,3.575,3.85,4.225,5.1,5.9
8/1/2011,3.625,3.7,3.6,3.85,4.225,5.05,5.95
7/29/2011,3.625,3.7,3.725,4,4.3,5.15,5.95
7/28/2011,3.625,3.7,3.75,3.95,4.3,5.15,5.95
7/27/2011,3.625,3.7,3.775,3.975,4.3375,5.15,5.95
7/26/2011,3.625,3.7,3.8,3.975,4.35,5.15,5.95
7/25/2011,3.625,3.7,3.775,3.9625,4.35,5.15,5.95
7/22/2011,3.475,3.6,3.775,3.975,4.325,5.15,5.95
7/21/2011,3.45,3.6,3.75,3.975,4.35,5.15,5.95
7/20/2011,3.45,3.6,3.75,4,4.35,5.15,5.95
7/19/2011,3.475,3.6625,3.775,3.975,4.35,5.15,5.95
7/18/2011,3.425,3.525,3.7,3.95,4.35,5.15,5.95
7/15/2011,3.35,3.475,3.675,3.975,4.325,5.15,5.95
7/14/2011,3.3,3.4,3.675,3.975,4.325,5.15,5.95
7/13/2011,3.3,3.4,3.675,3.975,4.325,5.15,5.95
7/12/2011,3.3,3.4,3.65,3.975,4.325,5.1,5.95
7/11/2011,3.275,3.4,3.65,3.95,4.3,5.075,5.95
7/8/2011,3.275,3.4125,3.65,3.95,4.3,5.075,5.95
7/7/2011,3.275,3.4,3.65,3.95,4.3,5.075,5.95
7/6/2011,3.25,3.4125,3.625,3.975,4.3,5.075,5.95
7/5/2011,3.275,3.4125,3.65,3.975,4.3375,5.175,5.95
7/4/2011,3.3,3.425,3.65,3.95,4.325,5.225,5.95
7/1/2011,3.375,3.55,3.7,4.025,4.375,5.225,5.95
6/30/2011,3.3,3.625,3.75,4.05,4.4,5.225,5.95
6/29/2011,3.425,3.55,3.725,4.05,4.4,5.225,5.95
6/28/2011,3.425,3.55,3.725,4.0375,4.4,5.225,5.95
6/27/2011,3.325,3.4125,3.675,4,4.375,5.225,5.95
6/24/2011,3.3,3.3875,3.65,4,4.35,5.225,5.95
6/23/2011,3.25,3.3625,3.65,4,4.375,5.2,5.95
6/22/2011,3.075,3.3,3.625,3.975,4.375,5.2,5.95
6/21/2011,3.075,3.3,3.6,3.975,4.375,5.2,5.95
6/20/2011,3.075,3.2375,3.6,3.9875,4.3625,5.2,5.95
6/17/2011,3.075,3.2375,3.6,3.9875,4.3625,5.2,5.95
6/16/2011,3.025,3.3,3.6,3.975,4.3375,5.2,5.95
6/15/2011,3.025,3.3,3.65,3.975,4.35,5.225,5.95
6/14/2011,3.05,3.2625,3.675,3.95,4.35,5.2,5.95
6/13/2011,3.025,3.2875,3.675,4.025,4.3375,5.2,5.95
6/10/2011,3,3.2,3.6375,4.0125,4.3375,5.2,5.95
6/9/2011,3,3.2,3.6375,4.0125,4.3375,5.2,5.95
6/8/2011,3,3.275,3.675,4.025,4.35,5.2,5.95
6/7/2011,2.95,3.25,3.65,4.025,4.35,5.2,5.95
6/6/2011,2.925,3.225,3.65,4.05,4.35,5.2,5.95
6/3/2011,2.875,3.225,3.65,4.05,4.35,5.2,5.95
6/2/2011,2.875,3.225,3.65,4.05,4.35,5.2,5.95
6/1/2011,2.875,3.225,3.65,4.05,4.35,5.2,5.95
5/31/2011,2.875,3.225,3.7,4.075,4.35,5.2,5.95
5/30/2011,2.85,3.225,3.6,4.05,4.35,5.2,5.95
5/27/2011,2.925,3.225,3.625,4.05,4.4,5.2,5.95
5/26/2011,2.9,3.1875,3.6,4.05,4.4,5.2,5.95
5/25/2011,2.925,3.1,3.525,4.05,4.4,5.2,5.95
5/24/2011,2.925,3.275,3.675,4.1,4.5,5.225,5.95
5/23/2011,2.9,3.275,3.675,4.1,4.5,5.225,5.95
5/20/2011,2.9,3.25,3.675,4.075,4.475,5.225,5.95
5/19/2011,2.9,3.25,3.65,4.075,4.475,5.225,5.95
5/18/2011,2.9,3.25,3.625,4.1,4.475,5.225,5.95
5/17/2011,2.9,3.25,3.65,4.1,4.475,5.225,5.95
5/16/2011,2.925,3.25,3.65,4.1,4.475,5.225,5.95
5/13/2011,2.9,3.25,3.65,4.075,4.475,5.225,5.95
5/12/2011,2.9,3.25,3.65,4.075,4.475,5.225,5.95
5/11/2011,2.9,3.25,3.625,4.1,4.475,5.225,5.95
5/10/2011,2.875,3.275,3.625,4.075,4.475,5.225,5.95
5/9/2011,2.875,3.25,3.6,4.075,4.475,5.225,5.95
5/6/2011,2.85,3.25,3.575,4.0875,4.475,5.225,5.95
5/5/2011,2.8,3.2,3.625,4.125,4.475,5.25,5.95
5/4/2011,2.35,3.175,3.625,4.075,4.45,5.2,5.95
5/3/2011,2.4,3.15,3.65,4.1,4.45,5.225,5.95
5/2/2011,2.4,3.15,3.65,4.1,4.45,5.225,5.95
4/29/2011,2.45,3.15,3.65,4.1,4.45,5.225,5.95
4/28/2011,2.45,3.15,3.65,4.1,4.45,5.225,5.95
4/27/2011,2.525,3.225,3.825,4.275,4.55,5.45,6.15
4/26/2011,2.525,3.225,3.825,4.275,4.55,5.45,6.15
4/25/2011,2.525,3.225,3.825,4.275,4.55,5.45,6.15
4/22/2011,2.525,3.225,3.825,4.275,4.55,5.45,6.15
4/21/2011,2.525,3.225,3.825,4.275,4.55,5.45,6.15
4/20/2011,2.525,3.225,3.825,4.275,4.55,5.45,6.15
4/19/2011,2.525,3.225,3.825,4.275,4.55,5.45,6.15
4/18/2011,2.4,3.25,3.825,4.275,4.55,5.45,6.15
4/15/2011,2.4,3.25,3.825,4.275,4.55,5.45,6.15
4/14/2011,2.3,3.225,3.775,4.225,4.525,5.45,6.15
4/13/2011,2.15,3.175,3.775,4.225,4.55,5.5,6.15
4/12/2011,2.15,3.175,3.775,4.225,4.55,5.5,6.15
4/11/2011,2.15,3.175,3.775,4.225,4.55,5.5,6.15
4/8/2011,2.2,3.175,3.775,4.225,4.55,5.5,6.15
4/7/2011,2.15,3.175,3.775,4.225,4.55,5.5,6.15
4/6/2011,2.15,3.175,3.775,4.225,4.55,5.5,6.15
4/5/2011,2.175,3.225,3.875,4.3,4.6,5.55,6.2
4/4/2011,2.175,3.225,3.875,4.3,4.6,5.55,6.2
4/1/2011,2.15,3.2,3.875,4.3,4.6,5.55,6.2
3/31/2011,2.15,3.2,3.875,4.3,4.6,5.55,6.2
3/30/2011,2.15,3.2,3.875,4.3,4.6,5.55,6.2
3/29/2011,2.15,3.2,3.875,4.3,4.6,5.55,6.2
3/28/2011,2.15,3.2,3.875,4.3,4.6,5.55,6.2
3/25/2011,2.15,3.2,3.9,4.3,4.6,5.55,6.2
3/24/2011,2.3,3.35,4.05,4.55,4.85,5.675,6.225
3/23/2011,2.3,3.35,4.05,4.55,4.85,5.675,6.225
3/22/2011,2.3,3.35,4.05,4.55,4.85,5.675,6.225
3/21/2011,2.325,3.4,4.15,4.65,4.9,5.7,6.2
3/18/2011,2.325,3.425,4.15,4.65,4.9,5.7,6.2
3/17/2011,2.325,3.425,4.15,4.65,4.9,5.7,6.2
3/16/2011,2.325,3.425,4.15,4.65,4.9,5.7,6.2
3/15/2011,2.325,3.425,4.15,4.65,4.9,5.7,6.2
3/14/2011,2.325,3.425,4.15,4.65,4.9,5.7,6.2
3/11/2011,2.325,3.425,4.15,4.65,4.9,5.7,6.2
3/10/2011,2.325,3.425,4.15,4.65,4.9,5.7,6.2
3/9/2011,2.35,3.425,4.15,4.65,4.9,5.7,6.2
3/8/2011,2.25,3.3,4.025,4.525,4.775,5.625,6.1
3/7/2011,2.2,3.25,4,4.45,4.8,5.625,6.1
3/4/2011,2.275,3.275,4,4.425,4.8,5.625,6.1
3/3/2011,2.275,3.3,4,4.425,4.7,5.55,6.1
3/2/2011,2.3,3.3,4,4.425,4.7,5.55,6.1
3/1/2011,2.275,3.35,4,4.425,4.7,5.55,6.1
2/28/2011,2.275,3.3,4,4.425,4.7,5.55,6.1
2/25/2011,2.25,3.275,4,4.4,4.725,5.55,6.1
2/24/2011,2.25,3.275,4,4.4,4.725,5.55,6.1
2/23/2011,2.25,3.275,4,4.4,4.725,5.55,6.1
2/22/2011,2.2,3.35,4.05,4.4,4.725,5.55,6.1
2/21/2011,2.3,3.35,4.05,4.4,4.725,5.55,6.1
2/18/2011,2.3,3.35,4.05,4.4,4.725,5.55,6.1
2/17/2011,2.3,3.35,4.05,4.4,4.725,5.55,6.1
2/16/2011,2.35,3.35,4,4.375,4.725,5.55,6.1
2/15/2011,2.3,3.35,4,4.4,4.75,5.55,6.1
2/14/2011,2.3,3.325,4,4.35,4.6375,5.55,6.1
2/11/2011,2.375,3.3,3.975,4.3,4.475,5.55,6.1
2/10/2011,2.375,3.3,3.975,4.3,4.475,5.55,6.1
2/9/2011,2.375,3.3,3.975,4.3,4.475,5.55,6.1
2/8/2011,2.425,3.35,4,4.275,4.45,5.55,6.1
2/7/2011,2.425,3.35,4,4.275,4.45,5.55,6.1
2/4/2011,2.525,3.3,4,4.275,4.45,5.55,6.1
2/3/2011,2.525,3.3,4,4.275,4.45,5.55,6.1
2/2/2011,2.525,3.3,4,4.275,4.45,5.55,6.1
2/1/2011,2.525,3.3,4,4.275,4.45,5.55,6.1
1/31/2011,2.525,3.225,4,4.275,4.375,5.55,6.1
1/28/2011,2.525,3.275,4,4.275,4.375,5.55,6.1
1/27/2011,2.85,3.55,4.275,4.475,4.625,5.65,6.1
1/26/2011,2.95,3.675,4.3,4.6,4.725,5.65,6.1
1/25/2011,3,3.75,4.4,4.65,4.75,5.65,6.1
1/24/2011,3,3.75,4.4,4.65,4.75,5.65,6.1
1/21/2011,3,3.75,4.4,4.65,4.75,5.65,6.1
1/20/2011,2.95,3.7,4.35,4.6,4.75,5.65,6.1
1/19/2011,2.375,3.375,4,4.25,4.4,5.25,5.85
1/18/2011,2.375,3.375,4,4.25,4.4,5.25,5.85
1/17/2011,1.6,2.15,2.45,2.95,3.5,4.65,5.5
1/14/2011,1.6,2.15,2.45,2.95,3.5,4.65,5.5
1/13/2011,1.6,2.15,2.45,2.95,3.5,4.65,5.5
1/12/2011,1.6,2.15,2.45,2.95,3.5,4.65,5.5
1/11/2011,1.6,2.15,2.45,2.95,3.5,4.65,5.5
1/10/2011,2.875,3.125,3.6,4.05,4.175,4.9,5.75
1/7/2011,2.875,3.125,3.6,4.05,4.175,4.9,5.75
1/6/2011,2.875,3.125,3.6,4.05,4.175,4.9,5.75
1/5/2011,2.875,3.125,3.6,4.05,4.175,4.9,5.75
1/4/2011,2.875,3.125,3.6,4.05,4.175,4.9,5.75
1/3/2011,2.875,3.125,3.6,4.05,4.175,4.9,5.75
12/31/2010,2.875,3.125,3.6,4.05,4.175,4.9,5.75
12/30/2010,2.875,3.125,3.6,4.05,4.175,4.9,5.75
12/29/2010,2.875,3.125,3.6,4.05,4.175,4.9,5.75
12/28/2010,2.875,3.125,3.6,4.05,4.175,4.9,5.75
12/27/2010,2.875,3.125,3.6,4.05,4.175,4.9,5.75
12/24/2010,2.875,3.125,3.6,4.05,4.175,4.9,5.75
12/23/2010,2.875,3.125,3.6,4.05,4.175,4.9,5.75
12/22/2010,2.875,3.125,3.6,4.05,4.175,4.9,5.75
12/21/2010,2.875,3.125,3.6,4.05,4.175,4.9,5.75
12/20/2010,2.875,3.125,3.6,4.05,4.175,4.9,5.75
12/17/2010,2.875,3.125,3.6,4.05,4.175,4.9,5.75
12/16/2010,2.875,3.125,3.6,4.05,4.175,4.9,5.75
12/15/2010,2.875,3.125,3.6,4.05,4.175,4.9,5.75
12/14/2010,2.875,3.125,3.6,4.05,4.175,4.9,5.75
12/13/2010,2.875,3.125,3.6,4.05,4.175,4.9,5.75
12/10/2010,2.875,3.125,3.6,4.05,4.175,4.9,5.75
12/9/2010,2.875,3.125,3.6,4.05,4.175,4.9,5.75
12/8/2010,2.875,3.125,3.6,4.05,4.175,4.9,5.75
12/7/2010,2.875,3.125,3.6,4.05,4.175,4.9,5.75
12/6/2010,2.875,3.125,3.6,4.05,4.175,4.9,5.75
12/3/2010,2.875,3.125,3.6,4.05,4.175,4.9,5.75
12/2/2010,2.875,3.125,3.6,4.05,4.175,4.9,5.75
12/1/2010,2.875,3.125,3.6,4.05,4.175,4.9,5.75
11/30/2010,2.875,3.125,3.6,4.05,4.175,4.9,5.75
11/29/2010,2.875,3.125,3.6,4.05,4.175,4.9,5.75
11/26/2010,2.875,3.125,3.6,4.05,4.175,4.9,5.75
11/25/2010,2.875,3.125,3.6,4.05,4.175,4.9,5.75
11/24/2010,2.875,3.125,3.6,4.05,4.175,4.9,5.75
11/23/2010,2.875,3.125,3.6,4.05,4.175,4.9,5.75
11/22/2010,2.875,3.125,3.6,4.05,4.175,4.9,5.75
11/19/2010,2.875,3.125,3.6,4.05,4.175,4.9,5.75
11/18/2010,2.875,3.125,3.6,4.05,4.175,4.9,5.75
11/17/2010,2.875,3.125,3.6,4.05,4.175,4.9,5.75
11/16/2010,2.875,3.125,3.6,4.05,4.175,4.9,5.75
11/15/2010,2.875,3.125,3.6,4.05,4.175,4.9,5.75
11/12/2010,2.875,3.125,3.6,4.05,4.175,4.9,5.75
11/11/2010,2.875,3.125,3.6,4.05,4.175,4.9,5.75
11/10/2010,2.875,3.125,3.6,4.05,4.175,4.9,5.75
11/9/2010,2.875,3.125,3.6,4.05,4.175,4.9,5.75
11/8/2010,2.875,3.125,3.6,4.05,4.175,4.9,5.75
11/5/2010,2.875,3.125,3.6,4.05,4.175,4.9,5.75
11/4/2010,2.875,3.125,3.6,4.05,4.175,4.9,5.75
11/3/2010,2.875,3.125,3.6,4.25,4.35,4.9,5.85
11/2/2010,3.55,3.75,3.975,4.25,4.35,4.825,5.85
11/1/2010,3.55,3.75,3.975,4.25,4.35,4.825,5.85
10/29/2010,3.55,3.75,3.975,4.25,4.35,4.825,5.85
10/28/2010,3.55,3.75,3.975,4.25,4.35,4.825,5.85
10/27/2010,3.55,3.75,3.975,4.25,4.35,4.825,5.85
10/26/2010,3.7,3.85,4,4.275,4.375,5.225,5.85
10/25/2010,3.775,3.875,4.025,4.3,4.425,4.825,5.85
10/22/2010,3.775,3.875,4.025,4.3,4.425,4.825,5.85
10/21/2010,3.8,3.875,4.025,4.3,4.35,4.975,5.85
10/20/2010,3.8,3.875,4.025,4.3,4.35,4.975,5.85
10/19/2010,3.8,3.8,3.975,4.3,4.375,5.225,5.85
10/18/2010,3.775,3.85,3.975,4.3,4.375,5.225,5.85
10/15/2010,3.75,3.725,3.95,4.3,4.375,4.8,5.85
10/14/2010,3.625,3.725,3.975,4.35,4.45,4.825,5.875
10/13/2010,3.7,3.75,4,4.45,4.525,4.85,5.875
10/12/2010,3.7,3.75,4,4.45,4.525,4.85,5.875
10/11/2010,3.675,3.75,4,4.4,4.525,4.85,5.875
10/8/2010,3.65,3.8,4.1,4.475,4.575,4.85,5.875
10/7/2010,3.7,4.075,4.3,4.525,4.625,4.9,5.9
10/6/2010,3.975,4.225,4.45,4.675,4.775,5.1,5.975
10/5/2010,4.075,4.325,4.55,4.7,4.8,5.15,6
10/4/2010,4.075,4.325,4.55,4.7,4.8,5.15,6
10/1/2010,4.225,4.425,4.625,4.75,4.85,5.25,6.05
9/30/2010,4.25,4.45,4.65,4.825,4.925,5.275,6.05
9/29/2010,4.275,4.5,4.7,4.85,4.975,5.375,6.125
9/28/2010,4.275,4.5,4.7,4.85,4.975,5.375,6.125
9/27/2010,4.275,4.5,4.7,4.85,4.975,5.375,6.125
9/24/2010,4.3,4.5,4.725,4.925,5.025,5.425,6.2
9/23/2010,4.3,4.5,4.725,4.925,5.025,5.425,6.2
9/22/2010,4.3,4.5,4.725,4.925,5.025,5.425,6.2
9/21/2010,4.325,4.5,4.725,4.925,5.025,5.425,6.2
9/20/2010,4.325,4.5,4.725,4.925,5.025,5.425,6.2
9/17/2010,4.325,4.5,4.725,4.925,5.025,5.425,6.2
9/16/2010,4.325,4.5,4.675,4.95,5.025,5.7,6.35
9/15/2010,4.325,4.5,4.675,4.95,5.025,5.7,6.35
9/14/2010,4.325,4.5,4.675,4.95,5.025,5.7,6.35
9/13/2010,4.325,4.5,4.675,4.95,5.025,5.7,6.35
9/10/2010,4.325,4.5,4.675,4.95,5.025,5.7,6.35
9/9/2010,4.325,4.5,4.675,4.95,5.025,5.7,6.35
9/8/2010,4.325,4.5,4.675,4.95,5.025,5.7,6.35
9/7/2010,4.325,4.5,4.65,4.975,5.05,5.6,6.4
9/6/2010,4.325,4.5,4.7,5.025,5.1,5.8,6.4
9/3/2010,4.325,4.5,4.7,5.025,5.1,5.8,6.4
9/2/2010,4.325,4.5,4.675,5.025,5.1,5.6,6.4
9/1/2010,4.325,4.5,4.675,5.025,5.1,5.6,6.4
8/31/2010,4.325,4.5,4.675,5.025,5.15,5.6,6.425
8/30/2010,4.325,4.525,4.775,5.15,4.35,5.85,6.5
8/27/2010,4.325,4.525,4.775,5.15,4.35,5.85,6.5
8/26/2010,4.35,4.55,4.8,5.175,5.35,5.925,6.5
8/25/2010,4.35,4.55,4.8,5.175,5.35,5.925,6.5
8/24/2010,4.35,4.55,4.8,5.175,5.35,5.925,6.5
8/23/2010,4.35,4.55,4.8,5.175,5.35,5.925,6.5
8/20/2010,4.35,4.55,4.8,5.2,5.375,5.925,6.5
8/19/2010,4.35,4.55,4.85,5.2,5.375,5.925,6.5
8/18/2010,4.3,4.55,4.85,5.2,5.375,5.925,6.5
8/17/2010,4.3,4.55,4.875,5.2,5.375,5.925,6.5
8/16/2010,4.3,4.55,4.85,5.2,5.4,5.925,6.5
8/13/2010,4.35,4.55,4.8,5.2,5.35,5.925,6.5
8/12/2010,4.375,4.575,4.9,5.25,5.45,5.95,6.525
8/11/2010,4.375,4.575,4.95,5.275,5.5,5.925,6.5
8/10/2010,4.375,4.575,4.95,5.275,5.5,5.925,6.5
8/9/2010,4.375,4.575,4.95,5.275,5.5,5.925,6.5
8/6/2010,4.375,4.575,4.95,5.275,5.5,5.925,6.5
8/5/2010,4.375,4.575,4.95,5.325,5.5,5.925,6.5
8/4/2010,4.375,4.575,4.95,5.325,5.5,5.925,6.5
8/3/2010,4.375,4.575,4.95,5.325,5.5,5.925,6.5
8/2/2010,4.375,4.575,4.925,5.35,5.55,5.925,6.5
7/30/2010,4.35,4.575,4.925,5.3,5.525,5.925,6.5
7/29/2010,4.35,4.575,4.925,5.3,5.525,5.925,6.5
7/28/2010,4.35,4.575,4.925,5.3,5.525,5.925,6.5
7/27/2010,4.4,4.575,4.925,5.3,5.525,5.925,6.5
7/26/2010,4.425,4.575,4.925,5.3,5.525,5.925,6.5
7/23/2010,4.35,4.55,4.95,5.325,5.5,5.925,6.5
7/22/2010,4.35,4.55,4.95,5.325,5.5,5.925,6.5
7/21/2010,4.35,4.575,4.95,5.3,5.5,5.925,6.5
7/20/2010,4.3,4.5,4.925,5.275,5.4,5.925,6.5
7/19/2010,4.3,4.5,4.875,5.25,5.4,5.925,6.5
7/16/2010,4.3,4.5,4.9,5.25,5.425,5.9,6.5
7/15/2010,4.275,4.5,4.925,5.25,5.425,5.925,6.5
7/14/2010,4.275,4.525,4.875,5.275,5.425,5.925,6.5
7/13/2010,4.275,4.525,4.925,5.275,5.425,5.925,6.5
7/12/2010,4.275,4.525,4.925,5.275,5.425,5.925,6.5
7/9/2010,4.275,4.5,4.875,5.3,5.425,5.95,6.525
7/8/2010,4.275,4.5,4.875,5.3,5.425,5.95,6.525
7/7/2010,4.275,4.5,4.875,5.3,5.425,5.95,6.525
7/6/2010,4.275,4.5,4.95,5.325,5.475,5.95,6.525
7/5/2010,4.275,4.5,4.95,5.325,5.475,5.95,6.525
7/2/2010,4.3,4.55,4.975,5.375,5.575,6,6.55
7/1/2010,4.3,4.55,4.975,5.375,5.425,6.025,6.575
6/30/2010,4.3,4.55,4.975,5.375,5.425,6.025,6.575
6/29/2010,4.3,4.55,4.975,5.375,5.425,6.025,6.575
6/28/2010,4.3,4.55,4.975,5.375,5.425,6.025,6.575
6/25/2010,4.3,4.55,4.975,5.375,5.425,6.025,6.575
6/24/2010,4.3,4.55,4.975,5.375,5.425,6.025,6.575
6/23/2010,4.3,4.55,4.975,5.375,5.425,6.025,6.575
6/22/2010,4.3,4.55,4.975,5.375,5.425,6.025,6.575
6/21/2010,4.3,4.55,4.975,5.375,5.425,6.025,6.575
6/18/2010,4.3,4.575,5,5.4,5.6,6.05,6.6
6/17/2010,4.3,4.575,5,5.4,5.6,6.05,6.6
6/16/2010,4.3,4.575,5,5.4,5.6,6.05,6.6
6/15/2010,4.3,4.575,5,5.4,5.6,6.05,6.6
6/14/2010,4.3,4.575,5,5.4,5.6,6.05,6.6
6/11/2010,4.3,4.575,5,5.4,5.6,6.05,6.6
6/10/2010,4.3,4.575,5,5.4,5.6,6.05,6.6
6/9/2010,4.325,4.625,5.1,5.5,5.675,6.1,6.65
6/8/2010,4.325,4.625,5.1,5.5,5.675,6.1,6.65
6/7/2010,4.325,4.6,5.125,5.525,5.725,6.1,6.65
6/4/2010,4.3,4.6,5.125,5.525,5.725,6.1,6.65
6/3/2010,4.3,4.6,5.125,5.525,5.725,6.1,6.65
6/2/2010,4.3,4.6,5.125,5.525,5.725,6.1,6.65
6/1/2010,4.3,4.6,5.125,5.525,5.725,6.1,6.65
5/31/2010,4.3,4.6,5.125,5.525,5.725,6.1,6.65
5/28/2010,4.35,4.625,5.15,5.525,5.75,6.1,6.65
5/27/2010,4.35,4.625,5.15,5.5,5.75,6.1,6.65
5/26/2010,4.3,4.6,5.125,5.5,5.75,6.1,6.65
5/25/2010,4.3,4.6,5.125,5.5,5.75,6.1,6.65
5/24/2010,4.3,4.6,5.125,5.525,5.75,6.1,6.65
5/21/2010,4.3,4.6,5.125,5.525,5.75,6.1,6.65
5/20/2010,4.3,4.575,5.125,5.525,5.75,6.1,6.65
5/19/2010,4.3,4.575,5.125,5.5,5.75,6.1,6.65
5/18/2010,4.3,4.575,5.125,5.5,5.75,6.1,6.65
5/17/2010,4.3,4.575,5.125,5.525,5.775,6.1,6.65
5/14/2010,4.3,4.575,5.1,5.5,5.75,6.1,6.65
5/13/2010,4.3,4.575,5.1,5.5,5.75,6.1,6.65
5/12/2010,4.3,4.575,5.1,5.5,5.75,6.1,6.65
5/11/2010,4.3,4.575,5.1,5.4875,5.775,5.975,6.75
5/10/2010,4.35,4.675,5.225,5.65,5.9,6.225,6.75
5/7/2010,4.35,4.675,5.225,5.65,5.9,6.225,6.75
5/6/2010,4.35,4.625,5.175,5.6,5.875,6.2,6.7
5/5/2010,4.35,4.625,5.175,5.6,5.875,6.2,6.7
5/4/2010,4.375,4.6,5.175,5.6,5.85,6.175,6.7
5/3/2010,4.325,4.575,5.175,5.6,5.825,6.15,6.7
4/30/2010,4.325,4.575,5.175,5.6,5.825,6.15,6.7
4/29/2010,4.35,4.625,5.275,5.625,5.9,6.25,6.7
4/28/2010,4.35,4.6,5.275,5.625,5.9,6.3,6.7
4/27/2010,4.325,4.55,5.2,5.575,5.875,6.3,6.7
4/26/2010,4.3,4.45,5.1,5.5,5.8,6.175,6.575
4/23/2010,4.275,4.45,5.1,5.475,5.775,6.075,6.475
4/22/2010,4.3,4.45,5.075,5.45,5.75,6.05,6.475
4/21/2010,4.3,4.45,5.075,5.45,5.75,6.05,6.475
4/20/2010,4.3,4.45,5.075,5.45,5.775,6.05,6.425
4/19/2010,4.275,4.425,5.075,5.425,5.725,5.95,6.45
4/16/2010,4.275,4.425,5,5.325,5.675,5.95,6.45
4/15/2010,4.275,4.425,5,5.325,5.675,5.95,6.45
4/14/2010,4.275,4.425,5,5.35,5.7,5.95,6.425
4/13/2010,4.275,4.425,5,5.35,5.7,5.95,6.425
4/12/2010,4.25,4.425,5,5.35,5.7,5.95,6.425
4/9/2010,4.225,4.4,4.975,5.35,5.7,5.95,6.425
4/8/2010,4.225,4.4,4.975,5.35,5.7,5.95,6.425
4/7/2010,4.225,4.4,4.975,5.35,5.7,5.95,6.425
4/6/2010,4.2,4.4,4.975,5.3,5.65,5.95,6.45
4/5/2010,4.225,4.4,4.95,5.325,5.7,5.95,6.425
4/2/2010,4.225,4.4,4.95,5.325,5.675,5.9,6.425
4/1/2010,4.225,4.4,4.95,5.325,5.675,5.9,6.425
3/31/2010,4.225,4.4,4.95,5.325,5.675,5.9,6.425
3/30/2010,4.225,4.375,4.9,5.325,5.65,5.9,6.4
3/29/2010,4.225,4.35,4.925,5.35,5.65,5.9,6.4
3/26/2010,4.2,4.35,4.9,5.275,5.65,5.9,6.4
3/25/2010,4.175,4.4,4.925,5.325,5.65,5.9,6.4
3/24/2010,4.175,4.4,4.925,5.275,5.625,5.9,6.4
3/23/2010,4.175,4.4,4.9,5.35,5.725,5.95,6.45
3/22/2010,4.175,4.4,4.95,5.35,5.725,5.95,6.475
3/19/2010,4.2,4.4,4.925,5.325,5.675,5.95,6.475
3/18/2010,4.2,4.4,4.925,5.35,5.7,5.95,6.475
3/17/2010,4.175,4.375,4.95,5.35,5.725,5.95,6.45
3/16/2010,4.2,4.425,4.975,5.4,5.775,6,6.5
3/15/2010,4.175,4.4,5,5.425,5.8,6,6.5
3/12/2010,4.175,4.45,5,5.45,5.825,6,6.5
3/11/2010,4.175,4.45,5,5.475,5.85,6,6.5
3/10/2010,4.2,4.425,5,5.425,5.775,6,6.5
3/9/2010,4.2,4.5,5.05,5.55,5.875,6.15,6.65
3/8/2010,4.2,4.55,5.075,5.6,5.925,6.2,6.675
3/5/2010,4.2,4.525,5.1,5.6,5.925,6.2,6.675
3/4/2010,4.2,4.525,5.1,5.65,5.925,6.175,6.675
3/3/2010,4.2,4.55,5.1,5.625,5.925,6.15,6.675
3/2/2010,4.175,4.55,5.1,5.625,5.925,6.15,6.675
3/1/2010,4.2,4.55,5.1,5.625,5.925,6.15,6.675
2/26/2010,4.2,4.55,5.1,5.625,5.925,6.15,6.675
2/25/2010,4.175,4.55,5.1,5.6,5.925,6.15,6.675
2/24/2010,4.175,4.525,5.1,5.6,5.925,6.15,6.675
2/23/2010,4.175,4.525,5.1,5.625,5.95,6.2,6.675
2/22/2010,4.25,4.55,5.125,5.65,5.975,6.2,6.675
2/19/2010,4.275,4.575,5.125,5.7,5.975,6.2,6.675
2/18/2010,4.25,4.5,5.1,5.675,5.95,6.2,6.675
2/17/2010,4.25,4.55,5.1,5.675,5.9,6.2,6.675
2/16/2010,4.275,4.55,5.125,5.7,5.975,6.2,6.675
2/15/2010,4.3,4.625,5.125,5.65,5.975,6.2,6.675
2/12/2010,4.25,4.6,5.1175,5.65,5.975,6.2,6.675
2/11/2010,4.275,4.6,5.1175,5.675,5.95,6.225,6.7
2/10/2010,4.325,4.65,5.15,5.725,6,6.225,6.7
2/9/2010,4.35,4.6,5.175,5.725,6,6.225,6.7
2/8/2010,4.4,4.65,5.175,5.75,6,6.225,6.7
2/5/2010,4.425,4.65,5.2,5.725,6.025,6.325,6.775
2/4/2010,4.375,4.65,5.125,5.7,5.95,6.225,6.7
2/3/2010,4.425,4.65,5.125,5.7,5.925,6.225,6.7
2/2/2010,4.425,4.725,5.225,5.75,5.95,6.3,6.8
2/1/2010,4.425,4.725,5.225,5.8,5.95,6.275,6.8
1/29/2010,4.45,4.725,5.2,5.775,5.95,6.325,6.8
1/28/2010,4.45,4.75,5.225,5.8,6,6.25,6.8
1/27/2010,4.425,4.75,5.225,5.775,5.975,6.3,6.8
1/26/2010,4.4,4.7,5.175,5.7,5.85,6.225,6.775
1/25/2010,4.4,4.7,5.175,5.7,5.85,6.225,6.775
1/22/2010,4.375,4.6875,5.175,5.7,5.85,6.225,6.775
1/21/2010,4.375,4.6875,5.175,5.725,5.925,6.3,6.775
1/20/2010,4.375,4.675,5.125,5.6,5.825,6.2,6.75
1/19/2010,4.425,4.65,5.1,5.575,5.875,6.275,6.75
1/18/2010,4.4,4.625,5.1,5.525,5.8,6.275,6.75
1/15/2010,4.35,4.625,5.05,5.525,5.825,6.275,6.75
1/14/2010,4.4,4.65,5.075,5.525,5.825,6.325,6.75
1/13/2010,4.45,4.675,5.075,5.5,5.8,6.3,6.7
1/12/2010,4.425,4.6,5.05,5.45,5.725,6.275,6.7
1/11/2010,4.4,4.625,5.025,5.425,5.675,6.275,6.7
1/8/2010,4.4,4.6,5,5.45,5.7,6.3,6.75
1/7/2010,4.4,4.5,4.925,5.4,5.65,6.275,6.7
1/6/2010,4.425,4.525,4.975,5.425,5.675,6.225,6.7
1/5/2010,4.425,4.625,4.95,5.45,5.625,6.225,6.7
1/4/2010,4.475,4.75,5.1125,5.6,5.75,6.325,6.85
1/1/2010,4.475,4.7,4.9,5.5,5.6,6,6.425
12/31/2009,4.475,4.7,4.9,5.5,5.6,6,6.425
12/30/2009,4.475,4.7,4.9,5.5,5.6,6,6.425
12/29/2009,4.475,4.7,4.9,5.5,5.6,6,6.425
12/28/2009,4.475,4.725,4.9,5.5,5.6,6,6.425
12/25/2009,4.475,4.675,4.9,5.5,5.6,6,6.425
12/24/2009,4.475,4.675,4.9,5.5,5.6,6,6.425
12/23/2009,4.475,4.675,4.9,5.5,5.6,6,6.425
12/22/2009,4.45,4.675,4.9,5.5,5.6,6,6.425
12/21/2009,4.45,4.7,4.9,5.5,5.6,6,6.425
12/18/2009,4.475,4.675,4.9,5.5,5.6,6,6.425
12/17/2009,4.5,4.7,4.9,5.5,5.6,6,6.425
12/16/2009,4.35,4.625,4.9,5.5,5.6,6,6.425
12/15/2009,4.35,4.6,4.9,5.5,5.6,6,6.425
12/14/2009,4.35,4.6,4.9,5.5,5.6,6,6.425
12/11/2009,4.35,4.575,4.9,5.5,5.6,6,6.425
12/10/2009,4.35,4.575,4.9,5.5,5.6,6,6.425
12/9/2009,4.35,4.525,4.9,5.5,5.6,6,6.425
12/8/2009,4.35,4.525,4.9,5.5,5.6,6,6.425
12/7/2009,4.175,4.55,4.9,4.55,5.6,5.775,6.2
12/4/2009,4.175,4.475,4.35,4.55,4.625,5.775,6.2
12/3/2009,4.175,4.475,4.35,4.55,4.625,5.775,6.2
12/2/2009,4.175,4.475,4.35,4.55,4.625,5.775,6.2
12/1/2009,4.175,4.475,4.35,4.55,4.625,5.775,6.2
11/30/2009,4.175,4.475,4.35,4.55,4.625,5.775,6.2
11/27/2009,4.175,4.475,4.35,4.55,4.625,5.775,6.2
11/26/2009,4.175,4.475,4.35,4.55,4.625,5.775,6.2
11/25/2009,4.175,4.475,4.35,4.55,4.625,5.775,6.2
11/24/2009,4.175,4.475,4.35,4.55,4.625,5.775,6.2
11/23/2009,4.175,4.475,4.35,4.55,4.625,5.775,6.2
11/20/2009,4.175,4.475,4.35,4.55,4.625,5.775,6.2
11/19/2009,4.175,4.475,4.35,4.55,4.625,5.775,6.2
11/18/2009,4.175,4.475,4.35,4.55,4.625,5.775,6.2
11/17/2009,4.05,4.2,4.35,4.55,4.625,7.2,7.25
11/16/2009,4.05,4.2,4.35,4.55,4.625,7.2,7.25
11/13/2009,4.05,4.2,4.35,4.55,4.625,7.2,7.25
11/12/2009,4.05,4.2,4.35,4.55,4.625,7.2,7.25
11/11/2009,4.05,4.2,4.35,4.55,4.625,7.2,7.25
11/10/2009,4.05,4.2,4.35,4.55,4.625,7.2,7.25
11/9/2009,4.05,4.2,4.35,4.55,4.625,7.2,7.25
11/6/2009,4.05,4.2,4.35,4.55,4.625,7.2,7.25
11/5/2009,4.05,4.2,4.35,4.55,4.625,7.2,7.25
11/4/2009,4.05,4.2,4.35,4.55,4.625,7.2,7.25
11/3/2009,4.05,4.2,4.35,4.55,4.625,7.2,7.25
11/2/2009,4.05,4.2,4.35,4.55,4.625,7.2,7.25
10/30/2009,4.05,4.2,4.35,4.55,4.625,7.2,7.25
10/29/2009,4.05,4.2,4.35,4.55,4.625,7.2,7.25
10/28/2009,4.05,4.2,4.35,4.55,4.625,7.2,7.25
10/27/2009,4.05,4.2,4.35,4.55,4.625,7.2,7.25
10/26/2009,4.05,4.2,4.35,4.55,4.625,7.2,7.25
10/23/2009,4.05,4.2,4.35,4.55,4.625,7.2,7.25
10/22/2009,4.05,4.2,4.35,4.55,4.625,7.2,7.25
10/21/2009,4.05,4.2,4.35,4.55,4.625,7.2,7.25
10/20/2009,4.05,4.2,4.35,4.55,4.625,7.2,7.25
10/19/2009,4.05,4.2,4.35,4.55,4.625,7.2,7.25
10/16/2009,4.05,4.2,4.35,4.55,4.625,7.2,7.25
10/15/2009,4.15,4.2,4.35,4.55,4.625,7.2,7.25
10/14/2009,4.15,4.2,4.35,4.55,4.625,7.2,7.25
10/13/2009,4.15,4.2,4.35,4.55,4.625,7.2,7.25
10/12/2009,4.15,4.2,4.35,4.55,4.625,7.2,7.25
10/9/2009,4.15,4.2,4.35,4.55,4.625,7.2,7.25
10/8/2009,4.15,4.2,4.35,4.55,4.625,7.2,7.25
10/7/2009,4.15,4.2,4.35,4.55,4.625,7.2,7.25
10/6/2009,4.15,4.2,4.35,4.55,4.625,7.2,7.25
10/5/2009,4.15,4.2,4.35,4.55,4.625,7.2,7.25
10/2/2009,4.15,4.2,4.35,4.55,4.625,7.2,7.25
10/1/2009,4.15,4.2,4.35,4.55,4.625,7.2,7.25
9/30/2009,4.1,4.225,4.375,4.375,4.575,7.2,7.25
9/29/2009,4.1,4.225,4.375,4.375,4.575,7.2,7.25
9/28/2009,4.1,4.225,4.375,4.375,4.575,7.2,7.25
9/25/2009,4.1,4.225,4.375,4.375,4.575,7.2,7.25
9/24/2009,4.1,4.225,4.375,4.375,4.575,7.2,7.25
9/23/2009,4.1,4.225,4.375,4.375,4.575,7.2,7.25
9/22/2009,4.1,4.225,4.375,4.375,4.575,7.2,7.25
9/21/2009,4.1,4.225,4.375,4.375,4.575,7.2,7.25
9/18/2009,4.1,4.225,4.375,4.375,4.575,7.2,7.25
9/17/2009,4.1,4.225,4.375,4.375,4.575,7.2,7.25
9/16/2009,4.1,4.225,4.375,4.375,4.575,7.2,7.25
9/15/2009,4.1,4.225,4.375,4.375,4.575,7.2,7.25
9/14/2009,4.1,4.225,4.375,4.375,4.575,7.2,7.25
9/11/2009,4.1,4.225,4.375,4.375,4.575,7.2,7.25
9/10/2009,4.1,4.225,4.375,4.375,4.575,7.2,7.25
9/9/2009,4.1,4.225,4.375,4.375,4.575,7.2,7.25
9/8/2009,4.1,4.225,4.375,4.375,4.575,7.2,7.25
9/7/2009,4.1,4.225,4.375,4.375,4.575,7.2,7.25
9/4/2009,4.1,4.225,4.375,4.375,4.575,7.2,7.25
9/3/2009,4.1,4.225,4.375,4.375,4.575,7.2,7.25
9/2/2009,4.1,4.225,4.375,4.375,4.575,7.2,7.25
9/1/2009,4.1,4.225,4.375,4.375,4.575,7.2,7.25
8/31/2009,4.1,4.225,4.375,4.375,4.575,7.2,7.25
8/28/2009,4.1,4.225,4.375,4.375,4.575,7.2,7.25
8/27/2009,4.1,4.225,4.375,4.375,4.575,7.2,7.25
8/26/2009,4.1,4.225,4.375,4.375,4.575,7.2,7.25
8/25/2009,4.1,4.225,4.375,4.375,4.575,7.2,7.25
8/24/2009,4.1,4.225,4.375,4.375,4.575,7.2,7.25
8/21/2009,4.1,4.225,4.375,4.375,4.575,7.2,7.25
8/20/2009,4.1,4.225,4.375,4.375,4.575,7.2,7.25
8/19/2009,4.1,4.225,4.375,4.375,4.575,7.2,7.25
8/18/2009,4.1,4.225,4.375,4.375,4.575,7.2,7.25
8/17/2009,4.1,4.225,4.375,4.375,4.575,7.2,7.25
8/14/2009,4.1,4.225,4.375,4.375,4.575,7.2,7.25
8/13/2009,4.1,4.225,4.375,4.375,4.575,7.2,7.25
8/12/2009,4.1,4.225,4.375,4.375,4.575,7.2,7.25
8/11/2009,4.1,4.225,4.375,4.375,4.575,7.2,7.25
8/10/2009,4.1,4.225,4.375,4.375,4.575,7.2,7.25
8/7/2009,4.1,4.225,4.375,4.375,4.575,7.2,7.25
8/6/2009,4.1,4.225,4.375,4.375,4.575,7.2,7.25
8/5/2009,4.1,4.225,4.375,4.375,4.575,7.2,7.25
8/4/2009,4.1,4.225,4.375,4.375,4.575,7.2,7.25
8/3/2009,4.1,4.225,4.375,4.375,4.575,7.2,7.25
7/31/2009,4.1,4.225,4.375,4.375,4.575,7.2,7.25
7/30/2009,4.1,4.225,4.375,4.375,4.575,7.2,7.25
7/29/2009,4.1,4.225,4.375,4.375,4.575,7.2,7.25
7/28/2009,4.1,4.225,4.375,4.375,4.575,7.2,7.25
7/27/2009,4.1,4.225,4.375,4.375,4.575,7.2,7.25
7/24/2009,4.1,4.225,4.375,4.375,4.575,7.2,7.25
7/23/2009,4.1,4.225,4.375,4.375,4.575,7.2,7.25
7/22/2009,4.1,4.225,4.375,4.375,4.575,7.2,7.25
7/21/2009,4.1,4.225,4.375,4.375,4.575,7.2,7.25
7/20/2009,4.1,4.225,4.375,4.375,4.575,7.2,7.25
7/17/2009,4.1,4.225,4.375,4.375,4.575,7.2,7.25
7/16/2009,4.1,4.225,4.375,4.375,4.575,7.2,7.25
7/15/2009,4.1,4.225,4.375,4.375,4.575,7.2,7.25
7/14/2009,4.1,4.225,4.375,4.375,4.575,7.2,7.25
7/13/2009,4.1,4.225,4.375,4.375,4.575,7.2,7.25
7/10/2009,4.1,4.225,4.375,4.375,4.575,7.2,7.25
7/9/2009,4.1,4.225,4.375,4.375,4.575,7.2,7.25
7/8/2009,4.1,4.225,4.375,4.375,4.575,7.2,7.25
7/7/2009,4.1,4.225,4.375,4.375,4.575,7.2,7.25
7/6/2009,4.1,4.225,4.375,4.375,4.575,7.2,7.25
7/3/2009,6.35,6.45,6.65,6.75,6.875,7.2,7.25
7/2/2009,6.35,6.45,6.65,6.75,6.875,7.2,7.25
7/1/2009,6.35,6.45,6.65,6.75,6.875,7.2,7.25
6/30/2009,6.35,6.45,6.65,6.75,6.875,7.2,7.25
6/29/2009,6.35,6.45,6.65,6.75,6.875,7.2,7.25
6/26/2009,6.35,6.45,6.65,6.75,6.875,7.2,7.25
6/25/2009,6.35,6.45,6.65,6.75,6.875,7.2,7.25
6/24/2009,6.35,6.45,6.65,6.75,6.875,7.2,7.25
6/23/2009,6.35,6.45,6.65,6.75,6.875,7.2,7.25
6/22/2009,6.35,6.45,6.65,6.75,6.875,7.2,7.25
6/19/2009,6.35,6.45,6.65,6.75,6.875,7.2,7.25
6/18/2009,6.35,6.45,6.65,6.75,6.875,7.2,7.25
6/17/2009,6.35,6.45,6.65,6.75,6.875,7.2,7.25
6/16/2009,6.35,6.45,6.65,6.75,6.875,7.2,7.25
6/15/2009,6.35,6.45,6.65,6.75,6.875,7.2,7.25
6/12/2009,6.35,6.45,6.65,6.75,6.875,7.2,7.25
6/11/2009,6.35,6.45,6.65,6.75,6.875,7.2,7.25
6/10/2009,6.35,6.45,6.65,6.75,6.875,7.2,7.25
6/9/2009,6.35,6.45,6.65,6.75,6.875,7.2,7.25
6/8/2009,6.35,6.45,6.65,6.75,6.875,7.2,7.25
6/5/2009,6.35,6.45,6.65,6.75,6.875,7.2,7.25
6/4/2009,6.35,6.45,6.65,6.75,6.875,7.2,7.25
6/3/2009,6.35,6.45,6.65,6.75,6.875,7.2,7.25
6/2/2009,6.35,6.45,6.65,6.75,6.875,7.2,7.25
6/1/2009,6.35,6.45,6.65,6.75,6.875,7.2,7.25
5/29/2009,6.35,6.45,6.65,6.75,6.875,7.2,7.25
5/28/2009,6.35,6.45,6.65,6.75,6.875,7.2,7.25
5/27/2009,6.35,6.45,6.65,6.75,6.875,7.2,7.25
5/26/2009,6.35,6.45,6.65,6.75,6.875,7.2,7.25
5/25/2009,6.35,6.45,6.65,6.75,6.875,7.2,7.25
5/22/2009,6.35,6.45,6.65,6.75,6.875,7.2,7.25
5/21/2009,6.35,6.45,6.65,6.75,6.875,7.2,7.25
5/20/2009,6.35,6.45,6.65,6.75,6.875,7.2,7.25
5/19/2009,6.35,6.45,6.65,6.75,6.875,7.2,7.25
5/18/2009,6.35,6.45,6.65,6.75,6.875,7.2,7.25
5/15/2009,6.35,6.45,6.65,6.75,6.875,7.2,7.25
5/14/2009,6.35,6.45,6.65,6.75,6.875,7.2,7.25
5/13/2009,6.35,6.45,6.65,6.75,6.875,7.2,7.25
5/12/2009,6.35,6.45,6.65,6.75,6.875,7.2,7.25
5/11/2009,6.35,6.45,6.65,6.75,6.875,7.2,7.25
5/8/2009,6.35,6.45,6.65,6.75,6.875,7.2,7.25
5/7/2009,6.35,6.45,6.65,6.75,6.875,7.2,7.25
5/6/2009,6.35,6.45,6.65,6.75,6.875,7.2,7.25
5/5/2009,6.35,6.45,6.65,6.75,6.875,7.2,7.25
5/4/2009,6.35,6.45,6.65,6.75,6.875,7.2,7.25
5/1/2009,6.35,6.45,6.65,6.75,6.875,7.2,7.25
4/30/2009,6.35,6.45,6.65,6.75,6.875,7.2,7.25
4/29/2009,6.35,6.45,6.65,6.75,6.875,7.2,7.25
4/28/2009,6.35,6.45,6.65,6.75,6.875,7.2,7.25
4/27/2009,6.35,6.45,6.65,6.75,6.875,7.2,7.25
4/24/2009,6.35,6.45,6.65,6.75,6.875,7.2,7.25
4/23/2009,6.35,6.45,6.65,6.75,6.875,7.2,7.25
4/22/2009,6.35,6.45,6.65,6.75,6.875,7.2,7.25
4/21/2009,6.35,6.45,6.65,6.75,6.875,7.2,7.25
4/20/2009,6.35,6.45,6.65,6.75,6.875,7.2,7.25
4/17/2009,6.35,6.45,6.65,6.75,6.875,7.2,7.25
4/16/2009,6.35,6.45,6.65,6.75,6.875,7.2,7.25
4/15/2009,6.35,6.45,6.65,6.75,6.875,7.2,7.25
4/14/2009,6.35,6.45,6.65,6.75,6.875,7.2,7.25
4/13/2009,6.35,6.45,6.65,6.75,6.875,7.2,7.25
4/10/2009,6.35,6.45,6.65,6.75,6.875,7.2,7.25
4/9/2009,6.35,6.45,6.65,6.75,6.875,7.2,7.25
4/8/2009,6.35,6.45,6.65,6.75,6.875,7.2,7.25
4/7/2009,6.35,6.45,6.65,6.75,6.875,7.2,7.25
4/6/2009,6.35,6.45,6.65,6.75,6.875,7.2,7.25
4/3/2009,6.35,6.45,6.65,6.75,6.875,7.2,7.25
4/2/2009,6.35,6.45,6.65,6.75,6.875,7.2,7.25
4/1/2009,6.35,6.45,6.65,6.75,6.875,7.2,7.25
3/31/2009,6.35,6.45,6.65,6.75,6.875,7.2,7.25
3/30/2009,6.35,6.45,6.65,6.75,6.875,7.2,7.25
3/27/2009,6.35,6.45,6.65,6.75,6.875,7.2,7.25
3/26/2009,6.35,6.45,6.65,6.75,6.875,7.2,7.25
3/25/2009,6.35,6.45,6.65,6.75,6.875,7.2,7.25
3/24/2009,6.35,6.45,6.65,6.75,6.875,7.2,7.25
3/23/2009,6.35,6.45,6.65,6.75,6.875,7.2,7.25
3/20/2009,6.35,6.45,6.65,6.75,6.875,7.2,7.25
3/19/2009,6.35,6.45,6.65,6.75,6.875,7.2,7.25
3/18/2009,6.35,6.45,6.65,6.75,6.875,7.2,7.25
3/17/2009,6.35,6.45,6.65,6.75,6.875,7.2,7.25
3/16/2009,6.35,6.45,6.65,6.75,6.875,7.2,7.25
3/13/2009,6.35,6.45,6.65,6.75,6.875,7.2,7.25
3/12/2009,6.35,6.45,6.65,6.75,6.875,7.2,7.25
3/11/2009,6.35,6.45,6.65,6.75,6.875,7.2,7.25
3/10/2009,6.35,6.45,6.65,6.75,6.875,7.2,7.25
3/9/2009,6.35,6.45,6.65,6.75,6.875,7.2,7.25
3/6/2009,6.35,6.45,6.65,6.75,6.875,7.2,7.25
3/5/2009,6.35,6.45,6.65,6.75,6.875,7.2,7.25
3/4/2009,6.35,6.45,6.65,6.75,6.875,7.2,7.25
3/3/2009,6.35,6.45,6.65,6.75,6.875,7.2,7.25
3/2/2009,6.35,6.45,6.65,6.75,6.875,7.2,7.25
2/27/2009,6.35,6.45,6.65,6.75,6.875,7.2,7.25
2/26/2009,6.35,6.45,6.65,6.75,6.875,7.2,7.25
2/25/2009,6.35,6.45,6.65,6.75,6.875,7.2,7.25
2/24/2009,6.35,6.45,6.65,6.75,6.875,7.2,7.25
2/23/2009,6.35,6.45,6.65,6.75,6.875,7.2,7.25
2/20/2009,6.35,6.45,6.65,6.75,6.875,7.2,7.25
2/19/2009,6.35,6.45,6.65,6.75,6.875,7.2,7.25
2/18/2009,6.35,6.45,6.65,6.75,6.875,7.2,7.25
2/17/2009,6.35,6.45,6.65,6.75,6.875,7.2,7.25
2/16/2009,6.35,6.45,6.65,6.75,6.875,7.2,7.25
2/13/2009,6.35,6.45,6.65,6.75,6.875,7.2,7.25
2/12/2009,6.35,6.45,6.65,6.75,6.875,7.2,7.25
2/11/2009,6.35,6.45,6.65,6.75,6.875,7.2,7.25
2/10/2009,6.35,6.45,6.65,6.75,6.875,7.2,7.25
2/9/2009,6.35,6.45,6.65,6.75,6.875,7.2,7.25
2/6/2009,6.35,6.45,6.65,6.75,6.875,7.2,7.25
2/5/2009,6.35,6.45,6.65,6.75,6.875,7.2,7.25
2/4/2009,6.35,6.45,6.65,6.75,6.875,7.2,7.25
2/3/2009,6.35,6.45,6.65,6.75,6.875,7.2,7.25
2/2/2009,6.35,6.45,6.65,6.75,6.875,7.2,7.25
1/30/2009,6.35,6.45,6.65,6.75,6.875,7.2,7.25
1/29/2009,6.35,6.45,6.65,6.75,6.875,7.2,7.25
1/28/2009,6.35,6.45,6.65,6.75,6.875,7.2,7.25
1/27/2009,6.35,6.45,6.65,6.75,6.875,7.2,7.25
1/26/2009,6.35,6.45,6.65,6.75,6.875,7.2,7.25
1/23/2009,6.35,6.45,6.65,6.75,6.875,7.2,7.25
1/22/2009,6.35,6.45,6.65,6.75,6.875,7.2,7.25
1/21/2009,6.35,6.45,6.65,6.75,6.875,7.2,7.25
1/20/2009,6.35,6.45,6.65,6.75,6.875,7.2,7.25
1/19/2009,6.35,6.45,6.65,6.75,6.875,7.2,7.25
1/16/2009,6.35,6.45,6.65,6.75,6.875,7.2,7.25
1/15/2009,6.35,6.45,6.65,6.75,6.875,7.2,7.25
1/14/2009,6.35,6.45,6.65,6.75,6.875,7.2,7.25
1/13/2009,6.35,6.45,6.65,6.75,6.875,7.2,7.25
1/12/2009,6.35,6.45,6.65,6.75,6.875,7.2,7.25
1/9/2009,6.35,6.45,6.65,6.75,6.875,7.2,7.25
1/8/2009,6.35,6.45,6.65,6.75,6.875,7.2,7.25
1/7/2009,6.35,6.45,6.65,6.75,6.875,7.2,7.25
1/6/2009,6.35,6.45,6.65,6.75,6.875,7.2,7.25
1/5/2009,6.35,6.45,6.65,6.75,6.875,7.2,7.25
1/2/2009,6.35,6.45,6.65,6.75,6.875,7.2,7.25
1/1/2009,6.35,6.45,6.65,6.75,6.875,7.2,7.25
12/31/2008,6.35,6.45,6.65,6.75,6.875,7.2,7.25
12/30/2008,6.35,6.45,6.65,6.75,6.875,7.2,7.25
12/29/2008,6.35,6.45,6.65,6.75,6.875,7.2,7.25
12/26/2008,6.35,6.45,6.65,6.75,6.875,7.2,7.25
12/25/2008,6.35,6.45,6.65,6.75,6.875,7.2,7.25
12/24/2008,6.35,6.45,6.65,6.75,6.875,7.2,7.25
12/23/2008,6.35,6.45,6.65,6.75,6.875,7.2,7.25
12/22/2008,6.35,6.45,6.65,6.75,6.875,7.2,7.25
12/19/2008,6.35,6.45,6.65,6.75,6.875,7.2,7.25
12/18/2008,6.35,6.45,6.65,6.75,6.875,7.2,7.25
12/17/2008,6.35,6.45,6.65,6.75,6.875,7.2,7.25
12/16/2008,6.35,6.45,6.65,6.75,6.875,7.2,7.25
12/15/2008,6.35,6.45,6.65,6.75,6.875,7.2,7.25
12/12/2008,6.35,6.45,6.65,6.75,6.875,7.2,7.25
12/11/2008,6.35,6.45,6.65,6.75,6.875,7.2,7.25
12/10/2008,6.35,6.45,6.65,6.75,6.875,7.2,7.25
12/9/2008,6.35,6.45,6.65,6.75,6.875,7.2,7.25
12/8/2008,6.35,6.45,6.65,6.75,6.875,7.2,7.25
12/5/2008,6.35,6.45,6.65,6.75,6.875,7.2,7.25
12/4/2008,6.35,6.45,6.65,6.75,6.875,7.2,7.25
12/3/2008,6.35,6.45,6.65,6.75,6.875,7.2,7.25
12/2/2008,6.35,6.45,6.65,6.75,6.875,7.2,7.25
12/1/2008,6.35,6.45,6.65,6.75,6.875,7.2,7.25
11/28/2008,6.35,6.45,6.65,6.75,6.875,7.2,7.25
11/27/2008,6.35,6.45,6.65,6.75,6.875,7.2,7.25
11/26/2008,6.35,6.45,6.65,6.75,6.875,7.2,7.25
11/25/2008,6.35,6.45,6.65,6.75,6.875,7.2,7.25
11/24/2008,6.35,6.45,6.65,6.75,6.875,7.2,7.25
11/21/2008,6.35,6.45,6.65,6.75,6.875,7.2,7.25
11/20/2008,6.35,6.45,6.65,6.75,6.875,7.2,7.25
11/19/2008,6.35,6.45,6.65,6.75,6.875,7.2,7.25
11/18/2008,6.35,6.45,6.65,6.75,6.875,7.2,7.25
11/17/2008,6.35,6.45,6.65,6.75,6.875,7.2,7.25
11/14/2008,6.35,6.45,6.65,6.75,6.875,7.2,7.25
11/13/2008,6.35,6.45,6.65,6.75,6.875,7.2,7.25
11/12/2008,6.35,6.45,6.65,6.75,6.875,7.2,7.25
11/11/2008,6.35,6.45,6.65,6.75,6.875,7.2,7.25
11/10/2008,6.35,6.45,6.65,6.75,6.875,7.2,7.25
11/7/2008,6.35,6.45,6.65,6.75,6.875,7.2,7.25
11/6/2008,6.35,6.45,6.65,6.75,6.875,7.2,7.25
11/5/2008,6.35,6.45,6.65,6.75,6.875,7.2,7.25
11/4/2008,6.35,6.45,6.65,6.75,6.875,7.2,7.25
11/3/2008,6.35,6.45,6.65,6.75,6.875,7.2,7.25
10/31/2008,6.35,6.45,6.65,6.75,6.875,7.2,7.25
10/30/2008,6.35,6.45,6.65,6.75,6.875,7.2,7.25
10/29/2008,6.35,6.45,6.65,6.75,6.875,7.2,7.25
10/28/2008,6.35,6.45,6.65,6.75,6.875,7.2,7.25
10/27/2008,6.35,6.45,6.65,6.75,6.875,7.2,7.25
10/24/2008,6.35,6.45,6.65,6.75,6.875,7.2,7.25
10/23/2008,6.35,6.45,6.65,6.75,6.875,7.2,7.25
10/22/2008,6.35,6.45,6.65,6.75,6.875,7.2,7.25
10/21/2008,6.35,6.45,6.65,6.75,6.875,7.2,7.25
10/20/2008,6.35,6.45,6.65,6.75,6.875,7.2,7.25
10/17/2008,6.35,6.45,6.65,6.75,6.875,7.2,7.25
10/16/2008,6.35,6.45,6.65,6.75,6.875,7.2,7.25
10/15/2008,6.35,6.45,6.65,6.75,6.875,7.2,7.25
10/14/2008,6.35,6.45,6.65,6.75,6.875,7.2,7.25
10/13/2008,6.35,6.45,6.65,6.75,6.875,7.2,7.25
10/10/2008,6.35,6.45,6.65,6.75,6.875,7.2,7.25
10/9/2008,6.35,6.45,6.65,6.75,6.875,7.2,7.25
10/8/2008,6.35,6.45,6.65,6.75,6.875,7.2,7.25
10/7/2008,6.35,6.45,6.65,6.75,6.875,7.2,7.25
10/6/2008,6.35,6.45,6.65,6.75,6.875,7.2,7.25
10/3/2008,6.35,6.45,6.65,6.75,6.875,7.2,7.25
10/2/2008,6.35,6.45,6.65,6.75,6.875,7.2,7.25
10/1/2008,6.35,6.45,6.65,6.75,6.875,7.2,7.25
9/30/2008,6.35,6.45,6.65,6.75,6.875,7.2,7.25
9/29/2008,6.35,6.45,6.65,6.75,6.875,7.2,7.25
9/26/2008,6.35,6.45,6.65,6.75,6.875,7.2,7.25
9/25/2008,6.35,6.45,6.65,6.75,6.875,7.2,7.25
9/24/2008,6.35,6.45,6.65,6.75,6.875,7.2,7.25
9/23/2008,6.35,6.45,6.65,6.75,6.875,7.2,7.25
9/22/2008,6.35,6.45,6.65,6.75,6.875,7.2,7.25
9/19/2008,6.35,6.45,6.65,6.75,6.875,7.2,7.25
9/18/2008,6.35,6.45,6.65,6.75,6.875,7.2,7.25
9/17/2008,6.35,6.45,6.65,6.75,6.875,7.2,7.25
9/16/2008,6.35,6.45,6.65,6.75,6.875,7.2,7.25
9/15/2008,6.35,6.45,6.65,6.75,6.875,7.2,7.25
9/12/2008,6.35,6.45,6.65,6.75,6.875,7.2,7.25
9/11/2008,6.35,6.45,6.65,6.75,6.875,7.2,7.25
9/10/2008,6.35,6.45,6.65,6.75,6.875,7.2,7.25
9/9/2008,6.35,6.45,6.65,6.75,6.875,7.2,7.25
9/8/2008,6.35,6.45,6.65,6.75,6.875,7.2,7.25
9/5/2008,6.35,6.45,6.65,6.75,6.875,7.2,7.25
9/4/2008,6.35,6.45,6.65,6.75,6.875,7.2,7.25
9/3/2008,6.35,6.45,6.65,6.75,6.875,7.2,7.25
9/2/2008,6.35,6.45,6.65,6.75,6.875,7.2,7.25
9/1/2008,6.35,6.45,6.65,6.75,6.875,7.2,7.25
8/29/2008,6.35,6.45,6.65,6.75,6.875,7.2,7.25
8/28/2008,6.35,6.45,6.65,6.75,6.875,7.2,7.25
8/27/2008,6.35,6.45,6.65,6.75,6.875,7.2,7.25
8/26/2008,6.35,6.45,6.65,6.75,6.875,7.2,7.25
8/25/2008,6.35,6.45,6.65,6.75,6.875,7.2,7.25
8/22/2008,6.35,6.45,6.65,6.75,6.875,7.2,7.25
8/21/2008,6.35,6.45,6.65,6.75,6.875,7.2,7.25
8/20/2008,6.35,6.45,6.65,6.75,6.875,7.2,7.25
8/19/2008,6.35,6.45,6.65,6.75,6.875,7.2,7.25
8/18/2008,6.35,6.45,6.65,6.75,6.875,7.2,7.25
8/15/2008,6.35,6.45,6.65,6.75,6.875,7.2,7.25
8/14/2008,6.35,6.45,6.65,6.75,6.875,7.2,7.25
8/13/2008,6.35,6.45,6.65,6.75,6.875,7.2,7.25
8/12/2008,6.35,6.45,6.65,6.75,6.875,7.2,7.25
8/11/2008,6.35,6.45,6.65,6.75,6.875,7.2,7.25
8/8/2008,6.35,6.45,6.65,6.75,6.875,7.2,7.25
8/7/2008,6.35,6.45,6.65,6.75,6.875,7.2,7.25
8/6/2008,6.35,6.45,6.65,6.75,6.875,7.2,7.25
8/5/2008,6.35,6.45,6.65,6.75,6.875,7.2,7.25
8/4/2008,6.35,6.45,6.65,6.75,6.875,7.2,7.25
8/1/2008,6.35,6.45,6.65,6.75,6.875,7.2,7.25
7/31/2008,6.35,6.45,6.65,6.75,6.875,7.2,7.25
7/30/2008,6.35,6.45,6.65,6.75,6.875,7.2,7.25
7/29/2008,6.35,6.45,6.65,6.75,6.875,7.2,7.25
7/28/2008,6.35,6.45,6.65,6.75,6.875,7.2,7.25
7/25/2008,6.35,6.45,6.65,6.75,6.875,7.2,7.25
7/24/2008,6.35,6.45,6.65,6.75,6.875,7.2,7.25
7/23/2008,6.35,6.45,6.65,6.75,6.875,7.2,7.25
7/22/2008,6.35,6.45,6.65,6.75,6.875,7.2,7.25
7/21/2008,6.35,6.45,6.65,6.75,6.875,7.2,7.25
7/18/2008,6.35,6.45,6.65,6.75,6.875,7.2,7.25
7/17/2008,6.35,6.45,6.65,6.75,6.875,7.2,7.25
7/16/2008,6.35,6.45,6.65,6.75,6.875,7.2,7.25
7/15/2008,6.35,6.45,6.65,6.75,6.875,7.2,7.25
7/14/2008,6.35,6.45,6.65,6.75,6.875,7.2,7.25
7/11/2008,6.35,6.45,6.65,6.75,6.875,7.2,7.25
7/10/2008,6.35,6.45,6.65,6.75,6.875,7.2,7.25
7/9/2008,6.35,6.45,6.65,6.75,6.875,7.2,7.25
7/8/2008,6.35,6.45,6.65,6.75,6.875,7.2,7.25
7/7/2008,6.35,6.45,6.65,6.75,6.875,7.2,7.25
7/4/2008,6.35,6.45,6.65,6.75,6.875,7.2,7.25
7/3/2008,6.35,6.45,6.65,6.75,6.875,7.2,7.25
7/2/2008,6.35,6.45,6.65,6.75,6.875,7.2,7.25
7/1/2008,6.35,6.45,6.65,6.75,6.875,7.2,7.25
6/30/2008,6.35,6.45,6.65,6.75,6.875,7.2,7.25
6/27/2008,6.35,6.45,6.65,6.75,6.875,7.2,7.25
6/26/2008,6.35,6.45,6.65,6.75,6.875,7.2,7.25
6/25/2008,6.35,6.45,6.65,6.75,6.875,7.2,7.25
6/24/2008,6.35,6.45,6.65,6.75,6.875,7.2,7.25
6/23/2008,6.35,6.45,6.65,6.75,6.875,7.2,7.25
6/20/2008,6.35,6.45,6.65,6.75,6.875,7.2,7.25
6/19/2008,6.35,6.45,6.65,6.75,6.875,7.2,7.25
6/18/2008,6.35,6.45,6.65,6.75,6.875,7.2,7.25
6/17/2008,6.35,6.45,6.65,6.75,6.875,7.2,7.25
6/16/2008,6.35,6.45,6.65,6.75,6.875,7.2,7.25
6/13/2008,6.35,6.45,6.65,6.75,6.875,7.2,7.25
6/12/2008,6.35,6.45,6.65,6.75,6.875,7.2,7.25
6/11/2008,6.35,6.45,6.65,6.75,6.875,7.2,7.25
6/10/2008,6.35,6.45,6.65,6.75,6.875,7.2,7.25
6/9/2008,6.35,6.45,6.65,6.75,6.875,7.2,7.25
6/6/2008,6.35,6.45,6.65,6.75,6.875,7.2,7.25
6/5/2008,6.35,6.45,6.65,6.75,6.875,7.2,7.25
6/4/2008,6.35,6.45,6.65,6.75,6.875,7.2,7.25
6/3/2008,6.35,6.45,6.65,6.75,6.875,7.2,7.25
6/2/2008,6.35,6.45,6.65,6.75,6.875,7.2,7.25
5/30/2008,6.35,6.45,6.65,6.75,6.875,7.2,7.25
5/29/2008,6.35,6.45,6.65,6.75,6.875,7.2,7.25
5/28/2008,6.35,6.45,6.65,6.75,6.875,7.2,7.25
5/27/2008,6.35,6.45,6.65,6.75,6.875,7.2,7.25
5/26/2008,6.35,6.45,6.65,6.75,6.875,7.2,7.25
5/23/2008,6.35,6.45,6.65,6.75,6.875,7.2,7.25
5/22/2008,6.35,6.45,6.65,6.75,6.875,7.2,7.25
5/21/2008,6.35,6.45,6.65,6.75,6.875,7.2,7.25
5/20/2008,6.35,6.45,6.65,6.75,6.875,7.2,7.25
5/19/2008,6.35,6.45,6.65,6.75,6.875,7.2,7.25
5/16/2008,6.35,6.45,6.65,6.75,6.875,7.2,7.25
5/15/2008,6.35,6.45,6.65,6.75,6.875,7.2,7.25
5/14/2008,6.35,6.45,6.65,6.75,6.875,7.2,7.25
5/13/2008,6.35,6.45,6.65,6.75,6.875,7.2,7.25
5/12/2008,6.35,6.45,6.65,6.75,6.875,7.2,7.25
5/9/2008,6.35,6.45,6.65,6.75,6.875,7.2,7.25
5/8/2008,6.35,6.45,6.65,6.75,6.875,7.2,7.25
5/7/2008,6.35,6.45,6.65,6.75,6.875,7.2,7.25
5/6/2008,6.35,6.45,6.65,6.75,6.875,7.2,7.25
5/5/2008,6.35,6.45,6.65,6.75,6.875,7.2,7.25
5/2/2008,6.35,6.45,6.65,6.75,6.875,7.2,7.25
5/1/2008,6.35,6.45,6.65,6.75,6.875,7.2,7.25
4/30/2008,6.35,6.45,6.65,6.75,6.875,7.2,7.25
4/29/2008,6.35,6.45,6.65,6.75,6.875,7.2,7.25
4/28/2008,6.35,6.45,6.65,6.75,6.875,7.2,7.25
4/25/2008,6.35,6.45,6.65,6.75,6.875,7.2,7.25
4/24/2008,6.35,6.45,6.65,6.75,6.875,7.2,7.25
4/23/2008,6.35,6.45,6.65,6.75,6.875,7.2,7.25
4/22/2008,6.35,6.45,6.65,6.75,6.875,7.2,7.25
4/21/2008,6.35,6.45,6.65,6.75,6.875,7.2,7.25
4/18/2008,6.35,6.45,6.65,6.75,6.875,7.2,7.25
4/17/2008,6.35,6.45,6.65,6.75,6.875,7.2,7.25
4/16/2008,6.35,6.45,6.65,6.75,6.875,7.2,7.25
4/15/2008,6.35,6.45,6.65,6.75,6.875,7.2,7.25
4/14/2008,6.35,6.45,6.65,6.75,6.875,7.2,7.25
4/11/2008,6.35,6.45,6.65,6.75,6.875,7.2,7.25
4/10/2008,6.35,6.45,6.65,6.75,6.875,7.2,7.25
4/9/2008,6.35,6.45,6.65,6.75,6.875,7.2,7.25
4/8/2008,6.35,6.45,6.65,6.75,6.875,7.2,7.25
4/7/2008,6.35,6.45,6.65,6.75,6.875,7.2,7.25
4/4/2008,6.35,6.45,6.65,6.75,6.875,7.2,7.25
4/3/2008,6.35,6.45,6.65,6.75,6.875,7.2,7.25
4/2/2008,6.35,6.45,6.65,6.75,6.875,7.2,7.25
4/1/2008,6.35,6.45,6.65,6.75,6.875,7.2,7.25
3/31/2008,6.35,6.45,6.65,6.75,6.875,7.2,7.25
3/28/2008,6.35,6.45,6.65,6.75,6.875,7.2,7.25
3/27/2008,6.35,6.45,6.65,6.75,6.875,7.2,7.25
3/26/2008,6.35,6.45,6.65,6.75,6.875,7.2,7.25
3/25/2008,6.35,6.45,6.65,6.75,6.875,7.2,7.25
3/24/2008,6.35,6.45,6.65,6.75,6.875,7.2,7.25
3/21/2008,6.35,6.45,6.65,6.75,6.875,7.2,7.25
3/20/2008,6.35,6.45,6.65,6.75,6.875,7.2,7.25
3/19/2008,6.35,6.45,6.65,6.75,6.875,7.2,7.25
3/18/2008,6.35,6.45,6.65,6.75,6.875,7.2,7.25
3/17/2008,6.35,6.45,6.65,6.75,6.875,7.2,7.25
3/14/2008,6.35,6.45,6.65,6.75,6.875,7.2,7.25
3/13/2008,6.35,6.45,6.65,6.75,6.875,7.2,7.25
3/12/2008,6.35,6.45,6.65,6.75,6.875,7.2,7.25
3/11/2008,6.35,6.45,6.65,6.75,6.875,7.2,7.25
3/10/2008,6.35,6.45,6.65,6.75,6.875,7.2,7.25
3/7/2008,6.35,6.45,6.65,6.75,6.875,7.2,7.25
3/6/2008,6.35,6.45,6.65,6.75,6.875,7.2,7.25
3/5/2008,6.35,6.45,6.65,6.75,6.875,7.2,7.25
3/4/2008,6.35,6.45,6.65,6.75,6.875,7.2,7.25
3/3/2008,6.35,6.45,6.65,6.75,6.875,7.2,7.25
2/29/2008,6.35,6.45,6.65,6.75,6.875,7.2,7.25
2/28/2008,6.35,6.45,6.65,6.75,6.875,7.2,7.25
2/27/2008,6.35,6.45,6.65,6.75,6.875,7.2,7.25
2/26/2008,6.35,6.45,6.65,6.75,6.875,7.2,7.25
2/25/2008,6.35,6.45,6.65,6.75,6.875,7.2,7.25
2/22/2008,6.35,6.45,6.65,6.75,6.875,7.2,7.25
2/21/2008,6.35,6.45,6.65,6.75,6.875,7.2,7.25
2/20/2008,6.35,6.45,6.65,6.75,6.875,7.2,7.25
2/19/2008,6.35,6.45,6.65,6.75,6.875,7.2,7.25
2/18/2008,6.35,6.45,6.65,6.75,6.875,7.2,7.25
2/15/2008,6.35,6.45,6.65,6.75,6.875,7.2,7.25
2/14/2008,6.35,6.45,6.65,6.75,6.875,7.2,7.25
2/13/2008,6.35,6.45,6.65,6.75,6.875,7.2,7.25
2/12/2008,6.35,6.45,6.65,6.75,6.875,7.2,7.25
2/11/2008,6.35,6.45,6.65,6.75,6.875,7.2,7.25
2/8/2008,6.35,6.45,6.65,6.75,6.875,7.2,7.25
2/7/2008,6.35,6.45,6.65,6.75,6.875,7.2,7.25
2/6/2008,6.35,6.45,6.65,6.75,6.875,7.2,7.25
2/5/2008,6.35,6.45,6.65,6.75,6.875,7.2,7.25
2/4/2008,6.35,6.45,6.65,6.75,6.875,7.2,7.25
2/1/2008,6.35,6.45,6.65,6.75,6.875,7.2,7.25
1/31/2008,6.35,6.45,6.65,6.75,6.875,7.2,7.25
1/30/2008,6.35,6.45,6.65,6.75,6.875,7.2,7.25
1/29/2008,6.35,6.45,6.65,6.75,6.875,7.2,7.25
1/28/2008,6.35,6.45,6.65,6.75,6.875,7.2,7.25
1/25/2008,6.35,6.45,6.65,6.75,6.875,7.2,7.25
1/24/2008,6.35,6.45,6.65,6.75,6.875,7.2,7.25
1/23/2008,6.35,6.45,6.65,6.75,6.875,7.2,7.25
1/22/2008,6.35,6.45,6.65,6.75,6.875,7.2,7.25
1/21/2008,6.35,6.45,6.65,6.75,6.875,7.2,7.25
1/18/2008,6.35,6.45,6.65,6.75,6.875,7.2,7.25
1/17/2008,6.35,6.45,6.65,6.75,6.875,7.2,7.25
1/16/2008,6.35,6.45,6.65,6.75,6.875,7.2,7.25
1/15/2008,6.35,6.45,6.65,6.75,6.875,7.2,7.25
1/14/2008,6.35,6.45,6.65,6.75,6.875,7.2,7.25
1/11/2008,6.35,6.45,6.65,6.75,6.875,7.2,7.25
1/10/2008,6.35,6.45,6.65,6.75,6.875,7.2,7.25
1/9/2008,6.35,6.45,6.65,6.75,6.875,7.2,7.25
1/8/2008,6.35,6.45,6.65,6.75,6.875,7.2,7.25
1/7/2008,6.35,6.45,6.65,6.75,6.875,7.2,7.25
1/4/2008,6.35,6.45,6.65,6.75,6.875,7.2,7.25
1/3/2008,6.35,6.45,6.65,6.75,6.875,7.2,7.25
1/2/2008,6.35,6.45,6.65,6.75,6.875,7.2,7.25
1/1/2008,6.35,6.45,6.65,6.75,6.875,7.2,7.25
12/31/2007,6.35,6.45,6.65,6.75,6.875,7.2,7.25
12/28/2007,6.35,6.45,6.65,6.75,6.875,7.2,7.25
12/27/2007,6.35,6.45,6.65,6.75,6.875,7.2,7.25
12/26/2007,6.35,6.45,6.65,6.75,6.875,7.2,7.25
12/25/2007,6.35,6.45,6.65,6.75,6.875,7.2,7.25
12/24/2007,6.35,6.45,6.65,6.75,6.875,7.2,7.25
12/21/2007,6.35,6.45,6.65,6.75,6.875,7.2,7.25
12/20/2007,6.35,6.45,6.65,6.75,6.875,7.2,7.25
12/19/2007,6.35,6.45,6.65,6.75,6.875,7.2,7.25
12/18/2007,6.35,6.45,6.65,6.75,6.875,7.2,7.25
12/17/2007,6.35,6.45,6.65,6.75,6.875,7.2,7.25
12/14/2007,6.35,6.45,6.65,6.75,6.875,7.2,7.25
12/13/2007,6.35,6.45,6.65,6.75,6.875,7.2,7.25
12/12/2007,6.35,6.45,6.65,6.75,6.875,7.2,7.25
12/11/2007,6.35,6.45,6.65,6.75,6.875,7.2,7.25
12/10/2007,6.35,6.45,6.65,6.75,6.875,7.2,7.25
12/7/2007,6.35,6.45,6.65,6.75,6.875,7.2,7.25
12/6/2007,6.35,6.45,6.65,6.75,6.875,7.2,7.25
12/5/2007,6.35,6.45,6.65,6.75,6.875,7.2,7.25
12/4/2007,6.35,6.45,6.65,6.75,6.875,7.2,7.25
12/3/2007,6.35,6.45,6.65,6.75,6.875,7.2,7.25
11/30/2007,6.35,6.45,6.65,6.75,6.875,7.2,7.25
11/29/2007,6.35,6.45,6.65,6.75,6.875,7.2,7.25
11/28/2007,6.35,6.45,6.65,6.75,6.875,7.2,7.25
11/27/2007,6.35,6.45,6.65,6.75,6.875,7.2,7.25
11/26/2007,6.35,6.45,6.65,6.75,6.875,7.2,7.25
11/23/2007,6.35,6.45,6.65,6.75,6.875,7.2,7.25
11/22/2007,6.35,6.45,6.65,6.75,6.875,7.2,7.25
11/21/2007,6.35,6.45,6.65,6.75,6.875,7.2,7.25
11/20/2007,6.35,6.45,6.65,6.75,6.875,7.2,7.25
11/19/2007,6.35,6.45,6.65,6.75,6.875,7.2,7.25
11/16/2007,6.35,6.45,6.65,6.75,6.875,7.2,7.25
11/15/2007,6.35,6.45,6.65,6.75,6.875,7.2,7.25
11/14/2007,6.35,6.45,6.65,6.75,6.875,7.2,7.25
11/13/2007,6.35,6.45,6.65,6.75,6.875,7.2,7.25
11/12/2007,6.35,6.45,6.65,6.75,6.875,7.2,7.25
11/9/2007,6.35,6.45,6.65,6.75,6.875,7.2,7.25
11/8/2007,6.35,6.45,6.65,6.75,6.875,7.2,7.25
11/7/2007,6.35,6.45,6.65,6.75,6.875,7.2,7.25
11/6/2007,6.35,6.45,6.65,6.75,6.875,7.2,7.25
11/5/2007,6.35,6.45,6.65,6.75,6.875,7.2,7.25
11/2/2007,6.35,6.45,6.65,6.75,6.875,7.2,7.25
11/1/2007,6.35,6.45,6.65,6.75,6.875,7.2,7.25
10/31/2007,6.35,6.45,6.65,6.75,6.875,7.2,7.25
10/30/2007,6.35,6.45,6.65,6.75,6.875,7.2,7.25
10/29/2007,6.35,6.45,6.65,6.75,6.875,7.2,7.25
10/26/2007,6.35,6.45,6.65,6.75,6.875,7.2,7.25
10/25/2007,6.35,6.45,6.65,6.75,6.875,7.2,7.25
10/24/2007,6.35,6.45,6.65,6.75,6.875,7.2,7.25
10/23/2007,6.35,6.45,6.65,6.75,6.875,7.2,7.25
10/22/2007,6.35,6.45,6.65,6.75,6.875,7.2,7.25
10/19/2007,6.35,6.45,6.65,6.75,6.875,7.2,7.25
10/18/2007,6.35,6.45,6.65,6.75,6.875,7.2,7.25
10/17/2007,6.35,6.45,6.65,6.75,6.875,7.2,7.25
10/16/2007,6.35,6.45,6.65,6.75,6.875,7.2,7.25
10/15/2007,6.35,6.45,6.65,6.75,6.875,7.2,7.25
10/12/2007,6.35,6.45,6.65,6.75,6.875,7.2,7.25
10/11/2007,6.35,6.45,6.65,6.75,6.875,7.2,7.25
10/10/2007,6.35,6.45,6.65,6.75,6.875,7.2,7.25
10/9/2007,6.35,6.45,6.65,6.75,6.875,7.2,7.25
10/8/2007,6.35,6.45,6.65,6.75,6.875,7.2,7.25
10/5/2007,6.35,6.45,6.65,6.75,6.875,7.2,7.25
10/4/2007,6.35,6.45,6.65,6.75,6.875,7.2,7.25
10/3/2007,6.35,6.45,6.65,6.75,6.875,7.2,7.25
10/2/2007,6.35,6.45,6.65,6.75,6.875,7.2,7.25
10/1/2007,6.35,6.45,6.65,6.75,6.875,7.2,7.25
9/28/2007,6.35,6.45,6.65,6.75,6.875,7.2,7.25
9/27/2007,6.35,6.45,6.65,6.75,6.875,7.2,7.25
9/26/2007,6.35,6.45,6.65,6.75,6.875,7.2,7.25
9/25/2007,6.35,6.45,6.65,6.75,6.875,7.2,7.25
9/24/2007,6.35,6.45,6.65,6.75,6.875,7.2,7.25
9/21/2007,6.35,6.45,6.65,6.75,6.875,7.2,7.25
9/20/2007,6.35,6.45,6.65,6.75,6.875,7.2,7.25
9/19/2007,6.35,6.45,6.65,6.75,6.875,7.2,7.25
9/18/2007,6.35,6.45,6.65,6.75,6.875,7.2,7.25
9/17/2007,6.35,6.45,6.65,6.75,6.875,7.2,7.25
9/14/2007,6.35,6.45,6.65,6.75,6.875,7.2,7.25
9/13/2007,6.35,6.45,6.65,6.75,6.875,7.2,7.25
9/12/2007,6.35,6.45,6.65,6.75,6.875,7.2,7.25
9/11/2007,6.35,6.45,6.65,6.75,6.875,7.2,7.25
9/10/2007,6.35,6.45,6.65,6.75,6.875,7.2,7.25
9/7/2007,6.35,6.45,6.65,6.75,6.875,7.2,7.25
9/6/2007,6.35,6.45,6.65,6.75,6.875,7.2,7.25
9/5/2007,6.35,6.45,6.65,6.75,6.875,7.2,7.25
9/4/2007,6.35,6.45,6.65,6.75,6.875,7.2,7.25
9/3/2007,6.35,6.45,6.65,6.75,6.875,7.2,7.25
8/31/2007,6.35,6.45,6.65,6.75,6.875,7.2,7.25
8/30/2007,6.35,6.45,6.65,6.75,6.875,7.2,7.25
8/29/2007,6.35,6.45,6.65,6.75,6.875,7.2,7.25
8/28/2007,6.35,6.45,6.65,6.75,6.875,7.2,7.25
8/27/2007,6.35,6.45,6.65,6.75,6.875,7.2,7.25
8/24/2007,6.35,6.45,6.65,6.75,6.875,7.2,7.25
8/23/2007,6.35,6.45,6.65,6.75,6.875,7.2,7.25
8/22/2007,6.35,6.45,6.65,6.75,6.875,7.2,7.25
8/21/2007,6.35,6.45,6.65,6.75,6.875,7.2,7.25
8/20/2007,6.35,6.45,6.65,6.75,6.875,7.2,7.25
8/17/2007,6.35,6.45,6.65,6.75,6.875,7.2,7.25
8/16/2007,6.35,6.45,6.65,6.75,6.875,7.2,7.25
8/15/2007,6.35,6.45,6.65,6.75,6.875,7.2,7.25
8/14/2007,6.35,6.45,6.65,6.75,6.875,7.2,7.25
8/13/2007,6.35,6.45,6.65,6.75,6.875,7.2,7.25
8/10/2007,6.35,6.45,6.65,6.75,6.875,7.2,7.25
8/9/2007,6.35,6.45,6.65,6.75,6.875,7.2,7.25
8/8/2007,6.35,6.45,6.65,6.75,6.875,7.2,7.25
8/7/2007,6.35,6.45,6.65,6.75,6.875,7.2,7.25
8/6/2007,6.35,6.45,6.65,6.75,6.875,7.2,7.25
8/3/2007,6.35,6.45,6.65,6.75,6.875,7.2,7.25
8/2/2007,6.35,6.45,6.65,6.75,6.875,7.2,7.25
8/1/2007,6.35,6.45,6.65,6.75,6.875,7.2,7.25
7/31/2007,6.35,6.45,6.65,6.75,6.875,7.2,7.25
7/30/2007,6.35,6.45,6.65,6.75,6.875,7.2,7.25
7/27/2007,6.35,6.45,6.65,6.75,6.875,7.2,7.25
7/26/2007,6.35,6.45,6.65,6.75,6.875,7.2,7.25
7/25/2007,6.35,6.45,6.65,6.75,6.875,7.2,7.25
7/24/2007,6.35,6.45,6.65,6.75,6.875,7.2,7.25
7/23/2007,6.35,6.45,6.65,6.75,6.875,7.2,7.25
7/20/2007,6.35,6.45,6.65,6.75,6.875,7.2,7.25
7/19/2007,6.35,6.45,6.65,6.75,6.875,7.2,7.25
7/18/2007,6.35,6.45,6.65,6.75,6.875,7.2,7.25
7/17/2007,6.35,6.45,6.65,6.75,6.875,7.2,7.25
7/16/2007,6.35,6.45,6.65,6.75,6.875,7.2,7.25
7/13/2007,6.35,6.45,6.65,6.75,6.875,7.2,7.25
7/12/2007,6.35,6.45,6.65,6.75,6.875,7.2,7.25
