"","X1Y","X2Y","X3Y","X4Y","X5Y","X7Y","X10Y"
"2007-07-12",6.35,6.45,6.65,6.75,6.875,7.2,7.25
"2007-07-13",6.35,6.45,6.65,6.75,6.875,7.2,7.25
"2007-07-16",6.35,6.45,6.65,6.75,6.875,7.2,7.25
"2007-07-17",6.35,6.45,6.65,6.75,6.875,7.2,7.25
"2007-07-18",6.35,6.45,6.65,6.75,6.875,7.2,7.25
"2007-07-19",6.35,6.45,6.65,6.75,6.875,7.2,7.25
"2007-07-20",6.35,6.45,6.65,6.75,6.875,7.2,7.25
"2007-07-23",6.35,6.45,6.65,6.75,6.875,7.2,7.25
"2007-07-24",6.35,6.45,6.65,6.75,6.875,7.2,7.25
"2007-07-25",6.35,6.45,6.65,6.75,6.875,7.2,7.25
"2007-07-26",6.35,6.45,6.65,6.75,6.875,7.2,7.25
"2007-07-27",6.35,6.45,6.65,6.75,6.875,7.2,7.25
"2007-07-30",6.35,6.45,6.65,6.75,6.875,7.2,7.25
"2007-07-31",6.35,6.45,6.65,6.75,6.875,7.2,7.25
"2007-08-01",6.35,6.45,6.65,6.75,6.875,7.2,7.25
"2007-08-02",6.35,6.45,6.65,6.75,6.875,7.2,7.25
"2007-08-03",6.35,6.45,6.65,6.75,6.875,7.2,7.25
"2007-08-06",6.35,6.45,6.65,6.75,6.875,7.2,7.25
"2007-08-07",6.35,6.45,6.65,6.75,6.875,7.2,7.25
"2007-08-08",6.35,6.45,6.65,6.75,6.875,7.2,7.25
"2007-08-09",6.35,6.45,6.65,6.75,6.875,7.2,7.25
"2007-08-10",6.35,6.45,6.65,6.75,6.875,7.2,7.25
"2007-08-13",6.35,6.45,6.65,6.75,6.875,7.2,7.25
"2007-08-14",6.35,6.45,6.65,6.75,6.875,7.2,7.25
"2007-08-15",6.35,6.45,6.65,6.75,6.875,7.2,7.25
"2007-08-16",6.35,6.45,6.65,6.75,6.875,7.2,7.25
"2007-08-17",6.35,6.45,6.65,6.75,6.875,7.2,7.25
"2007-08-20",6.35,6.45,6.65,6.75,6.875,7.2,7.25
"2007-08-21",6.35,6.45,6.65,6.75,6.875,7.2,7.25
"2007-08-22",6.35,6.45,6.65,6.75,6.875,7.2,7.25
"2007-08-23",6.35,6.45,6.65,6.75,6.875,7.2,7.25
"2007-08-24",6.35,6.45,6.65,6.75,6.875,7.2,7.25
"2007-08-27",6.35,6.45,6.65,6.75,6.875,7.2,7.25
"2007-08-28",6.35,6.45,6.65,6.75,6.875,7.2,7.25
"2007-08-29",6.35,6.45,6.65,6.75,6.875,7.2,7.25
"2007-08-30",6.35,6.45,6.65,6.75,6.875,7.2,7.25
"2007-08-31",6.35,6.45,6.65,6.75,6.875,7.2,7.25
"2007-09-03",6.35,6.45,6.65,6.75,6.875,7.2,7.25
"2007-09-04",6.35,6.45,6.65,6.75,6.875,7.2,7.25
"2007-09-05",6.35,6.45,6.65,6.75,6.875,7.2,7.25
"2007-09-06",6.35,6.45,6.65,6.75,6.875,7.2,7.25
"2007-09-07",6.35,6.45,6.65,6.75,6.875,7.2,7.25
"2007-09-10",6.35,6.45,6.65,6.75,6.875,7.2,7.25
"2007-09-11",6.35,6.45,6.65,6.75,6.875,7.2,7.25
"2007-09-12",6.35,6.45,6.65,6.75,6.875,7.2,7.25
"2007-09-13",6.35,6.45,6.65,6.75,6.875,7.2,7.25
"2007-09-14",6.35,6.45,6.65,6.75,6.875,7.2,7.25
"2007-09-17",6.35,6.45,6.65,6.75,6.875,7.2,7.25
"2007-09-18",6.35,6.45,6.65,6.75,6.875,7.2,7.25
"2007-09-19",6.35,6.45,6.65,6.75,6.875,7.2,7.25
"2007-09-20",6.35,6.45,6.65,6.75,6.875,7.2,7.25
"2007-09-21",6.35,6.45,6.65,6.75,6.875,7.2,7.25
"2007-09-24",6.35,6.45,6.65,6.75,6.875,7.2,7.25
"2007-09-25",6.35,6.45,6.65,6.75,6.875,7.2,7.25
"2007-09-26",6.35,6.45,6.65,6.75,6.875,7.2,7.25
"2007-09-27",6.35,6.45,6.65,6.75,6.875,7.2,7.25
"2007-09-28",6.35,6.45,6.65,6.75,6.875,7.2,7.25
"2007-10-01",6.35,6.45,6.65,6.75,6.875,7.2,7.25
"2007-10-02",6.35,6.45,6.65,6.75,6.875,7.2,7.25
"2007-10-03",6.35,6.45,6.65,6.75,6.875,7.2,7.25
"2007-10-04",6.35,6.45,6.65,6.75,6.875,7.2,7.25
"2007-10-05",6.35,6.45,6.65,6.75,6.875,7.2,7.25
"2007-10-08",6.35,6.45,6.65,6.75,6.875,7.2,7.25
"2007-10-09",6.35,6.45,6.65,6.75,6.875,7.2,7.25
"2007-10-10",6.35,6.45,6.65,6.75,6.875,7.2,7.25
"2007-10-11",6.35,6.45,6.65,6.75,6.875,7.2,7.25
"2007-10-12",6.35,6.45,6.65,6.75,6.875,7.2,7.25
"2007-10-15",6.35,6.45,6.65,6.75,6.875,7.2,7.25
"2007-10-16",6.35,6.45,6.65,6.75,6.875,7.2,7.25
"2007-10-17",6.35,6.45,6.65,6.75,6.875,7.2,7.25
"2007-10-18",6.35,6.45,6.65,6.75,6.875,7.2,7.25
"2007-10-19",6.35,6.45,6.65,6.75,6.875,7.2,7.25
"2007-10-22",6.35,6.45,6.65,6.75,6.875,7.2,7.25
"2007-10-23",6.35,6.45,6.65,6.75,6.875,7.2,7.25
"2007-10-24",6.35,6.45,6.65,6.75,6.875,7.2,7.25
"2007-10-25",6.35,6.45,6.65,6.75,6.875,7.2,7.25
"2007-10-26",6.35,6.45,6.65,6.75,6.875,7.2,7.25
"2007-10-29",6.35,6.45,6.65,6.75,6.875,7.2,7.25
"2007-10-30",6.35,6.45,6.65,6.75,6.875,7.2,7.25
"2007-10-31",6.35,6.45,6.65,6.75,6.875,7.2,7.25
"2007-11-01",6.35,6.45,6.65,6.75,6.875,7.2,7.25
"2007-11-02",6.35,6.45,6.65,6.75,6.875,7.2,7.25
"2007-11-05",6.35,6.45,6.65,6.75,6.875,7.2,7.25
"2007-11-06",6.35,6.45,6.65,6.75,6.875,7.2,7.25
"2007-11-07",6.35,6.45,6.65,6.75,6.875,7.2,7.25
"2007-11-08",6.35,6.45,6.65,6.75,6.875,7.2,7.25
"2007-11-09",6.35,6.45,6.65,6.75,6.875,7.2,7.25
"2007-11-12",6.35,6.45,6.65,6.75,6.875,7.2,7.25
"2007-11-13",6.35,6.45,6.65,6.75,6.875,7.2,7.25
"2007-11-14",6.35,6.45,6.65,6.75,6.875,7.2,7.25
"2007-11-15",6.35,6.45,6.65,6.75,6.875,7.2,7.25
"2007-11-16",6.35,6.45,6.65,6.75,6.875,7.2,7.25
"2007-11-19",6.35,6.45,6.65,6.75,6.875,7.2,7.25
"2007-11-20",6.35,6.45,6.65,6.75,6.875,7.2,7.25
"2007-11-21",6.35,6.45,6.65,6.75,6.875,7.2,7.25
"2007-11-22",6.35,6.45,6.65,6.75,6.875,7.2,7.25
"2007-11-23",6.35,6.45,6.65,6.75,6.875,7.2,7.25
"2007-11-26",6.35,6.45,6.65,6.75,6.875,7.2,7.25
"2007-11-27",6.35,6.45,6.65,6.75,6.875,7.2,7.25
"2007-11-28",6.35,6.45,6.65,6.75,6.875,7.2,7.25
"2007-11-29",6.35,6.45,6.65,6.75,6.875,7.2,7.25
"2007-11-30",6.35,6.45,6.65,6.75,6.875,7.2,7.25
"2007-12-03",6.35,6.45,6.65,6.75,6.875,7.2,7.25
"2007-12-04",6.35,6.45,6.65,6.75,6.875,7.2,7.25
"2007-12-05",6.35,6.45,6.65,6.75,6.875,7.2,7.25
"2007-12-06",6.35,6.45,6.65,6.75,6.875,7.2,7.25
"2007-12-07",6.35,6.45,6.65,6.75,6.875,7.2,7.25
"2007-12-10",6.35,6.45,6.65,6.75,6.875,7.2,7.25
"2007-12-11",6.35,6.45,6.65,6.75,6.875,7.2,7.25
"2007-12-12",6.35,6.45,6.65,6.75,6.875,7.2,7.25
"2007-12-13",6.35,6.45,6.65,6.75,6.875,7.2,7.25
"2007-12-14",6.35,6.45,6.65,6.75,6.875,7.2,7.25
"2007-12-17",6.35,6.45,6.65,6.75,6.875,7.2,7.25
"2007-12-18",6.35,6.45,6.65,6.75,6.875,7.2,7.25
"2007-12-19",6.35,6.45,6.65,6.75,6.875,7.2,7.25
"2007-12-20",6.35,6.45,6.65,6.75,6.875,7.2,7.25
"2007-12-21",6.35,6.45,6.65,6.75,6.875,7.2,7.25
"2007-12-24",6.35,6.45,6.65,6.75,6.875,7.2,7.25
"2007-12-25",6.35,6.45,6.65,6.75,6.875,7.2,7.25
"2007-12-26",6.35,6.45,6.65,6.75,6.875,7.2,7.25
"2007-12-27",6.35,6.45,6.65,6.75,6.875,7.2,7.25
"2007-12-28",6.35,6.45,6.65,6.75,6.875,7.2,7.25
"2007-12-31",6.35,6.45,6.65,6.75,6.875,7.2,7.25
"2008-01-01",6.35,6.45,6.65,6.75,6.875,7.2,7.25
"2008-01-02",6.35,6.45,6.65,6.75,6.875,7.2,7.25
"2008-01-03",6.35,6.45,6.65,6.75,6.875,7.2,7.25
"2008-01-04",6.35,6.45,6.65,6.75,6.875,7.2,7.25
"2008-01-07",6.35,6.45,6.65,6.75,6.875,7.2,7.25
"2008-01-08",6.35,6.45,6.65,6.75,6.875,7.2,7.25
"2008-01-09",6.35,6.45,6.65,6.75,6.875,7.2,7.25
"2008-01-10",6.35,6.45,6.65,6.75,6.875,7.2,7.25
"2008-01-11",6.35,6.45,6.65,6.75,6.875,7.2,7.25
"2008-01-14",6.35,6.45,6.65,6.75,6.875,7.2,7.25
"2008-01-15",6.35,6.45,6.65,6.75,6.875,7.2,7.25
"2008-01-16",6.35,6.45,6.65,6.75,6.875,7.2,7.25
"2008-01-17",6.35,6.45,6.65,6.75,6.875,7.2,7.25
"2008-01-18",6.35,6.45,6.65,6.75,6.875,7.2,7.25
"2008-01-21",6.35,6.45,6.65,6.75,6.875,7.2,7.25
"2008-01-22",6.35,6.45,6.65,6.75,6.875,7.2,7.25
"2008-01-23",6.35,6.45,6.65,6.75,6.875,7.2,7.25
"2008-01-24",6.35,6.45,6.65,6.75,6.875,7.2,7.25
"2008-01-25",6.35,6.45,6.65,6.75,6.875,7.2,7.25
"2008-01-28",6.35,6.45,6.65,6.75,6.875,7.2,7.25
"2008-01-29",6.35,6.45,6.65,6.75,6.875,7.2,7.25
"2008-01-30",6.35,6.45,6.65,6.75,6.875,7.2,7.25
"2008-01-31",6.35,6.45,6.65,6.75,6.875,7.2,7.25
"2008-02-01",6.35,6.45,6.65,6.75,6.875,7.2,7.25
"2008-02-04",6.35,6.45,6.65,6.75,6.875,7.2,7.25
"2008-02-05",6.35,6.45,6.65,6.75,6.875,7.2,7.25
"2008-02-06",6.35,6.45,6.65,6.75,6.875,7.2,7.25
"2008-02-07",6.35,6.45,6.65,6.75,6.875,7.2,7.25
"2008-02-08",6.35,6.45,6.65,6.75,6.875,7.2,7.25
"2008-02-11",6.35,6.45,6.65,6.75,6.875,7.2,7.25
"2008-02-12",6.35,6.45,6.65,6.75,6.875,7.2,7.25
"2008-02-13",6.35,6.45,6.65,6.75,6.875,7.2,7.25
"2008-02-14",6.35,6.45,6.65,6.75,6.875,7.2,7.25
"2008-02-15",6.35,6.45,6.65,6.75,6.875,7.2,7.25
"2008-02-18",6.35,6.45,6.65,6.75,6.875,7.2,7.25
"2008-02-19",6.35,6.45,6.65,6.75,6.875,7.2,7.25
"2008-02-20",6.35,6.45,6.65,6.75,6.875,7.2,7.25
"2008-02-21",6.35,6.45,6.65,6.75,6.875,7.2,7.25
"2008-02-22",6.35,6.45,6.65,6.75,6.875,7.2,7.25
"2008-02-25",6.35,6.45,6.65,6.75,6.875,7.2,7.25
"2008-02-26",6.35,6.45,6.65,6.75,6.875,7.2,7.25
"2008-02-27",6.35,6.45,6.65,6.75,6.875,7.2,7.25
"2008-02-28",6.35,6.45,6.65,6.75,6.875,7.2,7.25
"2008-02-29",6.35,6.45,6.65,6.75,6.875,7.2,7.25
"2008-03-03",6.35,6.45,6.65,6.75,6.875,7.2,7.25
"2008-03-04",6.35,6.45,6.65,6.75,6.875,7.2,7.25
"2008-03-05",6.35,6.45,6.65,6.75,6.875,7.2,7.25
"2008-03-06",6.35,6.45,6.65,6.75,6.875,7.2,7.25
"2008-03-07",6.35,6.45,6.65,6.75,6.875,7.2,7.25
"2008-03-10",6.35,6.45,6.65,6.75,6.875,7.2,7.25
"2008-03-11",6.35,6.45,6.65,6.75,6.875,7.2,7.25
"2008-03-12",6.35,6.45,6.65,6.75,6.875,7.2,7.25
"2008-03-13",6.35,6.45,6.65,6.75,6.875,7.2,7.25
"2008-03-14",6.35,6.45,6.65,6.75,6.875,7.2,7.25
"2008-03-17",6.35,6.45,6.65,6.75,6.875,7.2,7.25
"2008-03-18",6.35,6.45,6.65,6.75,6.875,7.2,7.25
"2008-03-19",6.35,6.45,6.65,6.75,6.875,7.2,7.25
"2008-03-20",6.35,6.45,6.65,6.75,6.875,7.2,7.25
"2008-03-21",6.35,6.45,6.65,6.75,6.875,7.2,7.25
"2008-03-24",6.35,6.45,6.65,6.75,6.875,7.2,7.25
"2008-03-25",6.35,6.45,6.65,6.75,6.875,7.2,7.25
"2008-03-26",6.35,6.45,6.65,6.75,6.875,7.2,7.25
"2008-03-27",6.35,6.45,6.65,6.75,6.875,7.2,7.25
"2008-03-28",6.35,6.45,6.65,6.75,6.875,7.2,7.25
"2008-03-31",6.35,6.45,6.65,6.75,6.875,7.2,7.25
"2008-04-01",6.35,6.45,6.65,6.75,6.875,7.2,7.25
"2008-04-02",6.35,6.45,6.65,6.75,6.875,7.2,7.25
"2008-04-03",6.35,6.45,6.65,6.75,6.875,7.2,7.25
"2008-04-04",6.35,6.45,6.65,6.75,6.875,7.2,7.25
"2008-04-07",6.35,6.45,6.65,6.75,6.875,7.2,7.25
"2008-04-08",6.35,6.45,6.65,6.75,6.875,7.2,7.25
"2008-04-09",6.35,6.45,6.65,6.75,6.875,7.2,7.25
"2008-04-10",6.35,6.45,6.65,6.75,6.875,7.2,7.25
"2008-04-11",6.35,6.45,6.65,6.75,6.875,7.2,7.25
"2008-04-14",6.35,6.45,6.65,6.75,6.875,7.2,7.25
"2008-04-15",6.35,6.45,6.65,6.75,6.875,7.2,7.25
"2008-04-16",6.35,6.45,6.65,6.75,6.875,7.2,7.25
"2008-04-17",6.35,6.45,6.65,6.75,6.875,7.2,7.25
"2008-04-18",6.35,6.45,6.65,6.75,6.875,7.2,7.25
"2008-04-21",6.35,6.45,6.65,6.75,6.875,7.2,7.25
"2008-04-22",6.35,6.45,6.65,6.75,6.875,7.2,7.25
"2008-04-23",6.35,6.45,6.65,6.75,6.875,7.2,7.25
"2008-04-24",6.35,6.45,6.65,6.75,6.875,7.2,7.25
"2008-04-25",6.35,6.45,6.65,6.75,6.875,7.2,7.25
"2008-04-28",6.35,6.45,6.65,6.75,6.875,7.2,7.25
"2008-04-29",6.35,6.45,6.65,6.75,6.875,7.2,7.25
"2008-04-30",6.35,6.45,6.65,6.75,6.875,7.2,7.25
"2008-05-01",6.35,6.45,6.65,6.75,6.875,7.2,7.25
"2008-05-02",6.35,6.45,6.65,6.75,6.875,7.2,7.25
"2008-05-05",6.35,6.45,6.65,6.75,6.875,7.2,7.25
"2008-05-06",6.35,6.45,6.65,6.75,6.875,7.2,7.25
"2008-05-07",6.35,6.45,6.65,6.75,6.875,7.2,7.25
"2008-05-08",6.35,6.45,6.65,6.75,6.875,7.2,7.25
"2008-05-09",6.35,6.45,6.65,6.75,6.875,7.2,7.25
"2008-05-12",6.35,6.45,6.65,6.75,6.875,7.2,7.25
"2008-05-13",6.35,6.45,6.65,6.75,6.875,7.2,7.25
"2008-05-14",6.35,6.45,6.65,6.75,6.875,7.2,7.25
"2008-05-15",6.35,6.45,6.65,6.75,6.875,7.2,7.25
"2008-05-16",6.35,6.45,6.65,6.75,6.875,7.2,7.25
"2008-05-19",6.35,6.45,6.65,6.75,6.875,7.2,7.25
"2008-05-20",6.35,6.45,6.65,6.75,6.875,7.2,7.25
"2008-05-21",6.35,6.45,6.65,6.75,6.875,7.2,7.25
"2008-05-22",6.35,6.45,6.65,6.75,6.875,7.2,7.25
"2008-05-23",6.35,6.45,6.65,6.75,6.875,7.2,7.25
"2008-05-26",6.35,6.45,6.65,6.75,6.875,7.2,7.25
"2008-05-27",6.35,6.45,6.65,6.75,6.875,7.2,7.25
"2008-05-28",6.35,6.45,6.65,6.75,6.875,7.2,7.25
"2008-05-29",6.35,6.45,6.65,6.75,6.875,7.2,7.25
"2008-05-30",6.35,6.45,6.65,6.75,6.875,7.2,7.25
"2008-06-02",6.35,6.45,6.65,6.75,6.875,7.2,7.25
"2008-06-03",6.35,6.45,6.65,6.75,6.875,7.2,7.25
"2008-06-04",6.35,6.45,6.65,6.75,6.875,7.2,7.25
"2008-06-05",6.35,6.45,6.65,6.75,6.875,7.2,7.25
"2008-06-06",6.35,6.45,6.65,6.75,6.875,7.2,7.25
"2008-06-09",6.35,6.45,6.65,6.75,6.875,7.2,7.25
"2008-06-10",6.35,6.45,6.65,6.75,6.875,7.2,7.25
"2008-06-11",6.35,6.45,6.65,6.75,6.875,7.2,7.25
"2008-06-12",6.35,6.45,6.65,6.75,6.875,7.2,7.25
"2008-06-13",6.35,6.45,6.65,6.75,6.875,7.2,7.25
"2008-06-16",6.35,6.45,6.65,6.75,6.875,7.2,7.25
"2008-06-17",6.35,6.45,6.65,6.75,6.875,7.2,7.25
"2008-06-18",6.35,6.45,6.65,6.75,6.875,7.2,7.25
"2008-06-19",6.35,6.45,6.65,6.75,6.875,7.2,7.25
"2008-06-20",6.35,6.45,6.65,6.75,6.875,7.2,7.25
"2008-06-23",6.35,6.45,6.65,6.75,6.875,7.2,7.25
"2008-06-24",6.35,6.45,6.65,6.75,6.875,7.2,7.25
"2008-06-25",6.35,6.45,6.65,6.75,6.875,7.2,7.25
"2008-06-26",6.35,6.45,6.65,6.75,6.875,7.2,7.25
"2008-06-27",6.35,6.45,6.65,6.75,6.875,7.2,7.25
"2008-06-30",6.35,6.45,6.65,6.75,6.875,7.2,7.25
"2008-07-01",6.35,6.45,6.65,6.75,6.875,7.2,7.25
"2008-07-02",6.35,6.45,6.65,6.75,6.875,7.2,7.25
"2008-07-03",6.35,6.45,6.65,6.75,6.875,7.2,7.25
"2008-07-04",6.35,6.45,6.65,6.75,6.875,7.2,7.25
"2008-07-07",6.35,6.45,6.65,6.75,6.875,7.2,7.25
"2008-07-08",6.35,6.45,6.65,6.75,6.875,7.2,7.25
"2008-07-09",6.35,6.45,6.65,6.75,6.875,7.2,7.25
"2008-07-10",6.35,6.45,6.65,6.75,6.875,7.2,7.25
"2008-07-11",6.35,6.45,6.65,6.75,6.875,7.2,7.25
"2008-07-14",6.35,6.45,6.65,6.75,6.875,7.2,7.25
"2008-07-15",6.35,6.45,6.65,6.75,6.875,7.2,7.25
"2008-07-16",6.35,6.45,6.65,6.75,6.875,7.2,7.25
"2008-07-17",6.35,6.45,6.65,6.75,6.875,7.2,7.25
"2008-07-18",6.35,6.45,6.65,6.75,6.875,7.2,7.25
"2008-07-21",6.35,6.45,6.65,6.75,6.875,7.2,7.25
"2008-07-22",6.35,6.45,6.65,6.75,6.875,7.2,7.25
"2008-07-23",6.35,6.45,6.65,6.75,6.875,7.2,7.25
"2008-07-24",6.35,6.45,6.65,6.75,6.875,7.2,7.25
"2008-07-25",6.35,6.45,6.65,6.75,6.875,7.2,7.25
"2008-07-28",6.35,6.45,6.65,6.75,6.875,7.2,7.25
"2008-07-29",6.35,6.45,6.65,6.75,6.875,7.2,7.25
"2008-07-30",6.35,6.45,6.65,6.75,6.875,7.2,7.25
"2008-07-31",6.35,6.45,6.65,6.75,6.875,7.2,7.25
"2008-08-01",6.35,6.45,6.65,6.75,6.875,7.2,7.25
"2008-08-04",6.35,6.45,6.65,6.75,6.875,7.2,7.25
"2008-08-05",6.35,6.45,6.65,6.75,6.875,7.2,7.25
"2008-08-06",6.35,6.45,6.65,6.75,6.875,7.2,7.25
"2008-08-07",6.35,6.45,6.65,6.75,6.875,7.2,7.25
"2008-08-08",6.35,6.45,6.65,6.75,6.875,7.2,7.25
"2008-08-11",6.35,6.45,6.65,6.75,6.875,7.2,7.25
"2008-08-12",6.35,6.45,6.65,6.75,6.875,7.2,7.25
"2008-08-13",6.35,6.45,6.65,6.75,6.875,7.2,7.25
"2008-08-14",6.35,6.45,6.65,6.75,6.875,7.2,7.25
"2008-08-15",6.35,6.45,6.65,6.75,6.875,7.2,7.25
"2008-08-18",6.35,6.45,6.65,6.75,6.875,7.2,7.25
"2008-08-19",6.35,6.45,6.65,6.75,6.875,7.2,7.25
"2008-08-20",6.35,6.45,6.65,6.75,6.875,7.2,7.25
"2008-08-21",6.35,6.45,6.65,6.75,6.875,7.2,7.25
"2008-08-22",6.35,6.45,6.65,6.75,6.875,7.2,7.25
"2008-08-25",6.35,6.45,6.65,6.75,6.875,7.2,7.25
"2008-08-26",6.35,6.45,6.65,6.75,6.875,7.2,7.25
"2008-08-27",6.35,6.45,6.65,6.75,6.875,7.2,7.25
"2008-08-28",6.35,6.45,6.65,6.75,6.875,7.2,7.25
"2008-08-29",6.35,6.45,6.65,6.75,6.875,7.2,7.25
"2008-09-01",6.35,6.45,6.65,6.75,6.875,7.2,7.25
"2008-09-02",6.35,6.45,6.65,6.75,6.875,7.2,7.25
"2008-09-03",6.35,6.45,6.65,6.75,6.875,7.2,7.25
"2008-09-04",6.35,6.45,6.65,6.75,6.875,7.2,7.25
"2008-09-05",6.35,6.45,6.65,6.75,6.875,7.2,7.25
"2008-09-08",6.35,6.45,6.65,6.75,6.875,7.2,7.25
"2008-09-09",6.35,6.45,6.65,6.75,6.875,7.2,7.25
"2008-09-10",6.35,6.45,6.65,6.75,6.875,7.2,7.25
"2008-09-11",6.35,6.45,6.65,6.75,6.875,7.2,7.25
"2008-09-12",6.35,6.45,6.65,6.75,6.875,7.2,7.25
"2008-09-15",6.35,6.45,6.65,6.75,6.875,7.2,7.25
"2008-09-16",6.35,6.45,6.65,6.75,6.875,7.2,7.25
"2008-09-17",6.35,6.45,6.65,6.75,6.875,7.2,7.25
"2008-09-18",6.35,6.45,6.65,6.75,6.875,7.2,7.25
"2008-09-19",6.35,6.45,6.65,6.75,6.875,7.2,7.25
"2008-09-22",6.35,6.45,6.65,6.75,6.875,7.2,7.25
"2008-09-23",6.35,6.45,6.65,6.75,6.875,7.2,7.25
"2008-09-24",6.35,6.45,6.65,6.75,6.875,7.2,7.25
"2008-09-25",6.35,6.45,6.65,6.75,6.875,7.2,7.25
"2008-09-26",6.35,6.45,6.65,6.75,6.875,7.2,7.25
"2008-09-29",6.35,6.45,6.65,6.75,6.875,7.2,7.25
"2008-09-30",6.35,6.45,6.65,6.75,6.875,7.2,7.25
"2008-10-01",6.35,6.45,6.65,6.75,6.875,7.2,7.25
"2008-10-02",6.35,6.45,6.65,6.75,6.875,7.2,7.25
"2008-10-03",6.35,6.45,6.65,6.75,6.875,7.2,7.25
"2008-10-06",6.35,6.45,6.65,6.75,6.875,7.2,7.25
"2008-10-07",6.35,6.45,6.65,6.75,6.875,7.2,7.25
"2008-10-08",6.35,6.45,6.65,6.75,6.875,7.2,7.25
"2008-10-09",6.35,6.45,6.65,6.75,6.875,7.2,7.25
"2008-10-10",6.35,6.45,6.65,6.75,6.875,7.2,7.25
"2008-10-13",6.35,6.45,6.65,6.75,6.875,7.2,7.25
"2008-10-14",6.35,6.45,6.65,6.75,6.875,7.2,7.25
"2008-10-15",6.35,6.45,6.65,6.75,6.875,7.2,7.25
"2008-10-16",6.35,6.45,6.65,6.75,6.875,7.2,7.25
"2008-10-17",6.35,6.45,6.65,6.75,6.875,7.2,7.25
"2008-10-20",6.35,6.45,6.65,6.75,6.875,7.2,7.25
"2008-10-21",6.35,6.45,6.65,6.75,6.875,7.2,7.25
"2008-10-22",6.35,6.45,6.65,6.75,6.875,7.2,7.25
"2008-10-23",6.35,6.45,6.65,6.75,6.875,7.2,7.25
"2008-10-24",6.35,6.45,6.65,6.75,6.875,7.2,7.25
"2008-10-27",6.35,6.45,6.65,6.75,6.875,7.2,7.25
"2008-10-28",6.35,6.45,6.65,6.75,6.875,7.2,7.25
"2008-10-29",6.35,6.45,6.65,6.75,6.875,7.2,7.25
"2008-10-30",6.35,6.45,6.65,6.75,6.875,7.2,7.25
"2008-10-31",6.35,6.45,6.65,6.75,6.875,7.2,7.25
"2008-11-03",6.35,6.45,6.65,6.75,6.875,7.2,7.25
"2008-11-04",6.35,6.45,6.65,6.75,6.875,7.2,7.25
"2008-11-05",6.35,6.45,6.65,6.75,6.875,7.2,7.25
"2008-11-06",6.35,6.45,6.65,6.75,6.875,7.2,7.25
"2008-11-07",6.35,6.45,6.65,6.75,6.875,7.2,7.25
"2008-11-10",6.35,6.45,6.65,6.75,6.875,7.2,7.25
"2008-11-11",6.35,6.45,6.65,6.75,6.875,7.2,7.25
"2008-11-12",6.35,6.45,6.65,6.75,6.875,7.2,7.25
"2008-11-13",6.35,6.45,6.65,6.75,6.875,7.2,7.25
"2008-11-14",6.35,6.45,6.65,6.75,6.875,7.2,7.25
"2008-11-17",6.35,6.45,6.65,6.75,6.875,7.2,7.25
"2008-11-18",6.35,6.45,6.65,6.75,6.875,7.2,7.25
"2008-11-19",6.35,6.45,6.65,6.75,6.875,7.2,7.25
"2008-11-20",6.35,6.45,6.65,6.75,6.875,7.2,7.25
"2008-11-21",6.35,6.45,6.65,6.75,6.875,7.2,7.25
"2008-11-24",6.35,6.45,6.65,6.75,6.875,7.2,7.25
"2008-11-25",6.35,6.45,6.65,6.75,6.875,7.2,7.25
"2008-11-26",6.35,6.45,6.65,6.75,6.875,7.2,7.25
"2008-11-27",6.35,6.45,6.65,6.75,6.875,7.2,7.25
"2008-11-28",6.35,6.45,6.65,6.75,6.875,7.2,7.25
"2008-12-01",6.35,6.45,6.65,6.75,6.875,7.2,7.25
"2008-12-02",6.35,6.45,6.65,6.75,6.875,7.2,7.25
"2008-12-03",6.35,6.45,6.65,6.75,6.875,7.2,7.25
"2008-12-04",6.35,6.45,6.65,6.75,6.875,7.2,7.25
"2008-12-05",6.35,6.45,6.65,6.75,6.875,7.2,7.25
"2008-12-08",6.35,6.45,6.65,6.75,6.875,7.2,7.25
"2008-12-09",6.35,6.45,6.65,6.75,6.875,7.2,7.25
"2008-12-10",6.35,6.45,6.65,6.75,6.875,7.2,7.25
"2008-12-11",6.35,6.45,6.65,6.75,6.875,7.2,7.25
"2008-12-12",6.35,6.45,6.65,6.75,6.875,7.2,7.25
"2008-12-15",6.35,6.45,6.65,6.75,6.875,7.2,7.25
"2008-12-16",6.35,6.45,6.65,6.75,6.875,7.2,7.25
"2008-12-17",6.35,6.45,6.65,6.75,6.875,7.2,7.25
"2008-12-18",6.35,6.45,6.65,6.75,6.875,7.2,7.25
"2008-12-19",6.35,6.45,6.65,6.75,6.875,7.2,7.25
"2008-12-22",6.35,6.45,6.65,6.75,6.875,7.2,7.25
"2008-12-23",6.35,6.45,6.65,6.75,6.875,7.2,7.25
"2008-12-24",6.35,6.45,6.65,6.75,6.875,7.2,7.25
"2008-12-25",6.35,6.45,6.65,6.75,6.875,7.2,7.25
"2008-12-26",6.35,6.45,6.65,6.75,6.875,7.2,7.25
"2008-12-29",6.35,6.45,6.65,6.75,6.875,7.2,7.25
"2008-12-30",6.35,6.45,6.65,6.75,6.875,7.2,7.25
"2008-12-31",6.35,6.45,6.65,6.75,6.875,7.2,7.25
"2009-01-01",6.35,6.45,6.65,6.75,6.875,7.2,7.25
"2009-01-02",6.35,6.45,6.65,6.75,6.875,7.2,7.25
"2009-01-05",6.35,6.45,6.65,6.75,6.875,7.2,7.25
"2009-01-06",6.35,6.45,6.65,6.75,6.875,7.2,7.25
"2009-01-07",6.35,6.45,6.65,6.75,6.875,7.2,7.25
"2009-01-08",6.35,6.45,6.65,6.75,6.875,7.2,7.25
"2009-01-09",6.35,6.45,6.65,6.75,6.875,7.2,7.25
"2009-01-12",6.35,6.45,6.65,6.75,6.875,7.2,7.25
"2009-01-13",6.35,6.45,6.65,6.75,6.875,7.2,7.25
"2009-01-14",6.35,6.45,6.65,6.75,6.875,7.2,7.25
"2009-01-15",6.35,6.45,6.65,6.75,6.875,7.2,7.25
"2009-01-16",6.35,6.45,6.65,6.75,6.875,7.2,7.25
"2009-01-19",6.35,6.45,6.65,6.75,6.875,7.2,7.25
"2009-01-20",6.35,6.45,6.65,6.75,6.875,7.2,7.25
"2009-01-21",6.35,6.45,6.65,6.75,6.875,7.2,7.25
"2009-01-22",6.35,6.45,6.65,6.75,6.875,7.2,7.25
"2009-01-23",6.35,6.45,6.65,6.75,6.875,7.2,7.25
"2009-01-26",6.35,6.45,6.65,6.75,6.875,7.2,7.25
"2009-01-27",6.35,6.45,6.65,6.75,6.875,7.2,7.25
"2009-01-28",6.35,6.45,6.65,6.75,6.875,7.2,7.25
"2009-01-29",6.35,6.45,6.65,6.75,6.875,7.2,7.25
"2009-01-30",6.35,6.45,6.65,6.75,6.875,7.2,7.25
"2009-02-02",6.35,6.45,6.65,6.75,6.875,7.2,7.25
"2009-02-03",6.35,6.45,6.65,6.75,6.875,7.2,7.25
"2009-02-04",6.35,6.45,6.65,6.75,6.875,7.2,7.25
"2009-02-05",6.35,6.45,6.65,6.75,6.875,7.2,7.25
"2009-02-06",6.35,6.45,6.65,6.75,6.875,7.2,7.25
"2009-02-09",6.35,6.45,6.65,6.75,6.875,7.2,7.25
"2009-02-10",6.35,6.45,6.65,6.75,6.875,7.2,7.25
"2009-02-11",6.35,6.45,6.65,6.75,6.875,7.2,7.25
"2009-02-12",6.35,6.45,6.65,6.75,6.875,7.2,7.25
"2009-02-13",6.35,6.45,6.65,6.75,6.875,7.2,7.25
"2009-02-16",6.35,6.45,6.65,6.75,6.875,7.2,7.25
"2009-02-17",6.35,6.45,6.65,6.75,6.875,7.2,7.25
"2009-02-18",6.35,6.45,6.65,6.75,6.875,7.2,7.25
"2009-02-19",6.35,6.45,6.65,6.75,6.875,7.2,7.25
"2009-02-20",6.35,6.45,6.65,6.75,6.875,7.2,7.25
"2009-02-23",6.35,6.45,6.65,6.75,6.875,7.2,7.25
"2009-02-24",6.35,6.45,6.65,6.75,6.875,7.2,7.25
"2009-02-25",6.35,6.45,6.65,6.75,6.875,7.2,7.25
"2009-02-26",6.35,6.45,6.65,6.75,6.875,7.2,7.25
"2009-02-27",6.35,6.45,6.65,6.75,6.875,7.2,7.25
"2009-03-02",6.35,6.45,6.65,6.75,6.875,7.2,7.25
"2009-03-03",6.35,6.45,6.65,6.75,6.875,7.2,7.25
"2009-03-04",6.35,6.45,6.65,6.75,6.875,7.2,7.25
"2009-03-05",6.35,6.45,6.65,6.75,6.875,7.2,7.25
"2009-03-06",6.35,6.45,6.65,6.75,6.875,7.2,7.25
"2009-03-09",6.35,6.45,6.65,6.75,6.875,7.2,7.25
"2009-03-10",6.35,6.45,6.65,6.75,6.875,7.2,7.25
"2009-03-11",6.35,6.45,6.65,6.75,6.875,7.2,7.25
"2009-03-12",6.35,6.45,6.65,6.75,6.875,7.2,7.25
"2009-03-13",6.35,6.45,6.65,6.75,6.875,7.2,7.25
"2009-03-16",6.35,6.45,6.65,6.75,6.875,7.2,7.25
"2009-03-17",6.35,6.45,6.65,6.75,6.875,7.2,7.25
"2009-03-18",6.35,6.45,6.65,6.75,6.875,7.2,7.25
"2009-03-19",6.35,6.45,6.65,6.75,6.875,7.2,7.25
"2009-03-20",6.35,6.45,6.65,6.75,6.875,7.2,7.25
"2009-03-23",6.35,6.45,6.65,6.75,6.875,7.2,7.25
"2009-03-24",6.35,6.45,6.65,6.75,6.875,7.2,7.25
"2009-03-25",6.35,6.45,6.65,6.75,6.875,7.2,7.25
"2009-03-26",6.35,6.45,6.65,6.75,6.875,7.2,7.25
"2009-03-27",6.35,6.45,6.65,6.75,6.875,7.2,7.25
"2009-03-30",6.35,6.45,6.65,6.75,6.875,7.2,7.25
"2009-03-31",6.35,6.45,6.65,6.75,6.875,7.2,7.25
"2009-04-01",6.35,6.45,6.65,6.75,6.875,7.2,7.25
"2009-04-02",6.35,6.45,6.65,6.75,6.875,7.2,7.25
"2009-04-03",6.35,6.45,6.65,6.75,6.875,7.2,7.25
"2009-04-06",6.35,6.45,6.65,6.75,6.875,7.2,7.25
"2009-04-07",6.35,6.45,6.65,6.75,6.875,7.2,7.25
"2009-04-08",6.35,6.45,6.65,6.75,6.875,7.2,7.25
"2009-04-09",6.35,6.45,6.65,6.75,6.875,7.2,7.25
"2009-04-10",6.35,6.45,6.65,6.75,6.875,7.2,7.25
"2009-04-13",6.35,6.45,6.65,6.75,6.875,7.2,7.25
"2009-04-14",6.35,6.45,6.65,6.75,6.875,7.2,7.25
"2009-04-15",6.35,6.45,6.65,6.75,6.875,7.2,7.25
"2009-04-16",6.35,6.45,6.65,6.75,6.875,7.2,7.25
"2009-04-17",6.35,6.45,6.65,6.75,6.875,7.2,7.25
"2009-04-20",6.35,6.45,6.65,6.75,6.875,7.2,7.25
"2009-04-21",6.35,6.45,6.65,6.75,6.875,7.2,7.25
"2009-04-22",6.35,6.45,6.65,6.75,6.875,7.2,7.25
"2009-04-23",6.35,6.45,6.65,6.75,6.875,7.2,7.25
"2009-04-24",6.35,6.45,6.65,6.75,6.875,7.2,7.25
"2009-04-27",6.35,6.45,6.65,6.75,6.875,7.2,7.25
"2009-04-28",6.35,6.45,6.65,6.75,6.875,7.2,7.25
"2009-04-29",6.35,6.45,6.65,6.75,6.875,7.2,7.25
"2009-04-30",6.35,6.45,6.65,6.75,6.875,7.2,7.25
"2009-05-01",6.35,6.45,6.65,6.75,6.875,7.2,7.25
"2009-05-04",6.35,6.45,6.65,6.75,6.875,7.2,7.25
"2009-05-05",6.35,6.45,6.65,6.75,6.875,7.2,7.25
"2009-05-06",6.35,6.45,6.65,6.75,6.875,7.2,7.25
"2009-05-07",6.35,6.45,6.65,6.75,6.875,7.2,7.25
"2009-05-08",6.35,6.45,6.65,6.75,6.875,7.2,7.25
"2009-05-11",6.35,6.45,6.65,6.75,6.875,7.2,7.25
"2009-05-12",6.35,6.45,6.65,6.75,6.875,7.2,7.25
"2009-05-13",6.35,6.45,6.65,6.75,6.875,7.2,7.25
"2009-05-14",6.35,6.45,6.65,6.75,6.875,7.2,7.25
"2009-05-15",6.35,6.45,6.65,6.75,6.875,7.2,7.25
"2009-05-18",6.35,6.45,6.65,6.75,6.875,7.2,7.25
"2009-05-19",6.35,6.45,6.65,6.75,6.875,7.2,7.25
"2009-05-20",6.35,6.45,6.65,6.75,6.875,7.2,7.25
"2009-05-21",6.35,6.45,6.65,6.75,6.875,7.2,7.25
"2009-05-22",6.35,6.45,6.65,6.75,6.875,7.2,7.25
"2009-05-25",6.35,6.45,6.65,6.75,6.875,7.2,7.25
"2009-05-26",6.35,6.45,6.65,6.75,6.875,7.2,7.25
"2009-05-27",6.35,6.45,6.65,6.75,6.875,7.2,7.25
"2009-05-28",6.35,6.45,6.65,6.75,6.875,7.2,7.25
"2009-05-29",6.35,6.45,6.65,6.75,6.875,7.2,7.25
"2009-06-01",6.35,6.45,6.65,6.75,6.875,7.2,7.25
"2009-06-02",6.35,6.45,6.65,6.75,6.875,7.2,7.25
"2009-06-03",6.35,6.45,6.65,6.75,6.875,7.2,7.25
"2009-06-04",6.35,6.45,6.65,6.75,6.875,7.2,7.25
"2009-06-05",6.35,6.45,6.65,6.75,6.875,7.2,7.25
"2009-06-08",6.35,6.45,6.65,6.75,6.875,7.2,7.25
"2009-06-09",6.35,6.45,6.65,6.75,6.875,7.2,7.25
"2009-06-10",6.35,6.45,6.65,6.75,6.875,7.2,7.25
"2009-06-11",6.35,6.45,6.65,6.75,6.875,7.2,7.25
"2009-06-12",6.35,6.45,6.65,6.75,6.875,7.2,7.25
"2009-06-15",6.35,6.45,6.65,6.75,6.875,7.2,7.25
"2009-06-16",6.35,6.45,6.65,6.75,6.875,7.2,7.25
"2009-06-17",6.35,6.45,6.65,6.75,6.875,7.2,7.25
"2009-06-18",6.35,6.45,6.65,6.75,6.875,7.2,7.25
"2009-06-19",6.35,6.45,6.65,6.75,6.875,7.2,7.25
"2009-06-22",6.35,6.45,6.65,6.75,6.875,7.2,7.25
"2009-06-23",6.35,6.45,6.65,6.75,6.875,7.2,7.25
"2009-06-24",6.35,6.45,6.65,6.75,6.875,7.2,7.25
"2009-06-25",6.35,6.45,6.65,6.75,6.875,7.2,7.25
"2009-06-26",6.35,6.45,6.65,6.75,6.875,7.2,7.25
"2009-06-29",6.35,6.45,6.65,6.75,6.875,7.2,7.25
"2009-06-30",6.35,6.45,6.65,6.75,6.875,7.2,7.25
"2009-07-01",6.35,6.45,6.65,6.75,6.875,7.2,7.25
"2009-07-02",6.35,6.45,6.65,6.75,6.875,7.2,7.25
"2009-07-03",6.35,6.45,6.65,6.75,6.875,7.2,7.25
"2009-07-06",5.26954351077927,5.38154858288172,5.55753843867681,5.60951815026701,5.77053336657436,7.2,7.25
"2009-07-07",4.1,4.225,4.375,4.375,4.575,7.2,7.25
"2009-07-08",4.1,4.225,4.375,4.375,4.575,7.2,7.25
"2009-07-09",4.1,4.225,4.375,4.375,4.575,7.2,7.25
"2009-07-10",4.1,4.225,4.375,4.375,4.575,7.2,7.25
"2009-07-13",4.1,4.225,4.375,4.375,4.575,7.2,7.25
"2009-07-14",4.1,4.225,4.375,4.375,4.575,7.2,7.25
"2009-07-15",4.1,4.225,4.375,4.375,4.575,7.2,7.25
"2009-07-16",4.1,4.225,4.375,4.375,4.575,7.2,7.25
"2009-07-17",4.1,4.225,4.375,4.375,4.575,7.2,7.25
"2009-07-20",4.1,4.225,4.375,4.375,4.575,7.2,7.25
"2009-07-21",4.1,4.225,4.375,4.375,4.575,7.2,7.25
"2009-07-22",4.1,4.225,4.375,4.375,4.575,7.2,7.25
"2009-07-23",4.1,4.225,4.375,4.375,4.575,7.2,7.25
"2009-07-24",4.1,4.225,4.375,4.375,4.575,7.2,7.25
"2009-07-27",4.1,4.225,4.375,4.375,4.575,7.2,7.25
"2009-07-28",4.1,4.225,4.375,4.375,4.575,7.2,7.25
"2009-07-29",4.1,4.225,4.375,4.375,4.575,7.2,7.25
"2009-07-30",4.1,4.225,4.375,4.375,4.575,7.2,7.25
"2009-07-31",4.1,4.225,4.375,4.375,4.575,7.2,7.25
"2009-08-03",4.1,4.225,4.375,4.375,4.575,7.2,7.25
"2009-08-04",4.1,4.225,4.375,4.375,4.575,7.2,7.25
"2009-08-05",4.1,4.225,4.375,4.375,4.575,7.2,7.25
"2009-08-06",4.1,4.225,4.375,4.375,4.575,7.2,7.25
"2009-08-07",4.1,4.225,4.375,4.375,4.575,7.2,7.25
"2009-08-10",4.1,4.225,4.375,4.375,4.575,7.2,7.25
"2009-08-11",4.1,4.225,4.375,4.375,4.575,7.2,7.25
"2009-08-12",4.1,4.225,4.375,4.375,4.575,7.2,7.25
"2009-08-13",4.1,4.225,4.375,4.375,4.575,7.2,7.25
"2009-08-14",4.1,4.225,4.375,4.375,4.575,7.2,7.25
"2009-08-17",4.1,4.225,4.375,4.375,4.575,7.2,7.25
"2009-08-18",4.1,4.225,4.375,4.375,4.575,7.2,7.25
"2009-08-19",4.1,4.225,4.375,4.375,4.575,7.2,7.25
"2009-08-20",4.1,4.225,4.375,4.375,4.575,7.2,7.25
"2009-08-21",4.1,4.225,4.375,4.375,4.575,7.2,7.25
"2009-08-24",4.1,4.225,4.375,4.375,4.575,7.2,7.25
"2009-08-25",4.1,4.225,4.375,4.375,4.575,7.2,7.25
"2009-08-26",4.1,4.225,4.375,4.375,4.575,7.2,7.25
"2009-08-27",4.1,4.225,4.375,4.375,4.575,7.2,7.25
"2009-08-28",4.1,4.225,4.375,4.375,4.575,7.2,7.25
"2009-08-31",4.1,4.225,4.375,4.375,4.575,7.2,7.25
"2009-09-01",4.1,4.225,4.375,4.375,4.575,7.2,7.25
"2009-09-02",4.1,4.225,4.375,4.375,4.575,7.2,7.25
"2009-09-03",4.1,4.225,4.375,4.375,4.575,7.2,7.25
"2009-09-04",4.1,4.225,4.375,4.375,4.575,7.2,7.25
"2009-09-07",4.1,4.225,4.375,4.375,4.575,7.2,7.25
"2009-09-08",4.1,4.225,4.375,4.375,4.575,7.2,7.25
"2009-09-09",4.1,4.225,4.375,4.375,4.575,7.2,7.25
"2009-09-10",4.1,4.225,4.375,4.375,4.575,7.2,7.25
"2009-09-11",4.1,4.225,4.375,4.375,4.575,7.2,7.25
"2009-09-14",4.1,4.225,4.375,4.375,4.575,7.2,7.25
"2009-09-15",4.1,4.225,4.375,4.375,4.575,7.2,7.25
"2009-09-16",4.1,4.225,4.375,4.375,4.575,7.2,7.25
"2009-09-17",4.1,4.225,4.375,4.375,4.575,7.2,7.25
"2009-09-18",4.1,4.225,4.375,4.375,4.575,7.2,7.25
"2009-09-21",4.1,4.225,4.375,4.375,4.575,7.2,7.25
"2009-09-22",4.1,4.225,4.375,4.375,4.575,7.2,7.25
"2009-09-23",4.1,4.225,4.375,4.375,4.575,7.2,7.25
"2009-09-24",4.1,4.225,4.375,4.375,4.575,7.2,7.25
"2009-09-25",4.1,4.225,4.375,4.375,4.575,7.2,7.25
"2009-09-28",4.1,4.225,4.375,4.375,4.575,7.2,7.25
"2009-09-29",4.1,4.225,4.375,4.375,4.575,7.2,7.25
"2009-09-30",4.1,4.225,4.375,4.375,4.575,7.2,7.25
"2009-10-01",4.15,4.2,4.35,4.55,4.625,7.2,7.25
"2009-10-02",4.15,4.2,4.35,4.55,4.625,7.2,7.25
"2009-10-05",4.15,4.2,4.35,4.55,4.625,7.2,7.25
"2009-10-06",4.15,4.2,4.35,4.55,4.625,7.2,7.25
"2009-10-07",4.15,4.2,4.35,4.55,4.625,7.2,7.25
"2009-10-08",4.15,4.2,4.35,4.55,4.625,7.2,7.25
"2009-10-09",4.15,4.2,4.35,4.55,4.625,7.2,7.25
"2009-10-12",4.15,4.2,4.35,4.55,4.625,7.2,7.25
"2009-10-13",4.15,4.2,4.35,4.55,4.625,7.2,7.25
"2009-10-14",4.15,4.2,4.35,4.55,4.625,7.2,7.25
"2009-10-15",4.15,4.2,4.35,4.55,4.625,7.2,7.25
"2009-10-16",4.05,4.2,4.35,4.55,4.625,7.2,7.25
"2009-10-19",4.05,4.2,4.35,4.55,4.625,7.2,7.25
"2009-10-20",4.05,4.2,4.35,4.55,4.625,7.2,7.25
"2009-10-21",4.05,4.2,4.35,4.55,4.625,7.2,7.25
"2009-10-22",4.05,4.2,4.35,4.55,4.625,7.2,7.25
"2009-10-23",4.05,4.2,4.35,4.55,4.625,7.2,7.25
"2009-10-26",4.05,4.2,4.35,4.55,4.625,7.2,7.25
"2009-10-27",4.05,4.2,4.35,4.55,4.625,7.2,7.25
"2009-10-28",4.05,4.2,4.35,4.55,4.625,7.2,7.25
"2009-10-29",4.05,4.2,4.35,4.55,4.625,7.2,7.25
"2009-10-30",4.05,4.2,4.35,4.55,4.625,7.2,7.25
"2009-11-02",4.05,4.2,4.35,4.55,4.625,7.2,7.25
"2009-11-03",4.05,4.2,4.35,4.55,4.625,7.2,7.25
"2009-11-04",4.05,4.2,4.35,4.55,4.625,7.2,7.25
"2009-11-05",4.05,4.2,4.35,4.55,4.625,7.2,7.25
"2009-11-06",4.05,4.2,4.35,4.55,4.625,7.2,7.25
"2009-11-09",4.05,4.2,4.35,4.55,4.625,7.2,7.25
"2009-11-10",4.05,4.2,4.35,4.55,4.625,7.2,7.25
"2009-11-11",4.05,4.2,4.35,4.55,4.625,7.2,7.25
"2009-11-12",4.05,4.2,4.35,4.55,4.625,7.2,7.25
"2009-11-13",4.05,4.2,4.35,4.55,4.625,7.2,7.25
"2009-11-16",4.05,4.2,4.35,4.55,4.625,7.2,7.25
"2009-11-17",4.05,4.2,4.35,4.55,4.625,7.2,7.25
"2009-11-18",4.175,4.475,4.35,4.55,4.625,5.775,6.2
"2009-11-19",4.175,4.475,4.35,4.55,4.625,5.775,6.2
"2009-11-20",4.175,4.475,4.35,4.55,4.625,5.775,6.2
"2009-11-23",4.175,4.475,4.35,4.55,4.625,5.775,6.2
"2009-11-24",4.175,4.475,4.35,4.55,4.625,5.775,6.2
"2009-11-25",4.175,4.475,4.35,4.55,4.625,5.775,6.2
"2009-11-26",4.175,4.475,4.35,4.55,4.625,5.775,6.2
"2009-11-27",4.175,4.475,4.35,4.55,4.625,5.775,6.2
"2009-11-30",4.175,4.475,4.35,4.55,4.625,5.775,6.2
"2009-12-01",4.175,4.475,4.35,4.55,4.625,5.775,6.2
"2009-12-02",4.175,4.475,4.35,4.55,4.625,5.775,6.2
"2009-12-03",4.175,4.475,4.35,4.55,4.625,5.775,6.2
"2009-12-04",4.175,4.475,4.35,4.55,4.625,5.775,6.2
"2009-12-07",4.175,4.55,4.9,4.55,5.6,5.775,6.2
"2009-12-08",4.35,4.525,4.9,5.5,5.6,6,6.425
"2009-12-09",4.35,4.525,4.9,5.5,5.6,6,6.425
"2009-12-10",4.35,4.575,4.9,5.5,5.6,6,6.425
"2009-12-11",4.35,4.575,4.9,5.5,5.6,6,6.425
"2009-12-14",4.35,4.6,4.9,5.5,5.6,6,6.425
"2009-12-15",4.35,4.6,4.9,5.5,5.6,6,6.425
"2009-12-16",4.35,4.625,4.9,5.5,5.6,6,6.425
"2009-12-17",4.5,4.7,4.9,5.5,5.6,6,6.425
"2009-12-18",4.475,4.675,4.9,5.5,5.6,6,6.425
"2009-12-21",4.45,4.7,4.9,5.5,5.6,6,6.425
"2009-12-22",4.45,4.675,4.9,5.5,5.6,6,6.425
"2009-12-23",4.475,4.675,4.9,5.5,5.6,6,6.425
"2009-12-24",4.475,4.675,4.9,5.5,5.6,6,6.425
"2009-12-25",4.475,4.675,4.9,5.5,5.6,6,6.425
"2009-12-28",4.475,4.725,4.9,5.5,5.6,6,6.425
"2009-12-29",4.475,4.7,4.9,5.5,5.6,6,6.425
"2009-12-30",4.475,4.7,4.9,5.5,5.6,6,6.425
"2009-12-31",4.475,4.7,4.9,5.5,5.6,6,6.425
"2010-01-01",4.475,4.7,4.9,5.5,5.6,6,6.425
"2010-01-04",4.475,4.75,5.1125,5.6,5.75,6.325,6.85
"2010-01-05",4.425,4.625,4.95,5.45,5.625,6.225,6.7
"2010-01-06",4.425,4.525,4.975,5.425,5.675,6.225,6.7
"2010-01-07",4.4,4.5,4.925,5.4,5.65,6.275,6.7
"2010-01-08",4.4,4.6,5,5.45,5.7,6.3,6.75
"2010-01-11",4.4,4.625,5.025,5.425,5.675,6.275,6.7
"2010-01-12",4.425,4.6,5.05,5.45,5.725,6.275,6.7
"2010-01-13",4.45,4.675,5.075,5.5,5.8,6.3,6.7
"2010-01-14",4.4,4.65,5.075,5.525,5.825,6.325,6.75
"2010-01-15",4.35,4.625,5.05,5.525,5.825,6.275,6.75
"2010-01-18",4.4,4.625,5.1,5.525,5.8,6.275,6.75
"2010-01-19",4.425,4.65,5.1,5.575,5.875,6.275,6.75
"2010-01-20",4.375,4.675,5.125,5.6,5.825,6.2,6.75
"2010-01-21",4.375,4.6875,5.175,5.725,5.925,6.3,6.775
"2010-01-22",4.375,4.6875,5.175,5.7,5.85,6.225,6.775
"2010-01-25",4.4,4.7,5.175,5.7,5.85,6.225,6.775
"2010-01-26",4.4,4.7,5.175,5.7,5.85,6.225,6.775
"2010-01-27",4.425,4.75,5.225,5.775,5.975,6.3,6.8
"2010-01-28",4.45,4.75,5.225,5.8,6,6.25,6.8
"2010-01-29",4.45,4.725,5.2,5.775,5.95,6.325,6.8
"2010-02-01",4.425,4.725,5.225,5.8,5.95,6.275,6.8
"2010-02-02",4.425,4.725,5.225,5.75,5.95,6.3,6.8
"2010-02-03",4.425,4.65,5.125,5.7,5.925,6.225,6.7
"2010-02-04",4.375,4.65,5.125,5.7,5.95,6.225,6.7
"2010-02-05",4.425,4.65,5.2,5.725,6.025,6.325,6.775
"2010-02-08",4.4,4.65,5.175,5.75,6,6.225,6.7
"2010-02-09",4.35,4.6,5.175,5.725,6,6.225,6.7
"2010-02-10",4.325,4.65,5.15,5.725,6,6.225,6.7
"2010-02-11",4.275,4.6,5.1175,5.675,5.95,6.225,6.7
"2010-02-12",4.25,4.6,5.1175,5.65,5.975,6.2,6.675
"2010-02-15",4.3,4.625,5.125,5.65,5.975,6.2,6.675
"2010-02-16",4.275,4.55,5.125,5.7,5.975,6.2,6.675
"2010-02-17",4.25,4.55,5.1,5.675,5.9,6.2,6.675
"2010-02-18",4.25,4.5,5.1,5.675,5.95,6.2,6.675
"2010-02-19",4.275,4.575,5.125,5.7,5.975,6.2,6.675
"2010-02-22",4.25,4.55,5.125,5.65,5.975,6.2,6.675
"2010-02-23",4.175,4.525,5.1,5.625,5.95,6.2,6.675
"2010-02-24",4.175,4.525,5.1,5.6,5.925,6.15,6.675
"2010-02-25",4.175,4.55,5.1,5.6,5.925,6.15,6.675
"2010-02-26",4.2,4.55,5.1,5.625,5.925,6.15,6.675
"2010-03-01",4.2,4.55,5.1,5.625,5.925,6.15,6.675
"2010-03-02",4.175,4.55,5.1,5.625,5.925,6.15,6.675
"2010-03-03",4.2,4.55,5.1,5.625,5.925,6.15,6.675
"2010-03-04",4.2,4.525,5.1,5.65,5.925,6.175,6.675
"2010-03-05",4.2,4.525,5.1,5.6,5.925,6.2,6.675
"2010-03-08",4.2,4.55,5.075,5.6,5.925,6.2,6.675
"2010-03-09",4.2,4.5,5.05,5.55,5.875,6.15,6.65
"2010-03-10",4.2,4.425,5,5.425,5.775,6,6.5
"2010-03-11",4.175,4.45,5,5.475,5.85,6,6.5
"2010-03-12",4.175,4.45,5,5.45,5.825,6,6.5
"2010-03-15",4.175,4.4,5,5.425,5.8,6,6.5
"2010-03-16",4.2,4.425,4.975,5.4,5.775,6,6.5
"2010-03-17",4.175,4.375,4.95,5.35,5.725,5.95,6.45
"2010-03-18",4.2,4.4,4.925,5.35,5.7,5.95,6.475
"2010-03-19",4.2,4.4,4.925,5.325,5.675,5.95,6.475
"2010-03-22",4.175,4.4,4.95,5.35,5.725,5.95,6.475
"2010-03-23",4.175,4.4,4.9,5.35,5.725,5.95,6.45
"2010-03-24",4.175,4.4,4.925,5.275,5.625,5.9,6.4
"2010-03-25",4.175,4.4,4.925,5.325,5.65,5.9,6.4
"2010-03-26",4.2,4.35,4.9,5.275,5.65,5.9,6.4
"2010-03-29",4.225,4.35,4.925,5.35,5.65,5.9,6.4
"2010-03-30",4.225,4.375,4.9,5.325,5.65,5.9,6.4
"2010-03-31",4.225,4.4,4.95,5.325,5.675,5.9,6.425
"2010-04-01",4.225,4.4,4.95,5.325,5.675,5.9,6.425
"2010-04-02",4.225,4.4,4.95,5.325,5.675,5.9,6.425
"2010-04-05",4.225,4.4,4.95,5.325,5.7,5.95,6.425
"2010-04-06",4.2,4.4,4.975,5.3,5.65,5.95,6.45
"2010-04-07",4.225,4.4,4.975,5.35,5.7,5.95,6.425
"2010-04-08",4.225,4.4,4.975,5.35,5.7,5.95,6.425
"2010-04-09",4.225,4.4,4.975,5.35,5.7,5.95,6.425
"2010-04-12",4.25,4.425,5,5.35,5.7,5.95,6.425
"2010-04-13",4.275,4.425,5,5.35,5.7,5.95,6.425
"2010-04-14",4.275,4.425,5,5.35,5.7,5.95,6.425
"2010-04-15",4.275,4.425,5,5.325,5.675,5.95,6.45
"2010-04-16",4.275,4.425,5,5.325,5.675,5.95,6.45
"2010-04-19",4.275,4.425,5.075,5.425,5.725,5.95,6.45
"2010-04-20",4.3,4.45,5.075,5.45,5.775,6.05,6.425
"2010-04-21",4.3,4.45,5.075,5.45,5.75,6.05,6.475
"2010-04-22",4.3,4.45,5.075,5.45,5.75,6.05,6.475
"2010-04-23",4.275,4.45,5.1,5.475,5.775,6.075,6.475
"2010-04-26",4.3,4.45,5.1,5.5,5.8,6.175,6.575
"2010-04-27",4.325,4.55,5.2,5.575,5.875,6.3,6.7
"2010-04-28",4.35,4.6,5.275,5.625,5.9,6.3,6.7
"2010-04-29",4.35,4.625,5.275,5.625,5.9,6.25,6.7
"2010-04-30",4.325,4.575,5.175,5.6,5.825,6.15,6.7
"2010-05-03",4.325,4.575,5.175,5.6,5.825,6.15,6.7
"2010-05-04",4.375,4.6,5.175,5.6,5.85,6.175,6.7
"2010-05-05",4.35,4.625,5.175,5.6,5.875,6.2,6.7
"2010-05-06",4.35,4.625,5.175,5.6,5.875,6.2,6.7
"2010-05-07",4.35,4.675,5.225,5.65,5.9,6.225,6.75
"2010-05-10",4.35,4.675,5.225,5.65,5.9,6.225,6.75
"2010-05-11",4.3,4.575,5.1,5.4875,5.775,5.975,6.75
"2010-05-12",4.3,4.575,5.1,5.5,5.75,6.1,6.65
"2010-05-13",4.3,4.575,5.1,5.5,5.75,6.1,6.65
"2010-05-14",4.3,4.575,5.1,5.5,5.75,6.1,6.65
"2010-05-17",4.3,4.575,5.125,5.525,5.775,6.1,6.65
"2010-05-18",4.3,4.575,5.125,5.5,5.75,6.1,6.65
"2010-05-19",4.3,4.575,5.125,5.5,5.75,6.1,6.65
"2010-05-20",4.3,4.575,5.125,5.525,5.75,6.1,6.65
"2010-05-21",4.3,4.6,5.125,5.525,5.75,6.1,6.65
"2010-05-24",4.3,4.6,5.125,5.525,5.75,6.1,6.65
"2010-05-25",4.3,4.6,5.125,5.5,5.75,6.1,6.65
"2010-05-26",4.3,4.6,5.125,5.5,5.75,6.1,6.65
"2010-05-27",4.35,4.625,5.15,5.5,5.75,6.1,6.65
"2010-05-28",4.35,4.625,5.15,5.525,5.75,6.1,6.65
"2010-05-31",4.3,4.6,5.125,5.525,5.725,6.1,6.65
"2010-06-01",4.3,4.6,5.125,5.525,5.725,6.1,6.65
"2010-06-02",4.3,4.6,5.125,5.525,5.725,6.1,6.65
"2010-06-03",4.3,4.6,5.125,5.525,5.725,6.1,6.65
"2010-06-04",4.3,4.6,5.125,5.525,5.725,6.1,6.65
"2010-06-07",4.325,4.6,5.125,5.525,5.725,6.1,6.65
"2010-06-08",4.325,4.625,5.1,5.5,5.675,6.1,6.65
"2010-06-09",4.325,4.625,5.1,5.5,5.675,6.1,6.65
"2010-06-10",4.3,4.575,5,5.4,5.6,6.05,6.6
"2010-06-11",4.3,4.575,5,5.4,5.6,6.05,6.6
"2010-06-14",4.3,4.575,5,5.4,5.6,6.05,6.6
"2010-06-15",4.3,4.575,5,5.4,5.6,6.05,6.6
"2010-06-16",4.3,4.575,5,5.4,5.6,6.05,6.6
"2010-06-17",4.3,4.575,5,5.4,5.6,6.05,6.6
"2010-06-18",4.3,4.575,5,5.4,5.6,6.05,6.6
"2010-06-21",4.3,4.55,4.975,5.375,5.425,6.025,6.575
"2010-06-22",4.3,4.55,4.975,5.375,5.425,6.025,6.575
"2010-06-23",4.3,4.55,4.975,5.375,5.425,6.025,6.575
"2010-06-24",4.3,4.55,4.975,5.375,5.425,6.025,6.575
"2010-06-25",4.3,4.55,4.975,5.375,5.425,6.025,6.575
"2010-06-28",4.3,4.55,4.975,5.375,5.425,6.025,6.575
"2010-06-29",4.3,4.55,4.975,5.375,5.425,6.025,6.575
"2010-06-30",4.3,4.55,4.975,5.375,5.425,6.025,6.575
"2010-07-01",4.3,4.55,4.975,5.375,5.425,6.025,6.575
"2010-07-02",4.3,4.55,4.975,5.375,5.575,6,6.55
"2010-07-05",4.275,4.5,4.95,5.325,5.475,5.95,6.525
"2010-07-06",4.275,4.5,4.95,5.325,5.475,5.95,6.525
"2010-07-07",4.275,4.5,4.875,5.3,5.425,5.95,6.525
"2010-07-08",4.275,4.5,4.875,5.3,5.425,5.95,6.525
"2010-07-09",4.275,4.5,4.875,5.3,5.425,5.95,6.525
"2010-07-12",4.275,4.525,4.925,5.275,5.425,5.925,6.5
"2010-07-13",4.275,4.525,4.925,5.275,5.425,5.925,6.5
"2010-07-14",4.275,4.525,4.875,5.275,5.425,5.925,6.5
"2010-07-15",4.275,4.5,4.925,5.25,5.425,5.925,6.5
"2010-07-16",4.3,4.5,4.9,5.25,5.425,5.9,6.5
"2010-07-19",4.3,4.5,4.875,5.25,5.4,5.925,6.5
"2010-07-20",4.3,4.5,4.925,5.275,5.4,5.925,6.5
"2010-07-21",4.35,4.575,4.95,5.3,5.5,5.925,6.5
"2010-07-22",4.35,4.55,4.95,5.325,5.5,5.925,6.5
"2010-07-23",4.35,4.55,4.95,5.325,5.5,5.925,6.5
"2010-07-26",4.425,4.575,4.925,5.3,5.525,5.925,6.5
"2010-07-27",4.4,4.575,4.925,5.3,5.525,5.925,6.5
"2010-07-28",4.35,4.575,4.925,5.3,5.525,5.925,6.5
"2010-07-29",4.35,4.575,4.925,5.3,5.525,5.925,6.5
"2010-07-30",4.35,4.575,4.925,5.3,5.525,5.925,6.5
"2010-08-02",4.375,4.575,4.925,5.35,5.55,5.925,6.5
"2010-08-03",4.375,4.575,4.95,5.325,5.5,5.925,6.5
"2010-08-04",4.375,4.575,4.95,5.325,5.5,5.925,6.5
"2010-08-05",4.375,4.575,4.95,5.325,5.5,5.925,6.5
"2010-08-06",4.375,4.575,4.95,5.275,5.5,5.925,6.5
"2010-08-09",4.375,4.575,4.95,5.275,5.5,5.925,6.5
"2010-08-10",4.375,4.575,4.95,5.275,5.5,5.925,6.5
"2010-08-11",4.375,4.575,4.95,5.275,5.5,5.925,6.5
"2010-08-12",4.375,4.575,4.9,5.25,5.45,5.95,6.525
"2010-08-13",4.35,4.55,4.8,5.2,5.35,5.925,6.5
"2010-08-16",4.3,4.55,4.85,5.2,5.4,5.925,6.5
"2010-08-17",4.3,4.55,4.875,5.2,5.375,5.925,6.5
"2010-08-18",4.3,4.55,4.85,5.2,5.375,5.925,6.5
"2010-08-19",4.35,4.55,4.85,5.2,5.375,5.925,6.5
"2010-08-20",4.35,4.55,4.8,5.2,5.375,5.925,6.5
"2010-08-23",4.35,4.55,4.8,5.175,5.35,5.925,6.5
"2010-08-24",4.35,4.55,4.8,5.175,5.35,5.925,6.5
"2010-08-25",4.35,4.55,4.8,5.175,5.35,5.925,6.5
"2010-08-26",4.35,4.55,4.8,5.175,5.35,5.925,6.5
"2010-08-27",4.325,4.525,4.775,5.15,4.35,5.85,6.5
"2010-08-30",4.325,4.525,4.775,5.15,4.35,5.85,6.5
"2010-08-31",4.325,4.5,4.675,5.025,5.15,5.6,6.425
"2010-09-01",4.325,4.5,4.675,5.025,5.1,5.6,6.4
"2010-09-02",4.325,4.5,4.675,5.025,5.1,5.6,6.4
"2010-09-03",4.325,4.5,4.7,5.025,5.1,5.8,6.4
"2010-09-06",4.325,4.5,4.7,5.025,5.1,5.8,6.4
"2010-09-07",4.325,4.5,4.65,4.975,5.05,5.6,6.4
"2010-09-08",4.325,4.5,4.675,4.95,5.025,5.7,6.35
"2010-09-09",4.325,4.5,4.675,4.95,5.025,5.7,6.35
"2010-09-10",4.325,4.5,4.675,4.95,5.025,5.7,6.35
"2010-09-13",4.325,4.5,4.675,4.95,5.025,5.7,6.35
"2010-09-14",4.325,4.5,4.675,4.95,5.025,5.7,6.35
"2010-09-15",4.325,4.5,4.675,4.95,5.025,5.7,6.35
"2010-09-16",4.325,4.5,4.675,4.95,5.025,5.7,6.35
"2010-09-17",4.325,4.5,4.725,4.925,5.025,5.425,6.2
"2010-09-20",4.325,4.5,4.725,4.925,5.025,5.425,6.2
"2010-09-21",4.325,4.5,4.725,4.925,5.025,5.425,6.2
"2010-09-22",4.3,4.5,4.725,4.925,5.025,5.425,6.2
"2010-09-23",4.3,4.5,4.725,4.925,5.025,5.425,6.2
"2010-09-24",4.3,4.5,4.725,4.925,5.025,5.425,6.2
"2010-09-27",4.275,4.5,4.7,4.85,4.975,5.375,6.125
"2010-09-28",4.275,4.5,4.7,4.85,4.975,5.375,6.125
"2010-09-29",4.275,4.5,4.7,4.85,4.975,5.375,6.125
"2010-09-30",4.25,4.45,4.65,4.825,4.925,5.275,6.05
"2010-10-01",4.225,4.425,4.625,4.75,4.85,5.25,6.05
"2010-10-04",4.075,4.325,4.55,4.7,4.8,5.15,6
"2010-10-05",4.075,4.325,4.55,4.7,4.8,5.15,6
"2010-10-06",3.975,4.225,4.45,4.675,4.775,5.1,5.975
"2010-10-07",3.7,4.075,4.3,4.525,4.625,4.9,5.9
"2010-10-08",3.65,3.8,4.1,4.475,4.575,4.85,5.875
"2010-10-11",3.675,3.75,4,4.4,4.525,4.85,5.875
"2010-10-12",3.7,3.75,4,4.45,4.525,4.85,5.875
"2010-10-13",3.7,3.75,4,4.45,4.525,4.85,5.875
"2010-10-14",3.625,3.725,3.975,4.35,4.45,4.825,5.875
"2010-10-15",3.75,3.725,3.95,4.3,4.375,4.8,5.85
"2010-10-18",3.775,3.85,3.975,4.3,4.375,5.225,5.85
"2010-10-19",3.8,3.8,3.975,4.3,4.375,5.225,5.85
"2010-10-20",3.8,3.875,4.025,4.3,4.35,4.975,5.85
"2010-10-21",3.8,3.875,4.025,4.3,4.35,4.975,5.85
"2010-10-22",3.775,3.875,4.025,4.3,4.425,4.825,5.85
"2010-10-25",3.775,3.875,4.025,4.3,4.425,4.825,5.85
"2010-10-26",3.7,3.85,4,4.275,4.375,5.225,5.85
"2010-10-27",3.55,3.75,3.975,4.25,4.35,4.825,5.85
"2010-10-28",3.55,3.75,3.975,4.25,4.35,4.825,5.85
"2010-10-29",3.55,3.75,3.975,4.25,4.35,4.825,5.85
"2010-11-01",3.55,3.75,3.975,4.25,4.35,4.825,5.85
"2010-11-02",3.55,3.75,3.975,4.25,4.35,4.825,5.85
"2010-11-03",2.875,3.125,3.6,4.25,4.35,4.9,5.85
"2010-11-04",2.875,3.125,3.6,4.05,4.175,4.9,5.75
"2010-11-05",2.875,3.125,3.6,4.05,4.175,4.9,5.75
"2010-11-08",2.875,3.125,3.6,4.05,4.175,4.9,5.75
"2010-11-09",2.875,3.125,3.6,4.05,4.175,4.9,5.75
"2010-11-10",2.875,3.125,3.6,4.05,4.175,4.9,5.75
"2010-11-11",2.875,3.125,3.6,4.05,4.175,4.9,5.75
"2010-11-12",2.875,3.125,3.6,4.05,4.175,4.9,5.75
"2010-11-15",2.875,3.125,3.6,4.05,4.175,4.9,5.75
"2010-11-16",2.875,3.125,3.6,4.05,4.175,4.9,5.75
"2010-11-17",2.875,3.125,3.6,4.05,4.175,4.9,5.75
"2010-11-18",2.875,3.125,3.6,4.05,4.175,4.9,5.75
"2010-11-19",2.875,3.125,3.6,4.05,4.175,4.9,5.75
"2010-11-22",2.875,3.125,3.6,4.05,4.175,4.9,5.75
"2010-11-23",2.875,3.125,3.6,4.05,4.175,4.9,5.75
"2010-11-24",2.875,3.125,3.6,4.05,4.175,4.9,5.75
"2010-11-25",2.875,3.125,3.6,4.05,4.175,4.9,5.75
"2010-11-26",2.875,3.125,3.6,4.05,4.175,4.9,5.75
"2010-11-29",2.875,3.125,3.6,4.05,4.175,4.9,5.75
"2010-11-30",2.875,3.125,3.6,4.05,4.175,4.9,5.75
"2010-12-01",2.875,3.125,3.6,4.05,4.175,4.9,5.75
"2010-12-02",2.875,3.125,3.6,4.05,4.175,4.9,5.75
"2010-12-03",2.875,3.125,3.6,4.05,4.175,4.9,5.75
"2010-12-06",2.875,3.125,3.6,4.05,4.175,4.9,5.75
"2010-12-07",2.875,3.125,3.6,4.05,4.175,4.9,5.75
"2010-12-08",2.875,3.125,3.6,4.05,4.175,4.9,5.75
"2010-12-09",2.875,3.125,3.6,4.05,4.175,4.9,5.75
"2010-12-10",2.875,3.125,3.6,4.05,4.175,4.9,5.75
"2010-12-13",2.875,3.125,3.6,4.05,4.175,4.9,5.75
"2010-12-14",2.875,3.125,3.6,4.05,4.175,4.9,5.75
"2010-12-15",2.875,3.125,3.6,4.05,4.175,4.9,5.75
"2010-12-16",2.875,3.125,3.6,4.05,4.175,4.9,5.75
"2010-12-17",2.875,3.125,3.6,4.05,4.175,4.9,5.75
"2010-12-20",2.875,3.125,3.6,4.05,4.175,4.9,5.75
"2010-12-21",2.875,3.125,3.6,4.05,4.175,4.9,5.75
"2010-12-22",2.875,3.125,3.6,4.05,4.175,4.9,5.75
"2010-12-23",2.875,3.125,3.6,4.05,4.175,4.9,5.75
"2010-12-24",2.875,3.125,3.6,4.05,4.175,4.9,5.75
"2010-12-27",2.875,3.125,3.6,4.05,4.175,4.9,5.75
"2010-12-28",2.875,3.125,3.6,4.05,4.175,4.9,5.75
"2010-12-29",2.875,3.125,3.6,4.05,4.175,4.9,5.75
"2010-12-30",2.875,3.125,3.6,4.05,4.175,4.9,5.75
"2010-12-31",2.875,3.125,3.6,4.05,4.175,4.9,5.75
"2011-01-03",2.875,3.125,3.6,4.05,4.175,4.9,5.75
"2011-01-04",2.875,3.125,3.6,4.05,4.175,4.9,5.75
"2011-01-05",2.875,3.125,3.6,4.05,4.175,4.9,5.75
"2011-01-06",2.875,3.125,3.6,4.05,4.175,4.9,5.75
"2011-01-07",2.875,3.125,3.6,4.05,4.175,4.9,5.75
"2011-01-10",2.875,3.125,3.6,4.05,4.175,4.9,5.75
"2011-01-11",2.32696869803068,2.76448896611747,3.18232121346526,3.6340754896219,3.9521868138575,4.65,5.5
"2011-01-12",1.6,2.15,2.45,2.95,3.5,4.65,5.5
"2011-01-13",1.6,2.15,2.45,2.95,3.5,4.65,5.5
"2011-01-14",1.6,2.15,2.45,2.95,3.5,4.65,5.5
"2011-01-17",1.6,2.15,2.45,2.95,3.5,4.65,5.5
"2011-01-18",2.375,3.375,4,4.25,4.4,5.25,5.85
"2011-01-19",2.375,3.375,4,4.25,4.4,5.25,5.85
"2011-01-20",2.95,3.7,4.35,4.6,4.75,5.65,6.1
"2011-01-21",3,3.75,4.4,4.65,4.75,5.65,6.1
"2011-01-24",3,3.75,4.4,4.65,4.75,5.65,6.1
"2011-01-25",3,3.75,4.4,4.65,4.75,5.65,6.1
"2011-01-26",2.95,3.675,4.3,4.6,4.725,5.65,6.1
"2011-01-27",2.85,3.55,4.275,4.475,4.625,5.65,6.1
"2011-01-28",2.525,3.275,4,4.275,4.375,5.55,6.1
"2011-01-31",2.525,3.225,4,4.275,4.375,5.55,6.1
"2011-02-01",2.525,3.3,4,4.275,4.45,5.55,6.1
"2011-02-02",2.525,3.3,4,4.275,4.45,5.55,6.1
"2011-02-03",2.525,3.3,4,4.275,4.45,5.55,6.1
"2011-02-04",2.525,3.3,4,4.275,4.45,5.55,6.1
"2011-02-07",2.425,3.35,4,4.275,4.45,5.55,6.1
"2011-02-08",2.425,3.35,4,4.275,4.45,5.55,6.1
"2011-02-09",2.375,3.3,3.975,4.3,4.475,5.55,6.1
"2011-02-10",2.375,3.3,3.975,4.3,4.475,5.55,6.1
"2011-02-11",2.375,3.3,3.975,4.3,4.475,5.55,6.1
"2011-02-14",2.3,3.325,4,4.35,4.6375,5.55,6.1
"2011-02-15",2.3,3.35,4,4.4,4.75,5.55,6.1
"2011-02-16",2.35,3.35,4,4.375,4.725,5.55,6.1
"2011-02-17",2.3,3.35,4.05,4.4,4.725,5.55,6.1
"2011-02-18",2.3,3.35,4.05,4.4,4.725,5.55,6.1
"2011-02-21",2.3,3.35,4.05,4.4,4.725,5.55,6.1
"2011-02-22",2.2,3.35,4.05,4.4,4.725,5.55,6.1
"2011-02-23",2.25,3.275,4,4.4,4.725,5.55,6.1
"2011-02-24",2.25,3.275,4,4.4,4.725,5.55,6.1
"2011-02-25",2.25,3.275,4,4.4,4.725,5.55,6.1
"2011-02-28",2.275,3.3,4,4.425,4.7,5.55,6.1
"2011-03-01",2.275,3.35,4,4.425,4.7,5.55,6.1
"2011-03-02",2.3,3.3,4,4.425,4.7,5.55,6.1
"2011-03-03",2.275,3.3,4,4.425,4.7,5.55,6.1
"2011-03-04",2.275,3.275,4,4.425,4.8,5.625,6.1
"2011-03-07",2.2,3.25,4,4.45,4.8,5.625,6.1
"2011-03-08",2.25,3.3,4.025,4.525,4.775,5.625,6.1
"2011-03-09",2.35,3.425,4.15,4.65,4.9,5.7,6.2
"2011-03-10",2.325,3.425,4.15,4.65,4.9,5.7,6.2
"2011-03-11",2.325,3.425,4.15,4.65,4.9,5.7,6.2
"2011-03-14",2.325,3.425,4.15,4.65,4.9,5.7,6.2
"2011-03-15",2.325,3.425,4.15,4.65,4.9,5.7,6.2
"2011-03-16",2.325,3.425,4.15,4.65,4.9,5.7,6.2
"2011-03-17",2.325,3.425,4.15,4.65,4.9,5.7,6.2
"2011-03-18",2.325,3.425,4.15,4.65,4.9,5.7,6.2
"2011-03-21",2.325,3.4,4.15,4.65,4.9,5.7,6.2
"2011-03-22",2.3,3.35,4.05,4.55,4.85,5.675,6.225
"2011-03-23",2.3,3.35,4.05,4.55,4.85,5.675,6.225
"2011-03-24",2.3,3.35,4.05,4.55,4.85,5.675,6.225
"2011-03-25",2.15,3.2,3.9,4.3,4.6,5.55,6.2
"2011-03-28",2.15,3.2,3.875,4.3,4.6,5.55,6.2
"2011-03-29",2.15,3.2,3.875,4.3,4.6,5.55,6.2
"2011-03-30",2.15,3.2,3.875,4.3,4.6,5.55,6.2
"2011-03-31",2.15,3.2,3.875,4.3,4.6,5.55,6.2
"2011-04-01",2.15,3.2,3.875,4.3,4.6,5.55,6.2
"2011-04-04",2.175,3.225,3.875,4.3,4.6,5.55,6.2
"2011-04-05",2.175,3.225,3.875,4.3,4.6,5.55,6.2
"2011-04-06",2.15,3.175,3.775,4.225,4.55,5.5,6.15
"2011-04-07",2.15,3.175,3.775,4.225,4.55,5.5,6.15
"2011-04-08",2.2,3.175,3.775,4.225,4.55,5.5,6.15
"2011-04-11",2.15,3.175,3.775,4.225,4.55,5.5,6.15
"2011-04-12",2.15,3.175,3.775,4.225,4.55,5.5,6.15
"2011-04-13",2.15,3.175,3.775,4.225,4.55,5.5,6.15
"2011-04-14",2.3,3.225,3.775,4.225,4.525,5.45,6.15
"2011-04-15",2.4,3.25,3.825,4.275,4.55,5.45,6.15
"2011-04-18",2.4,3.25,3.825,4.275,4.55,5.45,6.15
"2011-04-19",2.525,3.225,3.825,4.275,4.55,5.45,6.15
"2011-04-20",2.525,3.225,3.825,4.275,4.55,5.45,6.15
"2011-04-21",2.525,3.225,3.825,4.275,4.55,5.45,6.15
"2011-04-22",2.525,3.225,3.825,4.275,4.55,5.45,6.15
"2011-04-25",2.525,3.225,3.825,4.275,4.55,5.45,6.15
"2011-04-26",2.525,3.225,3.825,4.275,4.55,5.45,6.15
"2011-04-27",2.525,3.225,3.825,4.275,4.55,5.45,6.15
"2011-04-28",2.45,3.15,3.65,4.1,4.45,5.225,5.95
"2011-04-29",2.45,3.15,3.65,4.1,4.45,5.225,5.95
"2011-05-02",2.4,3.15,3.65,4.1,4.45,5.225,5.95
"2011-05-03",2.4,3.15,3.65,4.1,4.45,5.225,5.95
"2011-05-04",2.35,3.175,3.625,4.075,4.45,5.2,5.95
"2011-05-05",2.8,3.2,3.625,4.125,4.475,5.25,5.95
"2011-05-06",2.85,3.25,3.575,4.0875,4.475,5.225,5.95
"2011-05-09",2.875,3.25,3.6,4.075,4.475,5.225,5.95
"2011-05-10",2.875,3.275,3.625,4.075,4.475,5.225,5.95
"2011-05-11",2.9,3.25,3.625,4.1,4.475,5.225,5.95
"2011-05-12",2.9,3.25,3.65,4.075,4.475,5.225,5.95
"2011-05-13",2.9,3.25,3.65,4.075,4.475,5.225,5.95
"2011-05-16",2.925,3.25,3.65,4.1,4.475,5.225,5.95
"2011-05-17",2.9,3.25,3.65,4.1,4.475,5.225,5.95
"2011-05-18",2.9,3.25,3.625,4.1,4.475,5.225,5.95
"2011-05-19",2.9,3.25,3.65,4.075,4.475,5.225,5.95
"2011-05-20",2.9,3.25,3.675,4.075,4.475,5.225,5.95
"2011-05-23",2.9,3.275,3.675,4.1,4.5,5.225,5.95
"2011-05-24",2.925,3.275,3.675,4.1,4.5,5.225,5.95
"2011-05-25",2.925,3.1,3.525,4.05,4.4,5.2,5.95
"2011-05-26",2.9,3.1875,3.6,4.05,4.4,5.2,5.95
"2011-05-27",2.925,3.225,3.625,4.05,4.4,5.2,5.95
"2011-05-30",2.85,3.225,3.6,4.05,4.35,5.2,5.95
"2011-05-31",2.875,3.225,3.7,4.075,4.35,5.2,5.95
"2011-06-01",2.875,3.225,3.65,4.05,4.35,5.2,5.95
"2011-06-02",2.875,3.225,3.65,4.05,4.35,5.2,5.95
"2011-06-03",2.875,3.225,3.65,4.05,4.35,5.2,5.95
"2011-06-06",2.925,3.225,3.65,4.05,4.35,5.2,5.95
"2011-06-07",2.95,3.25,3.65,4.025,4.35,5.2,5.95
"2011-06-08",3,3.275,3.675,4.025,4.35,5.2,5.95
"2011-06-09",3,3.2,3.6375,4.0125,4.3375,5.2,5.95
"2011-06-10",3,3.2,3.6375,4.0125,4.3375,5.2,5.95
"2011-06-13",3.025,3.2875,3.675,4.025,4.3375,5.2,5.95
"2011-06-14",3.05,3.2625,3.675,3.95,4.35,5.2,5.95
"2011-06-15",3.025,3.3,3.65,3.975,4.35,5.225,5.95
"2011-06-16",3.025,3.3,3.6,3.975,4.3375,5.2,5.95
"2011-06-17",3.075,3.2375,3.6,3.9875,4.3625,5.2,5.95
"2011-06-20",3.075,3.2375,3.6,3.9875,4.3625,5.2,5.95
"2011-06-21",3.075,3.3,3.6,3.975,4.375,5.2,5.95
"2011-06-22",3.075,3.3,3.625,3.975,4.375,5.2,5.95
"2011-06-23",3.25,3.3625,3.65,4,4.375,5.2,5.95
"2011-06-24",3.3,3.3875,3.65,4,4.35,5.225,5.95
"2011-06-27",3.325,3.4125,3.675,4,4.375,5.225,5.95
"2011-06-28",3.425,3.55,3.725,4.0375,4.4,5.225,5.95
"2011-06-29",3.425,3.55,3.725,4.05,4.4,5.225,5.95
"2011-06-30",3.3,3.625,3.75,4.05,4.4,5.225,5.95
"2011-07-01",3.375,3.55,3.7,4.025,4.375,5.225,5.95
"2011-07-04",3.3,3.425,3.65,3.95,4.325,5.225,5.95
"2011-07-05",3.275,3.4125,3.65,3.975,4.3375,5.175,5.95
"2011-07-06",3.25,3.4125,3.625,3.975,4.3,5.075,5.95
"2011-07-07",3.275,3.4,3.65,3.95,4.3,5.075,5.95
"2011-07-08",3.275,3.4125,3.65,3.95,4.3,5.075,5.95
"2011-07-11",3.275,3.4,3.65,3.95,4.3,5.075,5.95
"2011-07-12",3.3,3.4,3.65,3.975,4.325,5.1,5.95
"2011-07-13",3.3,3.4,3.675,3.975,4.325,5.15,5.95
"2011-07-14",3.3,3.4,3.675,3.975,4.325,5.15,5.95
"2011-07-15",3.35,3.475,3.675,3.975,4.325,5.15,5.95
"2011-07-18",3.425,3.525,3.7,3.95,4.35,5.15,5.95
"2011-07-19",3.475,3.6625,3.775,3.975,4.35,5.15,5.95
"2011-07-20",3.45,3.6,3.75,4,4.35,5.15,5.95
"2011-07-21",3.45,3.6,3.75,3.975,4.35,5.15,5.95
"2011-07-22",3.475,3.6,3.775,3.975,4.325,5.15,5.95
"2011-07-25",3.625,3.7,3.775,3.9625,4.35,5.15,5.95
"2011-07-26",3.625,3.7,3.8,3.975,4.35,5.15,5.95
"2011-07-27",3.625,3.7,3.775,3.975,4.3375,5.15,5.95
"2011-07-28",3.625,3.7,3.75,3.95,4.3,5.15,5.95
"2011-07-29",3.625,3.7,3.725,4,4.3,5.15,5.95
"2011-08-01",3.625,3.7,3.6,3.85,4.225,5.05,5.95
"2011-08-02",3.625,3.7,3.575,3.85,4.225,5.1,5.9
"2011-08-03",3.625,3.7,3.55,3.85,4.225,5.1,5.9
"2011-08-04",3.625,3.7,3.575,3.875,4.225,5.1,5.9
"2011-08-05",3.625,3.7,3.6,3.9,4.225,5.1,5.9
"2011-08-08",3.625,3.7,3.45,3.7,4.175,5.05,5.9
"2011-08-09",3.625,3.7,3.425,3.675,4.15,5.05,5.9
"2011-08-10",3.625,3.7,3.35,3.575,4.025,4.95,5.85
"2011-08-11",3.625,3.7,3.125,3.4,3.825,4.9,5.75
"2011-08-12",3.625,3.7,3.075,3.4,3.75,4.9,5.75
"2011-08-15",3.625,3.7,3.1,3.4,3.8,5.025,5.75
"2011-08-16",3.625,3.7,3.075,3.4,3.775,4.9,5.75
"2011-08-17",3.625,3.7,3.075,3.425,3.8,4.9,5.75
"2011-08-18",3.625,3.7,3.075,3.4,3.8,4.9875,5.75
"2011-08-19",3.625,3.7,3.075,3.375,3.775,4.9,5.75
"2011-08-22",3.625,3.7,3.025,3.375,3.725,4.9,5.75
"2011-08-23",3.625,3.7,3,3.35,3.7,4.9,5.75
"2011-08-24",3.625,3.7,2.95,3.325,3.7,4.875,5.75
"2011-08-25",3.625,3.7,2.975,3.325,3.675,4.875,5.75
"2011-08-26",3.625,3.7,2.675,3.15,3.675,4.875,5.75
"2011-08-29",3.625,3.7,2.675,3.15,3.675,4.875,5.75
"2011-08-30",3.625,3.7,2.675,3.15,3.675,4.875,5.75
"2011-08-31",3.625,3.7,2.8,3.1375,3.575,4.8,5.65
"2011-09-01",3.625,3.7,2.75,3.1,3.525,4.8,5.65
"2011-09-02",3.625,3.7,2.775,3.1,3.5,4.8,5.65
"2011-09-05",3.625,3.7,2.775,3.1,3.5,4.8,5.65
"2011-09-06",3.625,3.7,2.725,3.1,3.475,4.8,5.65
"2011-09-07",3.625,3.7,2.75,3.1,3.525,4.8,5.65
"2011-09-08",3.625,3.7,2.725,3.1,3.525,4.8,5.65
"2011-09-09",3.625,3.7,2.725,3.1,3.525,4.8,5.65
"2011-09-12",3.625,3.7,2.725,3.1,3.525,4.8,5.65
"2011-09-13",3.625,3.7,2.725,3.075,3.525,4.8,5.65
"2011-09-14",3.625,3.7,2.725,3.075,3.525,4.8,5.65
"2011-09-15",3.625,3.7,2.775,3.075,3.525,4.8,5.65
"2011-09-16",3.625,3.7,2.8,3.1,3.575,4.8,5.65
"2011-09-19",3.625,3.7,2.8,3.1,3.55,4.8,5.65
"2011-09-20",3.625,3.7,2.9,3.1,3.575,4.8,5.65
"2011-09-21",3.625,3.7,2.9,3.075,3.55,4.75,5.65
"2011-09-22",3.625,3.7,2.95,3.05,3.575,4.825,5.65
"2011-09-23",3.625,3.7,2.95,3.1,3.65,4.825,5.65
"2011-09-26",3.625,3.7,2.85,3.025,3.55,4.775,5.65
"2011-09-27",3.625,3.7,2.85,3.025,3.55,4.775,5.65
"2011-09-28",3.625,3.7,2.75,2.975,3.55,4.775,5.65
"2011-09-29",3.625,3.7,2.75,2.975,3.55,4.775,5.65
"2011-09-30",3.625,3.7,2.65,2.975,3.45,4.775,5.65
"2011-10-03",3.625,3.7,2.65,3,3.45,4.825,5.65
"2011-10-04",3.625,3.7,2.65,3.025,3.45,4.775,5.65
"2011-10-05",2.2,2.475,2.65,2.975,3.45,4.775,5.65
"2011-10-06",2.225,2.45,2.65,2.975,3.425,4.725,5.65
"2011-10-07",2.225,2.475,2.65,2.975,3.425,4.725,5.65
"2011-10-10",2.2,2.475,2.625,2.975,3.425,4.725,5.65
"2011-10-11",2.2,2.4,2.55,2.95,3.325,4.65,5.55
"2011-10-12",2.2,2.425,2.575,2.9,3.35,4.65,5.55
"2011-10-13",2.2,2.4,2.55,2.9,3.35,4.65,5.4
"2011-10-14",2.2,2.4,2.55,2.9,3.35,4.65,5.4
"2011-10-17",2.2,2.4,2.55,2.9,3.3,4.65,5.4
"2011-10-18",1.9,2.4,2.55,2.9,3.3,4.65,5.4
"2011-10-19",1.9,2.4,2.55,2.9,3.3,4.65,5.4
"2011-10-20",1.925,2.4,2.55,2.9,3.3,4.65,5.4
"2011-10-21",2.1,2.375,2.55,2.85,3.275,4.575,5.4
"2011-10-24",2.075,2.375,2.55,2.85,3.25,4.525,5.35
"2011-10-25",2.075,2.375,2.55,2.85,3.25,4.525,5.3
"2011-10-26",2,2.375,2.55,2.85,3.25,4.525,5.3
"2011-10-27",2.075,2.35,2.55,2.85,3.25,4.525,5.3
"2011-10-28",2.0375,2.325,2.55,2.85,3.25,4.525,5.3
"2011-10-31",2.0375,2.325,2.55,2.85,3.25,4.525,5.3
"2011-11-01",2.0375,2.325,2.55,2.85,3.25,4.525,5.3
"2011-11-02",2.1,2.375,2.55,2.875,3.25,4.525,5.3
"2011-11-03",2.3375,2.45,2.6,2.875,3.25,4.525,5.3
"2011-11-04",2.475,2.525,2.675,2.8875,3.25,4.525,5.3
"2011-11-07",2.475,2.525,2.675,2.8875,3.25,4.525,5.3
"2011-11-08",2.45,2.525,2.65,2.9,3.25,4.525,5.3
"2011-11-09",2.475,2.55,2.675,2.9,3.275,4.65,5.3
"2011-11-10",2.575,2.6,2.7,2.9,3.275,4.65,5.3
"2011-11-11",2.625,2.65,2.7,2.925,3.275,4.6,5.3
"2011-11-14",2.6,2.65,2.7,2.925,3.275,4.6,5.3
"2011-11-15",2.6,2.65,2.75,2.9125,3.25,4.525,5.3
"2011-11-16",2.575,2.625,2.7,2.8875,3.225,4.5,5.3
"2011-11-17",2.6,2.65,2.725,2.9,3.225,4.5,5.3
"2011-11-18",2.625,2.65,2.725,2.9,3.25,4.525,5.3
"2011-11-21",2.7,2.7,2.75,2.925,3.275,4.525,5.3
"2011-11-22",2.725,2.7,2.775,2.925,3.275,4.525,5.3
"2011-11-23",2.8,2.7875,2.825,2.925,3.275,4.525,5.3
"2011-11-24",2.825,2.825,2.85,2.95,3.275,4.525,5.3
"2011-11-25",2.9,2.9,2.925,2.975,3.275,4.525,5.3
"2011-11-28",2.9,2.9,2.9375,2.9875,3.275,4.525,5.3
"2011-11-29",2.875,2.875,2.9375,2.975,3.275,4.525,5.3
"2011-11-30",2.875,2.875,2.9375,2.975,3.275,4.525,5.3
"2011-12-01",2.725,2.75,2.775,2.85,3.2,4.4,5.225
"2011-12-02",2.725,2.75,2.775,2.85,3.2,4.4,5.225
"2011-12-05",2.7,2.725,2.775,2.85,3.2,4.4,5.225
"2011-12-06",2.725,2.75,2.775,2.875,3.2,4.3,5.225
"2011-12-07",2.725,2.75,2.775,2.875,3.2,4.325,5.225
"2011-12-08",2.675,2.75,2.775,2.875,3.2,4.3,5.225
"2011-12-09",2.725,2.75,2.75,2.925,3.175,4.3,5.225
"2011-12-12",2.75,2.75,2.75,2.875,3.175,4.3,5.225
"2011-12-13",2.775,2.775,2.825,2.9,3.175,4.325,5.225
"2011-12-14",2.775,2.775,2.825,2.9,3.175,4.325,5.225
"2011-12-15",2.75,2.8,2.825,2.925,3.175,4.325,5.225
"2011-12-16",2.775,2.8,2.825,2.9,3.175,4.325,5.225
"2011-12-19",2.725,2.775,2.8,2.875,3.15,4.325,5.225
"2011-12-20",2.675,2.725,2.75,2.825,3.125,4.325,5.225
"2011-12-21",2.5,2.675,2.75,2.825,3.125,4.325,5.225
"2011-12-22",2.625,2.625,2.675,2.75,3.075,4.3,5.225
"2011-12-23",2.625,2.625,2.675,2.95,3.075,4.3,5.225
"2011-12-26",2.625,2.65,2.7,2.8,3.075,4.3,5.225
"2011-12-27",2.55,2.6,2.675,2.75,3.025,4.3,5.225
"2011-12-28",2.5,2.575,2.65,2.725,3,4.3,5.225
"2011-12-29",2.45,2.525,2.6,2.725,3,4.3,5.225
"2011-12-30",2.45,2.525,2.6,2.725,3,4.3,5.225
"2012-01-02",2.475,2.525,2.625,2.725,3,4.3,5.225
"2012-01-03",2.475,2.525,2.625,2.725,3,4.3,5.225
"2012-01-04",2.5625,2.525,2.625,2.725,3,4.3,5.225
"2012-01-05",2.6,2.625,2.625,2.725,2.95,4.275,5.225
"2012-01-06",2.625,2.6375,2.675,2.75,2.975,4.3,5.225
"2012-01-09",2.75,2.75,2.75,2.775,2.975,4.3,5.225
"2012-01-10",2.725,2.7125,2.725,2.7625,2.975,4.3,5.225
"2012-01-11",2.75,2.75,2.75,2.7625,2.975,4.3,5.225
"2012-01-12",2.85,2.8,2.75,2.775,2.825,4.3,5.225
"2012-01-13",2.8,2.775,2.775,2.775,2.975,4.3,5.225
"2012-01-16",2.775,2.775,2.775,2.775,2.975,4.3,5.225
"2012-01-17",2.775,2.7625,2.7625,2.775,2.975,4.275,5.2
"2012-01-18",2.7625,2.75,2.75,2.8,2.975,4.25,5.2
"2012-01-19",2.75,2.75,2.75,2.775,2.975,4.25,5.2
"2012-01-20",2.75,2.725,2.75,2.775,2.975,4.25,5.2
"2012-01-23",2.75,2.725,2.75,2.775,2.975,4.25,5.2
"2012-01-24",2.75,2.75,2.75,2.775,2.975,4.25,5.2
"2012-01-25",2.7625,2.7625,2.7625,2.775,2.975,4.25,5.2
"2012-01-26",2.75,2.75,2.75,2.75,2.95,4.25,5.2
"2012-01-27",2.7625,2.7625,2.75,2.775,2.975,4.175,5.2
"2012-01-30",2.7875,2.75,2.7625,2.775,2.975,4.175,5.2
"2012-01-31",2.8,2.7625,2.775,2.775,2.95,4.175,5.2
"2012-02-01",2.8,2.7625,2.775,2.775,2.975,4.175,5.2
"2012-02-02",2.8,2.7625,2.775,2.75,2.95,4.175,5.2
"2012-02-03",2.775,2.7625,2.775,2.775,2.975,4.175,5.2
"2012-02-06",2.775,2.75,2.75,2.75,2.95,4.175,5.2
"2012-02-07",2.775,2.75,2.75,2.75,2.95,4.175,5.2
"2012-02-08",2.75,2.75,2.75,2.75,2.95,4.175,5.2
"2012-02-09",2.775,2.75,2.75,2.775,2.975,4.175,5.2
"2012-02-10",2.75,2.75,2.75,2.75,2.95,4.175,5.2
"2012-02-13",2.75,2.75,2.75,2.75,2.95,4.175,5.2
"2012-02-14",2.75,2.75,2.75,2.75,2.95,4.175,5.2
"2012-02-15",2.7,2.7,2.725,2.75,2.95,4.175,5.2
"2012-02-16",2.725,2.725,2.725,2.75,2.95,4.175,5.2
"2012-02-17",2.725,2.725,2.725,2.75,2.95,4.175,5.2
"2012-02-20",2.725,2.725,2.725,2.75,2.95,4.175,5.2
"2012-02-21",2.775,2.75,2.725,2.75,2.95,4.175,5.2
"2012-02-22",2.75,2.75,2.7625,2.75,2.95,4.175,5.2
"2012-02-23",2.725,2.7375,2.7375,2.75,2.95,4.175,5.2
"2012-02-24",2.75,2.725,2.725,2.75,2.95,4.175,5.2
"2012-02-27",2.725,2.725,2.7375,2.75,2.95,4.15,5.2
"2012-02-28",2.6875,2.7125,2.7375,2.75,2.95,4.175,5.2
"2012-02-29",2.675,2.7,2.7125,2.75,2.95,4.175,5.2
"2012-03-01",2.7,2.7,2.7,2.75,2.95,4.175,5.2
"2012-03-02",2.725,2.7,2.7,2.75,2.95,4.175,5.2
"2012-03-05",2.7,2.7,2.7,2.75,2.95,4.175,5.2
"2012-03-06",2.7,2.6875,2.7,2.75,2.95,4.175,5.2
"2012-03-07",2.7375,2.7,2.7,2.75,2.95,4.175,5.2
"2012-03-08",2.7375,2.7125,2.7125,2.75,2.95,4.175,5.2
"2012-03-09",2.75,2.7375,2.7375,2.75,2.95,4.175,5.2
"2012-03-12",2.7375,2.7375,2.7375,2.75,2.95,4.175,5.2
"2012-03-13",2.75,2.75,2.7375,2.75,2.95,4.175,5.2
"2012-03-14",2.75,2.7625,2.75,2.75,2.95,4.175,5.2
"2012-03-15",2.775,2.775,2.7625,2.7625,2.975,4.175,5.2
"2012-03-16",2.8,2.8,2.8,2.8,2.975,4.175,5.2
"2012-03-19",2.95,2.925,2.875,2.975,3.05,4.225,5.2
"2012-03-20",3.1,3.1,3.125,3.175,3.325,4.375,5.3
"2012-03-21",3.15,3.15,3.15,3.175,3.275,4.4,5.35
"2012-03-22",3.15,3.125,3.15,3.175,3.275,4.45,5.35
"2012-03-23",3.15,3.125,3.15,3.1875,3.275,4.45,5.35
"2012-03-26",3.15,3.125,3.15,3.2,3.275,4.45,5.35
"2012-03-27",3,3,3,3.05,3.1,4.375,5.3
"2012-03-28",3,3.0125,3.05,3.075,3.15,4.4,5.3
"2012-03-29",3,3.025,3.0375,3.075,3.125,4.2,5.1
"2012-03-30",3.025,3.05,3.025,3.05,3.1125,4.275,5.1
"2012-04-02",3.075,3.075,3.05,3.075,3.15,4.2,5.1
"2012-04-03",3.1,3.1,3.1,3.1,3.15,4.2,5.1
"2012-04-04",3.125,3.1,3.1,3.15,3.2125,4.2,5.1
"2012-04-05",3.125,3.1,3.1,3.15,3.2125,4.2,5.1
"2012-04-06",3.125,3.1,3.1,3.15,3.2125,4.2,5.1
"2012-04-09",3.125,3.1,3.1,3.15,3.2125,4.2,5.1
"2012-04-10",3.125,3.1125,3.1125,3.109,3.1875,4.2,5.1
"2012-04-11",3.1375,3.1375,3.1375,3.175,3.225,4.2,5.1
"2012-04-12",3.1375,3.1375,3.1375,3.175,3.2375,4.225,5.125
"2012-04-13",3.125,3.15,3.15,3.2,3.25,4.25,5.15
"2012-04-16",3.1375,3.175,3.175,3.235,3.3,4.25,5.15
"2012-04-17",3.1625,3.1625,3.1625,3.2125,3.275,4.275,5.175
"2012-04-18",3.1625,3.1625,3.1625,3.2125,3.275,4.275,5.175
"2012-04-19",3.1625,3.1625,3.1625,3.2125,3.275,4.275,5.175
"2012-04-20",3.1625,3.1625,3.1625,3.2,3.2625,4.275,5.175
"2012-04-23",3.1625,3.1625,3.1625,3.2,3.2625,4.275,5.175
"2012-04-24",3.1625,3.1625,3.1625,3.2,3.2625,4.275,5.175
"2012-04-25",3.1625,3.1625,3.1625,3.2,3.2625,4.275,5.175
"2012-04-26",3.1625,3.1625,3.1625,3.2,3.2625,4.275,5.175
"2012-04-27",3.125,3.125,3.1375,3.175,3.2375,4.275,5.175
"2012-04-30",3.1375,3.1375,3.15,3.1875,3.2625,4.275,5.175
"2012-05-01",3.1375,3.1375,3.15,3.1875,3.2625,4.275,5.175
"2012-05-02",3.1375,3.0875,3.0875,3.125,3.2125,4.275,5.175
"2012-05-03",3.1,3.1,3.1,3.15,3.2125,4.275,5.175
"2012-05-04",3.0875,3.0875,3.0875,3.1375,3.2125,4.275,5.175
"2012-05-07",3.1125,3.1125,3.1125,3.15,3.2125,4.275,5.175
"2012-05-08",3.1,3.1,3.1,3.15,3.2125,4.275,5.175
"2012-05-09",3.1125,3.1125,3.1125,3.15,3.225,4.275,5.175
"2012-05-10",3.0875,3.0875,3.1,3.1375,3.2,4.275,5.175
"2012-05-11",3.0875,3.0875,3.1,3.1375,3.2,4.275,5.175
"2012-05-14",3.0875,3.0875,3.1,3.1375,3.2125,4.275,5.175
"2012-05-15",3.0875,3.1,3.1,3.1375,3.2,4.275,5.175
"2012-05-16",3.0625,3.0875,3.1,3.15,3.2125,4.275,5.175
"2012-05-17",3.0625,3.0875,3.1,3.15,3.225,4.275,5.175
"2012-05-18",3.125,3.125,3.15,3.1625,3.2375,4.275,5.175
"2012-05-21",3.1,3.1,3.125,3.1625,3.2125,4.275,5.175
"2012-05-22",3.05,3.075,3.0875,3.1375,3.225,4.275,5.175
"2012-05-23",3.075,3.0875,3.1125,3.1375,3.225,4.275,5.175
"2012-05-24",3.0875,3.1,3.1125,3.1475,3.225,4.275,5.175
"2012-05-25",3.0875,3.1,3.1,3.1475,3.225,4.275,5.175
"2012-05-28",3.1,3.0875,3.1,3.1375,3.225,4.275,5.175
"2012-05-29",3.1,3.1,3.1,3.1375,3.225,4.275,5.175
"2012-05-30",3.1,3.0875,3.1,3.1375,3.2125,4.275,5.175
"2012-05-31",3.05,3.0625,3.0625,3.1125,3.2,4.275,5.175
"2012-06-01",3.075,3.0875,3.0875,3.125,3.2125,4.275,5.175
"2012-06-04",3.075,3.0875,3.0875,3.125,3.2125,4.275,5.175
"2012-06-05",3.075,3.075,3.075,3.1,3.2,4.275,5.175
"2012-06-06",3.075,3.0875,3.0875,3.1125,3.2,4.275,5.175
"2012-06-07",3.075,3.0625,3.0625,3.1,3.2,4.275,5.175
"2012-06-08",3.075,3.075,3.075,3.1,3.2,4.275,5.175
"2012-06-11",3.0625,3.075,3.075,3.1,3.2,4.275,5.175
"2012-06-12",3.0625,3.075,3.075,3.1,3.2,4.275,5.175
"2012-06-13",3.075,3.075,3.0875,3.1,3.2,4.275,5.175
"2012-06-14",3.0625,3.0625,3.0875,3.1,3.2,4.275,5.175
"2012-06-15",3.075,3.0625,3.0875,3.1,3.2,4.275,5.175
"2012-06-18",3.05,2.9875,3.0375,3.0875,3.1875,4.275,5.175
"2012-06-19",3.0375,3.0375,3.05,3.075,3.1625,4.275,5.175
"2012-06-20",3.075,3.075,3.075,3.075,3.1625,4.275,5.175
"2012-06-21",3.075,3.075,3.075,3.0875,3.1875,4.275,5.175
"2012-06-22",3.075,3.075,3.075,3.0875,3.1875,4.275,5.175
"2012-06-25",3.075,3.075,3.075,3.0875,3.1875,3.95,5
"2012-06-26",3.0875,3.075,3.0875,3.1,3.1875,4,5
"2012-06-27",3.0875,3.0875,3.0875,3.1,3.1875,4,4.85
"2012-06-28",3.0875,3.0875,3.0875,3.1,3.1875,4,4.85
"2012-06-29",3.075,3.0625,3.0625,3.075,3.15,4,4.6
"2012-07-02",3.025,3.0375,3.0375,3.075,3.1375,3.95,4.6
"2012-07-03",3.0375,3.05,3.0625,3.075,3.1575,3.95,4.6
"2012-07-04",2.9125,2.9125,2.9125,2.975,3.0875,3.95,4.6
"2012-07-05",2.925,2.925,2.925,2.975,3.0375,3.9,4.55
"2012-07-06",3,3,3,3.0125,3.1,3.9,4.55
"2012-07-09",2.975,2.975,2.975,3,3.1,3.9,4.55
"2012-07-10",2.95,2.95,2.95,3,3.1,3.9,4.55
"2012-07-11",2.9125,2.9125,2.9125,2.975,3.075,3.9,4.55
"2012-07-12",2.9125,2.9125,2.9125,2.9625,3.075,3.9,4.55
"2012-07-13",2.85,2.85,2.85,2.9,3.0375,3.9,4.55
"2012-07-16",2.575,2.575,2.575,2.625,2.8,3.75,4.45
"2012-07-17",2.4,2.475,2.5,2.575,2.75,3.65,4.35
"2012-07-18",2.475,2.475,2.475,2.6,2.75,3.675,4.375
"2012-07-19",2.525,2.55,2.55,2.7,2.8,3.675,4.375
"2012-07-20",2.5125,2.55,2.55,2.65,2.775,3.725,4.375
"2012-07-23",2.4,2.475,2.525,2.6125,2.775,3.725,4.375
"2012-07-24",2.375,2.475,2.525,2.625,2.775,3.725,4.375
"2012-07-25",2.375,2.475,2.55,2.6,2.775,3.725,4.375
"2012-07-26",2.375,2.525,2.55,2.65,2.775,3.725,4.375
"2012-07-27",2.375,2.475,2.49,2.65,2.775,3.725,4.375
"2012-07-30",2.4,2.475,2.525,2.6,2.775,3.725,4.375
"2012-07-31",2.3,2.375,2.45,2.55,2.7125,3.725,4.375
"2012-08-01",2.325,2.4,2.45,2.5625,2.7375,3.725,4.375
"2012-08-02",2.325,2.4,2.45,2.55,2.725,3.725,4.375
"2012-08-03",2.3,2.375,2.45,2.55,2.7125,3.725,4.375
"2012-08-06",2.3,2.375,2.45,2.55,2.7125,3.725,4.375
"2012-08-07",2.3,2.375,2.45,2.55,2.7125,3.725,4.375
"2012-08-08",2.3,2.375,2.45,2.55,2.7165,3.725,4.375
"2012-08-09",2.15,2.35,2.4,2.5,2.7125,3.725,4.375
"2012-08-10",2,2.25,2.3,2.475,2.65,3.7,4.325
"2012-08-13",2.15,2.3,2.375,2.5,2.675,3.725,4.35
"2012-08-14",2.05,2.25,2.3,2.475,2.675,3.725,4.35
"2012-08-15",2.15,2.2875,2.35,2.475,2.675,3.725,4.35
"2012-08-16",2.225,2.3,2.35,2.475,2.675,3.725,4.35
"2012-08-17",2.1375,2.275,2.325,2.475,2.675,3.725,4.35
"2012-08-20",2.1375,2.275,2.325,2.475,2.675,3.725,4.35
"2012-08-21",2.1375,2.275,2.325,2.475,2.675,3.725,4.35
"2012-08-22",2.225,2.275,2.3,2.5,2.7,3.725,4.35
"2012-08-23",2.2,2.28,2.3,2.5,2.7,3.725,4.35
"2012-08-24",2.2,2.275,2.3,2.45,2.7,3.725,4.35
"2012-08-27",2.2,2.275,2.3,2.45,2.7,3.725,4.35
"2012-08-28",2.225,2.275,2.325,2.475,2.7155,3.725,4.35
"2012-08-29",2.2,2.275,2.3,2.45,2.675,3.725,4.35
"2012-08-30",2.175,2.275,2.3,2.45,2.7,3.725,4.35
"2012-08-31",2.15,2.25,2.275,2.425,2.7,3.725,4.35
"2012-09-03",2.2125,2.275,2.3,2.4,2.7,3.725,4.35
"2012-09-04",2.15,2.25,2.275,2.4,2.7,3.725,4.35
"2012-09-05",2.15,2.25,2.275,2.4,2.675,3.725,4.35
"2012-09-06",2.2,2.25,2.275,2.4,2.675,3.725,4.35
"2012-09-07",2.125,2.25,2.275,2.375,2.65,3.725,4.35
"2012-09-10",2.1,2.25,2.275,2.4,2.675,3.725,4.35
"2012-09-11",2.15,2.25,2.275,2.4,2.6625,3.725,4.35
"2012-09-12",1.95,2.075,2.15,2.2375,2.5,3.65,4.25
"2012-09-13",1.95,2.075,2.2,2.275,2.5,3.65,4.25
"2012-09-14",1.725,2,2.15,2.2125,2.5,3.65,4.25
"2012-09-17",1.675,1.975,2.15,2.2,2.45,3.625,4.25
"2012-09-18",1.55,1.85,2.125,2.175,2.45,3.625,4.25
"2012-09-19",1.625,1.825,2.025,2.15,2.375,3.525,4.25
"2012-09-20",1.65,1.825,2.05,2.15,2.375,3.475,4.25
"2012-09-21",1.65,1.825,2.05,2.15,2.375,3.475,4.25
"2012-09-24",1.7,1.9,2.1,2.175,2.375,3.475,4.25
"2012-09-25",1.7,1.9,2.1,2.175,2.375,3.475,4.25
"2012-09-26",1.7,1.9,2.1,2.175,2.375,3.475,4.25
"2012-09-27",1.7,1.9,2.1,2.175,2.375,3.475,4.25
"2012-09-28",1.7,1.9,2.1,2.175,2.375,3.475,4.25
"2012-10-01",1.7,1.9,2.1,2.175,2.375,3.475,4.25
"2012-10-02",1.7,1.9,2.1,2.175,2.375,3.475,4.25
"2012-10-03",1.7,1.9,2.1,2.175,2.375,3.475,4.25
"2012-10-04",1.7,1.9,2.1,2.175,2.375,3.475,4.25
"2012-10-05",1.7,1.9,2.1,2.175,2.375,3.475,4.25
"2012-10-08",1.7,1.9,2.05,2.15,2.375,3.5,4.25
"2012-10-09",1.65,1.7,1.95,2.05,2.275,3.5,4.25
"2012-10-10",1.65,1.725,1.9,2.05,2.3,3.425,4.15
"2012-10-11",1.625,1.725,1.9,2.05,2.3,3,3.95
"2012-10-12",1.6,1.725,1.9,2.025,2.3,3,3.95
"2012-10-15",1.6,1.725,1.9,2.025,2.3,3,3.95
"2012-10-16",1.6,1.725,1.9,2.025,2.3,3,3.95
"2012-10-17",1.275,1.45,1.65,1.75,2.15,2.7,3.9
"2012-10-18",1.275,1.45,1.65,1.75,2.15,2.7,3.85
"2012-10-19",1.275,1.4,1.65,1.75,2.15,2.7,3.85
"2012-10-22",1.275,1.4,1.75,1.9,2.15,2.7,3.85
"2012-10-23",1.275,1.5,1.7,1.9,2.15,2.7,3.85
"2012-10-24",1.275,1.5,1.7,1.9,2.15,2.7,3.85
"2012-10-25",1.275,1.5,1.7,1.9,2.15,2.7,3.85
"2012-10-26",1.275,1.5,1.7,1.9,2.15,2.7,3.85
"2012-10-29",1.325,1.45,1.625,1.775,2.125,2.65,3.85
"2012-10-30",1.325,1.45,1.625,1.775,2.125,2.65,3.85
"2012-10-31",1.325,1.45,1.625,1.775,2.125,2.65,3.85
"2012-11-01",1.325,1.45,1.625,1.775,2.125,2.65,3.85
"2012-11-02",1.325,1.45,1.625,1.775,2.125,2.65,3.85
"2012-11-05",1.325,1.55,1.725,1.875,2.125,2.65,3.85
"2012-11-06",1.3,1.55,1.725,1.875,2.125,2.65,3.85
"2012-11-07",1.3,1.475,1.575,1.8,2.1,2.65,3.85
"2012-11-08",1.3,1.475,1.575,1.8,2.075,2.65,3.85
"2012-11-09",1.25,1.45,1.625,1.775,2.075,2.65,3.85
"2012-11-12",1.3,1.49,1.6,1.775,2.1,2.65,3.85
"2012-11-13",1.3,1.49,1.6,1.8,2.075,2.65,3.85
"2012-11-14",1.3,1.49,1.6,1.775,2.075,2.65,3.85
"2012-11-15",1.3,1.5,1.625,1.775,2.075,2.65,3.85
"2012-11-16",1.3,1.5,1.6,1.725,2.05,2.65,3.85
"2012-11-19",1.3,1.49,1.6,1.725,2.075,2.65,3.85
"2012-11-20",1.3,1.49,1.625,1.775,2.05,2.65,3.85
"2012-11-21",1.3,1.45,1.6,1.725,2.075,2.65,3.85
"2012-11-22",1.3,1.475,1.475,1.6,1.925,2.425,3.65
"2012-11-23",1.15,1.15,1.25,1.375,1.625,2.2,3
"2012-11-26",1.1,1.15,1.15,1.375,1.675,2.15,3.05
"2012-11-27",1,1.15,1.175,1.375,1.675,2.15,3.05
"2012-11-28",0.875,1.1,1.125,1.375,1.65,2.15,3.05
"2012-11-29",0.925,1.0125,1.025,1.325,1.625,2.075,2.9
"2012-11-30",0.925,1.0125,1.025,1.325,1.625,2.075,2.9
"2012-12-03",0.8,0.9875,1.0375,1.3,1.6,2.125,2.9
"2012-12-04",0.8,1.025,1.05,1.3,1.625,2.125,2.9
"2012-12-05",0.8,1.05,1.05,1.3,1.625,2.125,2.9
"2012-12-06",0.825,1.075,1.075,1.3,1.55,2,2.9
"2012-12-07",0.775,1,1.05,1.3,1.575,2,2.9
"2012-12-10",0.825,1,1.05,1.3,1.575,2,2.9
"2012-12-11",0.675,0.85,0.95,1.2,1.425,1.675,2.7
"2012-12-12",0.625,0.775,0.875,1.025,1.25,1.55,2.7
"2012-12-13",0.375,0.725,0.775,0.875,1.15,1.425,2.45
"2012-12-14",0.7,0.85,0.9,0.975,1.2,1.45,3
"2012-12-17",0.625,0.8,0.875,1.025,1.25,1.7,2.6
"2012-12-18",1.025,1.175,1.275,1.3875,1.525,1.675,2.9
"2012-12-19",0.975,1.175,1.275,1.375,1.5,1.875,2.5
"2012-12-20",0.975,1.25,1.35,1.45,1.575,1.85,2.5
"2012-12-21",0.975,1.1625,1.2375,1.3375,1.5375,1.775,2.55
"2012-12-24",0.975,1.1625,1.2375,1.3375,1.5375,1.775,2.55
"2012-12-25",0.975,1.1625,1.2375,1.3375,1.5375,1.775,2.55
"2012-12-26",0.975,1.1625,1.2625,1.3375,1.5125,1.775,2.55
"2012-12-27",1,1.2125,1.325,1.425,1.575,1.825,2.6
"2012-12-28",0.9,1.25,1.3125,1.375,1.55,1.6,2.05
"2012-12-31",0.9,1.25,1.3125,1.375,1.55,1.6,2.05
"2013-01-01",0.9,1.25,1.3125,1.375,1.55,1.6,2.05
"2013-01-02",0.825,1.2375,1.3375,1.45,1.6,1.875,2.55
"2013-01-03",0.8,1.2,1.325,1.425,1.6,1.85,2.65
"2013-01-04",0.9,1.2125,1.35,1.45,1.6,1.925,2.65
"2013-01-07",0.9,1.215,1.4125,1.5,1.65,2.1,2.55
"2013-01-08",0.85,1.2025,1.325,1.525,1.575,2.125,2.75
"2013-01-09",0.775,1.1,1.225,1.4,1.55,1.975,2.75
"2013-01-10",0.65,0.975,1.125,1.375,1.5125,1.975,2.675
"2013-01-11",0.625,0.9,1.15,1.35,1.4875,1.975,2.6
"2013-01-14",0.575,0.8,1.1,1.325,1.5,1.95,2.875
"2013-01-15",0.575,0.775,1.05,1.325,1.525,1.975,2.675
"2013-01-16",0.575,0.775,1.05,1.35,1.525,1.975,2.675
"2013-01-17",0.575,0.775,0.975,1.3,1.525,1.975,2.675
"2013-01-18",0.575,0.75,0.975,1.3125,1.525,1.975,2.675
"2013-01-21",0.55,0.75,0.9875,1.3125,1.525,1.975,2.675
"2013-01-22",0.725,0.95,1.225,1.575,1.75,2.15,2.75
"2013-01-23",0.7,0.95,1.275,1.6,1.725,2.2,2.75
"2013-01-24",0.725,0.925,1.25,1.55,1.7,2.2,2.75
"2013-01-25",0.725,0.925,1.2,1.5,1.665,2,2.75
"2013-01-28",0.725,0.925,1.2,1.5,1.65,2,2.75
"2013-01-29",0.875,1.1,1.375,1.675,1.825,2.175,2.75
"2013-01-30",0.825,1.075,1.4,1.725,1.8375,2.175,2.75
"2013-01-31",0.825,1.075,1.4,1.725,1.8375,2.175,2.75
"2013-02-01",0.875,1.075,1.4125,1.7,1.9125,2.175,2.825
"2013-02-04",0.85,1.1,1.45,1.75,1.95,2.175,2.825
"2013-02-05",0.85,1.1,1.45,1.75,1.95,2.175,2.825
"2013-02-06",0.925,1.225,1.55,1.9,2.125,2.225,2.825
"2013-02-07",0.925,1.225,1.55,1.9,2.125,2.225,2.825
"2013-02-08",0.925,1.225,1.725,1.975,2.2,2.6,3
"2013-02-11",0.925,1.2125,1.725,2,2.2,2.625,3.025
"2013-02-12",0.975,1.25,1.7,2.025,2.175,2.625,3.025
"2013-02-13",0.85,1.125,1.575,1.85,2,2.475,2.95
"2013-02-14",0.8,0.975,0.825,1.575,1.75,2.35,2.775
"2013-02-15",0.825,0.975,1.275,1.575,1.75,2.25,2.7
"2013-02-18",0.75,0.965,1.275,1.575,1.725,2.15,2.7
"2013-02-19",0.75,0.95,1.25,1.55,1.725,2.15,2.7
"2013-02-20",0.75,0.95,1.25,1.575,1.75,2.15,2.7
"2013-02-21",0.775,0.95,1.275,1.6125,1.7625,2.2,2.7
"2013-02-22",0.775,0.95,1.275,1.6125,1.7625,2.2,2.7
"2013-02-25",0.85,0.975,1.3075,1.625,2.05,2.2,2.7
"2013-02-26",0.85,0.975,1.3075,1.625,2.05,2.2,2.7
"2013-02-27",0.85,0.975,1.3,1.65,1.825,2.2,2.65
"2013-02-28",0.825,1,1.35,1.6625,1.8625,2.2,2.7
"2013-03-01",0.825,0.975,1.35,1.6625,1.8625,2.2,2.7
"2013-03-04",0.8,1.025,1.3875,1.7,1.8875,2.25,2.7
"2013-03-05",0.8,0.975,1.425,1.6875,1.925,2.25,2.7
"2013-03-06",0.825,0.925,1.425,1.675,1.85,2.3,2.7
"2013-03-07",0.85,0.975,1.425,1.75,1.95,2.3,2.7
"2013-03-08",0.85,0.975,1.425,1.75,1.95,2.3,2.7
"2013-03-11",0.85,1,1.5,1.7875,2.0125,2.35,2.7
"2013-03-12",0.85,1.025,1.525,1.8,2.025,2.3,2.7
"2013-03-13",0.85,1.025,1.5,1.8,1.9675,2.3,2.7
"2013-03-14",0.8,0.975,1.55,1.85,2.05,2.3,2.85
"2013-03-15",0.8,0.975,1.475,1.775,1.975,2.575,2.55
"2013-03-18",0.875,1.025,1.5,1.75,1.95,2.575,2.4
"2013-03-19",0.875,1,1.5,1.75,1.975,2.575,2.75
"2013-03-20",0.9,1.025,1.5,1.8,1.975,2.65,2.75
"2013-03-21",0.875,1,1.475,1.775,1.9725,2.6875,2.75
"2013-03-22",0.825,0.975,1.4875,1.725,1.95,2.5375,2.65
"2013-03-25",0.825,0.975,1.475,1.75,1.9625,2.55,2.65
"2013-03-26",0.825,0.95,1.5,1.75,2.0125,2.55,2.65
"2013-03-27",0.825,0.95,1.525,1.775,2,2.5625,2.65
"2013-03-28",0.825,0.95,1.525,1.775,2,2.5625,2.65
"2013-03-29",0.825,0.95,1.525,1.775,2,2.5625,2.65
"2013-04-01",0.725,0.925,1.5,1.775,2.05,2.6,2.75
"2013-04-02",0.775,1,1.6125,1.825,2.0275,2.65,2.75
"2013-04-03",0.8,0.95,1.575,1.775,2.0275,2.675,2.9
"2013-04-04",0.8,1,1.6,1.8375,2.0625,2.525,2.9
"2013-04-05",0.8,1,1.6,1.8375,2.075,2.525,2.9
"2013-04-08",0.875,1,1.575,1.85,2.1,2.5625,2.75
"2013-04-09",0.875,1,1.575,1.85,2.1,2.5625,2.75
"2013-04-10",0.85,1,1.575,1.85,2.1,2.55,2.75
"2013-04-11",0.875,1.15,1.6,1.8875,2.125,2.6625,2.75
"2013-04-12",1.05,1.25,1.7,1.975,2.1875,2.6875,2.75
"2013-04-15",1.05,1.25,2.2,1.975,2.1875,2.6875,2.4
"2013-04-16",1.025,1.275,1.75,1.975,2.2,2.7125,2.95
"2013-04-17",0.975,1.3,1.75,1.975,2.175,2.65,2.95
"2013-04-18",0.975,1.3,1.75,1.975,2.175,2.65,2.95
"2013-04-19",0.975,1.3,1.75,1.975,2.175,2.65,2.95
"2013-04-22",0.975,1.3,1.75,1.975,2.175,2.65,2.95
"2013-04-23",0.975,1.3,1.75,1.975,2.175,2.65,2.95
"2013-04-24",0.975,1.3,1.75,1.975,2.175,2.65,2.95
"2013-04-25",0.975,1.3,1.75,1.975,2.175,2.65,2.95
"2013-04-26",0.975,1.3,1.75,1.975,2.175,2.65,2.95
"2013-04-29",0.975,1.3,1.75,1.975,2.175,2.65,2.95
"2013-04-30",1,1.3,1.725,1.95,2.2,2.65,2.95
"2013-05-01",1,1.3,1.725,1.95,2.2,2.65,2.95
"2013-05-02",1,1.3,1.725,1.95,2.2,2.65,2.95
"2013-05-03",1.3,1.4,1.8,2,2.225,2.675,2.975
"2013-05-06",1.2,1.325,1.8,2,2.25,2.65,2.975
"2013-05-07",1.225,1.375,1.8,2,2.25,2.675,2.975
"2013-05-08",1.275,1.425,1.8,2,2.25,2.65,2.975
"2013-05-09",1.275,1.425,1.8,2,2.25,2.65,2.975
"2013-05-10",1.25,1.425,1.8,2,2.25,2.65,2.975
"2013-05-13",1.25,1.425,1.8,2,2.25,2.65,2.975
"2013-05-14",1.25,1.425,1.775,2,2.275,2.75,2.975
"2013-05-15",1.25,1.425,1.825,2,2.275,2.75,2.95
"2013-05-16",1.25,1.375,1.825,2,2.275,2.7625,3.55
"2013-05-17",1.25,1.4,1.825,2.025,2.275,2.8,3.1
"2013-05-20",1.3,1.425,1.825,2.05,2.2875,2.8,3.15
"2013-05-21",1.275,1.425,1.8,2.025,2.2875,2.775,3.25
"2013-05-22",0.8,1,1.6,1.8375,2.0625,2.525,2.9
"2013-05-23",1.35,1.475,1.85,1.975,2.3,2.725,3.25
"2013-05-24",1.35,1.525,1.85,2.075,2.325,2.775,3.275
"2013-05-27",1.35,1.525,1.85,2.075,2.325,2.775,3.275
"2013-05-28",1.4,1.55,1.85,2.175,2.35,2.725,3.25
"2013-05-29",1.65,1.875,2.125,2.525,2.675,2.9,3.4
"2013-05-30",1.5,1.775,2,2.5,2.7,2.85,3.4
"2013-05-31",1.35,1.75,1.95,2.5,2.75,2.825,3.4
"2013-06-03",1.35,1.75,1.95,2.5,2.75,2.825,3.4
"2013-06-04",1.4,1.75,2,2.5,2.75,2.825,3.4
"2013-06-05",1.4,1.775,2.05,2.5375,2.725,2.85,3.4
"2013-06-06",1.4,1.75,2,2.575,2.75,2.9,3.4
"2013-06-07",1.4,1.775,2.05,2.575,2.775,2.85,3.4
"2013-06-10",1.425,1.725,2.05,2.55,2.775,2.85,3.4
"2013-06-11",1.775,2.2,2.375,2.95,3.2,3.35,3.8
"2013-06-12",1.775,2.2,2.375,2.95,3.2,3.35,3.8
"2013-06-13",1.75,2.175,2.4,2.95,3.2,3.4,3.8
"2013-06-14",1.75,2.15,2.4,2.9,3.2125,3.5,4
"2013-06-17",1.7,2.15,2.4,2.875,3.1625,3.375,3.8
"2013-06-18",1.7,2.16,2.4,2.95,3.2,3.35,3.75
"2013-06-19",1.7,2.16,2.4,2.95,3.2,3.35,4
"2013-06-20",1.75,2.275,2.6,3.1,3.275,3.6,4
"2013-06-21",1.75,2.275,2.6,3.1,3.275,3.6,4
"2013-06-24",2.2,2.875,3.175,3.6,3.85,4.2,4.675
"2013-06-25",2.25,3.125,3.35,3.775,3.925,4.3,4.725
"2013-06-26",2.25,3.125,3.35,3.775,3.925,4.3,4.725
"2013-06-27",1.65,2.9,3.3,3.725,3.925,4.3,4.725
"2013-06-28",1.7,2.9,3.25,3.725,3.925,4.3,4.725
"2013-07-01",1.775,2.9,3.25,3.725,3.925,4.3,4.725
"2013-07-02",1.675,2.775,3.2,3.5,3.775,4.3,4.725
"2013-07-03",1.675,2.775,3.2,3.5,3.775,4.3,4.725
"2013-07-04",1.85,2.825,3.35,3.7,3.8,4.3,4.725
"2013-07-05",1.85,2.825,3.525,3.8,3.875,4.225,4.55
"2013-07-08",1.85,2.825,3.525,3.8,3.9,4.225,4.55
"2013-07-09",1.825,2.975,3.6,3.8625,4.075,4.25,4.775
"2013-07-10",1.8,2.925,3.6,3.925,4,4.3,4.775
"2013-07-11",1.425,2.525,3.3,3.65,3.875,4.2,4.7
"2013-07-12",1.425,2.525,3.3,3.65,3.875,4.2,4.7
"2013-07-15",1.425,2.525,3.3,3.65,3.875,4.2,4.7
"2013-07-16",1.375,2.475,3.25,3.675,3.85,4.2,4.7
"2013-07-17",1.375,2.45,3.225,3.575,3.85,4.15,4.7
"2013-07-18",1.275,2.4,3.1625,3.5,3.775,4.125,4.7
"2013-07-19",1.25,2.375,3.1,3.5,3.725,4.075,4.55
"2013-07-22",1.25,2.35,3.1,3.475,3.725,4.075,4.525
"2013-07-23",1.25,2.325,3.1,3.3,3.55,3.675,4.15
"2013-07-24",1.25,2.3,3.075,3.325,3.525,3.675,4.1
"2013-07-25",1.25,2.3,3.075,3.275,3.525,3.625,4.1
"2013-07-26",1.3,2.3,3.025,3.275,3.475,3.625,4.075
"2013-07-29",1.35,2.25,3,3.225,3.45,3.6,3.95
"2013-07-30",1.25,2.15,2.875,3.1,3.275,3.3,4.25
"2013-07-31",1.2,1.95,2.6,2.65,2.925,3.15,3.425
"2013-08-01",1.1,1.9,2.525,2.725,2.925,3.025,3.5
"2013-08-02",1.225,2.05,2.85,3.05,3.175,3.35,3.825
"2013-08-05",1.175,2.05,2.825,3,3.175,3.35,3.825
"2013-08-06",1.2,2.025,2.775,3,3.15,3.3,3.825
"2013-08-07",1.175,2,2.75,2.95,3.1375,3.275,3.7
"2013-08-08",1.175,2,2.75,2.95,3.1375,3.3,3.7
"2013-08-09",1.175,2,2.75,2.95,3.1375,3.3,3.7
"2013-08-12",1.15,1.925,2.65,2.75,2.95,3.3,3.625
"2013-08-13",1.175,1.95,2.575,2.725,2.95,3.125,3.625
"2013-08-14",1.1,1.95,2.6,2.7,2.95,3.1125,3.625
"2013-08-15",1.1,1.95,2.6,2.725,2.925,3.0625,3.55
"2013-08-16",1.1,1.925,2.575,2.7,2.95,3.1,3.525
"2013-08-19",1.1,1.925,2.575,2.7,2.95,3.1,3.525
"2013-08-20",1.1,1.925,2.575,2.7,2.95,3.1,3.525
"2013-08-21",1.1,1.925,2.575,2.7,2.95,3.1,3.525
"2013-08-22",1.15,1.95,2.6,2.8,3,3.15,3.625
"2013-08-23",1.15,2.025,2.65,2.875,3.125,3.225,3.625
"2013-08-26",1.15,2.025,2.65,2.875,3.125,3.225,3.625
"2013-08-27",1.075,2.0375,2.675,3.025,3.175,3.275,3.625
"2013-08-28",1.125,2.1,2.7,3.05,3.2,3.325,3.625
"2013-08-29",1.125,2.1,2.7,3.05,3.175,3.375,3.65
"2013-08-30",1.125,2.1,2.7,3.025,3.175,3.375,3.65
"2013-09-02",1.175,2.05,2.7,3.025,3.225,3.375,3.65
"2013-09-03",1.15,2.075,2.7,3.025,3.225,3.375,3.65
"2013-09-04",1.225,2.175,2.8,3.15,3.375,3.525,3.75
"2013-09-05",1.275,2.3,2.9,3.25,3.4125,3.55,3.85
"2013-09-06",1.35,2.525,3.225,3.625,3.575,3.825,4
"2013-09-09",1.4,2.7,3.375,3.625,3.8,4.1,4.4
"2013-09-10",1.35,2.475,3.375,3.625,3.8,4.1,4.3
"2013-09-11",1.225,2.5,3.1,3.225,3.45,3.725,4.15
"2013-09-12",1.1,2.3,2.975,3.225,3.4,3.65,4.3
"2013-09-13",1.025,2.3,2.975,3.2,3.35,3.575,4.2
"2013-09-16",0.975,2.2,2.95,3.275,3.45,3.6,4.025
"2013-09-17",1.05,2.1,2.875,3.15,3.4,3.65,4.075
"2013-09-18",0.9,2,2.825,3.15,3.375,3.55,4.1
"2013-09-19",0.7,1.725,2.65,2.775,3.175,3.525,3.7
"2013-09-20",0.7,1.7,2.6,2.85,3.15,3.5,3.7
"2013-09-23",0.825,1.85,2.625,2.925,3.175,3.475,3.625
"2013-09-24",0.825,1.875,2.75,2.9,3.225,3.475,3.575
"2013-09-25",0.875,1.9,2.8,3,3.375,3.8,4
"2013-09-26",0.95,1.9,2.8,3.025,3.45,3.75,4.1
"2013-09-27",0.95,1.9,2.8,3.025,3.475,3.7,4.1
"2013-09-30",0.95,1.9,2.8,3.025,3.475,3.7,4.1
"2013-10-01",0.95,1.9,2.8,3.025,3.475,3.7,4.1
"2013-10-02",0.95,1.9,2.8,3.025,3.475,3.65,4.1
"2013-10-03",0.95,1.8,2.65,2.975,3.35,3.675,4.1
"2013-10-04",0.95,1.8,2.675,2.95,3.35,3.675,4.1
"2013-10-07",0.975,1.8,2.675,2.925,3.4,3.8,4.3
"2013-10-08",0.95,1.8,2.675,2.925,3.425,3.75,4.2
"2013-10-09",0.95,1.8,2.65,3,3.45,3.8,4.2
"2013-10-10",0.975,1.8,2.675,3,3.45,3.725,4.2
"2013-10-11",0.95,1.825,2.625,3,3.425,3.725,4.2
"2013-10-14",0.9,1.825,2.675,3,3.45,3.725,4.2
"2013-10-15",0.9,1.825,2.675,3,3.45,3.725,4.2
"2013-10-16",0.9,1.825,2.675,3,3.45,3.7,4.2
"2013-10-17",0.9,1.825,2.675,3,3.4625,3.7,4.2
"2013-10-18",0.8,1.725,2.625,2.975,3.4125,3.65,4.2
"2013-10-21",0.85,0.86,2.625,2.975,3.4,3.65,4.2
"2013-10-22",0.825,1.625,2.6,2.925,3.4,3.575,4.2
"2013-10-23",0.825,1.475,2.35,2.825,3.3,3.475,4.1
"2013-10-24",0.675,1.475,2.3,2.8,3.225,3.425,4.1
"2013-10-25",0.6,1.325,2.275,2.75,3.225,3.425,4.05
"2013-10-28",0.6,1.325,2.275,2.75,3.225,3.425,4.05
"2013-10-29",0.6,1.325,2.325,2.675,3.3,3.55,4.05
"2013-10-30",0.6,1.325,2.325,2.675,3.3,3.55,4.05
"2013-10-31",0.6,1.325,2.325,2.675,3.3,3.55,4.05
"2013-11-01",0.6,1.325,2.325,2.675,3.3,3.55,4.05
"2013-11-04",0.6,1.325,2.325,2.675,3.3,3.55,4.05
"2013-11-05",0.65,1.375,2.325,2.675,3.225,3.45,4.05
"2013-11-06",0.65,1.375,2.325,2.675,3.225,3.45,4.05
"2013-11-07",0.7,1.45,2.425,2.775,3.35,3.675,4.05
"2013-11-08",0.675,1.45,2.4,2.825,3.4,3.675,4.05
"2013-11-11",0.675,1.45,2.4,2.825,3.4,3.675,4.05
"2013-11-12",0.7,1.55,2.55,2.8,3.5,3.7,4.05
"2013-11-13",0.7,1.55,2.575,2.875,3.45,3.7,4.05
"2013-11-14",0.7,1.575,2.575,2.875,3.45,3.775,4.075
"2013-11-15",0.7,1.575,2.575,2.825,3.4,3.775,4.075
"2013-11-18",0.65,1.575,2.575,2.825,3.35,3.75,4.075
"2013-11-19",0.65,1.575,2.575,2.8,3.375,3.65,4.05
"2013-11-20",0.65,1.55,2.55,2.775,3.375,3.65,4.05
"2013-11-21",0.65,1.55,2.5125,2.85,3.325,3.675,4.05
"2013-11-22",0.625,1.5,2.4,2.75,3.3,3.625,4.05
"2013-11-25",0.65,1.475,2.45,2.75,3.275,3.55,4.05
"2013-11-26",0.625,1.5,2.45,2.75,3.275,3.55,4.05
"2013-11-27",0.625,1.4,2.375,2.6,3.15,3.5,3.95
"2013-11-28",0.625,1.4,2.35,2.625,3.175,3.4,3.9
"2013-11-29",0.625,1.4,2.375,2.575,3.15,3.475,3.9
"2013-12-02",0.625,1.4,2.375,2.575,3.15,3.575,3.95
"2013-12-03",0.625,1.4,2.375,2.575,3.175,3.575,3.95
"2013-12-04",0.45,1.3125,2.2125,2.5875,3.175,3.5125,3.925
"2013-12-05",0.425,1.35,2.225,2.575,3.125,3.675,3.975
"2013-12-06",0.35,1.275,2.15,2.525,3.075,3.475,3.925
"2013-12-09",0.4,1.3,2.15,2.525,3.05,3.625,3.925
"2013-12-10",0.4,1.275,2.175,2.525,3.075,3.625,3.975
"2013-12-11",0.4,1.275,2.15,2.525,3.125,3.625,3.925
"2013-12-12",0.4,1.3,2.15,2.525,3.1,3.525,3.925
"2013-12-13",0.4,1.3,2.15,2.525,3.1,3.525,3.925
"2013-12-16",0.4,1.275,2.15,2.525,3.075,3.525,3.975
"2013-12-17",0.4,1.325,2.15,2.525,3.075,3.625,3.975
"2013-12-18",0.425,1.35,2.15,2.525,3.075,3.625,3.975
"2013-12-19",0.425,1.35,2.15,2.525,3.075,3.625,3.975
"2013-12-20",0.425,1.3,2.1,2.525,3.05,3.65,4
"2013-12-23",0.425,1.3,2.1,2.525,3.05,3.65,4
"2013-12-24",0.425,1.3,2.1,2.525,3.05,3.65,4
"2013-12-25",0.425,1.3,2.1,2.525,3.05,3.65,4
"2013-12-26",0.425,1.325,2.125,2.525,3.075,3.525,3.925
"2013-12-27",0.5,1.45,2.4,2.55,3.15,3.675,4
"2013-12-30",0.5,1.45,2.4,2.55,3.15,3.675,4
"2013-12-31",0.5,1.45,2.4,2.55,3.15,3.675,4
"2014-01-01",0.5,1.45,2.4,2.55,3.15,3.675,4
"2014-01-02",0.55,1.475,2.375,2.75,3.2,3.725,4.05
"2014-01-03",0.575,1.55,2.45,2.775,3.225,3.75,4.1
"2014-01-06",0.65,1.55,2.475,2.8,3.3,3.75,4.025
"2014-01-07",0.65,1.6,2.55,2.9,3.35,3.875,4.125
"2014-01-08",0.75,1.725,2.575,2.925,3.475,3.875,4.175
"2014-01-09",0.75,1.725,2.575,2.975,3.45,3.9,4.125
"2014-01-10",0.75,1.75,2.55,2.975,3.45,3.875,4.125
"2014-01-13",0.7,1.675,2.525,2.9,3.45,3.85,4.25
"2014-01-14",0.7,1.675,2.525,2.9,3.45,3.85,4.25
"2014-01-15",0.7,1.675,2.55,2.9,3.45,3.825,4.25
"2014-01-16",0.7,1.675,2.575,2.925,3.45,3.85,4.25
"2014-01-17",0.725,1.65,2.55,2.9625,3.45,3.875,4.25
"2014-01-20",0.7,1.675,2.575,2.975,3.5,3.875,4.25
"2014-01-21",0.725,1.675,2.575,2.975,3.425,3.875,4.25
"2014-01-22",0.725,1.675,2.575,2.975,3.425,3.875,4.25
"2014-01-23",0.9,1.8,2.775,3.125,3.675,4.25,4.45
"2014-01-24",1,1.925,2.8,3.175,3.675,4.175,4.65
"2014-01-27",1.05,1.9,2.85,3.2,3.75,4.2,4.65
"2014-01-28",1.05,1.925,2.825,3.2,3.725,4.2,4.65
"2014-01-29",1.025,1.9,2.825,3.2,3.725,4.2,4.65
"2014-01-30",1,1.825,2.7375,3.04,3.54,4.075,4.6
"2014-01-31",1,1.825,2.7375,3.04,3.54,4.075,4.6
"2014-02-03",1,1.85,2.725,3.05,3.55,4.05,4.6
"2014-02-04",1.025,1.9,2.725,3.05,3.575,4.05,4.6
"2014-02-05",1.025,1.9,2.725,3.05,3.575,4.05,4.6
"2014-02-06",1.025,1.9,2.75,3.075,3.6,4.1,4.6
"2014-02-07",0.6,1.4,1.95,2,2.45,2.7,2.9
"2014-02-10",0.6,1.4,1.975,2,2.45,2.7,2.9
"2014-02-11",0.6,1.4,1.95,2,2.45,2.7,2.9
"2014-02-12",0.6,1.4,1.95,2,2.45,2.7,2.9
"2014-02-13",0.6,1.4,1.95,2.05,2.5,2.775,3
"2014-02-14",0.6,1.4,1.925,2,2.45,2.675,2.875
"2014-02-17",0.65,1.4,1.9,2.1,2.5,2.75,2.95
"2014-02-18",0.65,1.4,1.9,2.1,2.5,2.75,2.95
"2014-02-19",0.85,1.45,1.9,2.15,2.6,2.85,3.05
"2014-02-20",0.85,1.5,1.925,2.2,2.75,2.95,3.15
"2014-02-21",0.85,1.5,1.925,2.2,2.75,2.95,3.15
"2014-02-24",0.85,1.5,1.925,2.2,2.75,2.95,3.15
"2014-02-25",1.1,1.75,2.1,2.4,2.8,3.075,3.275
"2014-02-26",1.1,1.75,2.1,2.4,2.9,3.2,3.4
"2014-02-27",1.075,1.75,2.1,2.4,2.9,3.2,3.4
"2014-02-28",1.075,1.75,2.1,2.4,2.9,3.2,3.4
"2014-03-03",1.075,1.75,2.1,2.4,2.9,3.2,3.4
"2014-03-04",1.075,1.75,2.1,2.4,2.9,3.2,3.4
"2014-03-05",1.075,1.75,2.1,2.4,2.9,3.2,3.4
"2014-03-06",1.075,1.75,2.1,2.4,2.9,3.2,3.4
"2014-03-07",1.075,1.75,2.1,2.4,2.9,3.2,3.4
"2014-03-10",1.075,1.75,2.1,2.4,2.9,3.2,3.4
"2014-03-11",1.075,1.6,2,2.3,2.8,3.1,3.3
"2014-03-12",1.075,1.6,2,2.3,2.8,3.1,3.3
"2014-03-13",1.075,1.6,2,2.3,2.8,3.1,3.3
"2014-03-14",1.075,1.6,2,2.3,2.8,3.1,3.3
"2014-03-17",1.075,1.6,2,2.3,2.8,3.1,3.3
"2014-03-18",1.075,1.6,2,2.3,2.8,3.1,3.3
"2014-03-19",1.075,1.6,2,2.3,2.8,3.1,3.3
"2014-03-20",1.075,1.6,2,2.3,2.8,3.1,3.3
"2014-03-21",1.075,1.6,2,2.3,2.8,3.1,3.3
"2014-03-24",1.075,1.6,2,2.65,2.8,3.1,3.3
"2014-03-25",1.075,1.6,2,2.3,2.8,3.1,3.3
"2014-03-26",1.075,1.6,2,2.3,2.8,3.1,3.3
"2014-03-27",1.075,1.6,2,2.3,2.8,3.1,3.3
"2014-03-28",1.075,1.6,2,2.3,2.8,3.1,3.3
"2014-03-31",1.075,1.6,2,2.3,2.8,3.1,3.3
"2014-04-01",1.075,1.6,2,2.3,2.8,3.1,3.3
"2014-04-02",1.075,1.6,2,2.3,2.8,3.1,3.3
"2014-04-03",1.075,1.6,2,2.3,2.8,3.1,3.3
"2014-04-04",1.075,1.6,2,2.3,2.8,3.1,3.3
"2014-04-07",1.075,1.6,2,2.3,2.8,3.1,3.3
"2014-04-08",1.075,1.6,2,2.3,2.8,3.1,3.3
"2014-04-09",1.075,1.6,2,2.3,2.8,3.1,3.3
"2014-04-10",1.075,1.6,2,2.3,2.8,3.1,3.3
"2014-04-11",1.075,1.6,2,2.3,2.8,3.1,3.3
"2014-04-14",1.075,1.6,2,2.3,2.8,3.1,3.3
"2014-04-15",1.075,1.6,2,2.3,2.8,3.1,3.3
"2014-04-16",1.075,1.6,2,2.3,2.8,3.1,3.3
"2014-04-17",1.075,1.6,2,2.3,2.8,3.1,3.3
"2014-04-18",1.075,1.6,2,2.3,2.8,3.1,3.3
"2014-04-21",1.075,1.6,2,2.3,2.8,3.1,3.3
"2014-04-22",1.075,1.6,2,2.3,2.8,3.1,3.3
"2014-04-23",1.075,1.6,2,2.3,2.8,3.1,3.3
"2014-04-24",1.075,1.6,2,2.3,2.8,3.1,3.3
"2014-04-25",1.075,1.6,2,2.3,2.8,3.1,3.3
"2014-04-28",1.075,1.6,2,2.3,2.8,3.1,3.3
"2014-04-29",1.075,1.6,2,2.3,2.8,3.1,3.3
"2014-04-30",1.075,1.6,2,2.3,2.8,3.1,3.3
"2014-05-01",1.075,1.6,2,2.3,2.8,3.1,3.3
"2014-05-02",1.075,1.6,2,2.3,2.8,3.1,3.3
"2014-05-05",1.075,1.6,2,2.3,2.8,3.1,3.3
"2014-05-06",1.075,1.6,2,2.3,2.8,3.1,3.3
"2014-05-07",1.075,1.6,2,2.3,2.8,3.1,3.3
"2014-05-08",1.075,1.6,2,2.3,2.8,3.1,3.3
"2014-05-09",1.075,1.6,2,2.3,2.8,3.1,3.3
"2014-05-12",1.075,1.6,2,2.3,2.8,3.1,3.3
"2014-05-13",1.075,1.6,2,2.3,2.8,3.1,3.3
"2014-05-14",1.075,1.6,2,2.3,2.8,3.1,3.3
"2014-05-15",1.075,1.6,2,2.3,2.8,3.1,3.3
"2014-05-16",1.075,1.6,2,2.3,2.8,3.1,3.3
"2014-05-19",1.075,1.6,2,2.3,2.8,3.1,3.3
"2014-05-20",1.075,1.6,2,2.3,2.8,3.1,3.3
"2014-05-21",1.075,1.6,2,2.3,2.8,3.1,3.3
"2014-05-22",1.075,1.6,2,2.3,2.8,3.1,3.3
"2014-05-23",1.075,1.6,2,2.3,2.8,3.1,3.3
"2014-05-26",1.075,1.6,2,2.3,2.8,3.1,3.3
"2014-05-27",1.075,1.6,2,2.3,2.8,3.1,3.3
"2014-05-28",1.075,1.6,2,2.3,2.8,3.1,3.3
"2014-05-29",1.075,1.6,2,2.3,2.8,3.1,3.3
"2014-05-30",1.075,1.6,2,2.3,2.8,3.1,3.3
"2014-06-02",1.075,1.6,2,2.3,2.8,3.1,3.3
"2014-06-03",1.075,1.6,2,2.3,2.8,3.1,3.3
"2014-06-04",1.075,1.6,2,2.3,2.8,3.1,3.3
"2014-06-05",1.075,1.6,2,2.3,2.8,3.1,3.3
"2014-06-06",1.075,1.6,2,2.3,2.8,3.1,3.3
"2014-06-09",1.075,1.6,2,2.3,2.8,3.1,3.3
"2014-06-10",1.075,1.6,2,2.3,2.8,3.1,3.3
"2014-06-11",1.075,1.6,2,2.3,2.8,3.1,3.3
"2014-06-12",1.075,1.6,2,2.3,2.8,3.1,3.3
"2014-06-13",1.075,1.6,2,2.3,2.8,3.1,3.3
"2014-06-16",1.075,1.6,2,2.3,2.8,3.1,3.3
"2014-06-17",1.075,1.6,2,2.3,2.8,3.1,3.3
"2014-06-18",1.075,1.6,2,2.3,2.8,3.1,3.3
"2014-06-19",1.075,1.6,2,2.3,2.8,3.1,3.3
"2014-06-20",1.075,1.6,2,2.3,2.8,3.1,3.3
"2014-06-23",1.075,1.6,2,2.3,2.8,3.1,3.3
"2014-06-24",1.075,1.6,2,2.3,2.8,3.1,3.3
"2014-06-25",1.075,1.6,2,2.3,2.8,3.1,3.3
"2014-06-26",1.075,1.6,2,2.3,2.8,3.1,3.3
"2014-06-27",1.075,1.6,2,2.3,2.8,3.1,3.3
"2014-06-30",1.075,1.6,2,2.3,2.8,3.1,3.3
"2014-07-01",1.075,1.6,2,2.3,2.8,3.1,3.3
"2014-07-02",1.075,1.6,2,2.3,2.8,3.1,3.3
"2014-07-03",1.075,1.6,2,2.3,2.8,3.1,3.3
"2014-07-04",1.075,1.6,2,2.3,2.8,3.1,3.3
"2014-07-07",1.075,1.6,2,2.3,2.8,3.1,3.3
"2014-07-08",1.075,1.6,2,2.3,2.8,3.1,3.3
"2014-07-09",1.075,1.6,2,2.3,2.8,3.1,3.3
