"","date","indicator","X3M"
"1",2000-01-03,0,9.57
"2",2000-01-04,0,9.49
"3",2000-01-05,0,10.63
"4",2000-01-06,0,10.29
"5",2000-01-07,0,10.11
"6",2000-01-10,0,10.4
"7",2000-01-11,0,9.91
"8",2000-01-12,0,10.7
"9",2000-01-13,0,10.71
"10",2000-01-14,0,10.66
"11",2000-01-17,0,10.33
"12",2000-01-18,0,10.96
"13",2000-01-19,0,10.76
"14",2000-01-20,0,10.81
"15",2000-01-21,0,10.56
"16",2000-01-24,0,10.81
"17",2000-01-25,0,9.87
"18",2000-01-26,0,10.37
"19",2000-01-27,0,9.87
"20",2000-01-28,0,9.96
"21",2000-01-31,0,10.01
"22",2000-02-01,0,9.81
"23",2000-02-02,0,9.91
"24",2000-02-03,0,10.11
"25",2000-02-04,0,10.11
"26",2000-02-07,0,10.11
"27",2000-02-08,0,9.51
"28",2000-02-09,0,9.52
"29",2000-02-10,0,9.02
"30",2000-02-11,0,8.67
"31",2000-02-14,0,9.22
"32",2000-02-15,0,8.86
"33",2000-02-16,0,9.26
"34",2000-02-17,0,9.09
"35",2000-02-18,0,9.14
"36",2000-02-21,0,9.51
"37",2000-02-22,0,9.51
"38",2000-02-23,0,9.61
"39",2000-02-24,0,9.61
"40",2000-02-25,0,9.61
"41",2000-02-28,0,11.64
"42",2000-02-29,0,11.86
"43",2000-03-01,0,10.21
"44",2000-03-02,0,10.77
"45",2000-03-03,0,9.72
"46",2000-03-06,0,10.12
"47",2000-03-07,0,10.12
"48",2000-03-08,0,10.12
"49",2000-03-09,0,10.12
"50",2000-03-10,0,11.12
"51",2000-03-13,0,10.05
"52",2000-03-14,0,10.79
"53",2000-03-15,0,10.65
"54",2000-03-16,0,10.23
"55",2000-03-17,0,10.34
"56",2000-03-20,0,10.45
"57",2000-03-21,0,10.07
"58",2000-03-22,0,9.45
"59",2000-03-23,0,9.45
"60",2000-03-24,0,9.32
"61",2000-03-27,0,9.51
"62",2000-03-28,0,9.34
"63",2000-03-29,0,9.54
"64",2000-03-30,0,9.77
"65",2000-03-31,0,10.57
"66",2000-04-03,0,10.86
"67",2000-04-04,0,10.86
"68",2000-04-05,0,10.86
"69",2000-04-06,0,10.59
"70",2000-04-07,0,9.51
"71",2000-04-10,0,9.51
"72",2000-04-11,0,9.57
"73",2000-04-12,0,10.2
"74",2000-04-13,0,9.71
"75",2000-04-14,0,9.41
"76",2000-04-17,0,10.44
"77",2000-04-18,0,9.81
"78",2000-04-19,0,10.61
"79",2000-04-20,0,10.67
"80",2000-04-21,0,10.67
"81",2000-04-24,0,10.67
"82",2000-04-25,0,11.11
"83",2000-04-26,0,11.32
"84",2000-04-27,0,11.5
"85",2000-04-28,0,12.12
"86",2000-05-01,0,12.12
"87",2000-05-02,0,12.04
"88",2000-05-03,0,12.74
"89",2000-05-04,0,12.16
"90",2000-05-05,0,12.16
"91",2000-05-08,0,14.95
"92",2000-05-09,0,14.73
"93",2000-05-10,0,14.64
"94",2000-05-11,0,14.64
"95",2000-05-12,0,21.02
"96",2000-05-15,0,20.56
"97",2000-05-16,0,23.72
"98",2000-05-17,0,18.26
"99",2000-05-18,0,16.64
"100",2000-05-19,0,15.94
"101",2000-05-22,0,13.7
"102",2000-05-23,0,13.7
"103",2000-05-24,0,22.5
"104",2000-05-25,1,26.35
"105",2000-05-26,0,18.48
"106",2000-05-29,0,19.08
"107",2000-05-30,0,24.6
"108",2000-05-31,0,22.39
"109",2000-06-01,0,20.83
"110",2000-06-02,0,16.2
"111",2000-06-05,0,16.17
"112",2000-06-06,0,16.17
"113",2000-06-07,0,16.26
"114",2000-06-08,0,16.32
"115",2000-06-09,0,21.16
"116",2000-06-12,0,21.79
"117",2000-06-13,0,19.2
"118",2000-06-14,0,19.2
"119",2000-06-15,0,16.31
"120",2000-06-16,0,16.31
"121",2000-06-19,0,20.27
"122",2000-06-20,0,20.27
"123",2000-06-21,0,19.31
"124",2000-06-22,0,20.29
"125",2000-06-23,0,20.88
"126",2000-06-26,0,20.05
"127",2000-06-27,0,19.82
"128",2000-06-28,0,25.78
"129",2000-06-29,0,25.78
"130",2000-06-30,0,25.78
"131",2000-07-03,0,23.63
"132",2000-07-04,0,25.22
"133",2000-07-05,0,25.66
"134",2000-07-06,0,27.17
"135",2000-07-07,0,26.9
"136",2000-07-10,0,27.7
"137",2000-07-11,0,25.09
"138",2000-07-12,0,17.34
"139",2000-07-13,0,14.24
"140",2000-07-14,0,15.63
"141",2000-07-17,0,15.12
"142",2000-07-18,0,17.52
"143",2000-07-19,0,16.56
"144",2000-07-20,0,15.67
"145",2000-07-21,0,15.08
"146",2000-07-24,0,14.89
"147",2000-07-25,0,17.76
"148",2000-07-26,0,20.11
"149",2000-07-27,0,17.01
"150",2000-07-28,0,17.78
"151",2000-07-31,0,20.89
"152",2000-08-01,0,20.29
"153",2000-08-02,0,15.99
"154",2000-08-03,0,14.53
"155",2000-08-04,1,13.14
"156",2000-08-07,1,13.99
"157",2000-08-08,1,14.13
"158",2000-08-09,1,13.2
"159",2000-08-10,1,13.8
"160",2000-08-11,1,12.31
"161",2000-08-14,1,12.31
"162",2000-08-15,1,11.87
"163",2000-08-16,1,12.62
"164",2000-08-17,1,12.37
"165",2000-08-18,1,11.72
"166",2000-08-21,1,11.72
"167",2000-08-22,1,12.92
"168",2000-08-23,1,11.51
"169",2000-08-24,1,11.63
"170",2000-08-25,1,12.34
"171",2000-08-28,1,12.92
"172",2000-08-29,1,13.04
"173",2000-08-30,1,12.73
"174",2000-08-31,1,15.51
"175",2000-09-01,1,15.59
"176",2000-09-04,0,15.85
"177",2000-09-05,0,19.49
"178",2000-09-06,0,19.43
"179",2000-09-07,0,18.13
"180",2000-09-08,0,19.92
"181",2000-09-11,0,21.63
"182",2000-09-12,0,20.42
"183",2000-09-13,0,20.42
"184",2000-09-14,0,19.88
"185",2000-09-15,0,18.56
"186",2000-09-18,0,18.93
"187",2000-09-19,0,19.56
"188",2000-09-20,0,17.83
"189",2000-09-21,0,18.39
"190",2000-09-22,0,17.79
"191",2000-09-25,0,18.78
"192",2000-09-26,0,19.88
"193",2000-09-27,0,21.26
"194",2000-09-28,0,19.21
"195",2000-09-29,0,20.13
"196",2000-10-02,0,20.13
"197",2000-10-03,0,19.64
"198",2000-10-04,0,19.19
"199",2000-10-05,0,19.22
"200",2000-10-06,0,19.22
"201",2000-10-09,1,15.99
"202",2000-10-10,0,17.6
"203",2000-10-11,0,20.2
"204",2000-10-12,0,17.96
"205",2000-10-13,0,29.25
"206",2000-10-16,0,28.8
"207",2000-10-17,1,33.78
"208",2000-10-18,1,32.48
"209",2000-10-19,0,30.99
"210",2000-10-20,1,32.42
"211",2000-10-23,0,31.63
"212",2000-10-24,0,32.13
"213",2000-10-25,1,41.52
"214",2000-10-26,1,42.91
"215",2000-10-27,1,49.66
"216",2000-10-30,1,88.9
"217",2000-10-31,1,74.3
"218",2000-11-01,1,64.77
"219",2000-11-02,1,63.55
"220",2000-11-03,1,58.84
"221",2000-11-06,1,47.01
"222",2000-11-07,0,31.72
"223",2000-11-08,1,33.85
"224",2000-11-09,0,31.36
"225",2000-11-10,0,30.2
"226",2000-11-13,0,27.39
"227",2000-11-14,0,28.62
"228",2000-11-15,0,28.64
"229",2000-11-16,0,25.07
"230",2000-11-17,0,27.43
"231",2000-11-20,0,28.64
"232",2000-11-21,0,30.26
"233",2000-11-22,0,24.86
"234",2000-11-23,0,24.08
"235",2000-11-24,0,28.15
"236",2000-11-27,0,21.89
"237",2000-11-28,0,20
"238",2000-11-29,0,20
"239",2000-11-30,0,22.72
"240",2000-12-01,0,22.72
"241",2000-12-04,0,22.48
"242",2000-12-05,0,22.48
"243",2000-12-06,0,25.62
"244",2000-12-07,0,29.74
"245",2000-12-08,0,29.54
"246",2000-12-11,0,25.41
"247",2000-12-12,0,21.42
"248",2000-12-13,0,23.55
"249",2000-12-14,0,31.3
"250",2000-12-15,0,30.99
"251",2000-12-18,0,28.4
"252",2000-12-19,0,25.16
"253",2000-12-20,0,25.16
"254",2000-12-21,0,25.16
"255",2000-12-22,0,25.16
"256",2000-12-25,0,25.16
"257",2000-12-26,0,25.16
"258",2000-12-27,0,25.16
"259",2000-12-28,0,25.16
"260",2000-12-29,0,25.16
"261",2001-01-01,0,25.16
"262",2001-01-02,0,25.16
"263",2001-01-03,0,23.61
"264",2001-01-04,0,26.92
"265",2001-01-05,0,25.86
"266",2001-01-08,0,22.97
"267",2001-01-09,0,21.59
"268",2001-01-10,0,22.59
"269",2001-01-11,0,23.46
"270",2001-01-12,0,22.36
"271",2001-01-15,0,22.43
"272",2001-01-16,0,23.63
"273",2001-01-17,0,21.65
"274",2001-01-18,0,22.28
"275",2001-01-19,0,23.85
"276",2001-01-22,0,18.05
"277",2001-01-23,0,17.27
"278",2001-01-24,0,17.27
"279",2001-01-25,0,17.27
"280",2001-01-26,0,17.27
"281",2001-01-29,0,20.63
"282",2001-01-30,0,19.83
"283",2001-01-31,0,18.33
"284",2001-02-01,0,18.33
"285",2001-02-02,0,14.42
"286",2001-02-05,0,15.57
"287",2001-02-06,0,15.83
"288",2001-02-07,0,16.24
"289",2001-02-08,0,16.24
"290",2001-02-09,0,16.29
"291",2001-02-12,0,16.29
"292",2001-02-13,0,13.92
"293",2001-02-14,0,14.13
"294",2001-02-15,0,15.26
"295",2001-02-16,0,15.26
"296",2001-02-19,0,14.98
"297",2001-02-20,0,14.51
"298",2001-02-21,0,14.16
"299",2001-02-22,0,14.27
"300",2001-02-23,0,14.77
"301",2001-02-26,0,14.28
"302",2001-02-27,0,14.25
"303",2001-02-28,0,13.44
"304",2001-03-01,0,13.01
"305",2001-03-02,0,13.31
"306",2001-03-05,0,13.45
"307",2001-03-06,0,13.56
"308",2001-03-07,0,13.65
"309",2001-03-08,0,13.34
"310",2001-03-09,0,13.54
"311",2001-03-12,0,12.87
"312",2001-03-13,0,12.87
"313",2001-03-14,0,12.87
"314",2001-03-15,0,12.87
"315",2001-03-16,0,12.87
"316",2001-03-19,0,12.87
"317",2001-03-20,0,12.87
"318",2001-03-21,0,12.36
"319",2001-03-22,0,12.88
"320",2001-03-23,0,22.46
"321",2001-03-26,0,22.46
"322",2001-03-27,0,22.46
"323",2001-03-28,0,22.46
"324",2001-03-29,0,22.46
"325",2001-03-30,0,22.46
"326",2001-04-02,0,16.78
"327",2001-04-03,0,17.35
"328",2001-04-04,0,17.35
"329",2001-04-05,0,17.35
"330",2001-04-06,0,17.35
"331",2001-04-09,0,19.12
"332",2001-04-10,0,19.65
"333",2001-04-11,0,19.22
"334",2001-04-12,0,17.77
"335",2001-04-13,0,17.77
"336",2001-04-16,0,17.77
"337",2001-04-17,0,17.51
"338",2001-04-18,0,18.58
"339",2001-04-19,0,16.3
"340",2001-04-20,0,16.3
"341",2001-04-23,0,16.3
"342",2001-04-24,0,14.74
"343",2001-04-25,0,15.06
"344",2001-04-26,0,14.72
"345",2001-04-27,0,15.47
"346",2001-04-30,0,15.94
"347",2001-05-01,0,15.94
"348",2001-05-02,0,15.66
"349",2001-05-03,0,15.66
"350",2001-05-04,0,16.22
"351",2001-05-07,0,16.89
"352",2001-05-08,0,16.89
"353",2001-05-09,0,16.05
"354",2001-05-10,0,16.05
"355",2001-05-11,0,15.39
"356",2001-05-14,0,13.63
"357",2001-05-15,0,13.68
"358",2001-05-16,0,13.12
"359",2001-05-17,0,13.18
"360",2001-05-18,0,12.74
"361",2001-05-21,0,12.74
"362",2001-05-22,0,12.74
"363",2001-05-23,0,13.33
"364",2001-05-24,0,12.26
"365",2001-05-25,0,11.49
"366",2001-05-28,0,12.28
"367",2001-05-29,0,12.28
"368",2001-05-30,0,12.25
"369",2001-05-31,0,11.89
"370",2001-06-01,0,11.32
"371",2001-06-04,0,11.31
"372",2001-06-05,0,11.43
"373",2001-06-06,0,11.26
"374",2001-06-07,0,11.23
"375",2001-06-08,0,11.23
"376",2001-06-11,0,11.23
"377",2001-06-12,0,12.31
"378",2001-06-13,0,12.3
"379",2001-06-14,0,14.2
"380",2001-06-15,0,14.2
"381",2001-06-18,0,13.01
"382",2001-06-19,0,13.03
"383",2001-06-20,0,13.03
"384",2001-06-21,0,12.6
"385",2001-06-22,0,14.43
"386",2001-06-25,0,13.31
"387",2001-06-26,0,13.31
"388",2001-06-27,0,13.31
"389",2001-06-28,0,13.22
"390",2001-06-29,0,13.72
"391",2001-07-02,0,13.72
"392",2001-07-03,0,13.72
"393",2001-07-04,0,12.09
"394",2001-07-05,0,13.15
"395",2001-07-06,0,12.85
"396",2001-07-09,0,12.7
"397",2001-07-10,0,12.5
"398",2001-07-11,0,12.5
"399",2001-07-12,0,12.5
"400",2001-07-13,0,14.66
"401",2001-07-16,0,14.82
"402",2001-07-17,0,19.59
"403",2001-07-18,0,16.78
"404",2001-07-19,0,18.69
"405",2001-07-20,0,18
"406",2001-07-23,0,15.92
"407",2001-07-24,0,15.92
"408",2001-07-25,0,16.33
"409",2001-07-26,0,14.19
"410",2001-07-27,0,11
"411",2001-07-30,0,11.6
"412",2001-07-31,0,11.55
"413",2001-08-01,0,12.15
"414",2001-08-02,0,11.81
"415",2001-08-03,0,10.8
"416",2001-08-06,0,10.8
"417",2001-08-07,0,11.35
"418",2001-08-08,0,11.89
"419",2001-08-09,0,11.36
"420",2001-08-10,0,11.4
"421",2001-08-13,0,11.4
"422",2001-08-14,0,11.4
"423",2001-08-15,0,11.4
"424",2001-08-16,0,11.4
"425",2001-08-17,0,11.4
"426",2001-08-20,0,12.85
"427",2001-08-21,0,12.92
"428",2001-08-22,0,11.28
"429",2001-08-23,0,11.12
"430",2001-08-24,0,11.51
"431",2001-08-27,0,11.93
"432",2001-08-28,0,11.93
"433",2001-08-29,0,11.93
"434",2001-08-30,0,11.93
"435",2001-08-31,0,11.93
"436",2001-09-03,0,11.93
"437",2001-09-04,0,11.93
"438",2001-09-05,0,11.93
"439",2001-09-06,0,11.93
"440",2001-09-07,0,11.93
"441",2001-09-10,0,11.93
"442",2001-09-11,0,11.93
"443",2001-09-12,0,11.93
"444",2001-09-13,0,11.93
"445",2001-09-14,0,11.93
"446",2001-09-17,0,11.93
"447",2001-09-18,0,11.93
"448",2001-09-19,0,11.93
"449",2001-09-20,0,16.96
"450",2001-09-21,0,16.96
"451",2001-09-24,0,15.94
"452",2001-09-25,0,17.75
"453",2001-09-26,0,17.65
"454",2001-09-27,0,17.82
"455",2001-09-28,0,17.82
"456",2001-10-01,0,17.82
"457",2001-10-02,0,17.82
"458",2001-10-03,0,19.77
"459",2001-10-04,0,17.77
"460",2001-10-05,0,16.88
"461",2001-10-08,0,16.88
"462",2001-10-09,0,16.88
"463",2001-10-10,0,16.88
"464",2001-10-11,0,16.88
"465",2001-10-12,0,17.63
"466",2001-10-15,0,16.38
"467",2001-10-16,0,15.78
"468",2001-10-17,0,15.32
"469",2001-10-18,0,13.7
"470",2001-10-19,0,13.77
"471",2001-10-22,0,15.25
"472",2001-10-23,0,14.96
"473",2001-10-24,0,16.08
"474",2001-10-25,0,16.08
"475",2001-10-26,0,16.08
"476",2001-10-29,0,15.91
"477",2001-10-30,0,15.49
"478",2001-10-31,0,15.49
"479",2001-11-01,0,15.29
"480",2001-11-02,0,15.29
"481",2001-11-05,0,15.29
"482",2001-11-06,0,15.69
"483",2001-11-07,0,16.49
"484",2001-11-08,0,15.11
"485",2001-11-09,0,13.98
"486",2001-11-12,0,13.98
"487",2001-11-13,0,14.52
"488",2001-11-14,0,13.27
"489",2001-11-15,0,13.27
"490",2001-11-16,0,13.49
"491",2001-11-19,0,12.86
"492",2001-11-20,0,12.86
"493",2001-11-21,0,12.45
"494",2001-11-22,0,12.04
"495",2001-11-23,0,12.04
"496",2001-11-26,0,10.89
"497",2001-11-27,0,10.73
"498",2001-11-28,0,10.58
"499",2001-11-29,0,10.58
"500",2001-11-30,0,10.58
"501",2001-12-03,0,11.32
"502",2001-12-04,0,11.32
"503",2001-12-05,0,12.03
"504",2001-12-06,0,11.63
"505",2001-12-07,0,11.3
"506",2001-12-10,0,11.3
"507",2001-12-11,0,12.25
"508",2001-12-12,0,12.29
"509",2001-12-13,0,12.25
"510",2001-12-14,0,13.56
"511",2001-12-17,0,14.42
"512",2001-12-18,0,14.42
"513",2001-12-19,0,16.68
"514",2001-12-20,0,16.68
"515",2001-12-21,0,16.68
"516",2001-12-24,0,16.68
"517",2001-12-25,0,16.68
"518",2001-12-26,0,16.68
"519",2001-12-27,0,16.68
"520",2001-12-28,0,16.68
"521",2001-12-31,0,16.68
"522",2002-01-01,0,16.68
"523",2002-01-02,0,16.68
"524",2002-01-03,0,11.68
"525",2002-01-04,0,11.68
"526",2002-01-07,0,9.8
"527",2002-01-08,0,9.5
"528",2002-01-09,0,9.69
"529",2002-01-10,0,9.69
"530",2002-01-11,0,8.78
"531",2002-01-14,0,8.45
"532",2002-01-15,0,8.45
"533",2002-01-16,0,9.16
"534",2002-01-17,0,9.1
"535",2002-01-18,0,8.33
"536",2002-01-21,0,7.96
"537",2002-01-22,0,7.89
"538",2002-01-23,0,8.2
"539",2002-01-24,0,7.91
"540",2002-01-25,0,7.89
"541",2002-01-28,0,8.02
"542",2002-01-29,0,8.03
"543",2002-01-30,0,8.15
"544",2002-01-31,0,8.1
"545",2002-02-01,0,8.1
"546",2002-02-04,0,8.01
"547",2002-02-05,0,7.99
"548",2002-02-06,0,8.55
"549",2002-02-07,0,7.94
"550",2002-02-08,0,7.94
"551",2002-02-11,0,7.94
"552",2002-02-12,0,7.94
"553",2002-02-13,0,7.94
"554",2002-02-14,0,7.94
"555",2002-02-15,0,7.94
"556",2002-02-18,0,7.4
"557",2002-02-19,0,7.92
"558",2002-02-20,0,7.92
"559",2002-02-21,0,7.87
"560",2002-02-22,0,7.87
"561",2002-02-25,0,7.87
"562",2002-02-26,0,8.2
"563",2002-02-27,0,8.45
"564",2002-02-28,0,7.99
"565",2002-03-01,0,7.74
"566",2002-03-04,0,7.74
"567",2002-03-05,0,7.19
"568",2002-03-06,0,6.9
"569",2002-03-07,0,7.31
"570",2002-03-08,0,7.48
"571",2002-03-11,0,7.71
"572",2002-03-12,0,7.63
"573",2002-03-13,0,7.88
"574",2002-03-14,0,6.8
"575",2002-03-15,0,6.38
"576",2002-03-18,0,6.67
"577",2002-03-19,0,6.17
"578",2002-03-20,0,6.73
"579",2002-03-21,0,6.73
"580",2002-03-22,0,6.73
"581",2002-03-25,0,7.3
"582",2002-03-26,0,7.52
"583",2002-03-27,0,7
"584",2002-03-28,0,6.82
"585",2002-03-29,0,6.81
"586",2002-04-01,0,6.81
"587",2002-04-02,0,6.81
"588",2002-04-03,0,6.81
"589",2002-04-04,0,6.72
"590",2002-04-05,0,6.32
"591",2002-04-08,0,5.72
"592",2002-04-09,0,5.7
"593",2002-04-10,0,6.02
"594",2002-04-11,0,6.02
"595",2002-04-12,0,6.09
"596",2002-04-15,0,6.19
"597",2002-04-16,0,6.19
"598",2002-04-17,0,5.81
"599",2002-04-18,0,6
"600",2002-04-19,0,5.98
"601",2002-04-22,0,5.7
"602",2002-04-23,0,6.06
"603",2002-04-24,0,6.27
"604",2002-04-25,0,6.42
"605",2002-04-26,0,6.01
"606",2002-04-29,0,6.17
"607",2002-04-30,0,6.19
"608",2002-05-01,0,6.19
"609",2002-05-02,0,6.25
"610",2002-05-03,0,6.25
"611",2002-05-06,0,6.25
"612",2002-05-07,0,6.25
"613",2002-05-08,0,6.25
"614",2002-05-09,0,6.25
"615",2002-05-10,0,5.97
"616",2002-05-13,0,5.97
"617",2002-05-14,0,5.73
"618",2002-05-15,0,5.74
"619",2002-05-16,0,5.85
"620",2002-05-17,0,6.18
"621",2002-05-20,0,6.18
"622",2002-05-21,0,5.06
"623",2002-05-22,0,5.53
"624",2002-05-23,0,5.46
"625",2002-05-24,0,5.7
"626",2002-05-27,0,5.59
"627",2002-05-28,0,6.2
"628",2002-05-29,0,5.56
"629",2002-05-30,0,6.01
"630",2002-05-31,0,6.01
"631",2002-06-03,0,5.39
"632",2002-06-04,0,5.39
"633",2002-06-05,0,5.39
"634",2002-06-06,0,5.39
"635",2002-06-07,0,8.94
"636",2002-06-10,0,7.25
"637",2002-06-11,0,7.25
"638",2002-06-12,0,6.15
"639",2002-06-13,0,6.14
"640",2002-06-14,0,5.88
"641",2002-06-17,0,5.68
"642",2002-06-18,0,5.09
"643",2002-06-19,0,5.34
"644",2002-06-20,0,5.34
"645",2002-06-21,0,5.28
"646",2002-06-24,0,6.04
"647",2002-06-25,0,6.15
"648",2002-06-26,0,5.75
"649",2002-06-27,0,6.11
"650",2002-06-28,0,6.11
"651",2002-07-01,0,6.11
"652",2002-07-02,0,7.08
"653",2002-07-03,0,8.07
"654",2002-07-04,0,8.07
"655",2002-07-05,0,8.05
"656",2002-07-08,0,6.86
"657",2002-07-09,0,6.68
"658",2002-07-10,0,6.34
"659",2002-07-11,0,6.29
"660",2002-07-12,0,6.45
"661",2002-07-15,0,6.64
"662",2002-07-16,0,6.64
"663",2002-07-17,0,6.48
"664",2002-07-18,0,6.48
"665",2002-07-19,0,6.48
"666",2002-07-22,0,6.48
"667",2002-07-23,0,6.48
"668",2002-07-24,0,6.48
"669",2002-07-25,0,6.48
"670",2002-07-26,0,6.48
"671",2002-07-29,0,6.48
"672",2002-07-30,0,6.48
"673",2002-07-31,0,7.27
"674",2002-08-01,0,7.34
"675",2002-08-02,0,7.81
"676",2002-08-05,0,7.81
"677",2002-08-06,0,7.81
"678",2002-08-07,0,7.81
"679",2002-08-08,0,7.81
"680",2002-08-09,0,7.81
"681",2002-08-12,0,7.81
"682",2002-08-13,0,7.81
"683",2002-08-14,0,7.81
"684",2002-08-15,0,7.81
"685",2002-08-16,0,7.81
"686",2002-08-19,0,7.81
"687",2002-08-20,0,7.81
"688",2002-08-21,0,7.81
"689",2002-08-22,0,7.81
"690",2002-08-23,0,7.81
"691",2002-08-26,0,7.81
"692",2002-08-27,0,7.81
"693",2002-08-28,0,8.88
"694",2002-08-29,0,8.88
"695",2002-08-30,0,8.88
"696",2002-09-02,0,8.88
"697",2002-09-03,0,8
"698",2002-09-04,0,8
"699",2002-09-05,0,8
"700",2002-09-06,0,8
"701",2002-09-09,0,8
"702",2002-09-10,0,7.78
"703",2002-09-11,0,8.13
"704",2002-09-12,0,7.68
"705",2002-09-13,0,7.68
"706",2002-09-16,0,7.68
"707",2002-09-17,0,7.54
"708",2002-09-18,0,7.83
"709",2002-09-19,0,7.83
"710",2002-09-20,0,6.94
"711",2002-09-23,0,6.94
"712",2002-09-24,0,6.94
"713",2002-09-25,0,5.98
"714",2002-09-26,0,5.98
"715",2002-09-27,0,5.98
"716",2002-09-30,0,6.88
"717",2002-10-01,0,6.88
"718",2002-10-02,0,6.78
"719",2002-10-03,0,6.77
"720",2002-10-04,0,8.07
"721",2002-10-07,0,8.07
"722",2002-10-08,0,9.4
"723",2002-10-09,0,9.4
"724",2002-10-10,0,9.4
"725",2002-10-11,0,9.4
"726",2002-10-14,0,9.4
"727",2002-10-15,0,12.13
"728",2002-10-16,0,12.13
"729",2002-10-17,0,10.62
"730",2002-10-18,0,10.15
"731",2002-10-21,0,10.15
"732",2002-10-22,0,10.15
"733",2002-10-23,0,10.15
"734",2002-10-24,0,8.05
"735",2002-10-25,0,8.05
"736",2002-10-28,0,8.21
"737",2002-10-29,0,8.21
"738",2002-10-30,0,8.21
"739",2002-10-31,0,8.21
"740",2002-11-01,0,8.21
"741",2002-11-04,0,8.21
"742",2002-11-05,0,8.24
"743",2002-11-06,0,6.89
"744",2002-11-07,0,6.89
"745",2002-11-08,0,6.89
"746",2002-11-11,0,6.89
"747",2002-11-12,0,6.89
"748",2002-11-13,0,6.66
"749",2002-11-14,0,6.66
"750",2002-11-15,0,6.81
"751",2002-11-18,0,6.81
"752",2002-11-19,0,6.81
"753",2002-11-20,0,6.81
"754",2002-11-21,0,6.81
"755",2002-11-22,0,7.48
"756",2002-11-25,0,7.48
"757",2002-11-26,0,7.48
"758",2002-11-27,0,6.44
"759",2002-11-28,0,6.44
"760",2002-11-29,0,6.44
"761",2002-12-02,0,6.44
"762",2002-12-03,0,6.44
"763",2002-12-04,0,6.44
"764",2002-12-05,0,6.44
"765",2002-12-06,0,10.13
"766",2002-12-09,0,11.94
"767",2002-12-10,0,11.94
"768",2002-12-11,0,13.99
"769",2002-12-12,0,13.99
"770",2002-12-13,0,13.99
"771",2002-12-16,0,12.31
"772",2002-12-17,0,12.31
"773",2002-12-18,0,13.22
"774",2002-12-19,0,13.56
"775",2002-12-20,0,13.56
"776",2002-12-23,0,13.56
"777",2002-12-24,0,13.56
"778",2002-12-25,0,13.56
"779",2002-12-26,0,13.56
"780",2002-12-27,0,13.56
"781",2002-12-30,0,15.26
"782",2002-12-31,0,15.26
"783",2003-01-01,0,15.26
"784",2003-01-02,0,15.26
"785",2003-01-03,0,14.32
"786",2003-01-06,0,14.32
"787",2003-01-07,0,14.43
"788",2003-01-08,0,11.77
"789",2003-01-09,0,11.77
"790",2003-01-10,0,12.86
"791",2003-01-13,0,12.86
"792",2003-01-14,0,11.55
"793",2003-01-15,0,11.55
"794",2003-01-16,0,10.6
"795",2003-01-17,0,10.3
"796",2003-01-20,0,10.75
"797",2003-01-21,0,10.75
"798",2003-01-22,0,10.75
"799",2003-01-23,0,10.75
"800",2003-01-24,0,10.75
"801",2003-01-27,0,10.75
"802",2003-01-28,0,10.75
"803",2003-01-29,0,10.75
"804",2003-01-30,0,11.05
"805",2003-01-31,0,11.05
"806",2003-02-03,0,11.05
"807",2003-02-04,0,12.52
"808",2003-02-05,0,12.52
"809",2003-02-06,0,12.52
"810",2003-02-07,0,12.52
"811",2003-02-10,0,12.52
"812",2003-02-11,0,12.52
"813",2003-02-12,0,12.52
"814",2003-02-13,0,12.52
"815",2003-02-14,0,12.52
"816",2003-02-17,0,12.52
"817",2003-02-18,0,12.52
"818",2003-02-19,0,16.46
"819",2003-02-20,0,16.46
"820",2003-02-21,0,16.46
"821",2003-02-24,0,15.47
"822",2003-02-25,0,15.47
"823",2003-02-26,0,15.47
"824",2003-02-27,0,14.47
"825",2003-02-28,0,14.2
"826",2003-03-03,0,13.23
"827",2003-03-04,0,11.45
"828",2003-03-05,0,11.45
"829",2003-03-06,0,11.69
"830",2003-03-07,0,14.04
"831",2003-03-10,0,14.04
"832",2003-03-11,0,14.04
"833",2003-03-12,0,14.04
"834",2003-03-13,0,14.04
"835",2003-03-14,0,14.04
"836",2003-03-17,0,16.1
"837",2003-03-18,0,16.1
"838",2003-03-19,0,16.1
"839",2003-03-20,0,13.69
"840",2003-03-21,0,13.69
"841",2003-03-24,0,12.57
"842",2003-03-25,0,12.61
"843",2003-03-26,0,10.15
"844",2003-03-27,0,10.15
"845",2003-03-28,0,10.15
"846",2003-03-31,0,10.15
"847",2003-04-01,0,10.15
"848",2003-04-02,0,10.15
"849",2003-04-03,0,10.15
"850",2003-04-04,0,11.66
"851",2003-04-07,0,11.66
"852",2003-04-08,0,11.66
"853",2003-04-09,0,11.66
"854",2003-04-10,0,11.66
"855",2003-04-11,0,11.66
"856",2003-04-14,0,11.66
"857",2003-04-15,0,11.52
"858",2003-04-16,0,11.59
"859",2003-04-17,0,11.59
"860",2003-04-18,0,11.59
"861",2003-04-21,0,11.59
"862",2003-04-22,0,11.59
"863",2003-04-23,0,11.59
"864",2003-04-24,0,11.59
"865",2003-04-25,0,11.59
"866",2003-04-28,0,11.47
"867",2003-04-29,0,11.47
"868",2003-04-30,0,11.47
"869",2003-05-01,0,11.47
"870",2003-05-02,0,11.47
"871",2003-05-05,0,11.47
"872",2003-05-06,0,11.47
"873",2003-05-07,0,11.47
"874",2003-05-08,0,11.47
"875",2003-05-09,0,12.1
"876",2003-05-12,0,12.1
"877",2003-05-13,0,12.1
"878",2003-05-14,0,12.1
"879",2003-05-15,0,12.1
"880",2003-05-16,0,12.1
"881",2003-05-19,0,12.1
"882",2003-05-20,0,12.1
"883",2003-05-21,0,12.1
"884",2003-05-22,0,12.1
"885",2003-05-23,0,6.75
"886",2003-05-26,0,6.75
"887",2003-05-27,0,7.27
"888",2003-05-28,0,7.27
"889",2003-05-29,0,8.36
"890",2003-05-30,0,8.36
"891",2003-06-02,0,8.36
"892",2003-06-03,0,8.36
"893",2003-06-04,0,8.36
"894",2003-06-05,0,7.78
"895",2003-06-06,0,7.78
"896",2003-06-09,0,7.78
"897",2003-06-10,0,7.78
"898",2003-06-11,0,7.78
"899",2003-06-12,0,7.78
"900",2003-06-13,0,7.78
"901",2003-06-16,0,7.78
"902",2003-06-17,0,7.78
"903",2003-06-18,0,7.93
"904",2003-06-19,0,7.87
"905",2003-06-20,0,7.87
"906",2003-06-23,0,7.87
"907",2003-06-24,0,7.87
"908",2003-06-25,0,7.71
"909",2003-06-26,0,8.63
"910",2003-06-27,0,8.63
"911",2003-06-30,0,8.88
"912",2003-07-01,0,8.85
"913",2003-07-02,0,9.33
"914",2003-07-03,0,7.3
"915",2003-07-04,0,8.74
"916",2003-07-07,0,8.96
"917",2003-07-08,0,8.48
"918",2003-07-09,0,8.48
"919",2003-07-10,0,8.48
"920",2003-07-11,0,8.03
"921",2003-07-14,0,8.05
"922",2003-07-15,0,7.85
"923",2003-07-16,0,7.66
"924",2003-07-17,0,7.6
"925",2003-07-18,0,7.81
"926",2003-07-21,0,7.81
"927",2003-07-22,0,7.81
"928",2003-07-23,0,9.11
"929",2003-07-24,0,9.25
"930",2003-07-25,0,8.69
"931",2003-07-28,0,8.69
"932",2003-07-29,0,8.69
"933",2003-07-30,0,11.11
"934",2003-07-31,0,10.77
"935",2003-08-01,0,11.51
"936",2003-08-04,0,13.8
"937",2003-08-05,0,13.8
"938",2003-08-06,0,11.43
"939",2003-08-07,0,9.91
"940",2003-08-08,0,9.56
"941",2003-08-11,0,9.65
"942",2003-08-12,0,10.47
"943",2003-08-13,0,10.47
"944",2003-08-14,0,11.95
"945",2003-08-15,0,11.09
"946",2003-08-18,0,11.09
"947",2003-08-19,0,11.09
"948",2003-08-20,0,11.09
"949",2003-08-21,0,11.09
"950",2003-08-22,0,11.09
"951",2003-08-25,0,11.09
"952",2003-08-26,0,11.09
"953",2003-08-27,0,11.43
"954",2003-08-28,0,11.43
"955",2003-08-29,0,8.39
"956",2003-09-01,0,8.39
"957",2003-09-02,0,8.39
"958",2003-09-03,0,9.72
"959",2003-09-04,0,8.34
"960",2003-09-05,0,9.73
"961",2003-09-08,0,9.75
"962",2003-09-09,0,10.28
"963",2003-09-10,0,10.28
"964",2003-09-11,0,9.04
"965",2003-09-12,0,9.04
"966",2003-09-15,0,9.04
"967",2003-09-16,0,9.04
"968",2003-09-17,0,8.75
"969",2003-09-18,0,8.75
"970",2003-09-19,0,8.75
"971",2003-09-22,0,8.74
"972",2003-09-23,0,8.74
"973",2003-09-24,0,8.74
"974",2003-09-25,0,8.5
"975",2003-09-26,0,9.07
"976",2003-09-29,0,9.07
"977",2003-09-30,0,7.75
"978",2003-10-01,0,7.75
"979",2003-10-02,0,7.75
"980",2003-10-03,0,7.75
"981",2003-10-06,0,9.2
"982",2003-10-07,0,9.35
"983",2003-10-08,0,8.85
"984",2003-10-09,0,9.11
"985",2003-10-10,0,6.57
"986",2003-10-13,0,6.57
"987",2003-10-14,0,6.57
"988",2003-10-15,0,6.57
"989",2003-10-16,0,8.03
"990",2003-10-17,0,8.03
"991",2003-10-20,0,8.03
"992",2003-10-21,0,8.5
"993",2003-10-22,0,8.98
"994",2003-10-23,0,8.98
"995",2003-10-24,0,9.38
"996",2003-10-27,0,10.01
"997",2003-10-28,0,10.01
"998",2003-10-29,0,10.01
"999",2003-10-30,0,10.01
"1000",2003-10-31,0,10.01
"1001",2003-11-03,0,9.09
"1002",2003-11-04,0,8.65
"1003",2003-11-05,0,8.65
"1004",2003-11-06,0,8.87
"1005",2003-11-07,0,9.66
"1006",2003-11-10,0,9.66
"1007",2003-11-11,0,9.66
"1008",2003-11-12,0,8.82
"1009",2003-11-13,0,8.82
"1010",2003-11-14,0,8.82
"1011",2003-11-17,0,9.43
"1012",2003-11-18,0,9.17
"1013",2003-11-19,0,9.17
"1014",2003-11-20,0,9.17
"1015",2003-11-21,0,9.22
"1016",2003-11-24,0,9.22
"1017",2003-11-25,0,7.29
"1018",2003-11-26,0,7.26
"1019",2003-11-27,0,7.26
"1020",2003-11-28,0,7.26
"1021",2003-12-01,0,7.26
"1022",2003-12-02,0,7.26
"1023",2003-12-03,0,7.26
"1024",2003-12-04,0,8.84
"1025",2003-12-05,0,8.84
"1026",2003-12-08,0,8.84
"1027",2003-12-09,0,8.84
"1028",2003-12-10,0,8.84
"1029",2003-12-11,0,8.84
"1030",2003-12-12,0,9.2
"1031",2003-12-15,0,9.2
"1032",2003-12-16,0,9.11
"1033",2003-12-17,0,9.11
"1034",2003-12-18,0,9.11
"1035",2003-12-19,0,9.11
"1036",2003-12-22,0,9.11
"1037",2003-12-23,0,9.11
"1038",2003-12-24,0,9.11
"1039",2003-12-25,0,9.11
"1040",2003-12-26,0,9.11
"1041",2003-12-29,0,9.11
"1042",2003-12-30,0,9.11
"1043",2003-12-31,0,9.11
"1044",2004-01-01,0,9.11
"1045",2004-01-02,0,9.11
"1046",2004-01-05,0,9.11
"1047",2004-01-06,0,9.11
"1048",2004-01-07,0,9.11
"1049",2004-01-08,0,9.11
"1050",2004-01-09,0,9.11
"1051",2004-01-12,0,9.11
"1052",2004-01-13,0,9.11
"1053",2004-01-14,0,7.4
"1054",2004-01-15,0,7.4
"1055",2004-01-16,0,7.39
"1056",2004-01-19,0,7.39
"1057",2004-01-20,0,7.39
"1058",2004-01-21,0,7.39
"1059",2004-01-22,0,7.39
"1060",2004-01-23,0,7.39
"1061",2004-01-26,0,7.39
"1062",2004-01-27,0,7.39
"1063",2004-01-28,0,7.39
"1064",2004-01-29,0,7.39
"1065",2004-01-30,0,7.39
"1066",2004-02-02,0,7.39
"1067",2004-02-03,0,7.39
"1068",2004-02-04,0,7.39
"1069",2004-02-05,0,7.39
"1070",2004-02-06,0,7.39
"1071",2004-02-09,0,7.39
"1072",2004-02-10,0,7.39
"1073",2004-02-11,0,7.39
"1074",2004-02-12,0,7.39
"1075",2004-02-13,0,7.39
"1076",2004-02-16,0,7.39
"1077",2004-02-17,0,7.39
"1078",2004-02-18,0,7.39
"1079",2004-02-19,0,7.39
"1080",2004-02-20,0,7.39
"1081",2004-02-23,0,7.39
"1082",2004-02-24,0,7.39
"1083",2004-02-25,0,7.39
"1084",2004-02-26,0,7.39
"1085",2004-02-27,0,7.39
"1086",2004-03-01,0,7.39
"1087",2004-03-02,0,7.39
"1088",2004-03-03,0,7.39
"1089",2004-03-04,0,7.39
"1090",2004-03-05,0,7.39
"1091",2004-03-08,0,7.39
"1092",2004-03-09,0,7.39
"1093",2004-03-10,0,7.39
"1094",2004-03-11,0,7.39
"1095",2004-03-12,0,7.39
"1096",2004-03-15,0,7.39
"1097",2004-03-16,0,7.39
"1098",2004-03-17,0,7.39
"1099",2004-03-18,0,7.39
"1100",2004-03-19,0,7.39
"1101",2004-03-22,0,7.39
"1102",2004-03-23,0,7.39
"1103",2004-03-24,0,7.39
"1104",2004-03-25,0,7.39
"1105",2004-03-26,0,7.39
"1106",2004-03-29,0,10.03
"1107",2004-03-30,0,10.03
"1108",2004-03-31,0,10.03
"1109",2004-04-01,0,10.03
"1110",2004-04-02,0,10.03
"1111",2004-04-05,0,10.03
"1112",2004-04-06,0,10.01
"1113",2004-04-07,0,9.66
"1114",2004-04-08,0,9.68
"1115",2004-04-09,0,9.65
"1116",2004-04-12,0,9.29
"1117",2004-04-13,0,9.1
"1118",2004-04-14,0,8.26
"1119",2004-04-15,0,8.93
"1120",2004-04-16,0,8.74
"1121",2004-04-19,0,8.54
"1122",2004-04-20,0,8.6
"1123",2004-04-21,0,8.64
"1124",2004-04-22,0,8.46
"1125",2004-04-23,0,7.61
"1126",2004-04-26,0,7.7
"1127",2004-04-27,0,7.82
"1128",2004-04-28,0,7.72
"1129",2004-04-29,0,8.25
"1130",2004-04-30,0,7.94
"1131",2004-05-03,0,7.61
"1132",2004-05-04,0,7.64
"1133",2004-05-05,0,7.13
"1134",2004-05-06,0,7.29
"1135",2004-05-07,0,7.47
"1136",2004-05-10,0,8.2
"1137",2004-05-11,0,8.39
"1138",2004-05-12,0,7.42
"1139",2004-05-13,0,8.21
"1140",2004-05-14,0,7.95
"1141",2004-05-17,0,7.88
"1142",2004-05-18,0,7.68
"1143",2004-05-19,0,7.42
"1144",2004-05-20,0,7.2
"1145",2004-05-21,0,7.17
"1146",2004-05-24,0,7.48
"1147",2004-05-25,0,7.17
"1148",2004-05-26,0,7.39
"1149",2004-05-27,0,6.08
"1150",2004-05-28,0,6.07
"1151",2004-05-31,0,6.7
"1152",2004-06-01,0,6.57
"1153",2004-06-02,0,6.3
"1154",2004-06-03,0,6.56
"1155",2004-06-04,0,6.57
"1156",2004-06-07,0,6.57
"1157",2004-06-08,0,6.57
"1158",2004-06-09,0,6.57
"1159",2004-06-10,0,6.34
"1160",2004-06-11,0,6.34
"1161",2004-06-14,0,6.34
"1162",2004-06-15,0,6.34
"1163",2004-06-16,0,6.34
"1164",2004-06-17,0,6.34
"1165",2004-06-18,0,6.34
"1166",2004-06-21,0,6.34
"1167",2004-06-22,0,6.34
"1168",2004-06-23,0,6.34
"1169",2004-06-24,0,6.34
"1170",2004-06-25,0,6.34
"1171",2004-06-28,0,6.34
"1172",2004-06-29,0,7.26
"1173",2004-06-30,0,7.26
"1174",2004-07-01,0,7.26
"1175",2004-07-02,0,7.26
"1176",2004-07-05,0,6.75
"1177",2004-07-06,0,6.75
"1178",2004-07-07,0,6.75
"1179",2004-07-08,0,6.75
"1180",2004-07-09,0,6.75
"1181",2004-07-12,0,6.82
"1182",2004-07-13,0,6.75
"1183",2004-07-14,0,6.8
"1184",2004-07-15,0,6.88
"1185",2004-07-16,0,6.59
"1186",2004-07-19,0,6.59
"1187",2004-07-20,0,6.59
"1188",2004-07-21,0,6.59
"1189",2004-07-22,0,6.59
"1190",2004-07-23,0,6.59
"1191",2004-07-26,0,6.59
"1192",2004-07-27,0,6.59
"1193",2004-07-28,0,6.59
"1194",2004-07-29,0,6.59
"1195",2004-07-30,0,6.59
"1196",2004-08-02,0,6.59
"1197",2004-08-03,0,6.59
"1198",2004-08-04,0,6.59
"1199",2004-08-05,0,6.59
"1200",2004-08-06,0,6.59
"1201",2004-08-09,0,5.22
"1202",2004-08-10,0,5.22
"1203",2004-08-11,0,5.22
"1204",2004-08-12,0,5.73
"1205",2004-08-13,0,5.2
"1206",2004-08-16,0,5.34
"1207",2004-08-17,0,5.35
"1208",2004-08-18,0,5.88
"1209",2004-08-19,0,5.88
"1210",2004-08-20,0,6.04
"1211",2004-08-23,0,5.84
"1212",2004-08-24,0,6.1
"1213",2004-08-25,0,6.12
"1214",2004-08-26,0,7.12
"1215",2004-08-27,0,7.47
"1216",2004-08-30,0,7.8
"1217",2004-08-31,0,7.36
"1218",2004-09-01,0,7.17
"1219",2004-09-02,0,6.46
"1220",2004-09-03,0,5.62
"1221",2004-09-06,0,5.62
"1222",2004-09-07,0,5.62
"1223",2004-09-08,0,5.62
"1224",2004-09-09,0,5.83
"1225",2004-09-10,0,5.9
"1226",2004-09-13,0,5.9
"1227",2004-09-14,0,5.9
"1228",2004-09-15,0,5.9
"1229",2004-09-16,0,5.9
"1230",2004-09-17,0,5.9
"1231",2004-09-20,0,5.9
"1232",2004-09-21,0,6.99
"1233",2004-09-22,0,6.85
"1234",2004-09-23,0,6.57
"1235",2004-09-24,0,6.58
"1236",2004-09-27,0,6.63
"1237",2004-09-28,0,6.96
"1238",2004-09-29,0,6.77
"1239",2004-09-30,0,7.21
"1240",2004-10-01,0,6.79
"1241",2004-10-04,0,6.79
"1242",2004-10-05,0,6.79
"1243",2004-10-06,0,6.79
"1244",2004-10-07,0,6.79
"1245",2004-10-08,0,6.79
"1246",2004-10-11,0,7.18
"1247",2004-10-12,0,7.13
"1248",2004-10-13,0,7.07
"1249",2004-10-14,0,6.84
"1250",2004-10-15,0,6.84
"1251",2004-10-18,0,6.96
"1252",2004-10-19,0,7.11
"1253",2004-10-20,0,7.05
"1254",2004-10-21,0,6.88
"1255",2004-10-22,0,6.82
"1256",2004-10-25,0,6.68
"1257",2004-10-26,0,6.96
"1258",2004-10-27,0,6.9
"1259",2004-10-28,0,6.77
"1260",2004-10-29,0,6.66
"1261",2004-11-01,0,6.66
"1262",2004-11-02,0,7.02
"1263",2004-11-03,0,7.08
"1264",2004-11-04,0,7.05
"1265",2004-11-05,0,6.61
"1266",2004-11-08,0,6.49
"1267",2004-11-09,0,6.47
"1268",2004-11-10,0,6.43
"1269",2004-11-11,0,6.38
"1270",2004-11-12,0,6.16
"1271",2004-11-15,0,6.16
"1272",2004-11-16,0,5.9
"1273",2004-11-17,0,5.89
"1274",2004-11-18,0,5.62
"1275",2004-11-19,0,5.4
"1276",2004-11-22,0,5.34
"1277",2004-11-23,0,5.55
"1278",2004-11-24,0,5.54
"1279",2004-11-25,0,5.56
"1280",2004-11-26,0,5.58
"1281",2004-11-29,0,5.58
"1282",2004-11-30,0,4.81
"1283",2004-12-01,0,4.82
"1284",2004-12-02,0,4.35
"1285",2004-12-03,0,4.36
"1286",2004-12-06,0,3.94
"1287",2004-12-07,0,4.92
"1288",2004-12-08,0,5.07
"1289",2004-12-09,0,6.78
"1290",2004-12-10,0,7.37
"1291",2004-12-13,0,7.37
"1292",2004-12-14,0,7.37
"1293",2004-12-15,0,7.37
"1294",2004-12-16,0,7.37
"1295",2004-12-17,0,7.37
"1296",2004-12-20,0,7.37
"1297",2004-12-21,0,7.37
"1298",2004-12-22,0,7.37
"1299",2004-12-23,0,6.81
"1300",2004-12-24,0,6.81
"1301",2004-12-27,0,6.81
"1302",2004-12-28,0,6.7
"1303",2004-12-29,0,6.63
"1304",2004-12-30,0,6.72
"1305",2004-12-31,0,6.73
"1306",2005-01-03,0,6.37
"1307",2005-01-04,0,6.16
"1308",2005-01-05,0,6.44
"1309",2005-01-06,0,6.55
"1310",2005-01-07,0,6.36
"1311",2005-01-10,0,6.43
"1312",2005-01-11,0,6.81
"1313",2005-01-12,0,4.72
"1314",2005-01-13,0,4.42
"1315",2005-01-14,0,4.73
"1316",2005-01-17,0,5.29
"1317",2005-01-18,0,5.14
"1318",2005-01-19,0,4.95
"1319",2005-01-20,0,5.57
"1320",2005-01-21,0,5.6
"1321",2005-01-24,0,4.98
"1322",2005-01-25,0,5.23
"1323",2005-01-26,0,5.02
"1324",2005-01-27,0,4.48
"1325",2005-01-28,0,4.51
"1326",2005-01-31,0,4.64
"1327",2005-02-01,0,4.32
"1328",2005-02-02,0,3.89
"1329",2005-02-03,0,3.58
"1330",2005-02-04,0,3.09
"1331",2005-02-07,0,3.09
"1332",2005-02-08,0,3.69
"1333",2005-02-09,0,3.73
"1334",2005-02-10,0,4.02
"1335",2005-02-11,0,4.02
"1336",2005-02-14,0,3.66
"1337",2005-02-15,0,3.7
"1338",2005-02-16,0,4.53
"1339",2005-02-17,0,4.25
"1340",2005-02-18,0,4.1
"1341",2005-02-21,0,4.77
"1342",2005-02-22,0,4.74
"1343",2005-02-23,0,4.56
"1344",2005-02-24,0,4.75
"1345",2005-02-25,0,4.68
"1346",2005-02-28,0,4.33
"1347",2005-03-01,0,4.54
"1348",2005-03-02,0,4.94
"1349",2005-03-03,0,5.03
"1350",2005-03-04,0,5.31
"1351",2005-03-07,0,5.26
"1352",2005-03-08,0,5.01
"1353",2005-03-09,0,4.45
"1354",2005-03-10,0,4.45
"1355",2005-03-11,0,4.45
"1356",2005-03-14,0,3.05
"1357",2005-03-15,0,4.01
"1358",2005-03-16,0,3.92
"1359",2005-03-17,0,4.47
"1360",2005-03-18,0,5
"1361",2005-03-21,0,4.94
"1362",2005-03-22,0,5.28
"1363",2005-03-23,0,5.74
"1364",2005-03-24,0,5.74
"1365",2005-03-25,0,5.74
"1366",2005-03-28,0,5.74
"1367",2005-03-29,0,5.74
"1368",2005-03-30,0,5.74
"1369",2005-03-31,0,5.74
"1370",2005-04-01,0,5.74
"1371",2005-04-04,0,5.74
"1372",2005-04-05,0,5.74
"1373",2005-04-06,0,5.74
"1374",2005-04-07,0,5.74
"1375",2005-04-08,0,5.74
"1376",2005-04-11,0,5.74
"1377",2005-04-12,0,5.38
"1378",2005-04-13,0,4.42
"1379",2005-04-14,0,5.31
"1380",2005-04-15,0,5.36
"1381",2005-04-18,0,5.33
"1382",2005-04-19,0,5.23
"1383",2005-04-20,0,4.73
"1384",2005-04-21,0,4.85
"1385",2005-04-22,0,4.49
"1386",2005-04-25,0,4.49
"1387",2005-04-26,0,4.49
"1388",2005-04-27,0,4.49
"1389",2005-04-28,0,4.49
"1390",2005-04-29,0,4.19
"1391",2005-05-02,0,4.19
"1392",2005-05-03,0,4.19
"1393",2005-05-04,0,4.05
"1394",2005-05-05,0,3.8
"1395",2005-05-06,0,4.02
"1396",2005-05-09,0,4.04
"1397",2005-05-10,0,3.96
"1398",2005-05-11,0,3.94
"1399",2005-05-12,0,4.13
"1400",2005-05-13,0,4.06
"1401",2005-05-16,0,4.45
"1402",2005-05-17,0,4.34
"1403",2005-05-18,0,3.95
"1404",2005-05-19,0,3.98
"1405",2005-05-20,0,4
"1406",2005-05-23,0,3.61
"1407",2005-05-24,0,3.72
"1408",2005-05-25,0,3.93
"1409",2005-05-26,0,3.78
"1410",2005-05-27,0,3.96
"1411",2005-05-30,0,4.05
"1412",2005-05-31,0,4.56
"1413",2005-06-01,0,4.43
"1414",2005-06-02,0,4.61
"1415",2005-06-03,0,4.46
"1416",2005-06-06,0,4.54
"1417",2005-06-07,0,4.47
"1418",2005-06-08,0,4.73
"1419",2005-06-09,0,5.33
"1420",2005-06-10,0,5.5
"1421",2005-06-13,0,5.5
"1422",2005-06-14,0,5.82
"1423",2005-06-15,0,5.51
"1424",2005-06-16,0,5.68
"1425",2005-06-17,0,5.91
"1426",2005-06-20,0,6.27
"1427",2005-06-21,0,5.87
"1428",2005-06-22,0,6.01
"1429",2005-06-23,0,5.74
"1430",2005-06-24,0,5.5
"1431",2005-06-27,0,4.98
"1432",2005-06-28,0,5.18
"1433",2005-06-29,0,11.34
"1434",2005-06-30,0,6.23
"1435",2005-07-01,0,6.39
"1436",2005-07-04,0,6.39
"1437",2005-07-05,0,6.39
"1438",2005-07-06,0,6.39
"1439",2005-07-07,0,7.97
"1440",2005-07-08,0,7.93
"1441",2005-07-11,0,7.93
"1442",2005-07-12,0,7.31
"1443",2005-07-13,0,7.43
"1444",2005-07-14,0,7.18
"1445",2005-07-15,0,6.47
"1446",2005-07-18,0,6.06
"1447",2005-07-19,0,6.46
"1448",2005-07-20,0,6.47
"1449",2005-07-21,0,6.37
"1450",2005-07-22,0,6.16
"1451",2005-07-25,0,6.17
"1452",2005-07-26,0,6.03
"1453",2005-07-27,0,6.29
"1454",2005-07-28,0,6.29
"1455",2005-07-29,0,6.29
"1456",2005-08-01,0,7.09
"1457",2005-08-02,0,6.44
"1458",2005-08-03,0,6.44
"1459",2005-08-04,0,6.44
"1460",2005-08-05,0,6.44
"1461",2005-08-08,0,6.44
"1462",2005-08-09,0,6.44
"1463",2005-08-10,0,6.44
"1464",2005-08-11,0,6.44
"1465",2005-08-12,0,6.44
"1466",2005-08-15,0,6.44
"1467",2005-08-16,0,6.44
"1468",2005-08-17,0,6.44
"1469",2005-08-18,0,6.44
"1470",2005-08-19,0,6.44
"1471",2005-08-22,0,6.44
"1472",2005-08-23,0,6.44
"1473",2005-08-24,0,6.44
"1474",2005-08-25,0,6.44
"1475",2005-08-26,0,6.44
"1476",2005-08-29,0,6.44
"1477",2005-08-30,0,6.44
"1478",2005-08-31,0,6.44
"1479",2005-09-01,0,6.44
"1480",2005-09-02,0,6.44
"1481",2005-09-05,0,6.44
"1482",2005-09-06,0,6.44
"1483",2005-09-07,0,6.44
"1484",2005-09-08,0,6.44
"1485",2005-09-09,0,6.44
"1486",2005-09-12,0,6.44
"1487",2005-09-13,0,6.44
"1488",2005-09-14,0,6.44
"1489",2005-09-15,0,6.44
"1490",2005-09-16,0,6.44
"1491",2005-09-19,0,6.44
"1492",2005-09-20,0,6.44
"1493",2005-09-21,0,6.44
"1494",2005-09-22,0,6.44
"1495",2005-09-23,0,6.44
"1496",2005-09-26,0,6.44
"1497",2005-09-27,0,6.44
"1498",2005-09-28,0,6.44
"1499",2005-09-29,0,6.44
"1500",2005-09-30,0,6.44
"1501",2005-10-03,0,6.44
"1502",2005-10-04,0,6.44
"1503",2005-10-05,0,6.44
"1504",2005-10-06,0,6.44
"1505",2005-10-07,0,6.44
"1506",2005-10-10,0,6.44
"1507",2005-10-11,0,6.44
"1508",2005-10-12,0,7.64
"1509",2005-10-13,0,7.93
"1510",2005-10-14,0,7.94
"1511",2005-10-17,0,7.81
"1512",2005-10-18,0,7.81
"1513",2005-10-19,0,7.81
"1514",2005-10-20,0,7.81
"1515",2005-10-21,0,7.81
"1516",2005-10-24,0,7.81
"1517",2005-10-25,0,7.81
"1518",2005-10-26,0,7.81
"1519",2005-10-27,0,7.81
"1520",2005-10-28,0,7.81
"1521",2005-10-31,0,7.81
"1522",2005-11-01,0,7.81
"1523",2005-11-02,0,7.81
"1524",2005-11-03,0,7.81
"1525",2005-11-04,0,7.81
"1526",2005-11-07,0,7.81
"1527",2005-11-08,0,7.81
"1528",2005-11-09,0,7.81
"1529",2005-11-10,0,7.81
"1530",2005-11-11,0,7.81
"1531",2005-11-14,0,7.81
"1532",2005-11-15,0,7.81
"1533",2005-11-16,0,7.81
"1534",2005-11-17,0,7.81
"1535",2005-11-18,0,7.81
"1536",2005-11-21,0,7.06
"1537",2005-11-22,0,7.06
"1538",2005-11-23,0,7.06
"1539",2005-11-24,0,7.06
"1540",2005-11-25,0,7.06
"1541",2005-11-28,0,7.06
"1542",2005-11-29,0,7.06
"1543",2005-11-30,0,7.06
"1544",2005-12-01,0,7.06
"1545",2005-12-02,0,7.06
"1546",2005-12-05,0,7.06
"1547",2005-12-06,0,7.06
"1548",2005-12-07,0,7.06
"1549",2005-12-08,0,7.06
"1550",2005-12-09,0,7.06
"1551",2005-12-12,0,7.06
"1552",2005-12-13,0,7.06
"1553",2005-12-14,0,7.06
"1554",2005-12-15,0,7.06
"1555",2005-12-16,0,7.06
"1556",2005-12-19,0,7.06
"1557",2005-12-20,0,7.06
"1558",2005-12-21,0,7.06
"1559",2005-12-22,0,7.06
"1560",2005-12-23,0,7.06
"1561",2005-12-26,0,7.06
"1562",2005-12-27,0,7.06
"1563",2005-12-28,0,7.06
"1564",2005-12-29,0,7.06
"1565",2005-12-30,0,7.06
"1566",2006-01-02,0,7.06
"1567",2006-01-03,0,7.06
"1568",2006-01-04,0,7.06
"1569",2006-01-05,0,7.06
"1570",2006-01-06,0,7.06
"1571",2006-01-09,0,7.06
"1572",2006-01-10,0,7.06
"1573",2006-01-11,0,7.06
"1574",2006-01-12,0,7.06
"1575",2006-01-13,0,7.06
"1576",2006-01-16,0,7.06
"1577",2006-01-17,0,7.06
"1578",2006-01-18,0,7.06
"1579",2006-01-19,0,7.06
"1580",2006-01-20,0,7.06
"1581",2006-01-23,0,7.06
"1582",2006-01-24,0,7.06
"1583",2006-01-25,0,7.06
"1584",2006-01-26,0,7.06
"1585",2006-01-27,0,7.06
"1586",2006-01-30,0,7.06
"1587",2006-01-31,0,7.06
"1588",2006-02-01,0,7.06
"1589",2006-02-02,0,7.06
"1590",2006-02-03,0,7.06
"1591",2006-02-06,0,7.06
"1592",2006-02-07,0,7.06
"1593",2006-02-08,0,7.06
"1594",2006-02-09,0,7.06
"1595",2006-02-10,0,7.06
"1596",2006-02-13,0,7.06
"1597",2006-02-14,0,7.06
"1598",2006-02-15,0,7.06
"1599",2006-02-16,0,7.06
"1600",2006-02-17,0,7.06
"1601",2006-02-20,0,7.06
"1602",2006-02-21,0,7.06
"1603",2006-02-22,0,7.06
"1604",2006-02-23,0,7.06
"1605",2006-02-24,0,7.06
"1606",2006-02-27,0,7.06
"1607",2006-02-28,0,7.06
"1608",2006-03-01,0,7.06
"1609",2006-03-02,0,7.06
"1610",2006-03-03,0,7.06
"1611",2006-03-06,0,7.06
"1612",2006-03-07,0,7.06
"1613",2006-03-08,0,7.06
"1614",2006-03-09,0,7.06
"1615",2006-03-10,0,7.06
"1616",2006-03-13,0,7.06
"1617",2006-03-14,0,7.06
"1618",2006-03-15,0,7.06
"1619",2006-03-16,0,7.06
"1620",2006-03-17,0,7.06
"1621",2006-03-20,0,5.01
"1622",2006-03-21,0,5.25
"1623",2006-03-22,0,5.42
"1624",2006-03-23,0,5.35
"1625",2006-03-24,0,5.35
"1626",2006-03-27,0,5.35
"1627",2006-03-28,0,5.43
"1628",2006-03-29,0,5.46
"1629",2006-03-30,0,5.38
"1630",2006-03-31,0,5.38
"1631",2006-04-03,0,5.38
"1632",2006-04-04,0,4.74
"1633",2006-04-05,0,4.51
"1634",2006-04-06,0,4.51
"1635",2006-04-07,0,5.43
"1636",2006-04-10,0,5.36
"1637",2006-04-11,0,5.37
"1638",2006-04-12,0,5.61
"1639",2006-04-13,0,5.62
"1640",2006-04-14,0,5.62
"1641",2006-04-17,0,5.62
"1642",2006-04-18,0,6.25
"1643",2006-04-19,0,5.79
"1644",2006-04-20,0,6.03
"1645",2006-04-21,0,5.88
"1646",2006-04-24,0,5.88
"1647",2006-04-25,0,6.19
"1648",2006-04-26,0,6.2
"1649",2006-04-27,0,6.12
"1650",2006-04-28,0,6.36
"1651",2006-05-01,0,6.36
"1652",2006-05-02,0,6.36
"1653",2006-05-03,0,6.36
"1654",2006-05-04,0,6.36
"1655",2006-05-05,0,6.36
"1656",2006-05-08,0,6.09
"1657",2006-05-09,0,6.63
"1658",2006-05-10,0,6.72
"1659",2006-05-11,0,6.75
"1660",2006-05-12,0,6.78
"1661",2006-05-15,0,9.73
"1662",2006-05-16,0,10.63
"1663",2006-05-17,0,8.07
"1664",2006-05-18,0,9.69
"1665",2006-05-19,0,10.08
"1666",2006-05-22,0,9.28
"1667",2006-05-23,0,10.33
"1668",2006-05-24,0,9.95
"1669",2006-05-25,0,9.92
"1670",2006-05-26,0,9.06
"1671",2006-05-29,0,8.9
"1672",2006-05-30,0,7.65
"1673",2006-05-31,0,7.66
"1674",2006-06-01,0,8.54
"1675",2006-06-02,0,8.29
"1676",2006-06-05,0,7.88
"1677",2006-06-06,0,7.9
"1678",2006-06-07,0,7.91
"1679",2006-06-08,0,8.81
"1680",2006-06-09,0,8.3
"1681",2006-06-12,0,8.31
"1682",2006-06-13,0,8.53
"1683",2006-06-14,0,8.18
"1684",2006-06-15,0,7.83
"1685",2006-06-16,0,7.89
"1686",2006-06-19,0,7.89
"1687",2006-06-20,0,8.05
"1688",2006-06-21,0,8.06
"1689",2006-06-22,0,8.05
"1690",2006-06-23,0,8.2
"1691",2006-06-26,0,8.2
"1692",2006-06-27,0,8.2
"1693",2006-06-28,0,8.2
"1694",2006-06-29,0,8.2
"1695",2006-06-30,0,8.2
"1696",2006-07-03,0,7.89
"1697",2006-07-04,0,7.61
"1698",2006-07-05,0,7.67
"1699",2006-07-06,0,7.63
"1700",2006-07-07,0,7.78
"1701",2006-07-10,0,7.65
"1702",2006-07-11,0,7.8
"1703",2006-07-12,0,8.48
"1704",2006-07-13,0,7.74
"1705",2006-07-14,0,7.79
"1706",2006-07-17,0,7.79
"1707",2006-07-18,0,7.79
"1708",2006-07-19,0,7.79
"1709",2006-07-20,0,7.79
"1710",2006-07-21,0,7.79
"1711",2006-07-24,0,7.79
"1712",2006-07-25,0,7.79
"1713",2006-07-26,0,7.79
"1714",2006-07-27,0,7.79
"1715",2006-07-28,0,7.79
"1716",2006-07-31,0,7.79
"1717",2006-08-01,0,7.79
"1718",2006-08-02,0,7.79
"1719",2006-08-03,0,7.79
"1720",2006-08-04,0,7.79
"1721",2006-08-07,0,7.79
"1722",2006-08-08,0,7.79
"1723",2006-08-09,0,7.79
"1724",2006-08-10,0,7.79
"1725",2006-08-11,0,7.79
"1726",2006-08-14,0,7.79
"1727",2006-08-15,0,7.79
"1728",2006-08-16,0,7.79
"1729",2006-08-17,0,7.79
"1730",2006-08-18,0,7.79
"1731",2006-08-21,0,7.79
"1732",2006-08-22,0,7.79
"1733",2006-08-23,0,7.79
"1734",2006-08-24,0,7.79
"1735",2006-08-25,0,7.79
"1736",2006-08-28,0,7.79
"1737",2006-08-29,0,7.79
"1738",2006-08-30,0,6.52
"1739",2006-08-31,0,6.19
"1740",2006-09-01,0,6.35
"1741",2006-09-04,0,6.03
"1742",2006-09-05,0,6.27
"1743",2006-09-06,0,6.27
"1744",2006-09-07,0,6.02
"1745",2006-09-08,0,6.42
"1746",2006-09-11,0,6.18
"1747",2006-09-12,0,6.19
"1748",2006-09-13,0,6.19
"1749",2006-09-14,0,6.11
"1750",2006-09-15,0,5.78
"1751",2006-09-18,0,5.78
"1752",2006-09-19,0,5.78
"1753",2006-09-20,0,5.78
"1754",2006-09-21,0,5.47
"1755",2006-09-22,0,6.48
"1756",2006-09-25,0,6.88
"1757",2006-09-26,0,6.16
"1758",2006-09-27,0,6.16
"1759",2006-09-28,0,6.02
"1760",2006-09-29,0,5.68
"1761",2006-10-02,0,5.52
"1762",2006-10-03,0,5.52
"1763",2006-10-04,0,5.52
"1764",2006-10-05,0,5.52
"1765",2006-10-06,0,5.52
"1766",2006-10-09,0,5.52
"1767",2006-10-10,0,5.52
"1768",2006-10-11,0,5.52
"1769",2006-10-12,0,5.52
"1770",2006-10-13,0,5.52
"1771",2006-10-16,0,5.52
"1772",2006-10-17,0,5.52
"1773",2006-10-18,0,5.52
"1774",2006-10-19,0,5.52
"1775",2006-10-20,0,5.32
"1776",2006-10-23,0,5.68
"1777",2006-10-24,0,5.69
"1778",2006-10-25,0,5.22
"1779",2006-10-26,0,5.14
"1780",2006-10-27,0,5.06
"1781",2006-10-30,0,5.06
"1782",2006-10-31,0,5.06
"1783",2006-11-01,0,5.06
"1784",2006-11-02,0,5.06
"1785",2006-11-03,0,5.06
"1786",2006-11-06,0,5.06
"1787",2006-11-07,0,5.06
"1788",2006-11-08,0,5.06
"1789",2006-11-09,0,5.06
"1790",2006-11-10,0,5.06
"1791",2006-11-13,0,5.06
"1792",2006-11-14,0,5.06
"1793",2006-11-15,0,5.06
"1794",2006-11-16,0,5.06
"1795",2006-11-17,0,5.06
"1796",2006-11-20,0,5.06
"1797",2006-11-21,0,5.06
"1798",2006-11-22,0,5.06
"1799",2006-11-23,0,5.06
"1800",2006-11-24,0,5.06
"1801",2006-11-27,0,5.06
"1802",2006-11-28,0,5.06
"1803",2006-11-29,0,5.06
"1804",2006-11-30,0,5.06
"1805",2006-12-01,0,5.06
"1806",2006-12-04,0,5.77
"1807",2006-12-05,0,5.77
"1808",2006-12-06,0,5.77
"1809",2006-12-07,0,5.77
"1810",2006-12-08,0,5.77
"1811",2006-12-11,0,4.27
"1812",2006-12-12,0,3.84
"1813",2006-12-13,0,3.9
"1814",2006-12-14,0,3.9
"1815",2006-12-15,0,4.29
"1816",2006-12-18,0,3.59
"1817",2006-12-19,0,5.4
"1818",2006-12-20,0,5.4
"1819",2006-12-21,0,5.4
"1820",2006-12-22,0,5.4
"1821",2006-12-25,0,5.4
"1822",2006-12-26,0,5.4
"1823",2006-12-27,0,5.4
"1824",2006-12-28,0,5.4
"1825",2006-12-29,0,5.4
"1826",2007-01-01,0,5.4
"1827",2007-01-02,0,2.38
"1828",2007-01-03,0,2.96
"1829",2007-01-04,0,3.08
"1830",2007-01-05,0,3.68
"1831",2007-01-08,0,3.82
"1832",2007-01-09,0,3.65
"1833",2007-01-10,0,3.83
"1834",2007-01-11,0,3.46
"1835",2007-01-12,0,3.42
"1836",2007-01-15,0,3.24
"1837",2007-01-16,0,3.49
"1838",2007-01-17,0,3.58
"1839",2007-01-18,0,2.74
"1840",2007-01-19,0,3.43
"1841",2007-01-22,0,3.46
"1842",2007-01-23,0,3.46
"1843",2007-01-24,0,3.95
"1844",2007-01-25,0,4.24
"1845",2007-01-26,0,4.24
"1846",2007-01-29,0,4.24
"1847",2007-01-30,0,4.24
"1848",2007-01-31,0,4.24
"1849",2007-02-01,0,4.24
"1850",2007-02-02,0,3.43
"1851",2007-02-05,0,3.91
"1852",2007-02-06,0,3.52
"1853",2007-02-07,0,2.51
"1854",2007-02-08,0,3.06
"1855",2007-02-09,0,3.06
"1856",2007-02-12,0,3.54
"1857",2007-02-13,0,3.89
"1858",2007-02-14,0,4.1
"1859",2007-02-15,0,3.17
"1860",2007-02-16,0,3.15
"1861",2007-02-19,0,2.98
"1862",2007-02-20,0,2.96
"1863",2007-02-21,0,3.21
"1864",2007-02-22,0,4.18
"1865",2007-02-23,0,4.14
"1866",2007-02-26,0,3.96
"1867",2007-02-27,0,4.54
"1868",2007-02-28,0,4.61
"1869",2007-03-01,0,4.54
"1870",2007-03-02,0,4.89
"1871",2007-03-05,0,4.89
"1872",2007-03-06,0,4.89
"1873",2007-03-07,0,4.89
"1874",2007-03-08,0,4.89
"1875",2007-03-09,0,4.89
"1876",2007-03-12,0,4.89
"1877",2007-03-13,0,4.89
"1878",2007-03-14,0,4.89
"1879",2007-03-15,0,4.89
"1880",2007-03-16,0,4.89
"1881",2007-03-19,0,4.89
"1882",2007-03-20,0,4.89
"1883",2007-03-21,0,4.89
"1884",2007-03-22,0,4.89
"1885",2007-03-23,0,4.89
"1886",2007-03-26,0,4.89
"1887",2007-03-27,0,4.89
"1888",2007-03-28,0,4.89
"1889",2007-03-29,0,4.89
"1890",2007-03-30,0,4.89
"1891",2007-04-02,0,4.89
"1892",2007-04-03,0,4.89
"1893",2007-04-04,0,4.89
"1894",2007-04-05,0,4.89
"1895",2007-04-06,0,4.89
"1896",2007-04-09,0,4.89
"1897",2007-04-10,0,4.89
"1898",2007-04-11,0,4.89
"1899",2007-04-12,0,4.89
"1900",2007-04-13,0,4.89
"1901",2007-04-16,0,4.89
"1902",2007-04-17,0,4.89
"1903",2007-04-18,0,4.89
"1904",2007-04-19,0,4.89
"1905",2007-04-20,0,4.89
"1906",2007-04-23,0,4.89
"1907",2007-04-24,0,4.89
"1908",2007-04-25,0,4.89
"1909",2007-04-26,0,4.89
"1910",2007-04-27,0,4.89
"1911",2007-04-30,0,4.89
"1912",2007-05-01,0,4.89
"1913",2007-05-02,0,4.89
"1914",2007-05-03,0,4.89
"1915",2007-05-04,0,4.89
"1916",2007-05-07,0,4.39
"1917",2007-05-08,0,4.39
"1918",2007-05-09,0,4.39
"1919",2007-05-10,0,4.39
"1920",2007-05-11,0,4.39
"1921",2007-05-14,0,4.39
"1922",2007-05-15,0,4.39
"1923",2007-05-16,0,4.39
"1924",2007-05-17,0,4.39
"1925",2007-05-18,0,4.39
"1926",2007-05-21,0,4.39
"1927",2007-05-22,0,4.39
"1928",2007-05-23,0,4.39
"1929",2007-05-24,0,4.39
"1930",2007-05-25,0,4.39
"1931",2007-05-28,0,4.39
"1932",2007-05-29,0,4.39
"1933",2007-05-30,0,4.39
"1934",2007-05-31,0,4.39
"1935",2007-06-01,0,4.39
"1936",2007-06-04,0,4.39
"1937",2007-06-05,0,4.39
"1938",2007-06-06,0,4.39
"1939",2007-06-07,0,3.47
"1940",2007-06-08,0,6.56
"1941",2007-06-11,0,6.56
"1942",2007-06-12,0,6.56
"1943",2007-06-13,0,6.56
"1944",2007-06-14,0,6.56
"1945",2007-06-15,0,6.56
"1946",2007-06-18,0,6.56
"1947",2007-06-19,0,6.56
"1948",2007-06-20,0,4.55
"1949",2007-06-21,0,5.2
"1950",2007-06-22,0,4.85
"1951",2007-06-25,0,4.68
"1952",2007-06-26,0,4.73
"1953",2007-06-27,0,4.82
"1954",2007-06-28,0,4.9
"1955",2007-06-29,0,4.99
"1956",2007-07-02,0,4.64
"1957",2007-07-03,0,4.81
"1958",2007-07-04,0,4.64
"1959",2007-07-05,0,4.99
"1960",2007-07-06,0,4.73
"1961",2007-07-09,0,5.08
"1962",2007-07-10,0,4.82
"1963",2007-07-11,0,4.99
"1964",2007-07-12,0,4.77
"1965",2007-07-13,0,5.07
"1966",2007-07-16,0,5.07
"1967",2007-07-17,0,4.72
"1968",2007-07-18,0,5.07
"1969",2007-07-19,0,5.08
"1970",2007-07-20,0,5.07
"1971",2007-07-23,0,5.07
"1972",2007-07-24,0,5.07
"1973",2007-07-25,0,5.06
"1974",2007-07-26,0,6.35
"1975",2007-07-27,0,6.58
"1976",2007-07-30,0,6.19
"1977",2007-07-31,0,5.84
"1978",2007-08-01,0,6.96
"1979",2007-08-02,0,6.52
"1980",2007-08-03,0,6.64
"1981",2007-08-06,0,7.69
"1982",2007-08-07,0,6.46
"1983",2007-08-08,0,6.9
"1984",2007-08-09,0,6.16
"1985",2007-08-10,0,6.16
"1986",2007-08-13,0,6.16
"1987",2007-08-14,0,6.16
"1988",2007-08-15,0,7.74
"1989",2007-08-16,0,9.36
"1990",2007-08-17,0,12.38
"1991",2007-08-20,0,12.38
"1992",2007-08-21,0,12.49
"1993",2007-08-22,1,13.64
"1994",2007-08-23,1,13.64
"1995",2007-08-24,0,9.13
"1996",2007-08-27,0,9.13
"1997",2007-08-28,0,9.13
"1998",2007-08-29,0,8.06
"1999",2007-08-30,0,8.68
"2000",2007-08-31,0,8.51
"2001",2007-09-03,0,8.51
"2002",2007-09-04,0,7.67
"2003",2007-09-05,0,7.87
"2004",2007-09-06,0,7.79
"2005",2007-09-07,0,7.79
"2006",2007-09-10,0,7.79
"2007",2007-09-11,0,7.93
"2008",2007-09-12,0,7.43
"2009",2007-09-13,0,7.44
"2010",2007-09-14,0,7.31
"2011",2007-09-17,0,7.1
"2012",2007-09-18,0,6.9
"2013",2007-09-19,0,5.69
"2014",2007-09-20,0,5.4
"2015",2007-09-21,0,5.2
"2016",2007-09-24,0,4.98
"2017",2007-09-25,0,5.29
"2018",2007-09-26,0,5.29
"2019",2007-09-27,0,4.81
"2020",2007-09-28,0,5.14
"2021",2007-10-01,0,5.15
"2022",2007-10-02,0,6.27
"2023",2007-10-03,0,5.38
"2024",2007-10-04,0,5.43
"2025",2007-10-05,0,5.43
"2026",2007-10-08,0,5.43
"2027",2007-10-09,0,5.43
"2028",2007-10-10,0,4.66
"2029",2007-10-11,0,5.11
"2030",2007-10-12,0,5.22
"2031",2007-10-15,0,5.22
"2032",2007-10-16,0,4.67
"2033",2007-10-17,0,5.09
"2034",2007-10-18,0,5.22
"2035",2007-10-19,0,4.63
"2036",2007-10-22,0,4.56
"2037",2007-10-23,0,4.84
"2038",2007-10-24,0,4.84
"2039",2007-10-25,0,4.78
"2040",2007-10-26,0,4.78
"2041",2007-10-29,0,4.78
"2042",2007-10-30,0,3.4
"2043",2007-10-31,0,2.92
"2044",2007-11-01,0,3.36
"2045",2007-11-02,0,3.36
"2046",2007-11-05,0,3.36
"2047",2007-11-06,0,3.36
"2048",2007-11-07,0,3.36
"2049",2007-11-08,0,3.36
"2050",2007-11-09,0,3.36
"2051",2007-11-12,0,3.36
"2052",2007-11-13,0,3.36
"2053",2007-11-14,0,3.36
"2054",2007-11-15,0,3.36
"2055",2007-11-16,0,3.36
"2056",2007-11-19,0,3.36
"2057",2007-11-20,0,3.36
"2058",2007-11-21,0,3.36
"2059",2007-11-22,0,3.36
"2060",2007-11-23,0,3.36
"2061",2007-11-26,0,4.83
"2062",2007-11-27,0,4.96
"2063",2007-11-28,0,5.1
"2064",2007-11-29,0,5.16
"2065",2007-11-30,0,5.07
"2066",2007-12-03,0,5
"2067",2007-12-04,0,4.76
"2068",2007-12-05,0,4.73
"2069",2007-12-06,0,4.73
"2070",2007-12-07,0,4.15
"2071",2007-12-10,0,4.15
"2072",2007-12-11,0,3.96
"2073",2007-12-12,0,4.02
"2074",2007-12-13,0,3.89
"2075",2007-12-14,0,4.15
"2076",2007-12-17,0,4.15
"2077",2007-12-18,0,4.98
"2078",2007-12-19,0,4.82
"2079",2007-12-20,0,4.35
"2080",2007-12-21,0,4.4
"2081",2007-12-24,0,4.25
"2082",2007-12-25,0,4.25
"2083",2007-12-26,0,4.25
"2084",2007-12-27,0,3.5
"2085",2007-12-28,0,3.5
"2086",2007-12-31,0,3.5
"2087",2008-01-01,0,3.5
"2088",2008-01-02,0,3.68
"2089",2008-01-03,0,3.97
"2090",2008-01-04,0,3.54
"2091",2008-01-07,0,2.89
"2092",2008-01-08,0,2.49
"2093",2008-01-09,0,2.73
"2094",2008-01-10,0,3.12
"2095",2008-01-11,0,3.02
"2096",2008-01-14,0,2.47
"2097",2008-01-15,0,2.37
"2098",2008-01-16,0,3.32
"2099",2008-01-17,0,3.9
"2100",2008-01-18,0,3.71
"2101",2008-01-21,0,4.05
"2102",2008-01-22,0,4.76
"2103",2008-01-23,0,3.74
"2104",2008-01-24,0,3.93
"2105",2008-01-25,0,2.99
"2106",2008-01-28,0,3.5
"2107",2008-01-29,0,3.6
"2108",2008-01-30,0,3.8
"2109",2008-01-31,0,3.45
"2110",2008-02-01,0,3.54
"2111",2008-02-04,0,3.9
"2112",2008-02-05,0,4.01
"2113",2008-02-06,0,4.27
"2114",2008-02-07,0,4.07
"2115",2008-02-08,0,4.02
"2116",2008-02-11,0,4.53
"2117",2008-02-12,0,4.54
"2118",2008-02-13,0,4.57
"2119",2008-02-14,0,5.13
"2120",2008-02-15,0,5.73
"2121",2008-02-18,0,5.46
"2122",2008-02-19,0,5.06
"2123",2008-02-20,0,4.91
"2124",2008-02-21,0,4.91
"2125",2008-02-22,0,4.97
"2126",2008-02-25,0,4.87
"2127",2008-02-26,0,4.87
"2128",2008-02-27,0,3.98
"2129",2008-02-28,0,4.17
"2130",2008-02-29,0,3.86
"2131",2008-03-03,0,3.86
"2132",2008-03-04,0,4.85
"2133",2008-03-05,0,4.85
"2134",2008-03-06,0,4.85
"2135",2008-03-07,0,4.85
"2136",2008-03-10,0,4.85
"2137",2008-03-11,0,4.85
"2138",2008-03-12,0,4.85
"2139",2008-03-13,0,4.85
"2140",2008-03-14,0,4.85
"2141",2008-03-17,0,7.27
"2142",2008-03-18,0,6.92
"2143",2008-03-19,0,6.61
"2144",2008-03-20,0,6.73
"2145",2008-03-21,0,6.74
"2146",2008-03-24,0,6.74
"2147",2008-03-25,0,6.02
"2148",2008-03-26,0,5.59
"2149",2008-03-27,0,5.94
"2150",2008-03-28,0,6.3
"2151",2008-03-31,0,6.3
"2152",2008-04-01,0,6.3
"2153",2008-04-02,0,3.98
"2154",2008-04-03,0,3.98
"2155",2008-04-04,0,3.98
"2156",2008-04-07,0,3.98
"2157",2008-04-08,0,3.98
"2158",2008-04-09,0,3.98
"2159",2008-04-10,0,3.98
"2160",2008-04-11,0,3.98
"2161",2008-04-14,0,5.22
"2162",2008-04-15,0,5.22
"2163",2008-04-16,0,5.22
"2164",2008-04-17,0,5.22
"2165",2008-04-18,0,5.22
"2166",2008-04-21,0,5.22
"2167",2008-04-22,0,5.22
"2168",2008-04-23,0,7.16
"2169",2008-04-24,0,7.03
"2170",2008-04-25,0,7.73
"2171",2008-04-28,0,7.73
"2172",2008-04-29,0,7.73
"2173",2008-04-30,0,7.73
"2174",2008-05-01,0,7.73
"2175",2008-05-02,0,7.73
"2176",2008-05-05,0,7.73
"2177",2008-05-06,0,7.73
"2178",2008-05-07,0,7.73
"2179",2008-05-08,0,7.73
"2180",2008-05-09,0,7.73
"2181",2008-05-12,0,7.73
"2182",2008-05-13,0,7.73
"2183",2008-05-14,0,7.73
"2184",2008-05-15,0,7.73
"2185",2008-05-16,0,7.73
"2186",2008-05-19,0,7.73
"2187",2008-05-20,0,7.73
"2188",2008-05-21,0,10.04
"2189",2008-05-22,0,10.04
"2190",2008-05-23,0,10.04
"2191",2008-05-26,0,11.4
"2192",2008-05-27,1,17.55
"2193",2008-05-28,1,17.55
"2194",2008-05-29,1,17.55
"2195",2008-05-30,1,17.55
"2196",2008-06-02,1,17.55
"2197",2008-06-03,1,17.55
"2198",2008-06-04,1,17.55
"2199",2008-06-05,1,17.55
"2200",2008-06-06,1,17.55
"2201",2008-06-09,1,17.55
"2202",2008-06-10,1,17.55
"2203",2008-06-11,0,15.83
"2204",2008-06-12,0,14.02
"2205",2008-06-13,0,14.66
"2206",2008-06-16,0,14.66
"2207",2008-06-17,0,13.68
"2208",2008-06-18,0,9.98
"2209",2008-06-19,0,9.74
"2210",2008-06-20,0,10.07
"2211",2008-06-23,0,10.07
"2212",2008-06-24,0,13.23
"2213",2008-06-25,0,13.23
"2214",2008-06-26,0,13.23
"2215",2008-06-27,0,11.3
"2216",2008-06-30,0,12.06
"2217",2008-07-01,0,15.05
"2218",2008-07-02,1,17.29
"2219",2008-07-03,1,17.29
"2220",2008-07-04,1,17.29
"2221",2008-07-07,1,17.29
"2222",2008-07-08,1,17.29
"2223",2008-07-09,0,12.94
"2224",2008-07-10,0,10.38
"2225",2008-07-11,0,10.09
"2226",2008-07-14,0,10.09
"2227",2008-07-15,0,7.09
"2228",2008-07-16,0,7.09
"2229",2008-07-17,0,7.09
"2230",2008-07-18,0,7.09
"2231",2008-07-21,0,7.09
"2232",2008-07-22,0,7.09
"2233",2008-07-23,0,7.09
"2234",2008-07-24,0,5.43
"2235",2008-07-25,0,4.95
"2236",2008-07-28,0,5.07
"2237",2008-07-29,0,5.03
"2238",2008-07-30,0,5.03
"2239",2008-07-31,0,5.03
"2240",2008-08-01,0,5.03
"2241",2008-08-04,0,5.25
"2242",2008-08-05,0,5.45
"2243",2008-08-06,0,5.45
"2244",2008-08-07,0,5.45
"2245",2008-08-08,0,5.05
"2246",2008-08-11,0,5.3
"2247",2008-08-12,0,5.54
"2248",2008-08-13,0,5.72
"2249",2008-08-14,0,5.72
"2250",2008-08-15,0,5.72
"2251",2008-08-18,0,5.72
"2252",2008-08-19,0,5.72
"2253",2008-08-20,0,5.72
"2254",2008-08-21,0,5.72
"2255",2008-08-22,0,5.72
"2256",2008-08-25,0,5.72
"2257",2008-08-26,0,5.72
"2258",2008-08-27,0,5.72
"2259",2008-08-28,0,5.75
"2260",2008-08-29,0,5.75
"2261",2008-09-01,0,5.75
"2262",2008-09-02,0,5.75
"2263",2008-09-03,0,5.75
"2264",2008-09-04,0,5.75
"2265",2008-09-05,0,5.75
"2266",2008-09-08,0,5.75
"2267",2008-09-09,0,5.75
"2268",2008-09-10,0,5.75
"2269",2008-09-11,0,11.45
"2270",2008-09-12,0,11.45
"2271",2008-09-15,0,11.45
"2272",2008-09-16,0,12.37
"2273",2008-09-17,0,11.02
"2274",2008-09-18,0,11.19
"2275",2008-09-19,0,8.72
"2276",2008-09-22,0,8.72
"2277",2008-09-23,0,9.01
"2278",2008-09-24,0,9.01
"2279",2008-09-25,0,9.24
"2280",2008-09-26,0,8.28
"2281",2008-09-29,0,8.28
"2282",2008-09-30,0,8.28
"2283",2008-10-01,0,8.28
"2284",2008-10-02,0,8.28
"2285",2008-10-03,0,8.28
"2286",2008-10-06,0,8.28
"2287",2008-10-07,0,8.28
"2288",2008-10-08,0,8.28
"2289",2008-10-09,0,8.28
"2290",2008-10-10,0,8.28
"2291",2008-10-13,0,8.28
"2292",2008-10-14,0,8.28
"2293",2008-10-15,0,8.28
"2294",2008-10-16,0,8.28
"2295",2008-10-17,0,8.28
"2296",2008-10-20,0,10.56
"2297",2008-10-21,0,10.56
"2298",2008-10-22,0,10.56
"2299",2008-10-23,0,10.56
"2300",2008-10-24,0,10.56
"2301",2008-10-27,0,10.56
"2302",2008-10-28,0,10.56
"2303",2008-10-29,0,10.56
"2304",2008-10-30,0,10.56
"2305",2008-10-31,0,10.56
"2306",2008-11-03,0,10.56
"2307",2008-11-04,0,10.56
"2308",2008-11-05,0,12.1
"2309",2008-11-06,0,12.1
"2310",2008-11-07,0,12.1
"2311",2008-11-10,0,12.1
"2312",2008-11-11,0,12.1
"2313",2008-11-12,0,12.1
"2314",2008-11-13,0,12.1
"2315",2008-11-14,0,12.1
"2316",2008-11-17,0,12.1
"2317",2008-11-18,0,12.1
"2318",2008-11-19,0,12.1
"2319",2008-11-20,0,12.1
"2320",2008-11-21,0,12.1
"2321",2008-11-24,0,12.1
"2322",2008-11-25,0,12.1
"2323",2008-11-26,0,19.25
"2324",2008-11-27,0,19.25
"2325",2008-11-28,0,19.25
"2326",2008-12-01,0,19.25
"2327",2008-12-02,0,19.25
"2328",2008-12-03,0,19.25
"2329",2008-12-04,0,19.25
"2330",2008-12-05,0,19.25
"2331",2008-12-08,0,19.25
"2332",2008-12-09,0,19.25
"2333",2008-12-10,0,19.25
"2334",2008-12-11,0,19.25
"2335",2008-12-12,0,19.25
"2336",2008-12-15,0,19.25
"2337",2008-12-16,0,19.25
"2338",2008-12-17,0,19.25
"2339",2008-12-18,0,19.25
"2340",2008-12-19,0,19.25
"2341",2008-12-22,0,19.25
"2342",2008-12-23,0,19.25
"2343",2008-12-24,0,19.25
"2344",2008-12-25,0,19.25
"2345",2008-12-26,0,19.25
"2346",2008-12-29,0,19.25
"2347",2008-12-30,1,19.25
"2348",2008-12-31,1,19.25
"2349",2009-01-01,1,19.25
"2350",2009-01-02,1,19.25
"2351",2009-01-05,1,19.25
"2352",2009-01-06,1,19.25
"2353",2009-01-07,1,19.25
"2354",2009-01-08,1,19.25
"2355",2009-01-09,0,6.43
"2356",2009-01-12,0,6.43
"2357",2009-01-13,0,7.4
"2358",2009-01-14,0,7.34
"2359",2009-01-15,0,7.34
"2360",2009-01-16,0,7.41
"2361",2009-01-19,0,7.73
"2362",2009-01-20,0,7.73
"2363",2009-01-21,0,7.33
"2364",2009-01-22,0,7.04
"2365",2009-01-23,0,8
"2366",2009-01-26,0,8
"2367",2009-01-27,0,8
"2368",2009-01-28,0,7.87
"2369",2009-01-29,0,7.67
"2370",2009-01-30,0,7.24
"2371",2009-02-02,0,9.24
"2372",2009-02-03,0,9.1
"2373",2009-02-04,0,8.96
"2374",2009-02-05,0,7.37
"2375",2009-02-06,0,6.97
"2376",2009-02-09,0,7.18
"2377",2009-02-10,0,7.02
"2378",2009-02-11,0,7.07
"2379",2009-02-12,0,7.39
"2380",2009-02-13,0,7.51
"2381",2009-02-16,0,8.9
"2382",2009-02-17,0,13.08
"2383",2009-02-18,0,11.62
"2384",2009-02-19,0,12.68
"2385",2009-02-20,0,12.56
"2386",2009-02-23,0,12.56
"2387",2009-02-24,0,10.74
"2388",2009-02-25,0,10.49
"2389",2009-02-26,0,12.03
"2390",2009-02-27,0,13.89
"2391",2009-03-02,0,14.42
"2392",2009-03-03,0,12.68
"2393",2009-03-04,0,11.81
"2394",2009-03-05,0,11.39
"2395",2009-03-06,0,10.27
"2396",2009-03-09,0,10.49
"2397",2009-03-10,0,8.35
"2398",2009-03-11,0,7.81
"2399",2009-03-12,0,7.79
"2400",2009-03-13,0,8.45
"2401",2009-03-16,0,7.81
"2402",2009-03-17,0,7.34
"2403",2009-03-18,0,7.45
"2404",2009-03-19,0,7.57
"2405",2009-03-20,0,7.55
"2406",2009-03-23,0,6.43
"2407",2009-03-24,0,5.12
"2408",2009-03-25,0,4.96
"2409",2009-03-26,0,4.96
"2410",2009-03-27,0,5.2
"2411",2009-03-30,0,6.53
"2412",2009-03-31,0,6.66
"2413",2009-04-01,0,6.14
"2414",2009-04-02,0,5.17
"2415",2009-04-03,0,5.23
"2416",2009-04-06,0,5.23
"2417",2009-04-07,0,4.94
"2418",2009-04-08,0,5.59
"2419",2009-04-09,0,5.59
"2420",2009-04-10,0,5.59
"2421",2009-04-13,0,4.61
"2422",2009-04-14,0,5.04
"2423",2009-04-15,0,4.77
"2424",2009-04-16,0,5.2
"2425",2009-04-17,0,5.35
"2426",2009-04-20,0,5.75
"2427",2009-04-21,0,6.2
"2428",2009-04-22,0,5.93
"2429",2009-04-23,0,6.43
"2430",2009-04-24,0,5.55
"2431",2009-04-27,0,5.55
"2432",2009-04-28,0,5.55
"2433",2009-04-29,0,5.55
"2434",2009-04-30,0,5.55
"2435",2009-05-01,0,5.55
"2436",2009-05-04,0,5.55
"2437",2009-05-05,0,5.55
"2438",2009-05-06,0,5.55
"2439",2009-05-07,0,5.55
"2440",2009-05-08,0,3.86
"2441",2009-05-11,0,3.94
"2442",2009-05-12,0,4.36
"2443",2009-05-13,0,4.27
"2444",2009-05-14,0,4.21
"2445",2009-05-15,0,4.01
"2446",2009-05-18,0,3.98
"2447",2009-05-19,0,3.91
"2448",2009-05-20,0,4.03
"2449",2009-05-21,0,3.71
"2450",2009-05-22,0,3.37
"2451",2009-05-25,0,3.82
"2452",2009-05-26,0,3.56
"2453",2009-05-27,0,3.68
"2454",2009-05-28,0,3.71
"2455",2009-05-29,0,3.76
"2456",2009-06-01,0,3.49
"2457",2009-06-02,0,3.4
"2458",2009-06-03,0,3.49
"2459",2009-06-04,0,3.53
"2460",2009-06-05,0,3.53
"2461",2009-06-08,0,3.31
"2462",2009-06-09,0,4.06
"2463",2009-06-10,0,3.73
"2464",2009-06-11,0,4.65
"2465",2009-06-12,0,5.04
"2466",2009-06-15,0,5.72
"2467",2009-06-16,0,5.67
"2468",2009-06-17,0,5.55
"2469",2009-06-18,0,5.22
"2470",2009-06-19,0,5.86
"2471",2009-06-22,0,5.86
"2472",2009-06-23,0,5.86
"2473",2009-06-24,0,5.86
"2474",2009-06-25,0,5.86
"2475",2009-06-26,0,4.39
"2476",2009-06-29,0,4.45
"2477",2009-06-30,0,4.51
"2478",2009-07-01,0,4.75
"2479",2009-07-02,0,4
"2480",2009-07-03,0,4
"2481",2009-07-06,0,4.5
"2482",2009-07-07,0,4.83
"2483",2009-07-08,0,4.89
"2484",2009-07-09,0,4.89
"2485",2009-07-10,0,4.82
"2486",2009-07-13,0,4.73
"2487",2009-07-14,0,5.47
"2488",2009-07-15,0,5.4
"2489",2009-07-16,0,5.4
"2490",2009-07-17,0,5.03
"2491",2009-07-20,0,5.03
"2492",2009-07-21,0,5.03
"2493",2009-07-22,0,5.03
"2494",2009-07-23,0,5.03
"2495",2009-07-24,0,5.03
"2496",2009-07-27,0,5.03
"2497",2009-07-28,0,5.03
"2498",2009-07-29,0,5.03
"2499",2009-07-30,0,5.03
"2500",2009-07-31,0,5.03
"2501",2009-08-03,0,3.81
"2502",2009-08-04,0,3.86
"2503",2009-08-05,0,3.78
"2504",2009-08-06,0,3.42
"2505",2009-08-07,0,3.79
"2506",2009-08-10,0,3.79
"2507",2009-08-11,0,3.7
"2508",2009-08-12,0,3.89
"2509",2009-08-13,0,3.46
"2510",2009-08-14,0,3.89
"2511",2009-08-17,0,3.75
"2512",2009-08-18,0,3.88
"2513",2009-08-19,0,4.06
"2514",2009-08-20,0,4.43
"2515",2009-08-21,0,4.7
"2516",2009-08-24,0,4.19
"2517",2009-08-25,0,4.41
"2518",2009-08-26,0,4.74
"2519",2009-08-27,0,5.2
"2520",2009-08-28,0,4.77
"2521",2009-08-31,0,4.87
"2522",2009-09-01,0,4.54
"2523",2009-09-02,0,4.72
"2524",2009-09-03,0,4.05
"2525",2009-09-04,0,4.09
"2526",2009-09-07,0,4.14
"2527",2009-09-08,0,3.23
"2528",2009-09-09,0,3.51
"2529",2009-09-10,0,3.47
"2530",2009-09-11,0,3.52
"2531",2009-09-14,0,3.5
"2532",2009-09-15,0,3.43
"2533",2009-09-16,0,2.88
"2534",2009-09-17,0,3.14
"2535",2009-09-18,0,3.14
"2536",2009-09-21,0,3.14
"2537",2009-09-22,0,2.9
"2538",2009-09-23,0,2.8
"2539",2009-09-24,0,3.24
"2540",2009-09-25,0,3.25
"2541",2009-09-28,0,3.32
"2542",2009-09-29,0,3.23
"2543",2009-09-30,0,3.29
"2544",2009-10-01,0,3.29
"2545",2009-10-02,0,3.32
"2546",2009-10-05,0,3.32
"2547",2009-10-06,0,3.32
"2548",2009-10-07,0,3.32
"2549",2009-10-08,0,3.32
"2550",2009-10-09,0,3.32
"2551",2009-10-12,0,3.32
"2552",2009-10-13,0,2.17
"2553",2009-10-14,0,2.17
"2554",2009-10-15,0,2.17
"2555",2009-10-16,0,2.17
"2556",2009-10-19,0,2.17
"2557",2009-10-20,0,2.17
"2558",2009-10-21,0,2.17
"2559",2009-10-22,0,2.92
"2560",2009-10-23,0,2.92
"2561",2009-10-26,0,2.92
"2562",2009-10-27,0,2.92
"2563",2009-10-28,0,3.13
"2564",2009-10-29,0,3.13
"2565",2009-10-30,0,3.13
"2566",2009-11-02,0,3.13
"2567",2009-11-03,0,3.13
"2568",2009-11-04,0,3.13
"2569",2009-11-05,0,3.13
"2570",2009-11-06,0,3.13
"2571",2009-11-09,0,3.13
"2572",2009-11-10,0,3.13
"2573",2009-11-11,0,3.13
"2574",2009-11-12,0,3.13
"2575",2009-11-13,0,3.13
"2576",2009-11-16,0,3.13
"2577",2009-11-17,0,3.13
"2578",2009-11-18,0,3.13
"2579",2009-11-19,0,3.13
"2580",2009-11-20,0,3.13
"2581",2009-11-23,0,3.13
"2582",2009-11-24,0,3.13
"2583",2009-11-25,0,3.13
"2584",2009-11-26,0,3.4
"2585",2009-11-27,0,3.4
"2586",2009-11-30,0,3.4
"2587",2009-12-01,0,3.4
"2588",2009-12-02,0,3.4
"2589",2009-12-03,0,3.4
"2590",2009-12-04,0,3.4
"2591",2009-12-07,0,3.4
"2592",2009-12-08,0,3.4
"2593",2009-12-09,0,3.4
"2594",2009-12-10,0,3.4
"2595",2009-12-11,0,3.43
"2596",2009-12-14,0,3.43
"2597",2009-12-15,0,3.43
"2598",2009-12-16,0,3.43
"2599",2009-12-17,0,3.43
"2600",2009-12-18,0,3.43
"2601",2009-12-21,0,3.88
"2602",2009-12-22,0,3.88
"2603",2009-12-23,0,3.88
"2604",2009-12-24,0,3.88
"2605",2009-12-25,0,3.88
"2606",2009-12-28,0,3.88
"2607",2009-12-29,0,3.88
"2608",2009-12-30,0,3.88
"2609",2009-12-31,0,3.88
"2610",2010-01-01,0,3.88
"2611",2010-01-04,0,3.88
"2612",2010-01-05,0,3.88
"2613",2010-01-06,0,3.88
"2614",2010-01-07,0,3.47
"2615",2010-01-08,0,3.47
"2616",2010-01-11,0,3.47
"2617",2010-01-12,0,3.47
"2618",2010-01-13,0,3.47
"2619",2010-01-14,0,3.47
"2620",2010-01-15,0,3.47
"2621",2010-01-18,0,3.47
"2622",2010-01-19,0,3.47
"2623",2010-01-20,0,3.47
"2624",2010-01-21,0,3.47
"2625",2010-01-22,0,3.47
"2626",2010-01-25,0,3.47
"2627",2010-01-26,0,3.47
"2628",2010-01-27,0,3.47
"2629",2010-01-28,0,3.47
"2630",2010-01-29,0,3.47
"2631",2010-02-01,0,3.47
"2632",2010-02-02,0,3.47
"2633",2010-02-03,0,3.47
"2634",2010-02-04,0,3.47
"2635",2010-02-05,0,3.47
"2636",2010-02-08,0,3.47
"2637",2010-02-09,0,3.47
"2638",2010-02-10,0,3.47
"2639",2010-02-11,0,3.47
"2640",2010-02-12,0,3.47
"2641",2010-02-15,0,4.64
"2642",2010-02-16,0,4.64
"2643",2010-02-17,0,4.64
"2644",2010-02-18,0,4.64
"2645",2010-02-19,0,4.64
"2646",2010-02-22,0,4.64
"2647",2010-02-23,0,4.64
"2648",2010-02-24,0,4.64
"2649",2010-02-25,0,4.64
"2650",2010-02-26,0,4.64
"2651",2010-03-01,0,4.64
"2652",2010-03-02,0,4.64
"2653",2010-03-03,0,4.64
"2654",2010-03-04,0,4.64
"2655",2010-03-05,0,4.64
"2656",2010-03-08,0,4.64
"2657",2010-03-09,0,4.64
"2658",2010-03-10,0,4.64
"2659",2010-03-11,0,4.64
"2660",2010-03-12,0,3.53
"2661",2010-03-15,0,3.53
"2662",2010-03-16,0,3.53
"2663",2010-03-17,0,3.53
"2664",2010-03-18,0,3.53
"2665",2010-03-19,0,3.53
"2666",2010-03-22,0,3.53
"2667",2010-03-23,0,3.53
"2668",2010-03-24,0,3.53
"2669",2010-03-25,0,3.53
"2670",2010-03-26,0,3.53
"2671",2010-03-29,0,3.53
"2672",2010-03-30,0,3.53
"2673",2010-03-31,0,3.53
"2674",2010-04-01,0,3.53
"2675",2010-04-02,0,3.53
"2676",2010-04-05,0,3.53
"2677",2010-04-06,0,3.53
"2678",2010-04-07,0,3.53
"2679",2010-04-08,0,3.63
"2680",2010-04-09,0,3.63
"2681",2010-04-12,0,3.63
"2682",2010-04-13,0,3.61
"2683",2010-04-14,0,3.61
"2684",2010-04-15,0,3.66
"2685",2010-04-16,0,3.66
"2686",2010-04-19,0,3.66
"2687",2010-04-20,0,3.66
"2688",2010-04-21,0,3.66
"2689",2010-04-22,0,3.66
"2690",2010-04-23,0,3.66
"2691",2010-04-26,0,3.66
"2692",2010-04-27,0,3.66
"2693",2010-04-28,0,3.66
"2694",2010-04-29,0,3.66
"2695",2010-04-30,0,3.65
"2696",2010-05-03,0,3.65
"2697",2010-05-04,0,3.65
"2698",2010-05-05,0,3.65
"2699",2010-05-06,0,3.65
"2700",2010-05-07,0,3.65
"2701",2010-05-10,0,3.65
"2702",2010-05-11,0,3.65
"2703",2010-05-12,0,3.65
"2704",2010-05-13,0,3.65
"2705",2010-05-14,0,3.65
"2706",2010-05-17,0,3.65
"2707",2010-05-18,0,3.65
"2708",2010-05-19,0,3.87
"2709",2010-05-20,0,3.92
"2710",2010-05-21,0,3.92
"2711",2010-05-24,0,4.7
"2712",2010-05-25,0,5.87
"2713",2010-05-26,1,13.03
"2714",2010-05-27,1,13.03
"2715",2010-05-28,1,13.03
"2716",2010-05-31,1,13.03
"2717",2010-06-01,1,13.03
"2718",2010-06-02,1,13.03
"2719",2010-06-03,1,13.03
"2720",2010-06-04,0,3.78
"2721",2010-06-07,0,4.18
"2722",2010-06-08,0,3.74
"2723",2010-06-09,0,3.59
"2724",2010-06-10,0,3.72
"2725",2010-06-11,0,3.64
"2726",2010-06-14,0,3.96
"2727",2010-06-15,0,3.21
"2728",2010-06-16,0,3.54
"2729",2010-06-17,0,3.08
"2730",2010-06-18,0,3.2
"2731",2010-06-21,0,3.35
"2732",2010-06-22,0,4.86
"2733",2010-06-23,0,3.43
"2734",2010-06-24,0,3.2
"2735",2010-06-25,0,3.79
"2736",2010-06-28,0,3.23
"2737",2010-06-29,0,3.59
"2738",2010-06-30,0,3.87
"2739",2010-07-01,0,3.87
"2740",2010-07-02,0,3.87
"2741",2010-07-05,0,3.45
"2742",2010-07-06,0,3.1
"2743",2010-07-07,0,2.83
"2744",2010-07-08,0,3.36
"2745",2010-07-09,0,2.91
"2746",2010-07-12,0,3.35
"2747",2010-07-13,0,1.98
"2748",2010-07-14,0,3.14
"2749",2010-07-15,0,3.06
"2750",2010-07-16,0,5.21
"2751",2010-07-19,0,4.12
"2752",2010-07-20,0,3.73
"2753",2010-07-21,0,3.31
"2754",2010-07-22,0,2.6
"2755",2010-07-23,0,3.81
"2756",2010-07-26,0,2.31
"2757",2010-07-27,0,2.47
"2758",2010-07-28,0,3.61
"2759",2010-07-29,0,3.17
"2760",2010-07-30,0,2.68
"2761",2010-08-02,0,1.89
"2762",2010-08-03,0,2.35
"2763",2010-08-04,0,2.79
"2764",2010-08-05,0,3.23
"2765",2010-08-06,0,3.04
"2766",2010-08-09,0,3.31
"2767",2010-08-10,0,5.29
"2768",2010-08-11,0,5.42
"2769",2010-08-12,0,3.54
"2770",2010-08-13,0,3.73
"2771",2010-08-16,0,2.07
"2772",2010-08-17,0,3.12
"2773",2010-08-18,0,2.59
"2774",2010-08-19,0,3.84
"2775",2010-08-20,0,4.11
"2776",2010-08-23,0,4.32
"2777",2010-08-24,0,2.22
"2778",2010-08-25,0,3.64
"2779",2010-08-26,0,3.72
"2780",2010-08-27,0,1.99
"2781",2010-08-30,0,4.27
"2782",2010-08-31,0,3.18
"2783",2010-09-01,0,2.09
"2784",2010-09-02,0,2.11
"2785",2010-09-03,0,1.6
"2786",2010-09-06,0,3.42
"2787",2010-09-07,0,2.79
"2788",2010-09-08,0,1.99
"2789",2010-09-09,0,3.17
"2790",2010-09-10,0,2.31
"2791",2010-09-13,0,2.7
"2792",2010-09-14,0,2.28
"2793",2010-09-15,0,3.59
"2794",2010-09-16,0,3.75
"2795",2010-09-17,0,3.99
"2796",2010-09-20,0,3.25
"2797",2010-09-21,0,3.37
"2798",2010-09-22,0,2.66
"2799",2010-09-23,0,2.38
"2800",2010-09-24,0,1.84
"2801",2010-09-27,0,2.87
"2802",2010-09-28,0,2.78
"2803",2010-09-29,0,1.87
"2804",2010-09-30,0,3.64
"2805",2010-10-01,0,2.1
"2806",2010-10-04,0,2.1
"2807",2010-10-05,0,1.67
"2808",2010-10-06,0,1.09
"2809",2010-10-07,0,3.81
"2810",2010-10-08,0,0.51
"2811",2010-10-11,0,2.34
"2812",2010-10-12,0,2.26
"2813",2010-10-13,0,1.72
"2814",2010-10-14,0,3.18
"2815",2010-10-15,0,2.9
"2816",2010-10-18,0,3.11
"2817",2010-10-19,0,4.64
"2818",2010-10-20,0,2.1
"2819",2010-10-21,0,3.73
"2820",2010-10-22,0,1.64
"2821",2010-10-25,0,2.71
"2822",2010-10-26,0,3.28
"2823",2010-10-27,0,2.99
"2824",2010-10-28,0,1.33
"2825",2010-10-29,0,1.01
"2826",2010-11-01,0,0.64
"2827",2010-11-02,0,0.03
"2828",2010-11-03,0,0.92
"2829",2010-11-04,0,-0.31
"2830",2010-11-05,0,-1.72
"2831",2010-11-08,0,-1.93
"2832",2010-11-09,0,-2.57
"2833",2010-11-10,0,-0.36
"2834",2010-11-11,0,-0.73
"2835",2010-11-12,0,0.07
"2836",2010-11-15,0,-0.19
"2837",2010-11-16,0,3.47
"2838",2010-11-17,0,0.09
"2839",2010-11-18,0,-0.99
"2840",2010-11-19,0,-0.72
"2841",2010-11-22,0,0.42
"2842",2010-11-23,0,1.88
"2843",2010-11-24,0,-0.25
"2844",2010-11-25,0,0.2
"2845",2010-11-26,0,0.44
"2846",2010-11-29,0,2.51
"2847",2010-11-30,0,-0.26
"2848",2010-12-01,0,-0.71
"2849",2010-12-02,0,-0.63
"2850",2010-12-03,0,-0.93
"2851",2010-12-06,0,-0.78
"2852",2010-12-07,0,-1.25
"2853",2010-12-08,0,-0.31
"2854",2010-12-09,0,-0.03
"2855",2010-12-10,0,-0.44
"2856",2010-12-13,0,-0.79
"2857",2010-12-14,0,-1.14
"2858",2010-12-15,0,-1.13
"2859",2010-12-16,0,-0.77
"2860",2010-12-17,0,-1.14
"2861",2010-12-20,0,-0.14
"2862",2010-12-21,0,0.28
"2863",2010-12-22,0,0.04
"2864",2010-12-23,0,0
"2865",2010-12-24,0,-0.52
"2866",2010-12-27,0,0.2
"2867",2010-12-28,0,-0.79
"2868",2010-12-29,0,-0.46
"2869",2010-12-30,0,-1.79
"2870",2010-12-31,0,-3
"2871",2011-01-03,0,-1.29
"2872",2011-01-04,0,-0.78
"2873",2011-01-05,0,-0.79
"2874",2011-01-06,0,0.19
"2875",2011-01-07,0,0.24
"2876",2011-01-10,0,0.7
"2877",2011-01-11,0,0.38
"2878",2011-01-12,0,0.45
"2879",2011-01-13,0,0.7
"2880",2011-01-14,0,0.56
"2881",2011-01-17,0,1.25
"2882",2011-01-18,0,1.36
"2883",2011-01-19,0,1.4
"2884",2011-01-20,0,4.24
"2885",2011-01-21,0,2.21
"2886",2011-01-24,0,2.35
"2887",2011-01-25,0,1.97
"2888",2011-01-26,0,2.93
"2889",2011-01-27,0,1.96
"2890",2011-01-28,0,1.51
"2891",2011-01-31,0,2.27
"2892",2011-02-01,0,1.69
"2893",2011-02-02,0,1.4
"2894",2011-02-03,0,2.02
"2895",2011-02-04,0,2.97
"2896",2011-02-07,0,1.18
"2897",2011-02-08,1,-8.78
"2898",2011-02-09,0,0.41
"2899",2011-02-10,0,0.92
"2900",2011-02-11,0,0.66
"2901",2011-02-14,0,0.74
"2902",2011-02-15,0,1.25
"2903",2011-02-16,0,0.73
"2904",2011-02-17,0,0.3
"2905",2011-02-18,0,0.84
"2906",2011-02-21,0,0.17
"2907",2011-02-22,0,0.71
"2908",2011-02-23,0,0.39
"2909",2011-02-24,0,1.14
"2910",2011-02-25,0,0.97
"2911",2011-02-28,0,0.72
"2912",2011-03-01,0,1.03
"2913",2011-03-02,0,0.49
"2914",2011-03-03,0,0.85
"2915",2011-03-04,0,0.81
"2916",2011-03-07,0,0.32
"2917",2011-03-08,0,0.63
"2918",2011-03-09,0,0.61
"2919",2011-03-10,0,0.88
"2920",2011-03-11,0,-0.6
"2921",2011-03-14,0,1.19
"2922",2011-03-15,0,1.69
"2923",2011-03-16,0,1.18
"2924",2011-03-17,0,1.12
"2925",2011-03-18,0,1.22
"2926",2011-03-21,0,0.57
"2927",2011-03-22,0,1.21
"2928",2011-03-23,0,0.59
"2929",2011-03-24,0,0.36
"2930",2011-03-25,0,0.14
"2931",2011-03-28,0,0.72
"2932",2011-03-29,0,1.46
"2933",2011-03-30,0,0.58
"2934",2011-03-31,0,0.21
"2935",2011-04-01,0,0.62
"2936",2011-04-04,0,0.89
"2937",2011-04-05,0,0.34
"2938",2011-04-06,0,0.14
"2939",2011-04-07,0,0.5
"2940",2011-04-08,0,0.35
"2941",2011-04-11,0,-0.3
"2942",2011-04-12,0,0.24
"2943",2011-04-13,0,0.83
"2944",2011-04-14,0,0.69
"2945",2011-04-15,0,0.53
"2946",2011-04-18,0,0.69
"2947",2011-04-19,0,0.47
"2948",2011-04-20,0,0.75
"2949",2011-04-21,0,0.75
"2950",2011-04-22,0,-0.62
"2951",2011-04-25,0,0.82
"2952",2011-04-26,0,0.28
"2953",2011-04-27,0,0.55
"2954",2011-04-28,0,-0.55
"2955",2011-04-29,0,-0.45
"2956",2011-05-02,0,-0.99
"2957",2011-05-03,0,-0.62
"2958",2011-05-04,0,-0.63
"2959",2011-05-05,0,-0.73
"2960",2011-05-06,0,-0.49
"2961",2011-05-09,0,-0.53
"2962",2011-05-10,0,-0.4
"2963",2011-05-11,0,1.49
"2964",2011-05-12,0,1.72
"2965",2011-05-13,0,0.14
"2966",2011-05-16,0,0.89
"2967",2011-05-17,0,0.36
"2968",2011-05-18,0,0.58
"2969",2011-05-19,0,0.63
"2970",2011-05-20,0,0.21
"2971",2011-05-23,0,0.62
"2972",2011-05-24,0,1.02
"2973",2011-05-25,0,0.58
"2974",2011-05-26,0,0.51
"2975",2011-05-27,0,0.88
"2976",2011-05-30,0,1.01
"2977",2011-05-31,0,0.77
"2978",2011-06-01,0,0.65
"2979",2011-06-02,0,0.16
"2980",2011-06-03,0,-0.03
"2981",2011-06-06,0,0.6
"2982",2011-06-07,0,0.51
"2983",2011-06-08,0,0.52
"2984",2011-06-09,0,0.25
"2985",2011-06-10,0,0.51
"2986",2011-06-13,0,1.33
"2987",2011-06-14,0,1.59
"2988",2011-06-15,0,0.56
"2989",2011-06-16,0,1.7
"2990",2011-06-17,0,-1.51
"2991",2011-06-20,0,2.19
"2992",2011-06-21,0,1.93
"2993",2011-06-22,0,0.51
"2994",2011-06-23,0,2.14
"2995",2011-06-24,0,1.94
"2996",2011-06-27,0,2.41
"2997",2011-06-28,0,2.43
"2998",2011-06-29,0,2.46
"2999",2011-06-30,0,1.58
"3000",2011-07-01,0,1.93
"3001",2011-07-04,0,2.05
"3002",2011-07-05,0,1.63
"3003",2011-07-06,0,1.2
"3004",2011-07-07,0,1.59
"3005",2011-07-08,0,0.68
"3006",2011-07-11,0,1.17
"3007",2011-07-12,0,1.25
"3008",2011-07-13,0,1.7
"3009",2011-07-14,0,1.91
"3010",2011-07-15,0,2.37
"3011",2011-07-18,0,1.83
"3012",2011-07-19,0,2.46
"3013",2011-07-20,0,2.01
"3014",2011-07-21,0,2.02
"3015",2011-07-22,0,1.88
"3016",2011-07-25,0,1.87
"3017",2011-07-26,0,1.7
"3018",2011-07-27,0,1.87
"3019",2011-07-28,0,1.58
"3020",2011-07-29,0,1.69
"3021",2011-08-01,0,0.86
"3022",2011-08-02,0,1.51
"3023",2011-08-03,0,1.86
"3024",2011-08-04,0,1.7
"3025",2011-08-05,0,1.74
"3026",2011-08-08,0,1.3
"3027",2011-08-09,0,1.2
"3028",2011-08-10,0,0.71
"3029",2011-08-11,0,-0.54
"3030",2011-08-12,0,0.34
"3031",2011-08-15,0,0.29
"3032",2011-08-16,0,-0.25
"3033",2011-08-17,0,0.41
"3034",2011-08-18,0,-0.32
"3035",2011-08-19,0,-0.33
"3036",2011-08-22,0,-0.09
"3037",2011-08-23,0,-0.1
"3038",2011-08-24,0,-0.34
"3039",2011-08-25,0,0.42
"3040",2011-08-26,0,-0.16
"3041",2011-08-29,0,-0.12
"3042",2011-08-30,0,-0.09
"3043",2011-08-31,0,-0.44
"3044",2011-09-01,0,-1.61
"3045",2011-09-02,0,0.19
"3046",2011-09-05,0,-1.29
"3047",2011-09-06,0,-2.19
"3048",2011-09-07,0,-0.54
"3049",2011-09-08,0,-0.84
"3050",2011-09-09,0,-1.19
"3051",2011-09-12,0,-0.62
"3052",2011-09-13,0,-1.01
"3053",2011-09-14,0,0.84
"3054",2011-09-15,0,1.52
"3055",2011-09-16,0,1.07
"3056",2011-09-19,0,2.01
"3057",2011-09-20,0,2.43
"3058",2011-09-21,0,2.55
"3059",2011-09-22,0,2.7
"3060",2011-09-23,0,1.59
"3061",2011-09-26,0,1.68
"3062",2011-09-27,0,4.65
"3063",2011-09-28,0,1.45
"3064",2011-09-29,0,1.39
"3065",2011-09-30,0,0.86
"3066",2011-10-03,0,1.32
"3067",2011-10-04,0,1.66
"3068",2011-10-05,0,1.69
"3069",2011-10-06,0,2.51
"3070",2011-10-07,0,2.1
"3071",2011-10-10,0,2.24
"3072",2011-10-11,0,0.98
"3073",2011-10-12,0,1.84
"3074",2011-10-13,0,0.27
"3075",2011-10-14,0,1.58
"3076",2011-10-17,0,0.88
"3077",2011-10-18,0,0.65
"3078",2011-10-19,0,3
"3079",2011-10-20,0,1.02
"3080",2011-10-21,0,1.14
"3081",2011-10-24,0,0.55
"3082",2011-10-25,0,0.64
"3083",2011-10-26,0,0.44
"3084",2011-10-27,0,-0.36
"3085",2011-10-28,0,-1.28
"3086",2011-10-31,0,-1.35
"3087",2011-11-01,0,-0.92
"3088",2011-11-02,0,-0.48
"3089",2011-11-03,0,0.28
"3090",2011-11-04,0,0.7
"3091",2011-11-07,0,1.12
"3092",2011-11-08,0,0.61
"3093",2011-11-09,0,1.66
"3094",2011-11-10,0,0.77
"3095",2011-11-11,0,0.38
"3096",2011-11-14,0,1.2
"3097",2011-11-15,0,0.32
"3098",2011-11-16,0,0.94
"3099",2011-11-17,0,0.95
"3100",2011-11-18,0,0.85
"3101",2011-11-21,0,1.23
"3102",2011-11-22,0,1.33
"3103",2011-11-23,0,1.33
"3104",2011-11-24,0,0.67
"3105",2011-11-25,0,1.76
"3106",2011-11-28,0,1.51
"3107",2011-11-29,0,1.83
"3108",2011-11-30,0,1.79
"3109",2011-12-01,0,1.1
"3110",2011-12-02,0,0.9
"3111",2011-12-05,0,1.42
"3112",2011-12-06,0,0.15
"3113",2011-12-07,0,1.9
"3114",2011-12-08,0,1.26
"3115",2011-12-09,0,1.13
"3116",2011-12-12,0,0.83
"3117",2011-12-13,0,-0.1
"3118",2011-12-14,0,2.01
"3119",2011-12-15,0,1.52
"3120",2011-12-16,0,1.16
"3121",2011-12-19,0,1.72
"3122",2011-12-20,0,2.64
"3123",2011-12-21,0,1.66
"3124",2011-12-22,0,2.25
"3125",2011-12-23,0,1.85
"3126",2011-12-26,0,1.1
"3127",2011-12-27,0,1.7
"3128",2011-12-28,0,0.81
"3129",2011-12-29,0,1.17
"3130",2011-12-30,0,1.17
"3131",2012-01-02,0,0.53
"3132",2012-01-03,0,0.95
"3133",2012-01-04,0,1.05
"3134",2012-01-05,0,1.61
"3135",2012-01-06,0,2.24
"3136",2012-01-09,0,2.61
"3137",2012-01-10,0,2.55
"3138",2012-01-11,0,2.68
"3139",2012-01-12,0,2.7
"3140",2012-01-13,0,2.23
"3141",2012-01-16,0,2.41
"3142",2012-01-17,0,2.63
"3143",2012-01-18,0,1.67
"3144",2012-01-19,0,2.01
"3145",2012-01-20,0,-2.64
"3146",2012-01-23,0,2.16
"3147",2012-01-24,0,2.36
"3148",2012-01-25,0,1.67
"3149",2012-01-26,0,1.5
"3150",2012-01-27,0,1.72
"3151",2012-01-30,0,-0.55
"3152",2012-01-31,0,2.37
"3153",2012-02-01,0,2.04
"3154",2012-02-02,0,1.68
"3155",2012-02-03,0,2.31
"3156",2012-02-06,0,1.24
"3157",2012-02-07,0,2.12
"3158",2012-02-08,0,2.87
"3159",2012-02-09,0,1.64
"3160",2012-02-10,0,2.46
"3161",2012-02-13,0,1.67
"3162",2012-02-14,0,2.01
"3163",2012-02-15,0,1.83
"3164",2012-02-16,0,1.5
"3165",2012-02-17,0,1.56
"3166",2012-02-20,0,1.83
"3167",2012-02-21,0,2.01
"3168",2012-02-22,0,1.28
"3169",2012-02-23,0,1.9
"3170",2012-02-24,0,1.71
"3171",2012-02-27,0,1.85
"3172",2012-02-28,0,1.94
"3173",2012-02-29,0,1.81
"3174",2012-03-01,0,1.41
"3175",2012-03-02,0,1.67
"3176",2012-03-05,0,2.53
"3177",2012-03-06,0,1.11
"3178",2012-03-07,0,1.94
"3179",2012-03-08,0,0.59
"3180",2012-03-09,0,0.05
"3181",2012-03-12,0,1.75
"3182",2012-03-13,0,1.84
"3183",2012-03-14,0,1.92
"3184",2012-03-15,0,1.76
"3185",2012-03-16,0,2.01
"3186",2012-03-19,0,2.11
"3187",2012-03-20,0,1.88
"3188",2012-03-21,0,1.88
"3189",2012-03-22,0,1.89
"3190",2012-03-23,0,1.93
"3191",2012-03-26,0,1.93
"3192",2012-03-27,0,1.84
"3193",2012-03-28,0,1.88
"3194",2012-03-29,0,1.93
"3195",2012-03-30,0,2.03
"3196",2012-04-02,0,2.03
"3197",2012-04-03,0,1.89
"3198",2012-04-04,0,1.94
"3199",2012-04-05,0,1.71
"3200",2012-04-06,0,1.94
"3201",2012-04-09,0,1.94
"3202",2012-04-10,0,1.94
"3203",2012-04-11,0,2.03
"3204",2012-04-12,0,2.03
"3205",2012-04-13,0,1.94
"3206",2012-04-16,0,2.03
"3207",2012-04-17,0,2.13
"3208",2012-04-18,0,2.04
"3209",2012-04-19,0,2.07
"3210",2012-04-20,0,1.9
"3211",2012-04-23,0,1.99
"3212",2012-04-24,0,2.08
"3213",2012-04-25,0,2.09
"3214",2012-04-26,0,2.02
"3215",2012-04-27,0,1.99
"3216",2012-04-30,0,1.9
"3217",2012-05-01,0,1.9
"3218",2012-05-02,0,1.9
"3219",2012-05-03,0,1.68
"3220",2012-05-04,0,2.07
"3221",2012-05-07,0,2.17
"3222",2012-05-08,0,2.52
"3223",2012-05-09,0,2.37
"3224",2012-05-10,0,2.26
"3225",2012-05-11,0,2.26
"3226",2012-05-14,0,2.42
"3227",2012-05-15,0,2.56
"3228",2012-05-16,0,2.66
"3229",2012-05-17,0,2.63
"3230",2012-05-18,0,2.39
"3231",2012-05-21,0,2.44
"3232",2012-05-22,0,2.56
"3233",2012-05-23,0,2.37
"3234",2012-05-24,0,2.62
"3235",2012-05-25,0,2.65
"3236",2012-05-28,0,2.35
"3237",2012-05-29,0,2.57
"3238",2012-05-30,0,2.41
"3239",2012-05-31,0,2.45
"3240",2012-06-01,0,2.38
"3241",2012-06-04,0,1.99
"3242",2012-06-05,0,2.18
"3243",2012-06-06,0,2
"3244",2012-06-07,0,1.97
"3245",2012-06-08,0,2.18
"3246",2012-06-11,0,2.01
"3247",2012-06-12,0,2.29
"3248",2012-06-13,0,2.07
"3249",2012-06-14,0,2
"3250",2012-06-15,0,1.76
"3251",2012-06-18,0,2.13
"3252",2012-06-19,0,2.13
"3253",2012-06-20,0,1.59
"3254",2012-06-21,0,1.86
"3255",2012-06-22,0,2.03
"3256",2012-06-25,0,2.56
"3257",2012-06-26,0,2.34
"3258",2012-06-27,0,2.5
"3259",2012-06-28,0,2.03
"3260",2012-06-29,0,2.14
"3261",2012-07-02,0,2.13
"3262",2012-07-03,0,2.06
"3263",2012-07-04,0,1.41
"3264",2012-07-05,0,1.55
"3265",2012-07-06,0,1.48
"3266",2012-07-09,0,1.76
"3267",2012-07-10,0,1.87
"3268",2012-07-11,0,1.53
"3269",2012-07-12,0,2.17
"3270",2012-07-13,0,1.76
"3271",2012-07-16,0,1.48
"3272",2012-07-17,0,0.93
"3273",2012-07-18,0,1.32
"3274",2012-07-19,0,0.85
"3275",2012-07-20,0,1.29
"3276",2012-07-23,0,1.38
"3277",2012-07-24,0,1.29
"3278",2012-07-25,0,1.46
"3279",2012-07-26,0,1.53
"3280",2012-07-27,0,1.38
"3281",2012-07-30,0,1.19
"3282",2012-07-31,0,1.13
"3283",2012-08-01,0,1.07
"3284",2012-08-02,0,1.04
"3285",2012-08-03,0,1.09
"3286",2012-08-06,0,1.18
"3287",2012-08-07,0,1.09
"3288",2012-08-08,0,1.09
"3289",2012-08-09,0,0.7
"3290",2012-08-10,0,0.91
"3291",2012-08-13,0,0.9
"3292",2012-08-14,0,0.99
"3293",2012-08-15,0,1.08
"3294",2012-08-16,0,1.24
"3295",2012-08-17,0,1.35
"3296",2012-08-20,0,1.16
"3297",2012-08-21,0,1.07
"3298",2012-08-22,0,1.17
"3299",2012-08-23,0,0.97
"3300",2012-08-24,0,1.07
"3301",2012-08-27,0,1.07
"3302",2012-08-28,0,0.97
"3303",2012-08-29,0,1.17
"3304",2012-08-30,0,1.25
"3305",2012-08-31,0,1.08
"3306",2012-09-03,0,1.07
"3307",2012-09-04,0,1.07
"3308",2012-09-05,0,0.88
"3309",2012-09-06,0,0.98
"3310",2012-09-07,0,0.88
"3311",2012-09-10,0,0.78
"3312",2012-09-11,0,0.68
"3313",2012-09-12,0,0.59
"3314",2012-09-13,0,0.76
"3315",2012-09-14,0,0.1
"3316",2012-09-17,0,-0.18
"3317",2012-09-18,0,-0.09
"3318",2012-09-19,0,0.1
"3319",2012-09-20,0,0.47
"3320",2012-09-21,0,0.27
"3321",2012-09-24,0,0.46
"3322",2012-09-25,0,0.55
"3323",2012-09-26,0,0.56
"3324",2012-09-27,0,0.58
"3325",2012-09-28,0,0.26
"3326",2012-10-01,0,-0.52
"3327",2012-10-02,0,0.84
"3328",2012-10-03,0,0.5
"3329",2012-10-04,0,0.75
"3330",2012-10-05,0,0.46
"3331",2012-10-08,0,0.35
"3332",2012-10-09,0,0.46
"3333",2012-10-10,0,0.33
"3334",2012-10-11,0,0.44
"3335",2012-10-12,0,0.43
"3336",2012-10-15,0,0.38
"3337",2012-10-16,0,-0.13
"3338",2012-10-17,0,-0.11
"3339",2012-10-18,0,-0.17
"3340",2012-10-19,0,-0.18
"3341",2012-10-22,0,-0.13
"3342",2012-10-23,0,-0.04
"3343",2012-10-24,0,-0.09
"3344",2012-10-25,0,0.08
"3345",2012-10-26,0,0.02
"3346",2012-10-29,0,0
"3347",2012-10-30,0,-0.14
"3348",2012-10-31,0,-0.16
"3349",2012-11-01,0,0.03
"3350",2012-11-02,0,0.39
"3351",2012-11-05,0,0.3
"3352",2012-11-06,0,0.24
"3353",2012-11-07,0,-0.38
"3354",2012-11-08,0,-0.29
"3355",2012-11-09,0,-0.16
"3356",2012-11-12,0,-0.03
"3357",2012-11-13,0,0.24
"3358",2012-11-14,0,0.39
"3359",2012-11-15,0,0.26
"3360",2012-11-16,0,0.44
"3361",2012-11-19,0,0.19
"3362",2012-11-20,0,-0.09
"3363",2012-11-21,0,0.43
"3364",2012-11-22,0,0.01
"3365",2012-11-23,0,-0.01
"3366",2012-11-26,0,-0.14
"3367",2012-11-27,0,-0.46
"3368",2012-11-28,0,-0.41
"3369",2012-11-29,0,-0.8
"3370",2012-11-30,0,-0.85
"3371",2012-12-03,0,-0.56
"3372",2012-12-04,0,-0.08
"3373",2012-12-05,0,-0.11
"3374",2012-12-06,0,-0.06
"3375",2012-12-07,0,-0.22
"3376",2012-12-10,0,-0.51
"3377",2012-12-11,0,-0.45
"3378",2012-12-12,0,-0.73
"3379",2012-12-13,0,-0.46
"3380",2012-12-14,0,-0.32
"3381",2012-12-17,0,-0.58
"3382",2012-12-18,0,-0.61
"3383",2012-12-19,0,-0.37
"3384",2012-12-20,0,-0.34
"3385",2012-12-21,0,-0.75
"3386",2012-12-24,0,-0.5
"3387",2012-12-25,0,-0.83
"3388",2012-12-26,0,-0.66
"3389",2012-12-27,0,-0.99
"3390",2012-12-28,0,-1.33
"3391",2012-12-31,0,-1.47
"3392",2013-01-01,0,-1.94
"3393",2013-01-02,0,-2
"3394",2013-01-03,0,-1.54
"3395",2013-01-04,0,-1.49
"3396",2013-01-07,0,-1.26
"3397",2013-01-08,0,-1
"3398",2013-01-09,0,-1.45
"3399",2013-01-10,0,-1.48
"3400",2013-01-11,0,-1.65
"3401",2013-01-14,0,-1.71
"3402",2013-01-15,0,-1.63
"3403",2013-01-16,0,-1.56
"3404",2013-01-17,0,-1.65
"3405",2013-01-18,0,-1.55
"3406",2013-01-21,0,-1.5
"3407",2013-01-22,0,-1.12
"3408",2013-01-23,0,-1.04
"3409",2013-01-24,0,-0.91
"3410",2013-01-25,0,-0.72
"3411",2013-01-28,0,-0.3
"3412",2013-01-29,0,-0.22
"3413",2013-01-30,0,-0.24
"3414",2013-01-31,0,-0.27
"3415",2013-02-01,0,-0.34
"3416",2013-02-04,0,-0.54
"3417",2013-02-05,0,-0.65
"3418",2013-02-06,0,-0.7
"3419",2013-02-07,0,-0.51
"3420",2013-02-08,0,-0.34
"3421",2013-02-11,0,-0.21
"3422",2013-02-12,0,-0.04
"3423",2013-02-13,0,-0.49
"3424",2013-02-14,0,-0.48
"3425",2013-02-15,0,-0.5
"3426",2013-02-18,0,-0.6
"3427",2013-02-19,0,-0.52
"3428",2013-02-20,0,-0.36
"3429",2013-02-21,0,-0.36
"3430",2013-02-22,0,-0.37
"3431",2013-02-25,0,-0.39
"3432",2013-02-26,0,0.12
"3433",2013-02-27,0,-0.07
"3434",2013-02-28,0,-0.13
"3435",2013-03-01,0,-0.16
"3436",2013-03-04,0,-0.37
"3437",2013-03-05,0,-0.2
"3438",2013-03-06,0,-0.26
"3439",2013-03-07,0,-0.01
"3440",2013-03-08,0,0.16
"3441",2013-03-11,0,0.38
"3442",2013-03-12,0,-0.01
"3443",2013-03-13,0,-0.15
"3444",2013-03-14,0,-0.3
"3445",2013-03-15,0,-0.56
"3446",2013-03-18,0,-0.44
"3447",2013-03-19,0,-0.37
"3448",2013-03-20,0,-0.36
"3449",2013-03-21,0,-0.3
"3450",2013-03-22,0,-0.32
"3451",2013-03-25,0,-0.32
"3452",2013-03-26,0,0.01
"3453",2013-03-27,0,-0.58
"3454",2013-03-28,0,-0.55
"3455",2013-03-29,0,-0.6
"3456",2013-04-01,0,-0.58
"3457",2013-04-02,0,-0.63
"3458",2013-04-03,0,-0.32
"3459",2013-04-04,0,0.22
"3460",2013-04-05,0,0.04
"3461",2013-04-08,0,0.25
"3462",2013-04-09,0,0.04
"3463",2013-04-10,0,-0.09
"3464",2013-04-11,0,-0.24
"3465",2013-04-12,0,3.87
"3466",2013-04-15,0,-0.42
"3467",2013-04-16,0,0.76
"3468",2013-04-17,0,-0.21
"3469",2013-04-18,0,-0.29
"3470",2013-04-19,0,4.18
"3471",2013-04-22,0,-0.28
"3472",2013-04-23,0,-0.13
"3473",2013-04-24,0,-0.13
"3474",2013-04-25,0,0.17
"3475",2013-04-26,0,0.45
"3476",2013-04-29,0,0.13
"3477",2013-04-30,0,0.24
"3478",2013-05-01,0,0.13
"3479",2013-05-02,0,0.06
"3480",2013-05-03,0,-0.32
"3481",2013-05-06,0,-0.29
"3482",2013-05-07,0,0.02
"3483",2013-05-08,0,-0.09
"3484",2013-05-09,0,-0.1
"3485",2013-05-10,0,0.61
"3486",2013-05-13,0,0.11
"3487",2013-05-14,0,0.02
"3488",2013-05-15,0,0.32
"3489",2013-05-16,0,0.3
"3490",2013-05-17,0,0.81
"3491",2013-05-20,0,0.46
"3492",2013-05-21,0,0.39
"3493",2013-05-22,0,0.37
"3494",2013-05-23,0,1.8
"3495",2013-05-24,0,2.55
"3496",2013-05-27,0,1.53
"3497",2013-05-28,0,2.06
"3498",2013-05-29,0,3.01
"3499",2013-05-30,0,2.13
"3500",2013-05-31,0,2.15
"3501",2013-06-03,0,2.04
"3502",2013-06-04,0,1.57
"3503",2013-06-05,0,1.35
"3504",2013-06-06,0,1.73
"3505",2013-06-07,0,2.02
"3506",2013-06-10,0,2.47
"3507",2013-06-11,0,2.54
"3508",2013-06-12,0,2.08
"3509",2013-06-13,0,1.54
"3510",2013-06-14,0,0.76
"3511",2013-06-17,0,1.01
"3512",2013-06-18,0,1.58
"3513",2013-06-19,0,1.3
"3514",2013-06-20,0,2.78
"3515",2013-06-21,0,4.4
"3516",2013-06-24,0,3.25
"3517",2013-06-25,0,2.11
"3518",2013-06-26,0,0.56
"3519",2013-06-27,0,-0.55
"3520",2013-06-28,0,0.79
"3521",2013-07-01,0,0.36
"3522",2013-07-02,0,0.03
"3523",2013-07-03,0,0.94
"3524",2013-07-04,0,1.33
"3525",2013-07-05,0,1
"3526",2013-07-08,0,1.11
"3527",2013-07-09,0,0.94
"3528",2013-07-10,0,-0.17
"3529",2013-07-11,0,0.53
"3530",2013-07-12,0,0.54
"3531",2013-07-15,0,0.43
"3532",2013-07-16,0,-0.2
"3533",2013-07-17,0,0.09
"3534",2013-07-18,0,0.2
"3535",2013-07-19,0,0.22
"3536",2013-07-22,0,-0.01
"3537",2013-07-23,0,0.01
"3538",2013-07-24,0,0.01
"3539",2013-07-25,0,-0.03
"3540",2013-07-26,0,-0.24
"3541",2013-07-29,0,-0.27
"3542",2013-07-30,0,-0.66
"3543",2013-07-31,0,-0.5
"3544",2013-08-01,0,-0.16
"3545",2013-08-02,0,-0.04
"3546",2013-08-05,0,0.21
"3547",2013-08-06,0,0.05
"3548",2013-08-07,0,0.2
"3549",2013-08-08,0,0
"3550",2013-08-09,0,0.14
"3551",2013-08-12,0,0.36
"3552",2013-08-13,0,0.17
"3553",2013-08-14,0,0.45
"3554",2013-08-15,0,-0.01
"3555",2013-08-16,0,0.82
"3556",2013-08-19,0,0.22
"3557",2013-08-20,0,0.38
"3558",2013-08-21,0,0.76
"3559",2013-08-22,0,0.87
"3560",2013-08-23,0,0.46
"3561",2013-08-26,0,0.68
"3562",2013-08-27,0,0.77
"3563",2013-08-28,0,1.01
"3564",2013-08-29,0,0.81
"3565",2013-08-30,0,0.75
"3566",2013-09-02,0,0.8
"3567",2013-09-03,0,0.75
"3568",2013-09-04,0,-0.13
"3569",2013-09-05,0,1.15
"3570",2013-09-06,0,0.35
"3571",2013-09-09,0,-0.67
"3572",2013-09-10,0,-0.32
"3573",2013-09-11,0,-0.55
"3574",2013-09-12,0,-0.79
"3575",2013-09-13,0,-0.41
"3576",2013-09-16,0,-2.1
"3577",2013-09-17,0,-1.79
"3578",2013-09-18,0,-1.51
"3579",2013-09-19,0,-5.3
"3580",2013-09-20,0,-2.09
"3581",2013-09-23,0,-1.41
"3582",2013-09-24,0,-1.42
"3583",2013-09-25,0,-1.01
"3584",2013-09-26,0,-0.92
"3585",2013-09-27,0,-1.26
"3586",2013-09-30,0,-1.08
"3587",2013-10-01,0,-1.48
"3588",2013-10-02,0,-1.51
"3589",2013-10-03,0,-2.39
"3590",2013-10-04,0,-4.15
"3591",2013-10-07,0,-1.49
"3592",2013-10-08,0,-0.98
"3593",2013-10-09,0,-0.5
"3594",2013-10-10,0,-0.79
"3595",2013-10-11,0,-0.85
"3596",2013-10-14,0,-1.82
"3597",2013-10-15,0,-1.83
"3598",2013-10-16,0,-2.09
"3599",2013-10-17,0,-1.79
"3600",2013-10-18,0,-2.34
"3601",2013-10-21,0,-1.59
"3602",2013-10-22,0,-1.92
"3603",2013-10-23,0,-2.07
"3604",2013-10-24,0,-1.8
"3605",2013-10-25,0,-1.9
"3606",2013-10-28,0,-2.2
"3607",2013-10-29,0,-2.41
"3608",2013-10-30,0,-1.84
"3609",2013-10-31,0,-1.71
"3610",2013-11-01,0,-1.06
"3611",2013-11-04,0,-1.05
"3612",2013-11-05,0,-0.53
"3613",2013-11-06,0,-1.28
"3614",2013-11-07,0,-1.13
"3615",2013-11-08,0,-0.63
"3616",2013-11-11,0,0.03
"3617",2013-11-12,0,0
"3618",2013-11-13,0,0.18
"3619",2013-11-14,0,-0.68
"3620",2013-11-15,0,-1.41
"3621",2013-11-18,0,-1.55
"3622",2013-11-19,0,-1.7
"3623",2013-11-20,0,-1.95
"3624",2013-11-21,0,-1.72
"3625",2013-11-22,0,-1.8
"3626",2013-11-25,0,-1.79
"3627",2013-11-26,0,-1.06
"3628",2013-11-27,0,-1.37
"3629",2013-11-28,0,-1.4
"3630",2013-11-29,0,-1.69
"3631",2013-12-02,0,-0.81
"3632",2013-12-03,0,-1.25
"3633",2013-12-04,0,-1.33
"3634",2013-12-05,0,-0.68
"3635",2013-12-06,0,0.08
"3636",2013-12-09,0,-0.78
"3637",2013-12-10,0,-0.04
"3638",2013-12-11,0,0.1
"3639",2013-12-12,0,1.02
"3640",2013-12-13,0,0.6
"3641",2013-12-16,0,0.41
"3642",2013-12-17,0,-0.51
"3643",2013-12-18,0,-0.57
"3644",2013-12-19,0,0.02
"3645",2013-12-20,0,0.28
"3646",2013-12-23,0,0.01
"3647",2013-12-24,0,0.55
"3648",2013-12-25,0,0.46
"3649",2013-12-26,0,0.4
"3650",2013-12-27,0,0.17
"3651",2013-12-30,0,-0.03
"3652",2013-12-31,0,-2.23
"3653",2014-01-01,0,0.5
"3654",2014-01-02,0,0.14
"3655",2014-01-03,0,1.08
"3656",2014-01-06,0,1.12
"3657",2014-01-07,0,0.39
"3658",2014-01-08,0,0.64
"3659",2014-01-09,0,0.16
"3660",2014-01-10,0,0.07
"3661",2014-01-13,0,-0.12
"3662",2014-01-14,0,-0.16
"3663",2014-01-15,0,1.89
"3664",2014-01-16,0,1.55
"3665",2014-01-17,0,2.08
"3666",2014-01-20,0,1.4
"3667",2014-01-21,0,2.63
"3668",2014-01-22,0,2.69
"3669",2014-01-23,0,3.1
"3670",2014-01-24,0,3.68
"3671",2014-01-27,0,2.7
"3672",2014-01-28,0,1.47
"3673",2014-01-29,0,1.55
"3674",2014-01-30,0,2.23
"3675",2014-01-31,0,1.76
"3676",2014-02-03,0,2.57
"3677",2014-02-04,0,1.97
"3678",2014-02-05,0,1.93
"3679",2014-02-06,0,0.28
"3680",2014-02-07,0,0.45
"3681",2014-02-10,0,1.26
"3682",2014-02-11,0,0.11
"3683",2014-02-12,0,0.87
"3684",2014-02-13,0,1.04
"3685",2014-02-14,0,-0.21
"3686",2014-02-17,0,0.98
"3687",2014-02-18,0,0.29
"3688",2014-02-19,0,0.42
"3689",2014-02-20,0,0.75
"3690",2014-02-21,0,0.18
"3691",2014-02-24,0,0.41
"3692",2014-02-25,0,0.5
"3693",2014-02-26,0,0.03
"3694",2014-02-27,0,0.55
"3695",2014-02-28,0,1.03
"3696",2014-03-03,0,1.14
"3697",2014-03-04,0,1.02
"3698",2014-03-05,0,1.38
"3699",2014-03-06,0,0.47
"3700",2014-03-07,0,0.55
"3701",2014-03-10,0,0.76
"3702",2014-03-11,0,0.89
"3703",2014-03-12,0,0.94
"3704",2014-03-13,0,1.03
"3705",2014-03-14,0,1.18
"3706",2014-03-17,0,0.76
"3707",2014-03-18,0,1.59
"3708",2014-03-19,0,1.38
"3709",2014-03-20,0,2.17
"3710",2014-03-21,0,2.12
"3711",2014-03-24,0,1.96
"3712",2014-03-25,0,2.15
"3713",2014-03-26,0,2.08
"3714",2014-03-27,0,0.87
"3715",2014-03-28,0,0.68
"3716",2014-03-31,0,0.74
"3717",2014-04-01,0,0.65
"3718",2014-04-02,0,1.2
"3719",2014-04-03,0,2.32
"3720",2014-04-04,0,1.27
"3721",2014-04-07,0,1.46
"3722",2014-04-08,0,1.33
"3723",2014-04-09,0,-1.43
"3724",2014-04-10,0,-1.45
"3725",2014-04-11,0,0.98
"3726",2014-04-14,0,1.34
"3727",2014-04-15,0,0.98
"3728",2014-04-16,0,1.01
"3729",2014-04-17,0,0.23
"3730",2014-04-18,0,0.03
"3731",2014-04-21,0,1.25
"3732",2014-04-22,0,1.07
"3733",2014-04-23,0,0.72
"3734",2014-04-24,0,0.7
"3735",2014-04-25,0,1
"3736",2014-04-28,0,0.24
"3737",2014-04-29,0,0.83
"3738",2014-04-30,0,0.57
"3739",2014-05-01,0,0.74
"3740",2014-05-02,0,0.97
"3741",2014-05-05,0,0.82
"3742",2014-05-06,0,0.87
"3743",2014-05-07,0,1.25
"3744",2014-05-08,0,1.07
"3745",2014-05-09,0,-0.77
"3746",2014-05-12,0,0.51
"3747",2014-05-13,0,-0.03
"3748",2014-05-14,0,-0.29
"3749",2014-05-15,0,-0.28
"3750",2014-05-16,0,0.5
"3751",2014-05-19,0,0.49
"3752",2014-05-20,0,0.56
"3753",2014-05-21,0,0.47
"3754",2014-05-22,0,0.14
"3755",2014-05-23,0,-0.11
"3756",2014-05-26,0,0.32
"3757",2014-05-27,0,0.33
"3758",2014-05-28,0,0.81
"3759",2014-05-29,0,0.87
"3760",2014-05-30,0,0.49
"3761",2014-06-02,0,1.14
"3762",2014-06-03,0,1.34
"3763",2014-06-04,0,1.11
"3764",2014-06-05,0,0.6
"3765",2014-06-06,0,0.27
"3766",2014-06-09,0,0.31
"3767",2014-06-10,0,0.56
"3768",2014-06-11,0,0.37
"3769",2014-06-12,0,0.43
"3770",2014-06-13,0,0.51
"3771",2014-06-16,0,0.52
"3772",2014-06-17,0,0.89
"3773",2014-06-18,0,0.88
"3774",2014-06-19,0,-0.19
"3775",2014-06-20,0,-0.18
"3776",2014-06-23,0,0.94
"3777",2014-06-24,0,1.07
"3778",2014-06-25,0,0.77
"3779",2014-06-26,0,0.75
"3780",2014-06-27,0,0.55
"3781",2014-06-30,0,0.41
"3782",2014-07-01,0,0.34
"3783",2014-07-02,0,0.98
"3784",2014-07-03,0,0.49
"3785",2014-07-04,0,0.31
"3786",2014-07-07,0,0.75
"3787",2014-07-08,0,-1.07
"3788",2014-07-09,0,0.46
