Date,3M 
7/9/2014,0.46
7/8/2014,-1.07
7/7/2014,0.75
7/4/2014,0.31
7/3/2014,0.49
7/2/2014,0.98
7/1/2014,0.34
6/30/2014,0.41
6/27/2014,0.55
6/26/2014,0.75
6/25/2014,0.77
6/24/2014,1.07
6/23/2014,0.94
6/20/2014,-0.18
6/19/2014,-0.19
6/18/2014,0.88
6/17/2014,0.89
6/16/2014,0.52
6/13/2014,0.51
6/12/2014,0.43
6/11/2014,0.37
6/10/2014,0.56
6/9/2014,0.31
6/6/2014,0.27
6/5/2014,0.6
6/4/2014,1.11
6/3/2014,1.34
6/2/2014,1.14
5/30/2014,0.49
5/29/2014,0.87
5/28/2014,0.81
5/27/2014,0.33
5/26/2014,0.32
5/23/2014,-0.11
5/22/2014,0.14
5/21/2014,0.47
5/20/2014,0.56
5/19/2014,0.49
5/16/2014,0.5
5/15/2014,-0.28
5/14/2014,-0.29
5/13/2014,-0.03
5/12/2014,0.51
5/9/2014,-0.77
5/8/2014,1.07
5/7/2014,1.25
5/6/2014,0.87
5/5/2014,0.82
5/2/2014,0.97
5/1/2014,0.74
4/30/2014,0.57
4/29/2014,0.83
4/28/2014,0.24
4/25/2014,1
4/24/2014,0.7
4/23/2014,0.72
4/22/2014,1.07
4/21/2014,1.25
4/18/2014,0.03
4/17/2014,0.23
4/16/2014,1.01
4/15/2014,0.98
4/14/2014,1.34
4/11/2014,0.98
4/10/2014,-1.45
4/9/2014,-1.43
4/8/2014,1.33
4/7/2014,1.46
4/4/2014,1.27
4/3/2014,2.32
4/2/2014,1.2
4/1/2014,0.65
3/31/2014,0.74
3/28/2014,0.68
3/27/2014,0.87
3/26/2014,2.08
3/25/2014,2.15
3/24/2014,1.96
3/21/2014,2.12
3/20/2014,2.17
3/19/2014,1.38
3/18/2014,1.59
3/17/2014,0.76
3/14/2014,1.18
3/13/2014,1.03
3/12/2014,0.94
3/11/2014,0.89
3/10/2014,0.76
3/7/2014,0.55
3/6/2014,0.47
3/5/2014,1.38
3/4/2014,1.02
3/3/2014,1.14
2/28/2014,1.03
2/27/2014,0.55
2/26/2014,0.03
2/25/2014,0.5
2/24/2014,0.41
2/21/2014,0.18
2/20/2014,0.75
2/19/2014,0.42
2/18/2014,0.29
2/17/2014,0.98
2/14/2014,-0.21
2/13/2014,1.04
2/12/2014,0.87
2/11/2014,0.11
2/10/2014,1.26
2/7/2014,0.45
2/6/2014,0.28
2/5/2014,1.93
2/4/2014,1.97
2/3/2014,2.57
1/31/2014,1.76
1/30/2014,2.23
1/29/2014,1.55
1/28/2014,1.47
1/27/2014,2.7
1/24/2014,3.68
1/23/2014,3.1
1/22/2014,2.69
1/21/2014,2.63
1/20/2014,1.4
1/17/2014,2.08
1/16/2014,1.55
1/15/2014,1.89
1/14/2014,-0.16
1/13/2014,-0.12
1/10/2014,0.07
1/9/2014,0.16
1/8/2014,0.64
1/7/2014,0.39
1/6/2014,1.12
1/3/2014,1.08
1/2/2014,0.14
1/1/2014,0.5
12/31/2013,-2.23
12/30/2013,-0.03
12/27/2013,0.17
12/26/2013,0.4
12/25/2013,0.46
12/24/2013,0.55
12/23/2013,0.01
12/20/2013,0.28
12/19/2013,0.02
12/18/2013,-0.57
12/17/2013,-0.51
12/16/2013,0.41
12/13/2013,0.6
12/12/2013,1.02
12/11/2013,0.1
12/10/2013,-0.04
12/9/2013,-0.78
12/6/2013,0.08
12/5/2013,-0.68
12/4/2013,-1.33
12/3/2013,-1.25
12/2/2013,-0.81
11/29/2013,-1.69
11/28/2013,-1.4
11/27/2013,-1.37
11/26/2013,-1.06
11/25/2013,-1.79
11/22/2013,-1.8
11/21/2013,-1.72
11/20/2013,-1.95
11/19/2013,-1.7
11/18/2013,-1.55
11/15/2013,-1.41
11/14/2013,-0.68
11/13/2013,0.18
11/12/2013,0
11/11/2013,0.03
11/8/2013,-0.63
11/7/2013,-1.13
11/6/2013,-1.28
11/5/2013,-0.53
11/4/2013,-1.05
11/1/2013,-1.06
10/31/2013,-1.71
10/30/2013,-1.84
10/29/2013,-2.41
10/28/2013,-2.2
10/25/2013,-1.9
10/24/2013,-1.8
10/23/2013,-2.07
10/22/2013,-1.92
10/21/2013,-1.59
10/18/2013,-2.34
10/17/2013,-1.79
10/16/2013,-2.09
10/15/2013,-1.83
10/14/2013,-1.82
10/11/2013,-0.85
10/10/2013,-0.79
10/9/2013,-0.5
10/8/2013,-0.98
10/7/2013,-1.49
10/4/2013,-4.15
10/3/2013,-2.39
10/2/2013,-1.51
10/1/2013,-1.48
9/30/2013,-1.08
9/27/2013,-1.26
9/26/2013,-0.92
9/25/2013,-1.01
9/24/2013,-1.42
9/23/2013,-1.41
9/20/2013,-2.09
9/19/2013,-5.3
9/18/2013,-1.51
9/17/2013,-1.79
9/16/2013,-2.1
9/13/2013,-0.41
9/12/2013,-0.79
9/11/2013,-0.55
9/10/2013,-0.32
9/9/2013,-0.67
9/6/2013,0.35
9/5/2013,1.15
9/4/2013,-0.13
9/3/2013,0.75
9/2/2013,0.8
8/30/2013,0.75
8/29/2013,0.81
8/28/2013,1.01
8/27/2013,0.77
8/26/2013,0.68
8/23/2013,0.46
8/22/2013,0.87
8/21/2013,0.76
8/20/2013,0.38
8/19/2013,0.22
8/16/2013,0.82
8/15/2013,-0.01
8/14/2013,0.45
8/13/2013,0.17
8/12/2013,0.36
8/9/2013,0.14
8/8/2013,0
8/7/2013,0.2
8/6/2013,0.05
8/5/2013,0.21
8/2/2013,-0.04
8/1/2013,-0.16
7/31/2013,-0.5
7/30/2013,-0.66
7/29/2013,-0.27
7/26/2013,-0.24
7/25/2013,-0.03
7/24/2013,0.01
7/23/2013,0.01
7/22/2013,-0.01
7/19/2013,0.22
7/18/2013,0.2
7/17/2013,0.09
7/16/2013,-0.2
7/15/2013,0.43
7/12/2013,0.54
7/11/2013,0.53
7/10/2013,-0.17
7/9/2013,0.94
7/8/2013,1.11
7/5/2013,1
7/4/2013,1.33
7/3/2013,0.94
7/2/2013,0.03
7/1/2013,0.36
6/28/2013,0.79
6/27/2013,-0.55
6/26/2013,0.56
6/25/2013,2.11
6/24/2013,3.25
6/21/2013,4.4
6/20/2013,2.78
6/19/2013,1.3
6/18/2013,1.58
6/17/2013,1.01
6/14/2013,0.76
6/13/2013,1.54
6/12/2013,2.08
6/11/2013,2.54
6/10/2013,2.47
6/7/2013,2.02
6/6/2013,1.73
6/5/2013,1.35
6/4/2013,1.57
6/3/2013,2.04
5/31/2013,2.15
5/30/2013,2.13
5/29/2013,3.01
5/28/2013,2.06
5/27/2013,1.53
5/24/2013,2.55
5/23/2013,1.8
5/22/2013,0.37
5/21/2013,0.39
5/20/2013,0.46
5/17/2013,0.81
5/16/2013,0.3
5/15/2013,0.32
5/14/2013,0.02
5/13/2013,0.11
5/10/2013,0.61
5/9/2013,-0.1
5/8/2013,-0.09
5/7/2013,0.02
5/6/2013,-0.29
5/3/2013,-0.32
5/2/2013,0.06
5/1/2013,0.13
4/30/2013,0.24
4/29/2013,0.13
4/26/2013,0.45
4/25/2013,0.17
4/24/2013,-0.13
4/23/2013,-0.13
4/22/2013,-0.28
4/19/2013,4.18
4/18/2013,-0.29
4/17/2013,-0.21
4/16/2013,0.76
4/15/2013,-0.42
4/12/2013,3.87
4/11/2013,-0.24
4/10/2013,-0.09
4/9/2013,0.04
4/8/2013,0.25
4/5/2013,0.04
4/4/2013,0.22
4/3/2013,-0.32
4/2/2013,-0.63
4/1/2013,-0.58
3/29/2013,-0.6
3/28/2013,-0.55
3/27/2013,-0.58
3/26/2013,0.01
3/25/2013,-0.32
3/22/2013,-0.32
3/21/2013,-0.3
3/20/2013,-0.36
3/19/2013,-0.37
3/18/2013,-0.44
3/15/2013,-0.56
3/14/2013,-0.3
3/13/2013,-0.15
3/12/2013,-0.01
3/11/2013,0.38
3/8/2013,0.16
3/7/2013,-0.01
3/6/2013,-0.26
3/5/2013,-0.2
3/4/2013,-0.37
3/1/2013,-0.16
2/28/2013,-0.13
2/27/2013,-0.07
2/26/2013,0.12
2/25/2013,-0.39
2/22/2013,-0.37
2/21/2013,-0.36
2/20/2013,-0.36
2/19/2013,-0.52
2/18/2013,-0.6
2/15/2013,-0.5
2/14/2013,-0.48
2/13/2013,-0.49
2/12/2013,-0.04
2/11/2013,-0.21
2/8/2013,-0.34
2/7/2013,-0.51
2/6/2013,-0.7
2/5/2013,-0.65
2/4/2013,-0.54
2/1/2013,-0.34
1/31/2013,-0.27
1/30/2013,-0.24
1/29/2013,-0.22
1/28/2013,-0.3
1/25/2013,-0.72
1/24/2013,-0.91
1/23/2013,-1.04
1/22/2013,-1.12
1/21/2013,-1.5
1/18/2013,-1.55
1/17/2013,-1.65
1/16/2013,-1.56
1/15/2013,-1.63
1/14/2013,-1.71
1/11/2013,-1.65
1/10/2013,-1.48
1/9/2013,-1.45
1/8/2013,-1
1/7/2013,-1.26
1/4/2013,-1.49
1/3/2013,-1.54
1/2/2013,-2
1/1/2013,-1.94
12/31/2012,-1.47
12/28/2012,-1.33
12/27/2012,-0.99
12/26/2012,-0.66
12/25/2012,-0.83
12/24/2012,-0.5
12/21/2012,-0.75
12/20/2012,-0.34
12/19/2012,-0.37
12/18/2012,-0.61
12/17/2012,-0.58
12/14/2012,-0.32
12/13/2012,-0.46
12/12/2012,-0.73
12/11/2012,-0.45
12/10/2012,-0.51
12/7/2012,-0.22
12/6/2012,-0.06
12/5/2012,-0.11
12/4/2012,-0.08
12/3/2012,-0.56
11/30/2012,-0.85
11/29/2012,-0.8
11/28/2012,-0.41
11/27/2012,-0.46
11/26/2012,-0.14
11/23/2012,-0.01
11/22/2012,0.01
11/21/2012,0.43
11/20/2012,-0.09
11/19/2012,0.19
11/16/2012,0.44
11/15/2012,0.26
11/14/2012,0.39
11/13/2012,0.24
11/12/2012,-0.03
11/9/2012,-0.16
11/8/2012,-0.29
11/7/2012,-0.38
11/6/2012,0.24
11/5/2012,0.3
11/2/2012,0.39
11/1/2012,0.03
10/31/2012,-0.16
10/30/2012,-0.14
10/29/2012,0
10/26/2012,0.02
10/25/2012,0.08
10/24/2012,-0.09
10/23/2012,-0.04
10/22/2012,-0.13
10/19/2012,-0.18
10/18/2012,-0.17
10/17/2012,-0.11
10/16/2012,-0.13
10/15/2012,0.38
10/12/2012,0.43
10/11/2012,0.44
10/10/2012,0.33
10/9/2012,0.46
10/8/2012,0.35
10/5/2012,0.46
10/4/2012,0.75
10/3/2012,0.5
10/2/2012,0.84
10/1/2012,-0.52
9/28/2012,0.26
9/27/2012,0.58
9/26/2012,0.56
9/25/2012,0.55
9/24/2012,0.46
9/21/2012,0.27
9/20/2012,0.47
9/19/2012,0.1
9/18/2012,-0.09
9/17/2012,-0.18
9/14/2012,0.1
9/13/2012,0.76
9/12/2012,0.59
9/11/2012,0.68
9/10/2012,0.78
9/7/2012,0.88
9/6/2012,0.98
9/5/2012,0.88
9/4/2012,1.07
9/3/2012,1.07
8/31/2012,1.08
8/30/2012,1.25
8/29/2012,1.17
8/28/2012,0.97
8/27/2012,1.07
8/24/2012,1.07
8/23/2012,0.97
8/22/2012,1.17
8/21/2012,1.07
8/20/2012,1.16
8/17/2012,1.35
8/16/2012,1.24
8/15/2012,1.08
8/14/2012,0.99
8/13/2012,0.9
8/10/2012,0.91
8/9/2012,0.7
8/8/2012,1.09
8/7/2012,1.09
8/6/2012,1.18
8/3/2012,1.09
8/2/2012,1.04
8/1/2012,1.07
7/31/2012,1.13
7/30/2012,1.19
7/27/2012,1.38
7/26/2012,1.53
7/25/2012,1.46
7/24/2012,1.29
7/23/2012,1.38
7/20/2012,1.29
7/19/2012,0.85
7/18/2012,1.32
7/17/2012,0.93
7/16/2012,1.48
7/13/2012,1.76
7/12/2012,2.17
7/11/2012,1.53
7/10/2012,1.87
7/9/2012,1.76
7/6/2012,1.48
7/5/2012,1.55
7/4/2012,1.41
7/3/2012,2.06
7/2/2012,2.13
6/29/2012,2.14
6/28/2012,2.03
6/27/2012,2.5
6/26/2012,2.34
6/25/2012,2.56
6/22/2012,2.03
6/21/2012,1.86
6/20/2012,1.59
6/19/2012,2.13
6/18/2012,2.13
6/15/2012,1.76
6/14/2012,2
6/13/2012,2.07
6/12/2012,2.29
6/11/2012,2.01
6/8/2012,2.18
6/7/2012,1.97
6/6/2012,2
6/5/2012,2.18
6/4/2012,1.99
6/1/2012,2.38
5/31/2012,2.45
5/30/2012,2.41
5/29/2012,2.57
5/28/2012,2.35
5/25/2012,2.65
5/24/2012,2.62
5/23/2012,2.37
5/22/2012,2.56
5/21/2012,2.44
5/18/2012,2.39
5/17/2012,2.63
5/16/2012,2.66
5/15/2012,2.56
5/14/2012,2.42
5/11/2012,2.26
5/10/2012,2.26
5/9/2012,2.37
5/8/2012,2.52
5/7/2012,2.17
5/4/2012,2.07
5/3/2012,1.68
5/2/2012,1.9
5/1/2012,1.9
4/30/2012,1.9
4/27/2012,1.99
4/26/2012,2.02
4/25/2012,2.09
4/24/2012,2.08
4/23/2012,1.99
4/20/2012,1.9
4/19/2012,2.07
4/18/2012,2.04
4/17/2012,2.13
4/16/2012,2.03
4/13/2012,1.94
4/12/2012,2.03
4/11/2012,2.03
4/10/2012,1.94
4/9/2012,1.94
4/6/2012,1.94
4/5/2012,1.71
4/4/2012,1.94
4/3/2012,1.89
4/2/2012,2.03
3/30/2012,2.03
3/29/2012,1.93
3/28/2012,1.88
3/27/2012,1.84
3/26/2012,1.93
3/23/2012,1.93
3/22/2012,1.89
3/21/2012,1.88
3/20/2012,1.88
3/19/2012,2.11
3/16/2012,2.01
3/15/2012,1.76
3/14/2012,1.92
3/13/2012,1.84
3/12/2012,1.75
3/9/2012,0.05
3/8/2012,0.59
3/7/2012,1.94
3/6/2012,1.11
3/5/2012,2.53
3/2/2012,1.67
3/1/2012,1.41
2/29/2012,1.81
2/28/2012,1.94
2/27/2012,1.85
2/24/2012,1.71
2/23/2012,1.9
2/22/2012,1.28
2/21/2012,2.01
2/20/2012,1.83
2/17/2012,1.56
2/16/2012,1.5
2/15/2012,1.83
2/14/2012,2.01
2/13/2012,1.67
2/10/2012,2.46
2/9/2012,1.64
2/8/2012,2.87
2/7/2012,2.12
2/6/2012,1.24
2/3/2012,2.31
2/2/2012,1.68
2/1/2012,2.04
1/31/2012,2.37
1/30/2012,-0.55
1/27/2012,1.72
1/26/2012,1.5
1/25/2012,1.67
1/24/2012,2.36
1/23/2012,2.16
1/20/2012,-2.64
1/19/2012,2.01
1/18/2012,1.67
1/17/2012,2.63
1/16/2012,2.41
1/13/2012,2.23
1/12/2012,2.7
1/11/2012,2.68
1/10/2012,2.55
1/9/2012,2.61
1/6/2012,2.24
1/5/2012,1.61
1/4/2012,1.05
1/3/2012,0.95
1/2/2012,0.53
12/30/2011,1.17
12/29/2011,1.17
12/28/2011,0.81
12/27/2011,1.7
12/26/2011,1.1
12/23/2011,1.85
12/22/2011,2.25
12/21/2011,1.66
12/20/2011,2.64
12/19/2011,1.72
12/16/2011,1.16
12/15/2011,1.52
12/14/2011,2.01
12/13/2011,-0.1
12/12/2011,0.83
12/9/2011,1.13
12/8/2011,1.26
12/7/2011,1.9
12/6/2011,0.15
12/5/2011,1.42
12/2/2011,0.9
12/1/2011,1.1
11/30/2011,1.79
11/29/2011,1.83
11/28/2011,1.51
11/25/2011,1.76
11/24/2011,0.67
11/23/2011,1.33
11/22/2011,1.33
11/21/2011,1.23
11/18/2011,0.85
11/17/2011,0.95
11/16/2011,0.94
11/15/2011,0.32
11/14/2011,1.2
11/11/2011,0.38
11/10/2011,0.77
11/9/2011,1.66
11/8/2011,0.61
11/7/2011,1.12
11/4/2011,0.7
11/3/2011,0.28
11/2/2011,-0.48
11/1/2011,-0.92
10/31/2011,-1.35
10/28/2011,-1.28
10/27/2011,-0.36
10/26/2011,0.44
10/25/2011,0.64
10/24/2011,0.55
10/21/2011,1.14
10/20/2011,1.02
10/19/2011,3
10/18/2011,0.65
10/17/2011,0.88
10/14/2011,1.58
10/13/2011,0.27
10/12/2011,1.84
10/11/2011,0.98
10/10/2011,2.24
10/7/2011,2.1
10/6/2011,2.51
10/5/2011,1.69
10/4/2011,1.66
10/3/2011,1.32
9/30/2011,0.86
9/29/2011,1.39
9/28/2011,1.45
9/27/2011,4.65
9/26/2011,1.68
9/23/2011,1.59
9/22/2011,2.7
9/21/2011,2.55
9/20/2011,2.43
9/19/2011,2.01
9/16/2011,1.07
9/15/2011,1.52
9/14/2011,0.84
9/13/2011,-1.01
9/12/2011,-0.62
9/9/2011,-1.19
9/8/2011,-0.84
9/7/2011,-0.54
9/6/2011,-2.19
9/5/2011,-1.29
9/2/2011,0.19
9/1/2011,-1.61
8/31/2011,-0.44
8/30/2011,-0.09
8/29/2011,-0.12
8/26/2011,-0.16
8/25/2011,0.42
8/24/2011,-0.34
8/23/2011,-0.1
8/22/2011,-0.09
8/19/2011,-0.33
8/18/2011,-0.32
8/17/2011,0.41
8/16/2011,-0.25
8/15/2011,0.29
8/12/2011,0.34
8/11/2011,-0.54
8/10/2011,0.71
8/9/2011,1.2
8/8/2011,1.3
8/5/2011,1.74
8/4/2011,1.7
8/3/2011,1.86
8/2/2011,1.51
8/1/2011,0.86
7/29/2011,1.69
7/28/2011,1.58
7/27/2011,1.87
7/26/2011,1.7
7/25/2011,1.87
7/22/2011,1.88
7/21/2011,2.02
7/20/2011,2.01
7/19/2011,2.46
7/18/2011,1.83
7/15/2011,2.37
7/14/2011,1.91
7/13/2011,1.7
7/12/2011,1.25
7/11/2011,1.17
7/8/2011,0.68
7/7/2011,1.59
7/6/2011,1.2
7/5/2011,1.63
7/4/2011,2.05
7/1/2011,1.93
6/30/2011,1.58
6/29/2011,2.46
6/28/2011,2.43
6/27/2011,2.41
6/24/2011,1.94
6/23/2011,2.14
6/22/2011,0.51
6/21/2011,1.93
6/20/2011,2.19
6/17/2011,-1.51
6/16/2011,1.7
6/15/2011,0.56
6/14/2011,1.59
6/13/2011,1.33
6/10/2011,0.51
6/9/2011,0.25
6/8/2011,0.52
6/7/2011,0.51
6/6/2011,0.6
6/3/2011,-0.03
6/2/2011,0.16
6/1/2011,0.65
5/31/2011,0.77
5/30/2011,1.01
5/27/2011,0.88
5/26/2011,0.51
5/25/2011,0.58
5/24/2011,1.02
5/23/2011,0.62
5/20/2011,0.21
5/19/2011,0.63
5/18/2011,0.58
5/17/2011,0.36
5/16/2011,0.89
5/13/2011,0.14
5/12/2011,1.72
5/11/2011,1.49
5/10/2011,-0.4
5/9/2011,-0.53
5/6/2011,-0.49
5/5/2011,-0.73
5/4/2011,-0.63
5/3/2011,-0.62
5/2/2011,-0.99
4/29/2011,-0.45
4/28/2011,-0.55
4/27/2011,0.55
4/26/2011,0.28
4/25/2011,0.82
4/22/2011,-0.62
4/21/2011,0.75
4/20/2011,0.75
4/19/2011,0.47
4/18/2011,0.69
4/15/2011,0.53
4/14/2011,0.69
4/13/2011,0.83
4/12/2011,0.24
4/11/2011,-0.3
4/8/2011,0.35
4/7/2011,0.5
4/6/2011,0.14
4/5/2011,0.34
4/4/2011,0.89
4/1/2011,0.62
3/31/2011,0.21
3/30/2011,0.58
3/29/2011,1.46
3/28/2011,0.72
3/25/2011,0.14
3/24/2011,0.36
3/23/2011,0.59
3/22/2011,1.21
3/21/2011,0.57
3/18/2011,1.22
3/17/2011,1.12
3/16/2011,1.18
3/15/2011,1.69
3/14/2011,1.19
3/11/2011,-0.6
3/10/2011,0.88
3/9/2011,0.61
3/8/2011,0.63
3/7/2011,0.32
3/4/2011,0.81
3/3/2011,0.85
3/2/2011,0.49
3/1/2011,1.03
2/28/2011,0.72
2/25/2011,0.97
2/24/2011,1.14
2/23/2011,0.39
2/22/2011,0.71
2/21/2011,0.17
2/18/2011,0.84
2/17/2011,0.3
2/16/2011,0.73
2/15/2011,1.25
2/14/2011,0.74
2/11/2011,0.66
2/10/2011,0.92
2/9/2011,0.41
2/8/2011,-8.78
2/7/2011,1.18
2/4/2011,2.97
2/3/2011,2.02
2/2/2011,1.4
2/1/2011,1.69
1/31/2011,2.27
1/28/2011,1.51
1/27/2011,1.96
1/26/2011,2.93
1/25/2011,1.97
1/24/2011,2.35
1/21/2011,2.21
1/20/2011,4.24
1/19/2011,1.4
1/18/2011,1.36
1/17/2011,1.25
1/14/2011,0.56
1/13/2011,0.7
1/12/2011,0.45
1/11/2011,0.38
1/10/2011,0.7
1/7/2011,0.24
1/6/2011,0.19
1/5/2011,-0.79
1/4/2011,-0.78
1/3/2011,-1.29
12/31/2010,-3
12/30/2010,-1.79
12/29/2010,-0.46
12/28/2010,-0.79
12/27/2010,0.2
12/24/2010,-0.52
12/23/2010,0
12/22/2010,0.04
12/21/2010,0.28
12/20/2010,-0.14
12/17/2010,-1.14
12/16/2010,-0.77
12/15/2010,-1.13
12/14/2010,-1.14
12/13/2010,-0.79
12/10/2010,-0.44
12/9/2010,-0.03
12/8/2010,-0.31
12/7/2010,-1.25
12/6/2010,-0.78
12/3/2010,-0.93
12/2/2010,-0.63
12/1/2010,-0.71
11/30/2010,-0.26
11/29/2010,2.51
11/26/2010,0.44
11/25/2010,0.2
11/24/2010,-0.25
11/23/2010,1.88
11/22/2010,0.42
11/19/2010,-0.72
11/18/2010,-0.99
11/17/2010,0.09
11/16/2010,3.47
11/15/2010,-0.19
11/12/2010,0.07
11/11/2010,-0.73
11/10/2010,-0.36
11/9/2010,-2.57
11/8/2010,-1.93
11/5/2010,-1.72
11/4/2010,-0.31
11/3/2010,0.92
11/2/2010,0.03
11/1/2010,0.64
10/29/2010,1.01
10/28/2010,1.33
10/27/2010,2.99
10/26/2010,3.28
10/25/2010,2.71
10/22/2010,1.64
10/21/2010,3.73
10/20/2010,2.1
10/19/2010,4.64
10/18/2010,3.11
10/15/2010,2.9
10/14/2010,3.18
10/13/2010,1.72
10/12/2010,2.26
10/11/2010,2.34
10/8/2010,0.51
10/7/2010,3.81
10/6/2010,1.09
10/5/2010,1.67
10/4/2010,2.1
10/1/2010,2.1
9/30/2010,3.64
9/29/2010,1.87
9/28/2010,2.78
9/27/2010,2.87
9/24/2010,1.84
9/23/2010,2.38
9/22/2010,2.66
9/21/2010,3.37
9/20/2010,3.25
9/17/2010,3.99
9/16/2010,3.75
9/15/2010,3.59
9/14/2010,2.28
9/13/2010,2.7
9/10/2010,2.31
9/9/2010,3.17
9/8/2010,1.99
9/7/2010,2.79
9/6/2010,3.42
9/3/2010,1.6
9/2/2010,2.11
9/1/2010,2.09
8/31/2010,3.18
8/30/2010,4.27
8/27/2010,1.99
8/26/2010,3.72
8/25/2010,3.64
8/24/2010,2.22
8/23/2010,4.32
8/20/2010,4.11
8/19/2010,3.84
8/18/2010,2.59
8/17/2010,3.12
8/16/2010,2.07
8/13/2010,3.73
8/12/2010,3.54
8/11/2010,5.42
8/10/2010,5.29
8/9/2010,3.31
8/6/2010,3.04
8/5/2010,3.23
8/4/2010,2.79
8/3/2010,2.35
8/2/2010,1.89
7/30/2010,2.68
7/29/2010,3.17
7/28/2010,3.61
7/27/2010,2.47
7/26/2010,2.31
7/23/2010,3.81
7/22/2010,2.6
7/21/2010,3.31
7/20/2010,3.73
7/19/2010,4.12
7/16/2010,5.21
7/15/2010,3.06
7/14/2010,3.14
7/13/2010,1.98
7/12/2010,3.35
7/9/2010,2.91
7/8/2010,3.36
7/7/2010,2.83
7/6/2010,3.1
7/5/2010,3.45
7/2/2010,3.87
7/1/2010,3.87
6/30/2010,3.87
6/29/2010,3.59
6/28/2010,3.23
6/25/2010,3.79
6/24/2010,3.2
6/23/2010,3.43
6/22/2010,4.86
6/21/2010,3.35
6/18/2010,3.2
6/17/2010,3.08
6/16/2010,3.54
6/15/2010,3.21
6/14/2010,3.96
6/11/2010,3.64
6/10/2010,3.72
6/9/2010,3.59
6/8/2010,3.74
6/7/2010,4.18
6/4/2010,3.78
6/3/2010,13.03
6/2/2010,13.03
6/1/2010,13.03
5/31/2010,13.03
5/28/2010,13.03
5/27/2010,13.03
5/26/2010,13.03
5/25/2010,5.87
5/24/2010,4.7
5/21/2010,3.92
5/20/2010,3.92
5/19/2010,3.87
5/18/2010,3.65
5/17/2010,3.65
5/14/2010,3.65
5/13/2010,3.65
5/12/2010,3.65
5/11/2010,3.65
5/10/2010,3.65
5/7/2010,3.65
5/6/2010,3.65
5/5/2010,3.65
5/4/2010,3.65
5/3/2010,3.65
4/30/2010,3.65
4/29/2010,3.66
4/28/2010,3.66
4/27/2010,3.66
4/26/2010,3.66
4/23/2010,3.66
4/22/2010,3.66
4/21/2010,3.66
4/20/2010,3.66
4/19/2010,3.66
4/16/2010,3.66
4/15/2010,3.66
4/14/2010,3.61
4/13/2010,3.61
4/12/2010,3.63
4/9/2010,3.63
4/8/2010,3.63
4/7/2010,3.53
4/6/2010,3.53
4/5/2010,3.53
4/2/2010,3.53
4/1/2010,3.53
3/31/2010,3.53
3/30/2010,3.53
3/29/2010,3.53
3/26/2010,3.53
3/25/2010,3.53
3/24/2010,3.53
3/23/2010,3.53
3/22/2010,3.53
3/19/2010,3.53
3/18/2010,3.53
3/17/2010,3.53
3/16/2010,3.53
3/15/2010,3.53
3/12/2010,3.53
3/11/2010,4.64
3/10/2010,4.64
3/9/2010,4.64
3/8/2010,4.64
3/5/2010,4.64
3/4/2010,4.64
3/3/2010,4.64
3/2/2010,4.64
3/1/2010,4.64
2/26/2010,4.64
2/25/2010,4.64
2/24/2010,4.64
2/23/2010,4.64
2/22/2010,4.64
2/19/2010,4.64
2/18/2010,4.64
2/17/2010,4.64
2/16/2010,4.64
2/15/2010,4.64
2/12/2010,3.47
2/11/2010,3.47
2/10/2010,3.47
2/9/2010,3.47
2/8/2010,3.47
2/5/2010,3.47
2/4/2010,3.47
2/3/2010,3.47
2/2/2010,3.47
2/1/2010,3.47
1/29/2010,3.47
1/28/2010,3.47
1/27/2010,3.47
1/26/2010,3.47
1/25/2010,3.47
1/22/2010,3.47
1/21/2010,3.47
1/20/2010,3.47
1/19/2010,3.47
1/18/2010,3.47
1/15/2010,3.47
1/14/2010,3.47
1/13/2010,3.47
1/12/2010,3.47
1/11/2010,3.47
1/8/2010,3.47
1/7/2010,3.47
1/6/2010,3.88
1/5/2010,3.88
1/4/2010,3.88
1/1/2010,3.88
12/31/2009,3.88
12/30/2009,3.88
12/29/2009,3.88
12/28/2009,3.88
12/25/2009,3.88
12/24/2009,3.88
12/23/2009,3.88
12/22/2009,3.88
12/21/2009,3.88
12/18/2009,3.43
12/17/2009,3.43
12/16/2009,3.43
12/15/2009,3.43
12/14/2009,3.43
12/11/2009,3.43
12/10/2009,3.4
12/9/2009,3.4
12/8/2009,3.4
12/7/2009,3.4
12/4/2009,3.4
12/3/2009,3.4
12/2/2009,3.4
12/1/2009,3.4
11/30/2009,3.4
11/27/2009,3.4
11/26/2009,3.4
11/25/2009,3.13
11/24/2009,3.13
11/23/2009,3.13
11/20/2009,3.13
11/19/2009,3.13
11/18/2009,3.13
11/17/2009,3.13
11/16/2009,3.13
11/13/2009,3.13
11/12/2009,3.13
11/11/2009,3.13
11/10/2009,3.13
11/9/2009,3.13
11/6/2009,3.13
11/5/2009,3.13
11/4/2009,3.13
11/3/2009,3.13
11/2/2009,3.13
10/30/2009,3.13
10/29/2009,3.13
10/28/2009,3.13
10/27/2009,2.92
10/26/2009,2.92
10/23/2009,2.92
10/22/2009,2.92
10/21/2009,2.17
10/20/2009,2.17
10/19/2009,2.17
10/16/2009,2.17
10/15/2009,2.17
10/14/2009,2.17
10/13/2009,2.17
10/12/2009,3.32
10/9/2009,3.32
10/8/2009,3.32
10/7/2009,3.32
10/6/2009,3.32
10/5/2009,3.32
10/2/2009,3.32
10/1/2009,3.29
9/30/2009,3.29
9/29/2009,3.23
9/28/2009,3.32
9/25/2009,3.25
9/24/2009,3.24
9/23/2009,2.8
9/22/2009,2.9
9/21/2009,3.14
9/18/2009,3.14
9/17/2009,3.14
9/16/2009,2.88
9/15/2009,3.43
9/14/2009,3.5
9/11/2009,3.52
9/10/2009,3.47
9/9/2009,3.51
9/8/2009,3.23
9/7/2009,4.14
9/4/2009,4.09
9/3/2009,4.05
9/2/2009,4.72
9/1/2009,4.54
8/31/2009,4.87
8/28/2009,4.77
8/27/2009,5.2
8/26/2009,4.74
8/25/2009,4.41
8/24/2009,4.19
8/21/2009,4.7
8/20/2009,4.43
8/19/2009,4.06
8/18/2009,3.88
8/17/2009,3.75
8/14/2009,3.89
8/13/2009,3.46
8/12/2009,3.89
8/11/2009,3.7
8/10/2009,3.79
8/7/2009,3.79
8/6/2009,3.42
8/5/2009,3.78
8/4/2009,3.86
8/3/2009,3.81
7/31/2009,5.03
7/30/2009,5.03
7/29/2009,5.03
7/28/2009,5.03
7/27/2009,5.03
7/24/2009,5.03
7/23/2009,5.03
7/22/2009,5.03
7/21/2009,5.03
7/20/2009,5.03
7/17/2009,5.03
7/16/2009,5.4
7/15/2009,5.4
7/14/2009,5.47
7/13/2009,4.73
7/10/2009,4.82
7/9/2009,4.89
7/8/2009,4.89
7/7/2009,4.83
7/6/2009,4.5
7/3/2009,4
7/2/2009,4
7/1/2009,4.75
6/30/2009,4.51
6/29/2009,4.45
6/26/2009,4.39
6/25/2009,5.86
6/24/2009,5.86
6/23/2009,5.86
6/22/2009,5.86
6/19/2009,5.86
6/18/2009,5.22
6/17/2009,5.55
6/16/2009,5.67
6/15/2009,5.72
6/12/2009,5.04
6/11/2009,4.65
6/10/2009,3.73
6/9/2009,4.06
6/8/2009,3.31
6/5/2009,3.53
6/4/2009,3.53
6/3/2009,3.49
6/2/2009,3.4
6/1/2009,3.49
5/29/2009,3.76
5/28/2009,3.71
5/27/2009,3.68
5/26/2009,3.56
5/25/2009,3.82
5/22/2009,3.37
5/21/2009,3.71
5/20/2009,4.03
5/19/2009,3.91
5/18/2009,3.98
5/15/2009,4.01
5/14/2009,4.21
5/13/2009,4.27
5/12/2009,4.36
5/11/2009,3.94
5/8/2009,3.86
5/7/2009,5.55
5/6/2009,5.55
5/5/2009,5.55
5/4/2009,5.55
5/1/2009,5.55
4/30/2009,5.55
4/29/2009,5.55
4/28/2009,5.55
4/27/2009,5.55
4/24/2009,5.55
4/23/2009,6.43
4/22/2009,5.93
4/21/2009,6.2
4/20/2009,5.75
4/17/2009,5.35
4/16/2009,5.2
4/15/2009,4.77
4/14/2009,5.04
4/13/2009,4.61
4/10/2009,5.59
4/9/2009,5.59
4/8/2009,5.59
4/7/2009,4.94
4/6/2009,5.23
4/3/2009,5.23
4/2/2009,5.17
4/1/2009,6.14
3/31/2009,6.66
3/30/2009,6.53
3/27/2009,5.2
3/26/2009,4.96
3/25/2009,4.96
3/24/2009,5.12
3/23/2009,6.43
3/20/2009,7.55
3/19/2009,7.57
3/18/2009,7.45
3/17/2009,7.34
3/16/2009,7.81
3/13/2009,8.45
3/12/2009,7.79
3/11/2009,7.81
3/10/2009,8.35
3/9/2009,10.49
3/6/2009,10.27
3/5/2009,11.39
3/4/2009,11.81
3/3/2009,12.68
3/2/2009,14.42
2/27/2009,13.89
2/26/2009,12.03
2/25/2009,10.49
2/24/2009,10.74
2/23/2009,12.56
2/20/2009,12.56
2/19/2009,12.68
2/18/2009,11.62
2/17/2009,13.08
2/16/2009,8.9
2/13/2009,7.51
2/12/2009,7.39
2/11/2009,7.07
2/10/2009,7.02
2/9/2009,7.18
2/6/2009,6.97
2/5/2009,7.37
2/4/2009,8.96
2/3/2009,9.1
2/2/2009,9.24
1/30/2009,7.24
1/29/2009,7.67
1/28/2009,7.87
1/27/2009,8
1/26/2009,8
1/23/2009,8
1/22/2009,7.04
1/21/2009,7.33
1/20/2009,7.73
1/19/2009,7.73
1/16/2009,7.41
1/15/2009,7.34
1/14/2009,7.34
1/13/2009,7.4
1/12/2009,6.43
1/9/2009,6.43
1/8/2009,19.25
1/7/2009,19.25
1/6/2009,19.25
1/5/2009,19.25
1/2/2009,19.25
1/1/2009,19.25
12/31/2008,19.25
12/30/2008,19.25
12/29/2008,19.25
12/26/2008,19.25
12/25/2008,19.25
12/24/2008,19.25
12/23/2008,19.25
12/22/2008,19.25
12/19/2008,19.25
12/18/2008,19.25
12/17/2008,19.25
12/16/2008,19.25
12/15/2008,19.25
12/12/2008,19.25
12/11/2008,19.25
12/10/2008,19.25
12/9/2008,19.25
12/8/2008,19.25
12/5/2008,19.25
12/4/2008,19.25
12/3/2008,19.25
12/2/2008,19.25
12/1/2008,19.25
11/28/2008,19.25
11/27/2008,19.25
11/26/2008,19.25
11/25/2008,12.1
11/24/2008,12.1
11/21/2008,12.1
11/20/2008,12.1
11/19/2008,12.1
11/18/2008,12.1
11/17/2008,12.1
11/14/2008,12.1
11/13/2008,12.1
11/12/2008,12.1
11/11/2008,12.1
11/10/2008,12.1
11/7/2008,12.1
11/6/2008,12.1
11/5/2008,12.1
11/4/2008,10.56
11/3/2008,10.56
10/31/2008,10.56
10/30/2008,10.56
10/29/2008,10.56
10/28/2008,10.56
10/27/2008,10.56
10/24/2008,10.56
10/23/2008,10.56
10/22/2008,10.56
10/21/2008,10.56
10/20/2008,10.56
10/17/2008,8.28
10/16/2008,8.28
10/15/2008,8.28
10/14/2008,8.28
10/13/2008,8.28
10/10/2008,8.28
10/9/2008,8.28
10/8/2008,8.28
10/7/2008,8.28
10/6/2008,8.28
10/3/2008,8.28
10/2/2008,8.28
10/1/2008,8.28
9/30/2008,8.28
9/29/2008,8.28
9/26/2008,8.28
9/25/2008,9.24
9/24/2008,9.01
9/23/2008,9.01
9/22/2008,8.72
9/19/2008,8.72
9/18/2008,11.19
9/17/2008,11.02
9/16/2008,12.37
9/15/2008,11.45
9/12/2008,11.45
9/11/2008,11.45
9/10/2008,5.75
9/9/2008,5.75
9/8/2008,5.75
9/5/2008,5.75
9/4/2008,5.75
9/3/2008,5.75
9/2/2008,5.75
9/1/2008,5.75
8/29/2008,5.75
8/28/2008,5.75
8/27/2008,5.72
8/26/2008,5.72
8/25/2008,5.72
8/22/2008,5.72
8/21/2008,5.72
8/20/2008,5.72
8/19/2008,5.72
8/18/2008,5.72
8/15/2008,5.72
8/14/2008,5.72
8/13/2008,5.72
8/12/2008,5.54
8/11/2008,5.3
8/8/2008,5.05
8/7/2008,5.45
8/6/2008,5.45
8/5/2008,5.45
8/4/2008,5.25
8/1/2008,5.03
7/31/2008,5.03
7/30/2008,5.03
7/29/2008,5.03
7/28/2008,5.07
7/25/2008,4.95
7/24/2008,5.43
7/23/2008,7.09
7/22/2008,7.09
7/21/2008,7.09
7/18/2008,7.09
7/17/2008,7.09
7/16/2008,7.09
7/15/2008,7.09
7/14/2008,10.09
7/11/2008,10.09
7/10/2008,10.38
7/9/2008,12.94
7/8/2008,17.29
7/7/2008,17.29
7/4/2008,17.29
7/3/2008,17.29
7/2/2008,17.29
7/1/2008,15.05
6/30/2008,12.06
6/27/2008,11.3
6/26/2008,13.23
6/25/2008,13.23
6/24/2008,13.23
6/23/2008,10.07
6/20/2008,10.07
6/19/2008,9.74
6/18/2008,9.98
6/17/2008,13.68
6/16/2008,14.66
6/13/2008,14.66
6/12/2008,14.02
6/11/2008,15.83
6/10/2008,17.55
6/9/2008,17.55
6/6/2008,17.55
6/5/2008,17.55
6/4/2008,17.55
6/3/2008,17.55
6/2/2008,17.55
5/30/2008,17.55
5/29/2008,17.55
5/28/2008,17.55
5/27/2008,17.55
5/26/2008,11.4
5/23/2008,10.04
5/22/2008,10.04
5/21/2008,10.04
5/20/2008,7.73
5/19/2008,7.73
5/16/2008,7.73
5/15/2008,7.73
5/14/2008,7.73
5/13/2008,7.73
5/12/2008,7.73
5/9/2008,7.73
5/8/2008,7.73
5/7/2008,7.73
5/6/2008,7.73
5/5/2008,7.73
5/2/2008,7.73
5/1/2008,7.73
4/30/2008,7.73
4/29/2008,7.73
4/28/2008,7.73
4/25/2008,7.73
4/24/2008,7.03
4/23/2008,7.16
4/22/2008,5.22
4/21/2008,5.22
4/18/2008,5.22
4/17/2008,5.22
4/16/2008,5.22
4/15/2008,5.22
4/14/2008,5.22
4/11/2008,3.98
4/10/2008,3.98
4/9/2008,3.98
4/8/2008,3.98
4/7/2008,3.98
4/4/2008,3.98
4/3/2008,3.98
4/2/2008,3.98
4/1/2008,6.3
3/31/2008,6.3
3/28/2008,6.3
3/27/2008,5.94
3/26/2008,5.59
3/25/2008,6.02
3/24/2008,6.74
3/21/2008,6.74
3/20/2008,6.73
3/19/2008,6.61
3/18/2008,6.92
3/17/2008,7.27
3/14/2008,4.85
3/13/2008,4.85
3/12/2008,4.85
3/11/2008,4.85
3/10/2008,4.85
3/7/2008,4.85
3/6/2008,4.85
3/5/2008,4.85
3/4/2008,4.85
3/3/2008,3.86
2/29/2008,3.86
2/28/2008,4.17
2/27/2008,3.98
2/26/2008,4.87
2/25/2008,4.87
2/22/2008,4.97
2/21/2008,4.91
2/20/2008,4.91
2/19/2008,5.06
2/18/2008,5.46
2/15/2008,5.73
2/14/2008,5.13
2/13/2008,4.57
2/12/2008,4.54
2/11/2008,4.53
2/8/2008,4.02
2/7/2008,4.07
2/6/2008,4.27
2/5/2008,4.01
2/4/2008,3.9
2/1/2008,3.54
1/31/2008,3.45
1/30/2008,3.8
1/29/2008,3.6
1/28/2008,3.5
1/25/2008,2.99
1/24/2008,3.93
1/23/2008,3.74
1/22/2008,4.76
1/21/2008,4.05
1/18/2008,3.71
1/17/2008,3.9
1/16/2008,3.32
1/15/2008,2.37
1/14/2008,2.47
1/11/2008,3.02
1/10/2008,3.12
1/9/2008,2.73
1/8/2008,2.49
1/7/2008,2.89
1/4/2008,3.54
1/3/2008,3.97
1/2/2008,3.68
1/1/2008,3.5
12/31/2007,3.5
12/28/2007,3.5
12/27/2007,3.5
12/26/2007,4.25
12/25/2007,4.25
12/24/2007,4.25
12/21/2007,4.4
12/20/2007,4.35
12/19/2007,4.82
12/18/2007,4.98
12/17/2007,4.15
12/14/2007,4.15
12/13/2007,3.89
12/12/2007,4.02
12/11/2007,3.96
12/10/2007,4.15
12/7/2007,4.15
12/6/2007,4.73
12/5/2007,4.73
12/4/2007,4.76
12/3/2007,5
11/30/2007,5.07
11/29/2007,5.16
11/28/2007,5.1
11/27/2007,4.96
11/26/2007,4.83
11/23/2007,3.36
11/22/2007,3.36
11/21/2007,3.36
11/20/2007,3.36
11/19/2007,3.36
11/16/2007,3.36
11/15/2007,3.36
11/14/2007,3.36
11/13/2007,3.36
11/12/2007,3.36
11/9/2007,3.36
11/8/2007,3.36
11/7/2007,3.36
11/6/2007,3.36
11/5/2007,3.36
11/2/2007,3.36
11/1/2007,3.36
10/31/2007,2.92
10/30/2007,3.4
10/29/2007,4.78
10/26/2007,4.78
10/25/2007,4.78
10/24/2007,4.84
10/23/2007,4.84
10/22/2007,4.56
10/19/2007,4.63
10/18/2007,5.22
10/17/2007,5.09
10/16/2007,4.67
10/15/2007,5.22
10/12/2007,5.22
10/11/2007,5.11
10/10/2007,4.66
10/9/2007,5.43
10/8/2007,5.43
10/5/2007,5.43
10/4/2007,5.43
10/3/2007,5.38
10/2/2007,6.27
10/1/2007,5.15
9/28/2007,5.14
9/27/2007,4.81
9/26/2007,5.29
9/25/2007,5.29
9/24/2007,4.98
9/21/2007,5.2
9/20/2007,5.4
9/19/2007,5.69
9/18/2007,6.9
9/17/2007,7.1
9/14/2007,7.31
9/13/2007,7.44
9/12/2007,7.43
9/11/2007,7.93
9/10/2007,7.79
9/7/2007,7.79
9/6/2007,7.79
9/5/2007,7.87
9/4/2007,7.67
9/3/2007,8.51
8/31/2007,8.51
8/30/2007,8.68
8/29/2007,8.06
8/28/2007,9.13
8/27/2007,9.13
8/24/2007,9.13
8/23/2007,13.64
8/22/2007,13.64
8/21/2007,12.49
8/20/2007,12.38
8/17/2007,12.38
8/16/2007,9.36
8/15/2007,7.74
8/14/2007,6.16
8/13/2007,6.16
8/10/2007,6.16
8/9/2007,6.16
8/8/2007,6.9
8/7/2007,6.46
8/6/2007,7.69
8/3/2007,6.64
8/2/2007,6.52
8/1/2007,6.96
7/31/2007,5.84
7/30/2007,6.19
7/27/2007,6.58
7/26/2007,6.35
7/25/2007,5.06
7/24/2007,5.07
7/23/2007,5.07
7/20/2007,5.07
7/19/2007,5.08
7/18/2007,5.07
7/17/2007,4.72
7/16/2007,5.07
7/13/2007,5.07
7/12/2007,4.77
7/11/2007,4.99
7/10/2007,4.82
7/9/2007,5.08
7/6/2007,4.73
7/5/2007,4.99
7/4/2007,4.64
7/3/2007,4.81
7/2/2007,4.64
6/29/2007,4.99
6/28/2007,4.9
6/27/2007,4.82
6/26/2007,4.73
6/25/2007,4.68
6/22/2007,4.85
6/21/2007,5.2
6/20/2007,4.55
6/19/2007,6.56
6/18/2007,6.56
6/15/2007,6.56
6/14/2007,6.56
6/13/2007,6.56
6/12/2007,6.56
6/11/2007,6.56
6/8/2007,6.56
6/7/2007,3.47
6/6/2007,4.39
6/5/2007,4.39
6/4/2007,4.39
6/1/2007,4.39
5/31/2007,4.39
5/30/2007,4.39
5/29/2007,4.39
5/28/2007,4.39
5/25/2007,4.39
5/24/2007,4.39
5/23/2007,4.39
5/22/2007,4.39
5/21/2007,4.39
5/18/2007,4.39
5/17/2007,4.39
5/16/2007,4.39
5/15/2007,4.39
5/14/2007,4.39
5/11/2007,4.39
5/10/2007,4.39
5/9/2007,4.39
5/8/2007,4.39
5/7/2007,4.39
5/4/2007,4.89
5/3/2007,4.89
5/2/2007,4.89
5/1/2007,4.89
4/30/2007,4.89
4/27/2007,4.89
4/26/2007,4.89
4/25/2007,4.89
4/24/2007,4.89
4/23/2007,4.89
4/20/2007,4.89
4/19/2007,4.89
4/18/2007,4.89
4/17/2007,4.89
4/16/2007,4.89
4/13/2007,4.89
4/12/2007,4.89
4/11/2007,4.89
4/10/2007,4.89
4/9/2007,4.89
4/6/2007,4.89
4/5/2007,4.89
4/4/2007,4.89
4/3/2007,4.89
4/2/2007,4.89
3/30/2007,4.89
3/29/2007,4.89
3/28/2007,4.89
3/27/2007,4.89
3/26/2007,4.89
3/23/2007,4.89
3/22/2007,4.89
3/21/2007,4.89
3/20/2007,4.89
3/19/2007,4.89
3/16/2007,4.89
3/15/2007,4.89
3/14/2007,4.89
3/13/2007,4.89
3/12/2007,4.89
3/9/2007,4.89
3/8/2007,4.89
3/7/2007,4.89
3/6/2007,4.89
3/5/2007,4.89
3/2/2007,4.89
3/1/2007,4.54
2/28/2007,4.61
2/27/2007,4.54
2/26/2007,3.96
2/23/2007,4.14
2/22/2007,4.18
2/21/2007,3.21
2/20/2007,2.96
2/19/2007,2.98
2/16/2007,3.15
2/15/2007,3.17
2/14/2007,4.1
2/13/2007,3.89
2/12/2007,3.54
2/9/2007,3.06
2/8/2007,3.06
2/7/2007,2.51
2/6/2007,3.52
2/5/2007,3.91
2/2/2007,3.43
2/1/2007,4.24
1/31/2007,4.24
1/30/2007,4.24
1/29/2007,4.24
1/26/2007,4.24
1/25/2007,4.24
1/24/2007,3.95
1/23/2007,3.46
1/22/2007,3.46
1/19/2007,3.43
1/18/2007,2.74
1/17/2007,3.58
1/16/2007,3.49
1/15/2007,3.24
1/12/2007,3.42
1/11/2007,3.46
1/10/2007,3.83
1/9/2007,3.65
1/8/2007,3.82
1/5/2007,3.68
1/4/2007,3.08
1/3/2007,2.96
1/2/2007,2.38
1/1/2007,5.4
12/29/2006,5.4
12/28/2006,5.4
12/27/2006,5.4
12/26/2006,5.4
12/25/2006,5.4
12/22/2006,5.4
12/21/2006,5.4
12/20/2006,5.4
12/19/2006,5.4
12/18/2006,3.59
12/15/2006,4.29
12/14/2006,3.9
12/13/2006,3.9
12/12/2006,3.84
12/11/2006,4.27
12/8/2006,5.77
12/7/2006,5.77
12/6/2006,5.77
12/5/2006,5.77
12/4/2006,5.77
12/1/2006,5.06
11/30/2006,5.06
11/29/2006,5.06
11/28/2006,5.06
11/27/2006,5.06
11/24/2006,5.06
11/23/2006,5.06
11/22/2006,5.06
11/21/2006,5.06
11/20/2006,5.06
11/17/2006,5.06
11/16/2006,5.06
11/15/2006,5.06
11/14/2006,5.06
11/13/2006,5.06
11/10/2006,5.06
11/9/2006,5.06
11/8/2006,5.06
11/7/2006,5.06
11/6/2006,5.06
11/3/2006,5.06
11/2/2006,5.06
11/1/2006,5.06
10/31/2006,5.06
10/30/2006,5.06
10/27/2006,5.06
10/26/2006,5.14
10/25/2006,5.22
10/24/2006,5.69
10/23/2006,5.68
10/20/2006,5.32
10/19/2006,5.52
10/18/2006,5.52
10/17/2006,5.52
10/16/2006,5.52
10/13/2006,5.52
10/12/2006,5.52
10/11/2006,5.52
10/10/2006,5.52
10/9/2006,5.52
10/6/2006,5.52
10/5/2006,5.52
10/4/2006,5.52
10/3/2006,5.52
10/2/2006,5.52
9/29/2006,5.68
9/28/2006,6.02
9/27/2006,6.16
9/26/2006,6.16
9/25/2006,6.88
9/22/2006,6.48
9/21/2006,5.47
9/20/2006,5.78
9/19/2006,5.78
9/18/2006,5.78
9/15/2006,5.78
9/14/2006,6.11
9/13/2006,6.19
9/12/2006,6.19
9/11/2006,6.18
9/8/2006,6.42
9/7/2006,6.02
9/6/2006,6.27
9/5/2006,6.27
9/4/2006,6.03
9/1/2006,6.35
8/31/2006,6.19
8/30/2006,6.52
8/29/2006,7.79
8/28/2006,7.79
8/25/2006,7.79
8/24/2006,7.79
8/23/2006,7.79
8/22/2006,7.79
8/21/2006,7.79
8/18/2006,7.79
8/17/2006,7.79
8/16/2006,7.79
8/15/2006,7.79
8/14/2006,7.79
8/11/2006,7.79
8/10/2006,7.79
8/9/2006,7.79
8/8/2006,7.79
8/7/2006,7.79
8/4/2006,7.79
8/3/2006,7.79
8/2/2006,7.79
8/1/2006,7.79
7/31/2006,7.79
7/28/2006,7.79
7/27/2006,7.79
7/26/2006,7.79
7/25/2006,7.79
7/24/2006,7.79
7/21/2006,7.79
7/20/2006,7.79
7/19/2006,7.79
7/18/2006,7.79
7/17/2006,7.79
7/14/2006,7.79
7/13/2006,7.74
7/12/2006,8.48
7/11/2006,7.8
7/10/2006,7.65
7/7/2006,7.78
7/6/2006,7.63
7/5/2006,7.67
7/4/2006,7.61
7/3/2006,7.89
6/30/2006,8.2
6/29/2006,8.2
6/28/2006,8.2
6/27/2006,8.2
6/26/2006,8.2
6/23/2006,8.2
6/22/2006,8.05
6/21/2006,8.06
6/20/2006,8.05
6/19/2006,7.89
6/16/2006,7.89
6/15/2006,7.83
6/14/2006,8.18
6/13/2006,8.53
6/12/2006,8.31
6/9/2006,8.3
6/8/2006,8.81
6/7/2006,7.91
6/6/2006,7.9
6/5/2006,7.88
6/2/2006,8.29
6/1/2006,8.54
5/31/2006,7.66
5/30/2006,7.65
5/29/2006,8.9
5/26/2006,9.06
5/25/2006,9.92
5/24/2006,9.95
5/23/2006,10.33
5/22/2006,9.28
5/19/2006,10.08
5/18/2006,9.69
5/17/2006,8.07
5/16/2006,10.63
5/15/2006,9.73
5/12/2006,6.78
5/11/2006,6.75
5/10/2006,6.72
5/9/2006,6.63
5/8/2006,6.09
5/5/2006,6.36
5/4/2006,6.36
5/3/2006,6.36
5/2/2006,6.36
5/1/2006,6.36
4/28/2006,6.36
4/27/2006,6.12
4/26/2006,6.2
4/25/2006,6.19
4/24/2006,5.88
4/21/2006,5.88
4/20/2006,6.03
4/19/2006,5.79
4/18/2006,6.25
4/17/2006,5.62
4/14/2006,5.62
4/13/2006,5.62
4/12/2006,5.61
4/11/2006,5.37
4/10/2006,5.36
4/7/2006,5.43
4/6/2006,4.51
4/5/2006,4.51
4/4/2006,4.74
4/3/2006,5.38
3/31/2006,5.38
3/30/2006,5.38
3/29/2006,5.46
3/28/2006,5.43
3/27/2006,5.35
3/24/2006,5.35
3/23/2006,5.35
3/22/2006,5.42
3/21/2006,5.25
3/20/2006,5.01
3/17/2006,7.06
3/16/2006,7.06
3/15/2006,7.06
3/14/2006,7.06
3/13/2006,7.06
3/10/2006,7.06
3/9/2006,7.06
3/8/2006,7.06
3/7/2006,7.06
3/6/2006,7.06
3/3/2006,7.06
3/2/2006,7.06
3/1/2006,7.06
2/28/2006,7.06
2/27/2006,7.06
2/24/2006,7.06
2/23/2006,7.06
2/22/2006,7.06
2/21/2006,7.06
2/20/2006,7.06
2/17/2006,7.06
2/16/2006,7.06
2/15/2006,7.06
2/14/2006,7.06
2/13/2006,7.06
2/10/2006,7.06
2/9/2006,7.06
2/8/2006,7.06
2/7/2006,7.06
2/6/2006,7.06
2/3/2006,7.06
2/2/2006,7.06
2/1/2006,7.06
1/31/2006,7.06
1/30/2006,7.06
1/27/2006,7.06
1/26/2006,7.06
1/25/2006,7.06
1/24/2006,7.06
1/23/2006,7.06
1/20/2006,7.06
1/19/2006,7.06
1/18/2006,7.06
1/17/2006,7.06
1/16/2006,7.06
1/13/2006,7.06
1/12/2006,7.06
1/11/2006,7.06
1/10/2006,7.06
1/9/2006,7.06
1/6/2006,7.06
1/5/2006,7.06
1/4/2006,7.06
1/3/2006,7.06
1/2/2006,7.06
12/30/2005,7.06
12/29/2005,7.06
12/28/2005,7.06
12/27/2005,7.06
12/26/2005,7.06
12/23/2005,7.06
12/22/2005,7.06
12/21/2005,7.06
12/20/2005,7.06
12/19/2005,7.06
12/16/2005,7.06
12/15/2005,7.06
12/14/2005,7.06
12/13/2005,7.06
12/12/2005,7.06
12/9/2005,7.06
12/8/2005,7.06
12/7/2005,7.06
12/6/2005,7.06
12/5/2005,7.06
12/2/2005,7.06
12/1/2005,7.06
11/30/2005,7.06
11/29/2005,7.06
11/28/2005,7.06
11/25/2005,7.06
11/24/2005,7.06
11/23/2005,7.06
11/22/2005,7.06
11/21/2005,7.06
11/18/2005,7.81
11/17/2005,7.81
11/16/2005,7.81
11/15/2005,7.81
11/14/2005,7.81
11/11/2005,7.81
11/10/2005,7.81
11/9/2005,7.81
11/8/2005,7.81
11/7/2005,7.81
11/4/2005,7.81
11/3/2005,7.81
11/2/2005,7.81
11/1/2005,7.81
10/31/2005,7.81
10/28/2005,7.81
10/27/2005,7.81
10/26/2005,7.81
10/25/2005,7.81
10/24/2005,7.81
10/21/2005,7.81
10/20/2005,7.81
10/19/2005,7.81
10/18/2005,7.81
10/17/2005,7.81
10/14/2005,7.94
10/13/2005,7.93
10/12/2005,7.64
10/11/2005,6.44
10/10/2005,6.44
10/7/2005,6.44
10/6/2005,6.44
10/5/2005,6.44
10/4/2005,6.44
10/3/2005,6.44
9/30/2005,6.44
9/29/2005,6.44
9/28/2005,6.44
9/27/2005,6.44
9/26/2005,6.44
9/23/2005,6.44
9/22/2005,6.44
9/21/2005,6.44
9/20/2005,6.44
9/19/2005,6.44
9/16/2005,6.44
9/15/2005,6.44
9/14/2005,6.44
9/13/2005,6.44
9/12/2005,6.44
9/9/2005,6.44
9/8/2005,6.44
9/7/2005,6.44
9/6/2005,6.44
9/5/2005,6.44
9/2/2005,6.44
9/1/2005,6.44
8/31/2005,6.44
8/30/2005,6.44
8/29/2005,6.44
8/26/2005,6.44
8/25/2005,6.44
8/24/2005,6.44
8/23/2005,6.44
8/22/2005,6.44
8/19/2005,6.44
8/18/2005,6.44
8/17/2005,6.44
8/16/2005,6.44
8/15/2005,6.44
8/12/2005,6.44
8/11/2005,6.44
8/10/2005,6.44
8/9/2005,6.44
8/8/2005,6.44
8/5/2005,6.44
8/4/2005,6.44
8/3/2005,6.44
8/2/2005,6.44
8/1/2005,7.09
7/29/2005,6.29
7/28/2005,6.29
7/27/2005,6.29
7/26/2005,6.03
7/25/2005,6.17
7/22/2005,6.16
7/21/2005,6.37
7/20/2005,6.47
7/19/2005,6.46
7/18/2005,6.06
7/15/2005,6.47
7/14/2005,7.18
7/13/2005,7.43
7/12/2005,7.31
7/11/2005,7.93
7/8/2005,7.93
7/7/2005,7.97
7/6/2005,6.39
7/5/2005,6.39
7/4/2005,6.39
7/1/2005,6.39
6/30/2005,6.23
6/29/2005,11.34
6/28/2005,5.18
6/27/2005,4.98
6/24/2005,5.5
6/23/2005,5.74
6/22/2005,6.01
6/21/2005,5.87
6/20/2005,6.27
6/17/2005,5.91
6/16/2005,5.68
6/15/2005,5.51
6/14/2005,5.82
6/13/2005,5.5
6/10/2005,5.5
6/9/2005,5.33
6/8/2005,4.73
6/7/2005,4.47
6/6/2005,4.54
6/3/2005,4.46
6/2/2005,4.61
6/1/2005,4.43
5/31/2005,4.56
5/30/2005,4.05
5/27/2005,3.96
5/26/2005,3.78
5/25/2005,3.93
5/24/2005,3.72
5/23/2005,3.61
5/20/2005,4
5/19/2005,3.98
5/18/2005,3.95
5/17/2005,4.34
5/16/2005,4.45
5/13/2005,4.06
5/12/2005,4.13
5/11/2005,3.94
5/10/2005,3.96
5/9/2005,4.04
5/6/2005,4.02
5/5/2005,3.8
5/4/2005,4.05
5/3/2005,4.19
5/2/2005,4.19
4/29/2005,4.19
4/28/2005,4.49
4/27/2005,4.49
4/26/2005,4.49
4/25/2005,4.49
4/22/2005,4.49
4/21/2005,4.85
4/20/2005,4.73
4/19/2005,5.23
4/18/2005,5.33
4/15/2005,5.36
4/14/2005,5.31
4/13/2005,4.42
4/12/2005,5.38
4/11/2005,5.74
4/8/2005,5.74
4/7/2005,5.74
4/6/2005,5.74
4/5/2005,5.74
4/4/2005,5.74
4/1/2005,5.74
3/31/2005,5.74
3/30/2005,5.74
3/29/2005,5.74
3/28/2005,5.74
3/25/2005,5.74
3/24/2005,5.74
3/23/2005,5.74
3/22/2005,5.28
3/21/2005,4.94
3/18/2005,5
3/17/2005,4.47
3/16/2005,3.92
3/15/2005,4.01
3/14/2005,3.05
3/11/2005,4.45
3/10/2005,4.45
3/9/2005,4.45
3/8/2005,5.01
3/7/2005,5.26
3/4/2005,5.31
3/3/2005,5.03
3/2/2005,4.94
3/1/2005,4.54
2/28/2005,4.33
2/25/2005,4.68
2/24/2005,4.75
2/23/2005,4.56
2/22/2005,4.74
2/21/2005,4.77
2/18/2005,4.1
2/17/2005,4.25
2/16/2005,4.53
2/15/2005,3.7
2/14/2005,3.66
2/11/2005,4.02
2/10/2005,4.02
2/9/2005,3.73
2/8/2005,3.69
2/7/2005,3.09
2/4/2005,3.09
2/3/2005,3.58
2/2/2005,3.89
2/1/2005,4.32
1/31/2005,4.64
1/28/2005,4.51
1/27/2005,4.48
1/26/2005,5.02
1/25/2005,5.23
1/24/2005,4.98
1/21/2005,5.6
1/20/2005,5.57
1/19/2005,4.95
1/18/2005,5.14
1/17/2005,5.29
1/14/2005,4.73
1/13/2005,4.42
1/12/2005,4.72
1/11/2005,6.81
1/10/2005,6.43
1/7/2005,6.36
1/6/2005,6.55
1/5/2005,6.44
1/4/2005,6.16
1/3/2005,6.37
12/31/2004,6.73
12/30/2004,6.72
12/29/2004,6.63
12/28/2004,6.7
12/27/2004,6.81
12/24/2004,6.81
12/23/2004,6.81
12/22/2004,7.37
12/21/2004,7.37
12/20/2004,7.37
12/17/2004,7.37
12/16/2004,7.37
12/15/2004,7.37
12/14/2004,7.37
12/13/2004,7.37
12/10/2004,7.37
12/9/2004,6.78
12/8/2004,5.07
12/7/2004,4.92
12/6/2004,3.94
12/3/2004,4.36
12/2/2004,4.35
12/1/2004,4.82
11/30/2004,4.81
11/29/2004,5.58
11/26/2004,5.58
11/25/2004,5.56
11/24/2004,5.54
11/23/2004,5.55
11/22/2004,5.34
11/19/2004,5.4
11/18/2004,5.62
11/17/2004,5.89
11/16/2004,5.9
11/15/2004,6.16
11/12/2004,6.16
11/11/2004,6.38
11/10/2004,6.43
11/9/2004,6.47
11/8/2004,6.49
11/5/2004,6.61
11/4/2004,7.05
11/3/2004,7.08
11/2/2004,7.02
11/1/2004,6.66
10/29/2004,6.66
10/28/2004,6.77
10/27/2004,6.9
10/26/2004,6.96
10/25/2004,6.68
10/22/2004,6.82
10/21/2004,6.88
10/20/2004,7.05
10/19/2004,7.11
10/18/2004,6.96
10/15/2004,6.84
10/14/2004,6.84
10/13/2004,7.07
10/12/2004,7.13
10/11/2004,7.18
10/8/2004,6.79
10/7/2004,6.79
10/6/2004,6.79
10/5/2004,6.79
10/4/2004,6.79
10/1/2004,6.79
9/30/2004,7.21
9/29/2004,6.77
9/28/2004,6.96
9/27/2004,6.63
9/24/2004,6.58
9/23/2004,6.57
9/22/2004,6.85
9/21/2004,6.99
9/20/2004,5.9
9/17/2004,5.9
9/16/2004,5.9
9/15/2004,5.9
9/14/2004,5.9
9/13/2004,5.9
9/10/2004,5.9
9/9/2004,5.83
9/8/2004,5.62
9/7/2004,5.62
9/6/2004,5.62
9/3/2004,5.62
9/2/2004,6.46
9/1/2004,7.17
8/31/2004,7.36
8/30/2004,7.8
8/27/2004,7.47
8/26/2004,7.12
8/25/2004,6.12
8/24/2004,6.1
8/23/2004,5.84
8/20/2004,6.04
8/19/2004,5.88
8/18/2004,5.88
8/17/2004,5.35
8/16/2004,5.34
8/13/2004,5.2
8/12/2004,5.73
8/11/2004,5.22
8/10/2004,5.22
8/9/2004,5.22
8/6/2004,6.59
8/5/2004,6.59
8/4/2004,6.59
8/3/2004,6.59
8/2/2004,6.59
7/30/2004,6.59
7/29/2004,6.59
7/28/2004,6.59
7/27/2004,6.59
7/26/2004,6.59
7/23/2004,6.59
7/22/2004,6.59
7/21/2004,6.59
7/20/2004,6.59
7/19/2004,6.59
7/16/2004,6.59
7/15/2004,6.88
7/14/2004,6.8
7/13/2004,6.75
7/12/2004,6.82
7/9/2004,6.75
7/8/2004,6.75
7/7/2004,6.75
7/6/2004,6.75
7/5/2004,6.75
7/2/2004,7.26
7/1/2004,7.26
6/30/2004,7.26
6/29/2004,7.26
6/28/2004,6.34
6/25/2004,6.34
6/24/2004,6.34
6/23/2004,6.34
6/22/2004,6.34
6/21/2004,6.34
6/18/2004,6.34
6/17/2004,6.34
6/16/2004,6.34
6/15/2004,6.34
6/14/2004,6.34
6/11/2004,6.34
6/10/2004,6.34
6/9/2004,6.57
6/8/2004,6.57
6/7/2004,6.57
6/4/2004,6.57
6/3/2004,6.56
6/2/2004,6.3
6/1/2004,6.57
5/31/2004,6.7
5/28/2004,6.07
5/27/2004,6.08
5/26/2004,7.39
5/25/2004,7.17
5/24/2004,7.48
5/21/2004,7.17
5/20/2004,7.2
5/19/2004,7.42
5/18/2004,7.68
5/17/2004,7.88
5/14/2004,7.95
5/13/2004,8.21
5/12/2004,7.42
5/11/2004,8.39
5/10/2004,8.2
5/7/2004,7.47
5/6/2004,7.29
5/5/2004,7.13
5/4/2004,7.64
5/3/2004,7.61
4/30/2004,7.94
4/29/2004,8.25
4/28/2004,7.72
4/27/2004,7.82
4/26/2004,7.7
4/23/2004,7.61
4/22/2004,8.46
4/21/2004,8.64
4/20/2004,8.6
4/19/2004,8.54
4/16/2004,8.74
4/15/2004,8.93
4/14/2004,8.26
4/13/2004,9.1
4/12/2004,9.29
4/9/2004,9.65
4/8/2004,9.68
4/7/2004,9.66
4/6/2004,10.01
4/5/2004,10.03
4/2/2004,10.03
4/1/2004,10.03
3/31/2004,10.03
3/30/2004,10.03
3/29/2004,10.03
3/26/2004,7.39
3/25/2004,7.39
3/24/2004,7.39
3/23/2004,7.39
3/22/2004,7.39
3/19/2004,7.39
3/18/2004,7.39
3/17/2004,7.39
3/16/2004,7.39
3/15/2004,7.39
3/12/2004,7.39
3/11/2004,7.39
3/10/2004,7.39
3/9/2004,7.39
3/8/2004,7.39
3/5/2004,7.39
3/4/2004,7.39
3/3/2004,7.39
3/2/2004,7.39
3/1/2004,7.39
2/27/2004,7.39
2/26/2004,7.39
2/25/2004,7.39
2/24/2004,7.39
2/23/2004,7.39
2/20/2004,7.39
2/19/2004,7.39
2/18/2004,7.39
2/17/2004,7.39
2/16/2004,7.39
2/13/2004,7.39
2/12/2004,7.39
2/11/2004,7.39
2/10/2004,7.39
2/9/2004,7.39
2/6/2004,7.39
2/5/2004,7.39
2/4/2004,7.39
2/3/2004,7.39
2/2/2004,7.39
1/30/2004,7.39
1/29/2004,7.39
1/28/2004,7.39
1/27/2004,7.39
1/26/2004,7.39
1/23/2004,7.39
1/22/2004,7.39
1/21/2004,7.39
1/20/2004,7.39
1/19/2004,7.39
1/16/2004,7.39
1/15/2004,7.4
1/14/2004,7.4
1/13/2004,9.11
1/12/2004,9.11
1/9/2004,9.11
1/8/2004,9.11
1/7/2004,9.11
1/6/2004,9.11
1/5/2004,9.11
1/2/2004,9.11
1/1/2004,9.11
12/31/2003,9.11
12/30/2003,9.11
12/29/2003,9.11
12/26/2003,9.11
12/25/2003,9.11
12/24/2003,9.11
12/23/2003,9.11
12/22/2003,9.11
12/19/2003,9.11
12/18/2003,9.11
12/17/2003,9.11
12/16/2003,9.11
12/15/2003,9.2
12/12/2003,9.2
12/11/2003,8.84
12/10/2003,8.84
12/9/2003,8.84
12/8/2003,8.84
12/5/2003,8.84
12/4/2003,8.84
12/3/2003,7.26
12/2/2003,7.26
12/1/2003,7.26
11/28/2003,7.26
11/27/2003,7.26
11/26/2003,7.26
11/25/2003,7.29
11/24/2003,9.22
11/21/2003,9.22
11/20/2003,9.17
11/19/2003,9.17
11/18/2003,9.17
11/17/2003,9.43
11/14/2003,8.82
11/13/2003,8.82
11/12/2003,8.82
11/11/2003,9.66
11/10/2003,9.66
11/7/2003,9.66
11/6/2003,8.87
11/5/2003,8.65
11/4/2003,8.65
11/3/2003,9.09
10/31/2003,10.01
10/30/2003,10.01
10/29/2003,10.01
10/28/2003,10.01
10/27/2003,10.01
10/24/2003,9.38
10/23/2003,8.98
10/22/2003,8.98
10/21/2003,8.5
10/20/2003,8.03
10/17/2003,8.03
10/16/2003,8.03
10/15/2003,6.57
10/14/2003,6.57
10/13/2003,6.57
10/10/2003,6.57
10/9/2003,9.11
10/8/2003,8.85
10/7/2003,9.35
10/6/2003,9.2
10/3/2003,7.75
10/2/2003,7.75
10/1/2003,7.75
9/30/2003,7.75
9/29/2003,9.07
9/26/2003,9.07
9/25/2003,8.5
9/24/2003,8.74
9/23/2003,8.74
9/22/2003,8.74
9/19/2003,8.75
9/18/2003,8.75
9/17/2003,8.75
9/16/2003,9.04
9/15/2003,9.04
9/12/2003,9.04
9/11/2003,9.04
9/10/2003,10.28
9/9/2003,10.28
9/8/2003,9.75
9/5/2003,9.73
9/4/2003,8.34
9/3/2003,9.72
9/2/2003,8.39
9/1/2003,8.39
8/29/2003,8.39
8/28/2003,11.43
8/27/2003,11.43
8/26/2003,11.09
8/25/2003,11.09
8/22/2003,11.09
8/21/2003,11.09
8/20/2003,11.09
8/19/2003,11.09
8/18/2003,11.09
8/15/2003,11.09
8/14/2003,11.95
8/13/2003,10.47
8/12/2003,10.47
8/11/2003,9.65
8/8/2003,9.56
8/7/2003,9.91
8/6/2003,11.43
8/5/2003,13.8
8/4/2003,13.8
8/1/2003,11.51
7/31/2003,10.77
7/30/2003,11.11
7/29/2003,8.69
7/28/2003,8.69
7/25/2003,8.69
7/24/2003,9.25
7/23/2003,9.11
7/22/2003,7.81
7/21/2003,7.81
7/18/2003,7.81
7/17/2003,7.6
7/16/2003,7.66
7/15/2003,7.85
7/14/2003,8.05
7/11/2003,8.03
7/10/2003,8.48
7/9/2003,8.48
7/8/2003,8.48
7/7/2003,8.96
7/4/2003,8.74
7/3/2003,7.3
7/2/2003,9.33
7/1/2003,8.85
6/30/2003,8.88
6/27/2003,8.63
6/26/2003,8.63
6/25/2003,7.71
6/24/2003,7.87
6/23/2003,7.87
6/20/2003,7.87
6/19/2003,7.87
6/18/2003,7.93
6/17/2003,7.78
6/16/2003,7.78
6/13/2003,7.78
6/12/2003,7.78
6/11/2003,7.78
6/10/2003,7.78
6/9/2003,7.78
6/6/2003,7.78
6/5/2003,7.78
6/4/2003,8.36
6/3/2003,8.36
6/2/2003,8.36
5/30/2003,8.36
5/29/2003,8.36
5/28/2003,7.27
5/27/2003,7.27
5/26/2003,6.75
5/23/2003,6.75
5/22/2003,12.1
5/21/2003,12.1
5/20/2003,12.1
5/19/2003,12.1
5/16/2003,12.1
5/15/2003,12.1
5/14/2003,12.1
5/13/2003,12.1
5/12/2003,12.1
5/9/2003,12.1
5/8/2003,11.47
5/7/2003,11.47
5/6/2003,11.47
5/5/2003,11.47
5/2/2003,11.47
5/1/2003,11.47
4/30/2003,11.47
4/29/2003,11.47
4/28/2003,11.47
4/25/2003,11.59
4/24/2003,11.59
4/23/2003,11.59
4/22/2003,11.59
4/21/2003,11.59
4/18/2003,11.59
4/17/2003,11.59
4/16/2003,11.59
4/15/2003,11.52
4/14/2003,11.66
4/11/2003,11.66
4/10/2003,11.66
4/9/2003,11.66
4/8/2003,11.66
4/7/2003,11.66
4/4/2003,11.66
4/3/2003,10.15
4/2/2003,10.15
4/1/2003,10.15
3/31/2003,10.15
3/28/2003,10.15
3/27/2003,10.15
3/26/2003,10.15
3/25/2003,12.61
3/24/2003,12.57
3/21/2003,13.69
3/20/2003,13.69
3/19/2003,16.1
3/18/2003,16.1
3/17/2003,16.1
3/14/2003,14.04
3/13/2003,14.04
3/12/2003,14.04
3/11/2003,14.04
3/10/2003,14.04
3/7/2003,14.04
3/6/2003,11.69
3/5/2003,11.45
3/4/2003,11.45
3/3/2003,13.23
2/28/2003,14.2
2/27/2003,14.47
2/26/2003,15.47
2/25/2003,15.47
2/24/2003,15.47
2/21/2003,16.46
2/20/2003,16.46
2/19/2003,16.46
2/18/2003,12.52
2/17/2003,12.52
2/14/2003,12.52
2/13/2003,12.52
2/12/2003,12.52
2/11/2003,12.52
2/10/2003,12.52
2/7/2003,12.52
2/6/2003,12.52
2/5/2003,12.52
2/4/2003,12.52
2/3/2003,11.05
1/31/2003,11.05
1/30/2003,11.05
1/29/2003,10.75
1/28/2003,10.75
1/27/2003,10.75
1/24/2003,10.75
1/23/2003,10.75
1/22/2003,10.75
1/21/2003,10.75
1/20/2003,10.75
1/17/2003,10.3
1/16/2003,10.6
1/15/2003,11.55
1/14/2003,11.55
1/13/2003,12.86
1/10/2003,12.86
1/9/2003,11.77
1/8/2003,11.77
1/7/2003,14.43
1/6/2003,14.32
1/3/2003,14.32
1/2/2003,15.26
1/1/2003,15.26
12/31/2002,15.26
12/30/2002,15.26
12/27/2002,13.56
12/26/2002,13.56
12/25/2002,13.56
12/24/2002,13.56
12/23/2002,13.56
12/20/2002,13.56
12/19/2002,13.56
12/18/2002,13.22
12/17/2002,12.31
12/16/2002,12.31
12/13/2002,13.99
12/12/2002,13.99
12/11/2002,13.99
12/10/2002,11.94
12/9/2002,11.94
12/6/2002,10.13
12/5/2002,6.44
12/4/2002,6.44
12/3/2002,6.44
12/2/2002,6.44
11/29/2002,6.44
11/28/2002,6.44
11/27/2002,6.44
11/26/2002,7.48
11/25/2002,7.48
11/22/2002,7.48
11/21/2002,6.81
11/20/2002,6.81
11/19/2002,6.81
11/18/2002,6.81
11/15/2002,6.81
11/14/2002,6.66
11/13/2002,6.66
11/12/2002,6.89
11/11/2002,6.89
11/8/2002,6.89
11/7/2002,6.89
11/6/2002,6.89
11/5/2002,8.24
11/4/2002,8.21
11/1/2002,8.21
10/31/2002,8.21
10/30/2002,8.21
10/29/2002,8.21
10/28/2002,8.21
10/25/2002,8.05
10/24/2002,8.05
10/23/2002,10.15
10/22/2002,10.15
10/21/2002,10.15
10/18/2002,10.15
10/17/2002,10.62
10/16/2002,12.13
10/15/2002,12.13
10/14/2002,9.4
10/11/2002,9.4
10/10/2002,9.4
10/9/2002,9.4
10/8/2002,9.4
10/7/2002,8.07
10/4/2002,8.07
10/3/2002,6.77
10/2/2002,6.78
10/1/2002,6.88
9/30/2002,6.88
9/27/2002,5.98
9/26/2002,5.98
9/25/2002,5.98
9/24/2002,6.94
9/23/2002,6.94
9/20/2002,6.94
9/19/2002,7.83
9/18/2002,7.83
9/17/2002,7.54
9/16/2002,7.68
9/13/2002,7.68
9/12/2002,7.68
9/11/2002,8.13
9/10/2002,7.78
9/9/2002,8
9/6/2002,8
9/5/2002,8
9/4/2002,8
9/3/2002,8
9/2/2002,8.88
8/30/2002,8.88
8/29/2002,8.88
8/28/2002,8.88
8/27/2002,7.81
8/26/2002,7.81
8/23/2002,7.81
8/22/2002,7.81
8/21/2002,7.81
8/20/2002,7.81
8/19/2002,7.81
8/16/2002,7.81
8/15/2002,7.81
8/14/2002,7.81
8/13/2002,7.81
8/12/2002,7.81
8/9/2002,7.81
8/8/2002,7.81
8/7/2002,7.81
8/6/2002,7.81
8/5/2002,7.81
8/2/2002,7.81
8/1/2002,7.34
7/31/2002,7.27
7/30/2002,6.48
7/29/2002,6.48
7/26/2002,6.48
7/25/2002,6.48
7/24/2002,6.48
7/23/2002,6.48
7/22/2002,6.48
7/19/2002,6.48
7/18/2002,6.48
7/17/2002,6.48
7/16/2002,6.64
7/15/2002,6.64
7/12/2002,6.45
7/11/2002,6.29
7/10/2002,6.34
7/9/2002,6.68
7/8/2002,6.86
7/5/2002,8.05
7/4/2002,8.07
7/3/2002,8.07
7/2/2002,7.08
7/1/2002,6.11
6/28/2002,6.11
6/27/2002,6.11
6/26/2002,5.75
6/25/2002,6.15
6/24/2002,6.04
6/21/2002,5.28
6/20/2002,5.34
6/19/2002,5.34
6/18/2002,5.09
6/17/2002,5.68
6/14/2002,5.88
6/13/2002,6.14
6/12/2002,6.15
6/11/2002,7.25
6/10/2002,7.25
6/7/2002,8.94
6/6/2002,5.39
6/5/2002,5.39
6/4/2002,5.39
6/3/2002,5.39
5/31/2002,6.01
5/30/2002,6.01
5/29/2002,5.56
5/28/2002,6.2
5/27/2002,5.59
5/24/2002,5.7
5/23/2002,5.46
5/22/2002,5.53
5/21/2002,5.06
5/20/2002,6.18
5/17/2002,6.18
5/16/2002,5.85
5/15/2002,5.74
5/14/2002,5.73
5/13/2002,5.97
5/10/2002,5.97
5/9/2002,6.25
5/8/2002,6.25
5/7/2002,6.25
5/6/2002,6.25
5/3/2002,6.25
5/2/2002,6.25
5/1/2002,6.19
4/30/2002,6.19
4/29/2002,6.17
4/26/2002,6.01
4/25/2002,6.42
4/24/2002,6.27
4/23/2002,6.06
4/22/2002,5.7
4/19/2002,5.98
4/18/2002,6
4/17/2002,5.81
4/16/2002,6.19
4/15/2002,6.19
4/12/2002,6.09
4/11/2002,6.02
4/10/2002,6.02
4/9/2002,5.7
4/8/2002,5.72
4/5/2002,6.32
4/4/2002,6.72
4/3/2002,6.81
4/2/2002,6.81
4/1/2002,6.81
3/29/2002,6.81
3/28/2002,6.82
3/27/2002,7
3/26/2002,7.52
3/25/2002,7.3
3/22/2002,6.73
3/21/2002,6.73
3/20/2002,6.73
3/19/2002,6.17
3/18/2002,6.67
3/15/2002,6.38
3/14/2002,6.8
3/13/2002,7.88
3/12/2002,7.63
3/11/2002,7.71
3/8/2002,7.48
3/7/2002,7.31
3/6/2002,6.9
3/5/2002,7.19
3/4/2002,7.74
3/1/2002,7.74
2/28/2002,7.99
2/27/2002,8.45
2/26/2002,8.2
2/25/2002,7.87
2/22/2002,7.87
2/21/2002,7.87
2/20/2002,7.92
2/19/2002,7.92
2/18/2002,7.4
2/15/2002,7.94
2/14/2002,7.94
2/13/2002,7.94
2/12/2002,7.94
2/11/2002,7.94
2/8/2002,7.94
2/7/2002,7.94
2/6/2002,8.55
2/5/2002,7.99
2/4/2002,8.01
2/1/2002,8.1
1/31/2002,8.1
1/30/2002,8.15
1/29/2002,8.03
1/28/2002,8.02
1/25/2002,7.89
1/24/2002,7.91
1/23/2002,8.2
1/22/2002,7.89
1/21/2002,7.96
1/18/2002,8.33
1/17/2002,9.1
1/16/2002,9.16
1/15/2002,8.45
1/14/2002,8.45
1/11/2002,8.78
1/10/2002,9.69
1/9/2002,9.69
1/8/2002,9.5
1/7/2002,9.8
1/4/2002,11.68
1/3/2002,11.68
1/2/2002,16.68
1/1/2002,16.68
12/31/2001,16.68
12/28/2001,16.68
12/27/2001,16.68
12/26/2001,16.68
12/25/2001,16.68
12/24/2001,16.68
12/21/2001,16.68
12/20/2001,16.68
12/19/2001,16.68
12/18/2001,14.42
12/17/2001,14.42
12/14/2001,13.56
12/13/2001,12.25
12/12/2001,12.29
12/11/2001,12.25
12/10/2001,11.3
12/7/2001,11.3
12/6/2001,11.63
12/5/2001,12.03
12/4/2001,11.32
12/3/2001,11.32
11/30/2001,10.58
11/29/2001,10.58
11/28/2001,10.58
11/27/2001,10.73
11/26/2001,10.89
11/23/2001,12.04
11/22/2001,12.04
11/21/2001,12.45
11/20/2001,12.86
11/19/2001,12.86
11/16/2001,13.49
11/15/2001,13.27
11/14/2001,13.27
11/13/2001,14.52
11/12/2001,13.98
11/9/2001,13.98
11/8/2001,15.11
11/7/2001,16.49
11/6/2001,15.69
11/5/2001,15.29
11/2/2001,15.29
11/1/2001,15.29
10/31/2001,15.49
10/30/2001,15.49
10/29/2001,15.91
10/26/2001,16.08
10/25/2001,16.08
10/24/2001,16.08
10/23/2001,14.96
10/22/2001,15.25
10/19/2001,13.77
10/18/2001,13.7
10/17/2001,15.32
10/16/2001,15.78
10/15/2001,16.38
10/12/2001,17.63
10/11/2001,16.88
10/10/2001,16.88
10/9/2001,16.88
10/8/2001,16.88
10/5/2001,16.88
10/4/2001,17.77
10/3/2001,19.77
10/2/2001,17.82
10/1/2001,17.82
9/28/2001,17.82
9/27/2001,17.82
9/26/2001,17.65
9/25/2001,17.75
9/24/2001,15.94
9/21/2001,16.96
9/20/2001,16.96
9/19/2001,11.93
9/18/2001,11.93
9/17/2001,11.93
9/14/2001,11.93
9/13/2001,11.93
9/12/2001,11.93
9/11/2001,11.93
9/10/2001,11.93
9/7/2001,11.93
9/6/2001,11.93
9/5/2001,11.93
9/4/2001,11.93
9/3/2001,11.93
8/31/2001,11.93
8/30/2001,11.93
8/29/2001,11.93
8/28/2001,11.93
8/27/2001,11.93
8/24/2001,11.51
8/23/2001,11.12
8/22/2001,11.28
8/21/2001,12.92
8/20/2001,12.85
8/17/2001,11.4
8/16/2001,11.4
8/15/2001,11.4
8/14/2001,11.4
8/13/2001,11.4
8/10/2001,11.4
8/9/2001,11.36
8/8/2001,11.89
8/7/2001,11.35
8/6/2001,10.8
8/3/2001,10.8
8/2/2001,11.81
8/1/2001,12.15
7/31/2001,11.55
7/30/2001,11.6
7/27/2001,11
7/26/2001,14.19
7/25/2001,16.33
7/24/2001,15.92
7/23/2001,15.92
7/20/2001,18
7/19/2001,18.69
7/18/2001,16.78
7/17/2001,19.59
7/16/2001,14.82
7/13/2001,14.66
7/12/2001,12.5
7/11/2001,12.5
7/10/2001,12.5
7/9/2001,12.7
7/6/2001,12.85
7/5/2001,13.15
7/4/2001,12.09
7/3/2001,13.72
7/2/2001,13.72
6/29/2001,13.72
6/28/2001,13.22
6/27/2001,13.31
6/26/2001,13.31
6/25/2001,13.31
6/22/2001,14.43
6/21/2001,12.6
6/20/2001,13.03
6/19/2001,13.03
6/18/2001,13.01
6/15/2001,14.2
6/14/2001,14.2
6/13/2001,12.3
6/12/2001,12.31
6/11/2001,11.23
6/8/2001,11.23
6/7/2001,11.23
6/6/2001,11.26
6/5/2001,11.43
6/4/2001,11.31
6/1/2001,11.32
5/31/2001,11.89
5/30/2001,12.25
5/29/2001,12.28
5/28/2001,12.28
5/25/2001,11.49
5/24/2001,12.26
5/23/2001,13.33
5/22/2001,12.74
5/21/2001,12.74
5/18/2001,12.74
5/17/2001,13.18
5/16/2001,13.12
5/15/2001,13.68
5/14/2001,13.63
5/11/2001,15.39
5/10/2001,16.05
5/9/2001,16.05
5/8/2001,16.89
5/7/2001,16.89
5/4/2001,16.22
5/3/2001,15.66
5/2/2001,15.66
5/1/2001,15.94
4/30/2001,15.94
4/27/2001,15.47
4/26/2001,14.72
4/25/2001,15.06
4/24/2001,14.74
4/23/2001,16.3
4/20/2001,16.3
4/19/2001,16.3
4/18/2001,18.58
4/17/2001,17.51
4/16/2001,17.77
4/13/2001,17.77
4/12/2001,17.77
4/11/2001,19.22
4/10/2001,19.65
4/9/2001,19.12
4/6/2001,17.35
4/5/2001,17.35
4/4/2001,17.35
4/3/2001,17.35
4/2/2001,16.78
3/30/2001,22.46
3/29/2001,22.46
3/28/2001,22.46
3/27/2001,22.46
3/26/2001,22.46
3/23/2001,22.46
3/22/2001,12.88
3/21/2001,12.36
3/20/2001,12.87
3/19/2001,12.87
3/16/2001,12.87
3/15/2001,12.87
3/14/2001,12.87
3/13/2001,12.87
3/12/2001,12.87
3/9/2001,13.54
3/8/2001,13.34
3/7/2001,13.65
3/6/2001,13.56
3/5/2001,13.45
3/2/2001,13.31
3/1/2001,13.01
2/28/2001,13.44
2/27/2001,14.25
2/26/2001,14.28
2/23/2001,14.77
2/22/2001,14.27
2/21/2001,14.16
2/20/2001,14.51
2/19/2001,14.98
2/16/2001,15.26
2/15/2001,15.26
2/14/2001,14.13
2/13/2001,13.92
2/12/2001,16.29
2/9/2001,16.29
2/8/2001,16.24
2/7/2001,16.24
2/6/2001,15.83
2/5/2001,15.57
2/2/2001,14.42
2/1/2001,18.33
1/31/2001,18.33
1/30/2001,19.83
1/29/2001,20.63
1/26/2001,17.27
1/25/2001,17.27
1/24/2001,17.27
1/23/2001,17.27
1/22/2001,18.05
1/19/2001,23.85
1/18/2001,22.28
1/17/2001,21.65
1/16/2001,23.63
1/15/2001,22.43
1/12/2001,22.36
1/11/2001,23.46
1/10/2001,22.59
1/9/2001,21.59
1/8/2001,22.97
1/5/2001,25.86
1/4/2001,26.92
1/3/2001,23.61
1/2/2001,25.16
1/1/2001,25.16
12/29/2000,25.16
12/28/2000,25.16
12/27/2000,25.16
12/26/2000,25.16
12/25/2000,25.16
12/22/2000,25.16
12/21/2000,25.16
12/20/2000,25.16
12/19/2000,25.16
12/18/2000,28.4
12/15/2000,30.99
12/14/2000,31.3
12/13/2000,23.55
12/12/2000,21.42
12/11/2000,25.41
12/8/2000,29.54
12/7/2000,29.74
12/6/2000,25.62
12/5/2000,22.48
12/4/2000,22.48
12/1/2000,22.72
11/30/2000,22.72
11/29/2000,20
11/28/2000,20
11/27/2000,21.89
11/24/2000,28.15
11/23/2000,24.08
11/22/2000,24.86
11/21/2000,30.26
11/20/2000,28.64
11/17/2000,27.43
11/16/2000,25.07
11/15/2000,28.64
11/14/2000,28.62
11/13/2000,27.39
11/10/2000,30.2
11/9/2000,31.36
11/8/2000,33.85
11/7/2000,31.72
11/6/2000,47.01
11/3/2000,58.84
11/2/2000,63.55
11/1/2000,64.77
10/31/2000,74.3
10/30/2000,88.9
10/27/2000,49.66
10/26/2000,42.91
10/25/2000,41.52
10/24/2000,32.13
10/23/2000,31.63
10/20/2000,32.42
10/19/2000,30.99
10/18/2000,32.48
10/17/2000,33.78
10/16/2000,28.8
10/13/2000,29.25
10/12/2000,17.96
10/11/2000,20.2
10/10/2000,17.6
10/9/2000,15.99
10/6/2000,19.22
10/5/2000,19.22
10/4/2000,19.19
10/3/2000,19.64
10/2/2000,20.13
9/29/2000,20.13
9/28/2000,19.21
9/27/2000,21.26
9/26/2000,19.88
9/25/2000,18.78
9/22/2000,17.79
9/21/2000,18.39
9/20/2000,17.83
9/19/2000,19.56
9/18/2000,18.93
9/15/2000,18.56
9/14/2000,19.88
9/13/2000,20.42
9/12/2000,20.42
9/11/2000,21.63
9/8/2000,19.92
9/7/2000,18.13
9/6/2000,19.43
9/5/2000,19.49
9/4/2000,15.85
9/1/2000,15.59
8/31/2000,15.51
8/30/2000,12.73
8/29/2000,13.04
8/28/2000,12.92
8/25/2000,12.34
8/24/2000,11.63
8/23/2000,11.51
8/22/2000,12.92
8/21/2000,11.72
8/18/2000,11.72
8/17/2000,12.37
8/16/2000,12.62
8/15/2000,11.87
8/14/2000,12.31
8/11/2000,12.31
8/10/2000,13.8
8/9/2000,13.2
8/8/2000,14.13
8/7/2000,13.99
8/4/2000,13.14
8/3/2000,14.53
8/2/2000,15.99
8/1/2000,20.29
7/31/2000,20.89
7/28/2000,17.78
7/27/2000,17.01
7/26/2000,20.11
7/25/2000,17.76
7/24/2000,14.89
7/21/2000,15.08
7/20/2000,15.67
7/19/2000,16.56
7/18/2000,17.52
7/17/2000,15.12
7/14/2000,15.63
7/13/2000,14.24
7/12/2000,17.34
7/11/2000,25.09
7/10/2000,27.7
7/7/2000,26.9
7/6/2000,27.17
7/5/2000,25.66
7/4/2000,25.22
7/3/2000,23.63
6/30/2000,25.78
6/29/2000,25.78
6/28/2000,25.78
6/27/2000,19.82
6/26/2000,20.05
6/23/2000,20.88
6/22/2000,20.29
6/21/2000,19.31
6/20/2000,20.27
6/19/2000,20.27
6/16/2000,16.31
6/15/2000,16.31
6/14/2000,19.2
6/13/2000,19.2
6/12/2000,21.79
6/9/2000,21.16
6/8/2000,16.32
6/7/2000,16.26
6/6/2000,16.17
6/5/2000,16.17
6/2/2000,16.2
6/1/2000,20.83
5/31/2000,22.39
5/30/2000,24.6
5/29/2000,19.08
5/26/2000,18.48
5/25/2000,26.35
5/24/2000,22.5
5/23/2000,13.7
5/22/2000,13.7
5/19/2000,15.94
5/18/2000,16.64
5/17/2000,18.26
5/16/2000,23.72
5/15/2000,20.56
5/12/2000,21.02
5/11/2000,14.64
5/10/2000,14.64
5/9/2000,14.73
5/8/2000,14.95
5/5/2000,12.16
5/4/2000,12.16
5/3/2000,12.74
5/2/2000,12.04
5/1/2000,12.12
4/28/2000,12.12
4/27/2000,11.5
4/26/2000,11.32
4/25/2000,11.11
4/24/2000,10.67
4/21/2000,10.67
4/20/2000,10.67
4/19/2000,10.61
4/18/2000,9.81
4/17/2000,10.44
4/14/2000,9.41
4/13/2000,9.71
4/12/2000,10.2
4/11/2000,9.57
4/10/2000,9.51
4/7/2000,9.51
4/6/2000,10.59
4/5/2000,10.86
4/4/2000,10.86
4/3/2000,10.86
3/31/2000,10.57
3/30/2000,9.77
3/29/2000,9.54
3/28/2000,9.34
3/27/2000,9.51
3/24/2000,9.32
3/23/2000,9.45
3/22/2000,9.45
3/21/2000,10.07
3/20/2000,10.45
3/17/2000,10.34
3/16/2000,10.23
3/15/2000,10.65
3/14/2000,10.79
3/13/2000,10.05
3/10/2000,11.12
3/9/2000,10.12
3/8/2000,10.12
3/7/2000,10.12
3/6/2000,10.12
3/3/2000,9.72
3/2/2000,10.77
3/1/2000,10.21
2/29/2000,11.86
2/28/2000,11.64
2/25/2000,9.61
2/24/2000,9.61
2/23/2000,9.61
2/22/2000,9.51
2/21/2000,9.51
2/18/2000,9.14
2/17/2000,9.09
2/16/2000,9.26
2/15/2000,8.86
2/14/2000,9.22
2/11/2000,8.67
2/10/2000,9.02
2/9/2000,9.52
2/8/2000,9.51
2/7/2000,10.11
2/4/2000,10.11
2/3/2000,10.11
2/2/2000,9.91
2/1/2000,9.81
1/31/2000,10.01
1/28/2000,9.96
1/27/2000,9.87
1/26/2000,10.37
1/25/2000,9.87
1/24/2000,10.81
1/21/2000,10.56
1/20/2000,10.81
1/19/2000,10.76
1/18/2000,10.96
1/17/2000,10.33
1/14/2000,10.66
1/13/2000,10.71
1/12/2000,10.7
1/11/2000,9.91
1/10/2000,10.4
1/7/2000,10.11
1/6/2000,10.29
1/5/2000,10.63
1/4/2000,9.49
1/3/2000,9.57
